{"type":"FeatureCollection","features":[{"type":"Feature","properties":{"CODICE_CAN":"2126","NOME_COMPL":"Canale ARNO' o CANALE ALTO MANTOVANO","COMUNI":"Lonato d/G, Castiglione d/S, Solferino, Cavriana"},"geometry":{"type":"LineString","coordinates":[[10.4802142615154,45.4487112952024],[10.4800932738492,45.4482901389506],[10.4803793694687,45.4482328461753],[10.4798463203851,45.447257367984],[10.4800300308821,45.4470049250147],[10.4831871213378,45.4467615329098],[10.4834527033609,45.4465675590213],[10.4830457915843,45.4441138992437],[10.4824426790032,45.44224030916],[10.4821098113558,45.4406728089132],[10.4820084730334,45.4395488434933],[10.4822989536458,45.4390151784086],[10.4827859060074,45.4385563627621],[10.4838367775915,45.4381557125095],[10.4839111725608,45.4377677441067],[10.4850047855992,45.4369021247747],[10.485400446373,45.436027714894],[10.4854871125408,45.4340141786167],[10.4852192840833,45.4334758596956],[10.4835341209083,45.4325808667639],[10.4827564649758,45.4319479470745],[10.4824786444453,45.4315109671394],[10.4824221876039,45.4309698973434],[10.4827813212088,45.4290242710967],[10.4822995714607,45.4283875054801],[10.4814379467972,45.4263207820802],[10.4815306699777,45.4258254064153],[10.4813273673995,45.4243574347289],[10.4807360835526,45.4227635076663],[10.4798781370206,45.4211551708811],[10.4790008975928,45.4201007886048],[10.478506719644,45.4178506626332],[10.4783976785168,45.4167506016191],[10.4784812170441,45.4160648194836],[10.4794692859351,45.4145694985584],[10.4811070675619,45.4135846084633],[10.4815869231112,45.4129349422483],[10.4820392622079,45.4115405922901],[10.4823857583014,45.4093179114735],[10.484063750014,45.4063836953197],[10.484454195645,45.4059948132091],[10.485642962323,45.4054939525307],[10.4875457867925,45.4042669633855],[10.488760451097,45.4027723462718],[10.4888693238453,45.4017323877876],[10.4886327584594,45.4008098155289],[10.487929315179,45.3991934398491],[10.487914939667,45.3986461354467],[10.488045607086,45.3984355965116],[10.4901903252381,45.3966692080018],[10.4910613250339,45.3951383228695],[10.4926732342546,45.3950297556849],[10.4928417937709,45.394899647776],[10.4928530945718,45.3946032983546],[10.4949076613297,45.3886389372285],[10.4936141890377,45.387410465266],[10.4935485262995,45.3867314070063],[10.4929103945724,45.3860800268038],[10.4930104693001,45.3857084667119],[10.4934808491815,45.3850695234928],[10.4955815991144,45.3846717846096],[10.4974356509709,45.3845195893033],[10.4989738669761,45.38344251251],[10.5006394433683,45.3819463662076],[10.5023463789371,45.3807525856086],[10.5067777260459,45.3767628130785],[10.507738954631,45.3762721676382],[10.5092268146907,45.3760101723163],[10.5106542558194,45.3754527542171],[10.5109718986387,45.3751860106213],[10.5113074188192,45.3745151182427],[10.5120047469009,45.3739808049716],[10.5136751157093,45.3735816986541],[10.5217654592836,45.372531746025],[10.5249618029209,45.3722333090169],[10.5259130656301,45.3717359119468],[10.5271546113799,45.3690737004512],[10.5274701463409,45.3687328880669],[10.5281803642416,45.3685079702769],[10.5332271590516,45.3677806203943],[10.5355464336582,45.3670224270173],[10.5371577145762,45.3663948892305],[10.5383479595874,45.364857465937],[10.5401789351594,45.3638836017158],[10.5476154768732,45.3620395431379],[10.5535034528265,45.3596303994229],[10.5564902327207,45.3597311123079],[10.5590384588218,45.3588144891352],[10.5600719783504,45.3575078625542],[10.5602511103155,45.3574246338965],[10.5636386501124,45.3568263037375],[10.5667808734602,45.3556455665833],[10.5668342373437,45.3555034655796],[10.5662443563392,45.3545421662886],[10.5682079427725,45.3535593039367],[10.5704898017466,45.3509698488036],[10.5736110260649,45.3490487074113],[10.5755996329609,45.3484625531365],[10.5780141753384,45.3489475635704],[10.5792280446381,45.3489980887914],[10.5800595213732,45.3488586721036],[10.5820369629299,45.3478753475764],[10.5823881258082,45.3471165090863],[10.5824450598848,45.3465906342893],[10.5826577894185,45.3463453364955],[10.5836541518546,45.3461295561969],[10.5854169329363,45.3460108307657],[10.5862375593832,45.3456561004318],[10.5903603362599,45.3445889317264],[10.5906041019021,45.3444307012684],[10.5912871430794,45.3432565640869],[10.5924397804534,45.3428298401492],[10.5927156183296,45.3421433135978]]}},{"type":"Feature","properties":{"CODICE_CAN":"8003","NOME_COMPL":"Canale SECONDARIO DEL QUAGLIA","COMUNI":"Volta Mantovana, Goito"},"geometry":{"type":"LineString","coordinates":[[10.6335619049505,45.3189974048435],[10.6334134168343,45.3183129304392],[10.6327535475568,45.3175354881983],[10.6320712769893,45.3162608882604],[10.6302173387561,45.3156676458156],[10.6300325578139,45.315214442147],[10.6297846247249,45.3152200901105],[10.6293364716933,45.3141846615248],[10.6284542497423,45.3134506737483],[10.6281337156032,45.3132935818148],[10.6273601354843,45.3135379788831],[10.6231925378189,45.3079052230146],[10.6181654844418,45.3027040484467],[10.6177619266789,45.3026487342109],[10.6153356508074,45.3001354592239],[10.6221562519125,45.2950468559498],[10.6238215759913,45.2942783470475],[10.6244648738931,45.293333192392],[10.6285696220824,45.2903251042029],[10.6287231989465,45.290172395142],[10.6288273265466,45.2893694635842],[10.6300599508244,45.2887995979613],[10.6135108188569,45.271830471961],[10.6126344771566,45.2708389819371],[10.612045850552,45.2698813849589],[10.618234601497,45.2675794254343],[10.619994754122,45.2673013902266],[10.6230520446425,45.265800674187],[10.623645556021,45.2656678069213],[10.6325301381183,45.2653471013027],[10.632668547753,45.2653830838357],[10.6327130889588,45.2658949272886],[10.6328157975528,45.265935638067],[10.6411512737831,45.2660439066242],[10.6420633090002,45.2659801790571],[10.6448624025463,45.2652818918149],[10.6456327133248,45.264654972477],[10.6478128335903,45.2634171986893],[10.6503789884546,45.2616950668852],[10.6515924907832,45.2611825917279],[10.651799847819,45.2609532520748],[10.6523797749417,45.2576801680988],[10.6521652115998,45.2574892471705],[10.6524606606102,45.2565570225033],[10.6525967853632,45.2548678715182],[10.6526834357901,45.2545202297617],[10.6529087308803,45.2545048302242],[10.653026079589,45.2535840130191],[10.6534920199509,45.2535916927813],[10.6538856023355,45.2519502902761],[10.6512782044166,45.2509333701637]]}},{"type":"Feature","properties":{"CODICE_CAN":"2091","NOME_COMPL":"Colatore SOLFERO","COMUNI":"Ceresara, Goito, Rodigo"},"geometry":{"type":"LineString","coordinates":[[10.576606140522,45.2616478161552],[10.5780716219153,45.2609752391064],[10.5779578198765,45.2605195362617],[10.5799552017432,45.2592201022215],[10.5800586082435,45.2591186417242],[10.5795349412658,45.2588400923332],[10.5816607900999,45.2567816405864],[10.580172516118,45.2551062118563],[10.5806115999955,45.2546239542491],[10.5804524676908,45.2541929699429],[10.5812068595472,45.2529464436485],[10.5815290150797,45.2517987875679],[10.583440086954,45.2488642928438],[10.5836860812969,45.248253558752],[10.583768713204,45.2475879310488],[10.5834402866428,45.2468708470212],[10.583724349772,45.2465382370707],[10.583736804551,45.2458950179471],[10.5831819204402,45.2455811922855],[10.5831461219489,45.2452030063717],[10.5871752002908,45.2418889472844],[10.5891129992596,45.2388468084801],[10.5926754662309,45.2338814154849],[10.6099553023656,45.2227357630581],[10.6115763428931,45.2205336675923],[10.612158023951,45.2200110147833],[10.6128317978101,45.2189941232529],[10.6227068646904,45.2164894925711],[10.6235541739477,45.2160269255197],[10.6244236503758,45.2147501203454],[10.6259521600382,45.2139779066985],[10.6263752254121,45.2139077764914],[10.6278099967397,45.2143824978586],[10.6294267477082,45.2133787165805],[10.6311460436345,45.2116174099684],[10.6320448763035,45.2115902724597],[10.6329629375227,45.212234481257],[10.6332371763323,45.2122805727754],[10.6345521233226,45.2123117666475],[10.6357089544727,45.2121165704984],[10.6359942519306,45.2120195972613],[10.6365147913646,45.2114905509707],[10.63811673188,45.2116604879735],[10.6389251984373,45.2120061324909],[10.6396723524221,45.2121525926928],[10.6405856743275,45.2115750156215],[10.6407104793192,45.2109944779202],[10.6415889103046,45.2106103085867],[10.642816292641,45.2105855067661],[10.6435977854976,45.2103456172815],[10.6443042107936,45.2103068635155],[10.6457646870818,45.2104787303079],[10.6469310302638,45.2104404739457],[10.6472860916556,45.2101352606578],[10.6477968284849,45.2099706994984],[10.6485685697219,45.2090449979218],[10.6499678757942,45.2090247804528],[10.6510680698212,45.2086230431464],[10.6512960679483,45.2081195962793],[10.6512550035461,45.2077486509987],[10.6511096315865,45.2076149989096],[10.6515562000389,45.2073298844748],[10.6530405102205,45.2072798187045],[10.6542415971208,45.2070480699502],[10.6543238211056,45.2067467889154],[10.6541963709067,45.2065342861126],[10.654395526312,45.2064313701419],[10.6548604631132,45.2064317753753],[10.6558034013635,45.2068825257939],[10.6561378334521,45.2069133993278],[10.6561339536802,45.2071278049052],[10.6566632481864,45.207255879057],[10.6569213580816,45.2070949430009],[10.6568737592613,45.2061524960018],[10.6569801865194,45.2058151370496],[10.6576384516993,45.2055126354174],[10.6588761652622,45.2056732791402],[10.6595211542756,45.2059568490713],[10.6594791622522,45.2062504036884],[10.6599041014802,45.2062656606597],[10.6601337617576,45.2061694357855],[10.6599852542936,45.2059286663342],[10.6605019479363,45.2059711654436],[10.6604460271898,45.205786209482],[10.6607619722763,45.2057030185985],[10.6610835016262,45.2052910756204],[10.6617523522547,45.205352790971],[10.661907013098,45.2054577141993],[10.6622910910634,45.2075384580028],[10.6627766886433,45.2078925657211]]}},{"type":"Feature","properties":{"CODICE_CAN":"0079a","NOME_COMPL":"TARTARELLO","COMUNI":"Asola, Mariana Mantovana, Redondesco, Acquanegra s/Chiese"},"geometry":{"type":"LineString","coordinates":[[10.480693398797,45.1926658696959],[10.4809753227058,45.1920243034402],[10.4787692091739,45.1911594633976],[10.4777734831006,45.1906404292633],[10.4774741029476,45.1903602665005],[10.4774899428338,45.1898436346667],[10.4766748518759,45.1889659188686],[10.4767476726127,45.1888031437717],[10.4772561919144,45.1886060345747],[10.4774264815744,45.1883537566966],[10.4784310777749,45.1878048834616],[10.4784980427024,45.1874646282798],[10.4788224500241,45.1873115743369],[10.4791559777838,45.1868606925792],[10.4788367806597,45.1862396356017],[10.4784092051311,45.1858224225994],[10.4783723939848,45.1853763355323],[10.4790722155689,45.1842776600119],[10.4794369883502,45.1840585862626],[10.4794141401545,45.1838266685067],[10.4801870755844,45.1831140619043],[10.480535849142,45.1832524423603],[10.4813047468009,45.1830340783946],[10.4816683478329,45.183094858733],[10.4822237052577,45.1829209369039],[10.4825537112433,45.1826606240853],[10.4841290919419,45.1810801705386],[10.4842452450311,45.1808524014753],[10.4842973143399,45.1799407336415],[10.4840485224558,45.179437860042],[10.4832442639493,45.179102962298],[10.4824961920128,45.1791483974965],[10.4807283039863,45.1796357537618],[10.4793108134227,45.1798386983385],[10.4782999278367,45.1794885787167],[10.4780907546094,45.1790506752362],[10.4780557436551,45.1783485336892],[10.4790123593226,45.1770917250877],[10.4799508086327,45.1765972819864],[10.4799955929506,45.1763763957624],[10.4807749443606,45.1757530138331],[10.482066946569,45.1752599232498],[10.4822142480122,45.1750972487491],[10.4830722817831,45.1750742047037],[10.4837790937338,45.1745767818844],[10.4845251185237,45.1734834251587],[10.48448062909,45.1730672092911],[10.4846027047474,45.1727440961198],[10.4845068593796,45.1719712951056],[10.4849340640543,45.1697865052551],[10.4880105945624,45.1684960890838],[10.4885533023209,45.1671969573875],[10.4885820292682,45.1666845270506],[10.4889457568222,45.1661081890324],[10.490027010544,45.1651295197113],[10.4910588569215,45.1638716400314],[10.4912238837192,45.1634229250561],[10.4911710953366,45.1630127776998],[10.4915689018635,45.1622930869029],[10.4915285650111,45.1620375852347],[10.4918851006188,45.1608659167192],[10.4922758548435,45.1605214263951],[10.4931085913655,45.1601830671234],[10.493288539683,45.1599842278235],[10.492398678105,45.1589107372428],[10.4920371248684,45.1587857649671],[10.4921836852981,45.1583358123465],[10.4920092469815,45.1580374335892],[10.4915872400997,45.157830715991],[10.4917917994187,45.1573682157385],[10.4910744072935,45.157336315074],[10.4908589716664,45.1567437067959],[10.4908995656707,45.1563835673012],[10.490396283674,45.1562545441234],[10.4904086370668,45.1560893161541],[10.4909789064912,45.1555925689212],[10.4914993252011,45.1554207073602],[10.4920807952122,45.1556725051949],[10.4924662540866,45.155437554508],[10.4927116444369,45.1555817297505],[10.4928547903946,45.1553204673549],[10.4933148847416,45.1553910924431],[10.4935966919842,45.1550160066255],[10.4944969904622,45.1545561925482],[10.4945475890864,45.1539424248427],[10.4947326746977,45.15369240239],[10.4944417911621,45.1534014457032],[10.4944014001468,45.1523349338868],[10.495063211179,45.1518369678343],[10.4953830838605,45.1519624756277],[10.4956040956444,45.1518122015875],[10.4954455473624,45.1510066277252],[10.4959413882796,45.1508527533014],[10.4956842892484,45.1505790435676],[10.4958072056166,45.1501824514166],[10.4955746515664,45.1494993429381]]}},{"type":"Feature","properties":{"CODICE_CAN":"2372","NOME_COMPL":"Canale BONIFICA DI OSPITALETTO","COMUNI":"Marcaria"},"geometry":{"type":"LineString","coordinates":[[10.6045494502868,45.1345396095593],[10.5818245032072,45.1258865220518],[10.5776285788474,45.1246987173266],[10.5746125147546,45.124413303652],[10.5746048005245,45.124133090447],[10.5750967729431,45.1240250802788],[10.575199216341,45.123751133947],[10.5745997898564,45.1231520399871],[10.573096480761,45.1225768625769],[10.5724106406741,45.1225934546684],[10.5723823190342,45.122297321064],[10.5696768995716,45.1212629346246]]}},{"type":"Feature","properties":{"CODICE_CAN":"8016","NOME_COMPL":"Canaletta CASTIGLIONI","COMUNI":"Redondesco, Marcaria"},"geometry":{"type":"LineString","coordinates":[[10.5328909110367,45.1872511858214],[10.532724551317,45.1870385787671],[10.5350471697824,45.1856341486641],[10.5369312632171,45.1834897596234],[10.5414190806077,45.1795226497409],[10.5415153186953,45.1793674527799],[10.540339098087,45.1785783139772],[10.5403169396067,45.1783773618795],[10.5432812531658,45.1768930781723],[10.5454723313286,45.1774553706609],[10.5479774395596,45.1744737093649],[10.5493335402056,45.1751064323889],[10.549719338679,45.1745211214656],[10.5498535033019,45.174531139466],[10.5517166797282,45.1765775506258],[10.5576295896091,45.1739873523526],[10.5595014041362,45.1735829863125]]}},{"type":"Feature","properties":{"CODICE_CAN":"8007","NOME_COMPL":"Allacciante GAMBINO DI CASALPOGLIO-BAITE","COMUNI":"Castel Goffredo"},"geometry":{"type":"LineString","coordinates":[[10.4330825441019,45.2951045639232],[10.4318171942051,45.294415368663],[10.4335164691704,45.2922746109042],[10.4318683892614,45.291127398202],[10.4331070378175,45.2894853444066],[10.432630745989,45.289329369574],[10.4338457738934,45.2859543407723],[10.4341719946534,45.2836853856114],[10.4347370088521,45.2836227432941],[10.4347660526624,45.2815610181476],[10.4353841935069,45.2814579837208],[10.4355981893418,45.2796794428673],[10.4351484684511,45.2796652681642],[10.4350835727471,45.2787390876516],[10.4345559979893,45.2787952231726],[10.4343077338598,45.2786060479581],[10.4346478970575,45.2779442944184],[10.4347513715581,45.2769103089487],[10.4375870174175,45.276988631101]]}},{"type":"Feature","properties":{"CODICE_CAN":"8017","NOME_COMPL":"SERIOLAZZA DI ASOLA","COMUNI":"Asola"},"geometry":{"type":"MultiLineString","coordinates":[[[10.4947589109827,45.2188172107396],[10.494291863053,45.2185256830567],[10.4942096484423,45.2175797266129],[10.4929014293786,45.215134547586],[10.4941759794483,45.2148337743845],[10.4932476324388,45.2141018168178],[10.4929010986713,45.2140251715083],[10.4907425945154,45.2127275133472],[10.4903379651962,45.2126245607448],[10.4896616419719,45.2116457617761],[10.4893427989642,45.2111628743703],[10.4888634865425,45.2103979669172],[10.4871808345795,45.2078899539255],[10.4880612518539,45.2078920178044],[10.4881739257315,45.2078093755332],[10.4880361218526,45.2076623513095],[10.4881077095386,45.2074720126812],[10.4883879796815,45.2072113096334],[10.4885124844487,45.2057485504101],[10.4884548139393,45.2050052040235],[10.4879358332776,45.2016161725066],[10.4884094893362,45.2014341238774],[10.4881052610443,45.2007751634454]],[[10.4893927507245,45.2112433966613],[10.4903022967872,45.2108933091666],[10.4975523803335,45.2078356384806]]]}},{"type":"Feature","properties":{"CODICE_CAN":"8008","NOME_COMPL":"Allacciante RESSICO-MEDIAROLO","COMUNI":"Castel Goffredo"},"geometry":{"type":"LineString","coordinates":[[10.4470856478619,45.2896828044678],[10.4441224285318,45.2893750971956]]}},{"type":"Feature","properties":{"CODICE_CAN":"8006","NOME_COMPL":"Allacciante CORGOLO S.FERMO-TOMBA","COMUNI":"Piubega, Gazoldo d/Ippoliti"},"geometry":{"type":"LineString","coordinates":[[10.549195824212,45.2044359064242],[10.5491620344695,45.2041597546974],[10.54800078624,45.2029317351456],[10.5450325116919,45.1992177557316],[10.5444235077582,45.1986769940554],[10.5437326586244,45.1987984131558]]}},{"type":"Feature","properties":{"CODICE_CAN":"8004","NOME_COMPL":"Allacciante BAITELLA-GRAMA","COMUNI":"Asola"},"geometry":{"type":"LineString","coordinates":[[10.4409439420327,45.2536941243356],[10.4391101284153,45.2540685857934],[10.4377685381959,45.2494261306634],[10.4356800504417,45.2497006279888]]}},{"type":"Feature","properties":{"CODICE_CAN":"2063","NOME_COMPL":"Canale VIRGILIO","COMUNI":"Ponti s/Mincio, Monzambano, Valeggio s/Mincio, Volta Mantovana"},"geometry":{"type":"LineString","coordinates":[[10.7115798506247,45.3941040313181],[10.7107075149583,45.3939915291968],[10.7076643859313,45.3931879903294],[10.704647138318,45.3932415150029],[10.7041302358743,45.3931147212841],[10.7006473205411,45.3909724112687],[10.6996367451258,45.3902980796412],[10.6970704471787,45.3880747427216],[10.6944598908532,45.3851626148496],[10.6942548293885,45.3848882220261],[10.694120614351,45.3839906456445],[10.6941814726089,45.3832330941158],[10.6959464174276,45.3800205490634],[10.6975504142926,45.3786095105696],[10.6979821182594,45.3778884754729],[10.6985789794566,45.3765092181955],[10.6985898997614,45.3746846922955],[10.6987718515557,45.3743877322209],[10.7008168725328,45.3737687636284],[10.7019022568797,45.3719786595095],[10.703817621375,45.37062173455],[10.7050095169146,45.3699986113023],[10.7063603711064,45.3685155622282],[10.7075812143096,45.3682618950317],[10.7093236749672,45.3681012888763],[10.7122624696145,45.3682589978785],[10.7144571707871,45.3680663036781],[10.7172419239527,45.3674695492763],[10.7186608703356,45.366868086541],[10.7241661111933,45.3625898262685],[10.7242989323343,45.3622515301669],[10.7246569721795,45.3587318990502],[10.7242791085373,45.3576782995788],[10.7225024785893,45.3563095340838],[10.7213346458186,45.3547634139038],[10.7197963508535,45.3537777429262],[10.7185309039578,45.3533344125972],[10.7123575137044,45.3520568486478],[10.7120073208083,45.3519107733183],[10.710982493913,45.3509425000554],[10.7098431217038,45.3489418427289],[10.7093307456899,45.3469738176927],[10.7088912514611,45.3460387896796],[10.708488947891,45.3445567323472],[10.7086491688178,45.3425534080453],[10.7098156515988,45.3399212785611],[10.7100272514848,45.3388335723565],[10.7099043129543,45.3383141647339],[10.7088164684545,45.3360352811013],[10.707224716376,45.3330998870887],[10.7063163559075,45.3321857654008],[10.703323742254,45.3301646761314],[10.7003160060596,45.3292823988794],[10.6986052483572,45.3273365870532],[10.6978669388975,45.325583313246],[10.6977347552829,45.3248966775285],[10.6967139829937,45.3229225640254],[10.6965173253821,45.3220523574898],[10.6968479759444,45.3199859359024],[10.6968110671725,45.3184799451011],[10.6970279283033,45.3171336123023],[10.6975830429908,45.3156954617667],[10.6994870819249,45.3129033237132],[10.6997027362982,45.3123895390071],[10.699658241671,45.3113558678343],[10.6985481504809,45.3083125321366],[10.693320400473,45.3055844115388],[10.6921198014952,45.3050772520875],[10.6847782492551,45.3033547666277],[10.6840669167433,45.3033229648058],[10.6832539454331,45.3035642109317],[10.6738898415152,45.3074958719555],[10.6676172509704,45.3114517309994],[10.6661196457642,45.3122380184268],[10.6614549093857,45.313372645692],[10.6583245337941,45.3131585300168],[10.6536523104874,45.3145931331122],[10.6526246485009,45.3149781460132],[10.6520794737146,45.3154378356554]]}},{"type":"Feature","properties":{"CODICE_CAN":"8001","NOME_COMPL":"Canale PRINCIPALE","COMUNI":"Volta Mantovana, Cavriana, Guidizzolo, Medole, Castel Goffredo"},"geometry":{"type":"LineString","coordinates":[[10.6520794737146,45.3154378356554],[10.6507352418375,45.3169097011848],[10.6498093191245,45.3175613406393],[10.6452068246622,45.3185726630416],[10.6398396630986,45.3195206367881],[10.6384054404087,45.319586003343],[10.6352144786682,45.3190575465813],[10.6327758397456,45.3190206852569],[10.6106783610368,45.3213619104171],[10.6071071973392,45.3206868994757],[10.600809057138,45.3191235028957],[10.5934555837267,45.3167630284249],[10.592816901289,45.3167005972478],[10.5895653812726,45.3172586538687],[10.5889041758419,45.3172047911711],[10.5884638675087,45.316968129762],[10.5874764515157,45.3155231459849],[10.5871662415568,45.3139780851644],[10.5865183206271,45.3137097000401],[10.5638436580289,45.3146805470956],[10.5623363590169,45.3144068483062],[10.5560598827069,45.3112277736207],[10.555379412726,45.3109962956585],[10.5543831960573,45.3110062215331],[10.5508455100454,45.312086792649],[10.5496872778127,45.3123185090185],[10.5448558816962,45.3105780708565],[10.5440942808426,45.3104533985115],[10.5328132321068,45.3119463047016],[10.5323334332818,45.31183990454],[10.5318473119346,45.311474408019],[10.5313657172625,45.3114437724964],[10.5235382536505,45.3160553096155],[10.5229268410076,45.3163920537527],[10.5221572490684,45.3165747360571],[10.5099528219044,45.3171632288003],[10.5091144068166,45.3168982842605],[10.5049878078776,45.3146434747249],[10.5045411640461,45.3146610442947],[10.5021029800016,45.3154525849989],[10.4949306986208,45.3184363048364],[10.4844399567016,45.3199121655591],[10.4760628907959,45.3218011519204],[10.4722920914018,45.3230336941429]]}},{"type":"Feature","properties":{"CODICE_CAN":"8002","NOME_COMPL":"Canale SECONDARIO DI CASALMORO","COMUNI":"Castel Goffredo"},"geometry":{"type":"LineString","coordinates":[[10.4722920914018,45.3230336941429],[10.4704938196444,45.3235940749176],[10.4699658807863,45.323623108366],[10.4694666440943,45.3210287973296],[10.46897443698,45.3197490490449],[10.4680719945389,45.3198368607389],[10.4679205569957,45.3197244882196],[10.4677108782173,45.3184029980001],[10.4677157366341,45.3170130797707],[10.4675772781287,45.3168900001238],[10.4625457621021,45.31700138125],[10.4594429549553,45.3161368125304],[10.4589983574549,45.3151231546341],[10.4585880509724,45.3149188099117],[10.4548875187614,45.3148802545642],[10.4528559567609,45.3151633219737],[10.4522045931772,45.3150230202418],[10.4517490180305,45.3146439106498],[10.4513001880555,45.3134588021873],[10.4502536157755,45.3121288611046],[10.4497989796409,45.3117726277476],[10.4437948935106,45.3122167234532],[10.4433692934929,45.312051244289],[10.4430940024222,45.3109144382936],[10.4426133940147,45.3105966094645],[10.4397716817795,45.3107238718123],[10.4359610244891,45.3113655144382],[10.4306681006353,45.3118691491726]]}},{"type":"Feature","properties":{"CODICE_CAN":"8042","NOME_COMPL":"Allacciante PIUBEGA-CORGOLO","COMUNI":"Ceresara, Piubega"},"geometry":{"type":"LineString","coordinates":[[10.5190409945107,45.2391357299315],[10.51667068014,45.2400161740716],[10.5137187877654,45.2413556482769],[10.5116155620086,45.242514212219],[10.5113559435276,45.2421981859056]]}},{"type":"Feature","properties":{"CODICE_CAN":"8005","NOME_COMPL":"Allacciante ZENERATO-CORGOLO","COMUNI":"Casaloldo, Piubega"},"geometry":{"type":"LineString","coordinates":[[10.5118620751931,45.2416258219661],[10.5083646175036,45.239326610591],[10.5081932663073,45.2391616391706],[10.5082761507659,45.2389794094037],[10.5054441094116,45.2357380169123]]}},{"type":"Feature","properties":{"CODICE_CAN":"8039","NOME_COMPL":"MINCETO","COMUNI":"Volta Mantovana, Goito"},"geometry":{"type":"MultiLineString","coordinates":[[[10.7159993786162,45.2855992036554],[10.7150431339848,45.284930921401],[10.7153030711155,45.2845720323011],[10.7152778895329,45.2842501960952]],[[10.7207561705684,45.289067833562],[10.7201160150119,45.2888895843966],[10.715480338406,45.2845509223596],[10.715502627835,45.2842632016306],[10.7152869981377,45.284250296002],[10.7142563326785,45.2840200682714],[10.714216712387,45.2836927092132],[10.7135984004317,45.2832494374386],[10.7132040880233,45.2834621606021],[10.7128464250731,45.2834341749722],[10.712491124018,45.2831937909104],[10.7118071058062,45.2822356405836],[10.71188832138,45.2818730733804],[10.7124182337286,45.2811135170351],[10.7124352174311,45.2809976306508],[10.7119557934509,45.2805427314392],[10.7123263864105,45.2801031194956]],[[10.7211187955438,45.2877955133109],[10.720065228143,45.287516298396],[10.7192927130504,45.2873136180717],[10.7187740809808,45.2870603122684],[10.7182801250225,45.2865752165901],[10.7180148301653,45.2857601820235],[10.7170723828466,45.2850096298124],[10.7170279382058,45.2846110235549],[10.7158306901257,45.2834158360398],[10.7155519644253,45.2840299045193],[10.7154948952156,45.2842633178075]],[[10.7190864500558,45.2879120032329],[10.7193759856745,45.2875089687803],[10.7194556000298,45.2873275480285]]]}},{"type":"Feature","properties":{"CODICE_CAN":"0077","NOME_COMPL":"Colatore VO'","COMUNI":"Asola"},"geometry":{"type":"MultiLineString","coordinates":[[[10.4268479229492,45.2298089604392],[10.4268293855231,45.2296302955365],[10.4283671033636,45.2292532743194],[10.4288502594548,45.2288894347209],[10.4291721576762,45.2288257735802],[10.4291715223767,45.2282393976788],[10.4289538916527,45.2279737768652],[10.4291457552746,45.2277726009582],[10.4289482791082,45.2271886892573],[10.429072827157,45.2271076205115],[10.4291075355211,45.2268090248059],[10.4296523885772,45.2266630616285],[10.4298764567626,45.2260639324593],[10.4300989219369,45.2259617591162],[10.42968271597,45.2256290557886],[10.4295057787179,45.225303294492],[10.42820295962,45.2255084356016],[10.4278002052296,45.2257122471256],[10.4249951094593,45.2254590714109],[10.4246456024026,45.2255429434708],[10.4239809057505,45.2251139327323],[10.4226833536702,45.2249434077015],[10.4219760578164,45.2250526601834],[10.4210950272993,45.2249932499561],[10.4198985559816,45.2246266344808],[10.4197737543235,45.2244036141099],[10.4198721492432,45.224109718028],[10.4190778331555,45.2240503527598],[10.4192321647912,45.2237877464188],[10.4190697627217,45.2236085767416],[10.4190433890045,45.2232823169105],[10.4185536607249,45.2227031780204],[10.4183033593611,45.2215479342971],[10.4183750457424,45.2210146820484],[10.418999110417,45.2203104654227],[10.4180473914028,45.2195004910915],[10.4173867058712,45.2193091575065],[10.4171170221961,45.2182507477857],[10.4161329214645,45.2167956760975],[10.4160175331784,45.2159219850905],[10.4157617829303,45.2157051931555],[10.4157402723437,45.2151571646876],[10.4173720234584,45.2130495298917],[10.4172724631407,45.2125684807028],[10.4173620579297,45.2110198852535],[10.4175361710392,45.2105838178858],[10.4178977179294,45.2102724985688],[10.4177534521592,45.2099754149582],[10.417892437714,45.2096438517762],[10.4178441873801,45.2092445175537],[10.4173640264732,45.2085154396828],[10.41682653745,45.2086253185787],[10.4163911312692,45.2083382957228],[10.4154645562409,45.2083360239603],[10.4148035923639,45.2081769312372],[10.4144909125468,45.2079565411667],[10.4148222570067,45.2073226485531],[10.4149368904115,45.2064869582788],[10.4149188839552,45.2058588986889],[10.4145415812534,45.2055341655686],[10.41444297372,45.2051574927934],[10.4146022862778,45.2042345609805],[10.4161800102269,45.2037066303324],[10.4164760050157,45.2034821891325],[10.4169482827423,45.2027230673754],[10.4167722721194,45.2022121104562],[10.4168663418143,45.2012785168573],[10.417619852618,45.2013278647052],[10.417642796428,45.2008373383183],[10.4192470683633,45.200196859392],[10.419885476748,45.1995826570522],[10.419655149669,45.198800360234],[10.4186723632776,45.1977193159895],[10.4187629141265,45.1965553568056],[10.419179522101,45.1957848944104],[10.4198120918944,45.1952204581051],[10.4201781942175,45.1952457197335],[10.4217693756498,45.1959216253468],[10.4224705741399,45.1964197662783],[10.4232609869413,45.1965490572053],[10.4252086699569,45.1960178798252],[10.4253577879303,45.1957973662165],[10.4254587922488,45.1953389214774],[10.4253896803637,45.1948229689469],[10.424707899506,45.1939767470858],[10.4244221495256,45.1937914765872],[10.4240827416782,45.19311828829],[10.4226732618699,45.1929824068269],[10.4232349002865,45.1918667393688],[10.4233204876317,45.1900984734876],[10.4232011264778,45.1895664681793],[10.4229825623233,45.1893107819572],[10.4227073594863,45.1891474953251],[10.4214452377104,45.1888798004367],[10.4214851131797,45.1885875491157],[10.4206939879154,45.1871136178509],[10.4209648643959,45.1863933635307],[10.4212609198704,45.1864480285796],[10.421273410861,45.1860026638707]],[[10.4240827416782,45.19311828829],[10.4243042833409,45.1927294998796],[10.4243895034218,45.1922016826815],[10.4247431867557,45.191730146484],[10.4251043070155,45.1915566794117],[10.4256036118847,45.1907255276422],[10.4258069160174,45.1895800302835],[10.4262924050424,45.1891960503838]]]}},{"type":"Feature","properties":{"CODICE_CAN":"2084","NOME_COMPL":"Colatore TOMBA","COMUNI":"Gazoldo s/Ippoliti, Castellucchio, Marcaria"},"geometry":{"type":"MultiLineString","coordinates":[[[10.558393214571,45.1954975350722],[10.5575935360514,45.1940204470612],[10.5559409149855,45.1921755257041],[10.5672225456339,45.1866470428905],[10.5718947287175,45.184452079794],[10.5775989495052,45.1818983045975]],[[10.5476775274756,45.2025095043974],[10.5492867045968,45.2018261267836],[10.5493771199712,45.201681998865],[10.5461873173879,45.1983432434118],[10.5474318756,45.1976705781929],[10.5484592418451,45.1971493672339],[10.5498078081436,45.1969510728041],[10.550101007722,45.1970943721799],[10.5506740543438,45.1977411621778],[10.5509892842707,45.1978432503532],[10.5578747525655,45.19572039623],[10.558393214571,45.1954975350722],[10.5585038244236,45.195449988337],[10.5616342024715,45.1941881053339],[10.5670779545792,45.1916343787233],[10.5672978398874,45.1914666181113],[10.5671913251467,45.1913509741439],[10.5703949096582,45.1892720468236],[10.5770168144374,45.186355338224],[10.5775381456691,45.1869536331125],[10.5800118029296,45.1855679457435],[10.5777799355486,45.1826671512037],[10.5775645373915,45.182197115617],[10.5777382029198,45.1812937385373],[10.5768680367179,45.1803641324445],[10.5772169627933,45.1796382956639],[10.5770650665706,45.1790969410375],[10.5763631058701,45.1777829706046],[10.5763468875256,45.176782378864],[10.575397729143,45.1755695527129],[10.5752278281585,45.1752104906875],[10.5754377861245,45.1751305946233],[10.573996225613,45.1727368494724],[10.5718846965124,45.1701925476702],[10.5825104024362,45.1662619986435],[10.5813581044354,45.1648880328286],[10.5841407045211,45.1637911323832],[10.5847756762951,45.162943328612],[10.5850563675265,45.1627608468699],[10.585723876195,45.1625370362351],[10.5872787915153,45.1623012884772],[10.5881277269308,45.1617703195867],[10.5899722302277,45.1615354218262],[10.5934407048061,45.1604254432175],[10.5920986602799,45.1576622585407],[10.5914464288628,45.1558321765771],[10.591419272403,45.1556143702101],[10.591713405842,45.1554215371577],[10.5772046667057,45.139534421202],[10.5768354814643,45.1395832316773],[10.5766399863354,45.1394299450239],[10.5767041710291,45.1390807084353],[10.5738718430401,45.1358328258607],[10.5718408350807,45.1350133737594],[10.5711165694144,45.1350389229476],[10.5704938125066,45.1342880777935],[10.5701352032362,45.1335878423917],[10.5692997747886,45.1330646375779],[10.5690193911257,45.1331926201317],[10.5681694920686,45.1321523404565],[10.5676620169138,45.1312273501029],[10.5662787789201,45.1298778251246],[10.5606962883083,45.1270596842332],[10.5603219212376,45.1257214643058],[10.5603489980841,45.1251023265032]],[[10.5769032821438,45.1862398587307],[10.5743932663911,45.1833587477306]]]}},{"type":"Feature","properties":{"CODICE_CAN":"2085a","NOME_COMPL":"GAMBINO DUGALE DI MARCARIA","COMUNI":"Marcaria"},"geometry":{"type":"MultiLineString","coordinates":[[[10.5346880159086,45.1382238045899],[10.5352780903244,45.1394962620611]],[[10.5174813412428,45.1382960719911],[10.5181928740175,45.1377154416216],[10.5183274889281,45.1378578204268],[10.5192025770263,45.1381090637764],[10.5199905756122,45.1389671722623],[10.5211505883578,45.1391851326504],[10.522616199216,45.1390255621837],[10.5228847270929,45.13884859629],[10.5229881629503,45.1384871083559],[10.52388773894,45.1383017249277],[10.5253651518005,45.1387621485301],[10.5264212984158,45.1387947202168],[10.5270379500437,45.138599754168],[10.5279929340269,45.1380201448297],[10.5279570160713,45.1377338721029],[10.5275089778293,45.1371863635656],[10.5274735969839,45.1369200897873],[10.5281624917167,45.1359039034558],[10.5297096223334,45.135449728794],[10.5306581823887,45.1353369906926],[10.5308764065085,45.1353940840992],[10.5309697822554,45.1360663698445],[10.531495823419,45.1363594085295],[10.5321427025704,45.1365908053143],[10.5334754005513,45.1365729202998],[10.5345603672322,45.1369784759228],[10.5346352441809,45.1373109041215],[10.5345308110985,45.1376324043452],[10.5346880159086,45.1382238045899],[10.5340107571853,45.1386184129972],[10.5331873599752,45.138674379019],[10.5325943907542,45.1393145419336],[10.5327036165097,45.1395652661294],[10.5329157448267,45.1396487863502],[10.5336168623343,45.1394010025305],[10.534075059128,45.1393775758481],[10.5356390497712,45.1396047775167],[10.5357249665533,45.1399970744286],[10.5354668604709,45.1405607133876],[10.535599694658,45.1409457118317],[10.5384263999669,45.1412944570618],[10.5393688926256,45.1411283788626],[10.5400368297355,45.140739260174],[10.5401218594732,45.1403980104782],[10.5402972264148,45.1402622719207],[10.5402839348706,45.139768969018],[10.5394316948364,45.1390869150739],[10.539123825241,45.1381507792107],[10.5370571266725,45.1376784587869],[10.5361303549479,45.1363238465417],[10.5358087318906,45.135574609992],[10.5361016731879,45.1347304152205],[10.539769707248,45.1336207030672],[10.5402967474123,45.1336002594461],[10.5405476169947,45.1334701702874],[10.5413986346079,45.1335853943588],[10.5426850180858,45.1329011565919],[10.543041091707,45.1328296604179],[10.5439483667299,45.1322372229625],[10.5442258534948,45.1320467476491],[10.5439035187643,45.1307507104249],[10.5438039450754,45.1305519951047],[10.5435955041899,45.1305081310797],[10.5435001324683,45.1301159672932],[10.543834323449,45.1297580097596],[10.5437821979464,45.1295719907054],[10.543974198834,45.1293559968568],[10.5439764163388,45.1290892194341],[10.5448731251198,45.1284569044311],[10.5466140442564,45.1280398897235],[10.5468415323751,45.1277433866881],[10.5472258198538,45.1276714942721],[10.5474332080562,45.1273285803038],[10.5477671592706,45.1271373318829],[10.5477764316657,45.1267837647376],[10.5483623192964,45.1266953286726]]]}},{"type":"Feature","properties":{"CODICE_CAN":"8034","NOME_COMPL":"SERIOLETTA DI MEDOLE","COMUNI":"Medole"},"geometry":{"type":"LineString","coordinates":[[10.4687806594352,45.3545129361819],[10.4696809267146,45.3542360758508],[10.4708784017614,45.3534716310223],[10.4708739531987,45.3533000352252],[10.4714910206404,45.3531984592298],[10.4769209027132,45.3500854447394],[10.4804712737382,45.3479016253845],[10.4850390503485,45.344861812855],[10.4863201094809,45.3439244661632],[10.4881034490694,45.3406242288781],[10.4891881529513,45.3397986419682],[10.4957229102371,45.3355134464763],[10.4982335672138,45.3341724083586],[10.5009526395409,45.333066415782],[10.5009514862464,45.3327037236583],[10.502633028592,45.3318967327183],[10.5054015807093,45.3310299617372],[10.5056997125688,45.3311414213532],[10.5066425765917,45.3307552213193]]}},{"type":"Feature","properties":{"CODICE_CAN":"8015","NOME_COMPL":"Canaletta CASTELLARO","COMUNI":"Casalmoro, Asola"},"geometry":{"type":"MultiLineString","coordinates":[[[10.4268525433863,45.2298007148662],[10.4254863499586,45.2292643651423],[10.4248327742148,45.2287526483706],[10.4245222522462,45.2286726719212],[10.4237147594173,45.2286492044748],[10.4213501853122,45.2289973003499],[10.4209443479136,45.2289017314977],[10.4204670038468,45.2297461794983],[10.4205837528725,45.2318762904541],[10.4207600710012,45.232883240285],[10.4205974235124,45.2330989648696],[10.4201696811774,45.2348138943225],[10.4193920557825,45.2359751746539],[10.4192173243738,45.2363810048302],[10.4193492227045,45.2366168098024],[10.4192897145083,45.2369262286271],[10.4190156651562,45.2373926536797],[10.4183776528877,45.2380891733844],[10.4179464940336,45.2383201019789],[10.4171201489719,45.2395532050039],[10.4167707687851,45.2400324314658],[10.4162939096736,45.2404538762754],[10.4165326441692,45.2405933819011],[10.4172709653391,45.2412253210948],[10.4175279810505,45.2414239594385],[10.4184130916059,45.2418759846409],[10.4190022428513,45.2436020139091],[10.4187087446314,45.2446385474284],[10.4185605349955,45.2454358294303],[10.4188927595845,45.2459540802089],[10.4189646933466,45.2461431426244],[10.4200037040568,45.2460233747876],[10.4200012805331,45.2469375679061],[10.4197554707118,45.2471899422598],[10.4196502820762,45.2476898848881],[10.4196013548563,45.2477498539064],[10.4195580480958,45.248035326586],[10.4194991765342,45.2490451991903],[10.419679736166,45.2508950246226],[10.4195712891733,45.2512644138022],[10.419679736166,45.2508950246226],[10.419564722306,45.2503265870204],[10.4194991765342,45.2490451991903],[10.4195580480958,45.248035326586],[10.4196013548563,45.2477498539064],[10.4197554707118,45.2471899422598],[10.4199217106027,45.2471166414367],[10.4200012805331,45.2469375679061],[10.4200292620733,45.2467116472484],[10.4200037040568,45.2460233747876],[10.4190982159849,45.2461058659974],[10.4189646933466,45.2461431426244],[10.4185605349955,45.2454358294303],[10.4190022428513,45.2436020139091],[10.4189099648738,45.2432707374241],[10.4184130916059,45.2418759846409],[10.4180048722075,45.2416792269337],[10.4175279810505,45.2414239594385],[10.4165326441692,45.2405933819011],[10.4162939096736,45.2404538762754],[10.4164571850964,45.2402618946324],[10.4167707687851,45.2400324314658],[10.4179464940336,45.2383201019789],[10.4183776528877,45.2380891733844],[10.4186570277516,45.2378363846186],[10.4190156651562,45.2373926536797],[10.4192897145083,45.2369262286271],[10.4193492227045,45.2366168098024],[10.4192173243738,45.2363810048302],[10.4200588975815,45.23508833481],[10.4201696811774,45.2348138943225],[10.4203646867726,45.2338735588269],[10.4205974235124,45.2330989648696],[10.4207600710012,45.232883240285],[10.4205781327144,45.2316507871162]],[[10.4181125655957,45.2673084600014],[10.418161048744,45.2647753974993],[10.4180297311664,45.2640287719163],[10.4181097432046,45.2629267192504],[10.4186715583946,45.2602976492604],[10.4190069332191,45.2597493516047],[10.4190783842548,45.2583121293444],[10.4193703541934,45.2567693180028],[10.4196674833002,45.2559184755918],[10.419196226003,45.2539767365322],[10.4204372970822,45.2538251675231],[10.4202171962561,45.2524934784074],[10.4203356898248,45.2524672522628],[10.4201160098104,45.2520893482708],[10.4199174141814,45.2521198705668],[10.4195401219885,45.2512293511548]],[[10.4170451614138,45.228608367188],[10.4174152554734,45.228544888951],[10.4205806736241,45.2287808184142],[10.420983737171,45.2289030011523]]]}},{"type":"Feature","properties":{"CODICE_CAN":"8009","NOME_COMPL":"Allacciante TORNAPASSO-CAORDINE","COMUNI":"Asola"},"geometry":{"type":"MultiLineString","coordinates":[[[10.4373760516157,45.19638559265],[10.4372829199489,45.1962291121615],[10.4370134492697,45.1961536781809],[10.4371707391088,45.1953161383156],[10.4319396684498,45.1945999190954]],[[10.4498775654519,45.1969684611149],[10.4440616275372,45.196238153059],[10.4376065306878,45.1962408020737],[10.4373868001801,45.1963696918913],[10.4372780617203,45.1973642735543],[10.4343217824027,45.1968496719695],[10.4338977446997,45.1977220894507],[10.4327991460236,45.197483639568],[10.432749815034,45.197295075795],[10.4313188413889,45.1971396088414]]]}},{"type":"Feature","properties":{"CODICE_CAN":"2090","NOME_COMPL":"DUGANELLA DI RIVALTA","COMUNI":"Castellucchio, Rodigo"},"geometry":{"type":"MultiLineString","coordinates":[[[10.6609463420158,45.1771725637535],[10.6609707361596,45.1771463012021]],[[10.6147984171993,45.1825991766751],[10.6155666817934,45.1824436582939],[10.6166572440871,45.1819496602818],[10.6175152233981,45.1813252326501],[10.6179729379711,45.180797961215],[10.6173217994563,45.1802934407951],[10.6183201936245,45.179709242925],[10.6188119893362,45.1802089794114],[10.6193062912243,45.1797445230834],[10.61904386029,45.1792626482021],[10.6200318745115,45.1786645074404],[10.6204912390443,45.1790732085346],[10.6214241140759,45.1787239150313],[10.6215136421075,45.1788106141883],[10.6247019236961,45.1774281318771],[10.6247826944209,45.177207055699],[10.6254214222469,45.1769252549373],[10.6246755636661,45.1760649645431],[10.6247804470005,45.1758171541328],[10.6423511425614,45.1769294707879],[10.6578910835447,45.1767473071786],[10.6580708187205,45.1767951543016],[10.6584776662005,45.1772938202906],[10.6593550462463,45.1774135223715],[10.6597515624265,45.1767896526472],[10.6609707361596,45.1771463012021],[10.6615490442937,45.176383967888],[10.66204964569,45.1759599363391],[10.6634171155528,45.1753124515296],[10.66447033268,45.1749407412466],[10.666362361794,45.1746529670358],[10.667275957804,45.1746396282633],[10.6672556095534,45.1743245654363],[10.6697604114163,45.17498174804],[10.6715098169611,45.1751532462694],[10.6716388989686,45.1749936760942],[10.6715399738164,45.1738992495152],[10.6726900895903,45.1737799115597],[10.6734472806284,45.1733746143314],[10.6756713165826,45.1704649275992],[10.676568267111,45.1707773852705]]]}},{"type":"Feature","properties":{"CODICE_CAN":"8052","NOME_COMPL":"Canaletta CERRI","COMUNI":"Goito"},"geometry":{"type":"MultiLineString","coordinates":[[[10.6493337158141,45.2756037613423],[10.649131986639,45.275436770429],[10.6494068577903,45.2751084303599],[10.6491197664446,45.2735061859514],[10.6485667223514,45.2717842138424],[10.6475331728795,45.2708414813682],[10.6461908942876,45.2705673739921],[10.645586238507,45.2700818184755],[10.6441609879592,45.2699633455809],[10.6431605579402,45.2694062476057],[10.640525586176,45.2698148600816]],[[10.6490491131149,45.2732862042054],[10.6468311004582,45.2734117518037]]]}},{"type":"Feature","properties":{"CODICE_CAN":"8023","NOME_COMPL":"Allacciante FOSSADOLDO-TOMBA","COMUNI":"Gazoldo d/Ippoliti"},"geometry":{"type":"LineString","coordinates":[[10.5573991378682,45.2005070187427],[10.5552477366688,45.1980678966033],[10.5548330900994,45.19819773551],[10.5539728049102,45.1969258861424]]}},{"type":"Feature","properties":{"CODICE_CAN":"8202","NOME_COMPL":"Allacciante CORGOLO - ZENERATO","COMUNI":"Piubega"},"geometry":{"type":"LineString","coordinates":[[10.5181648707811,45.2231774794616],[10.5186898009015,45.2230743057268],[10.5210196926761,45.2218659295839],[10.5208919751419,45.2216818805109],[10.5210593831801,45.2215036339784],[10.5224026230066,45.2207439484961],[10.5223473994911,45.2205875146658],[10.5227400423284,45.2203136025334],[10.5234640623949,45.220225638868],[10.5241482103632,45.2198899354531],[10.5247326973458,45.2201474804773],[10.5272682176163,45.2188481198774]]}},{"type":"Feature","properties":{"CODICE_CAN":"8201","NOME_COMPL":"Allacciante TARTARO FUGA-TORNAPASSO","COMUNI":"Asola"},"geometry":{"type":"LineString","coordinates":[[10.4752855284602,45.2022467426572],[10.4750196128335,45.2027773625182],[10.4741877928366,45.2030516928066],[10.4730296806861,45.2030666322029],[10.4707848338883,45.2027660636995],[10.4674741206204,45.2034770369142],[10.4674431398196,45.2033079822309]]}},{"type":"Feature","properties":{"CODICE_CAN":"8032","NOME_COMPL":"ZARZANIGOLA","COMUNI":"Redondesco"},"geometry":{"type":"MultiLineString","coordinates":[[[10.4953948022741,45.1596853791919],[10.4961889000099,45.160068797778],[10.4979536147407,45.1613496267765],[10.4998481197703,45.1620572381197],[10.5005239845926,45.161419697026],[10.5005944402875,45.1606657432776],[10.5013170904891,45.1603184548704],[10.502263458723,45.1595901217933],[10.502983571371,45.159582687858],[10.5031049631306,45.1597459306325],[10.5031114154656,45.1605589095069],[10.5033318392594,45.1607645154992],[10.5047783809408,45.1608951270253],[10.507087085038,45.1607320187605],[10.5088709485053,45.1611263327075],[10.5103135040439,45.1607674718204],[10.510130200308,45.1603628535031],[10.5104671950578,45.1598256231965],[10.5107314331101,45.159589321323],[10.512146044425,45.1589782366331]],[[10.4883132710007,45.1677012752346],[10.4918963014718,45.1639577304812],[10.4927307965991,45.1628538607874],[10.4929011502422,45.1624176616257],[10.4944257675108,45.1607743470323],[10.4946621299548,45.1602569159104],[10.4953316641647,45.1597981069181],[10.4954187194842,45.1596523097241]]]}},{"type":"Feature","properties":{"CODICE_CAN":"8212","NOME_COMPL":"TARTARELLO DI CASALOLDO","COMUNI":"Casaloldo, Asola"},"geometry":{"type":"LineString","coordinates":[[10.4869193256885,45.2481122757426],[10.4866614722194,45.2478106180841],[10.4874941505051,45.2466278856482],[10.487915881992,45.2445033537006],[10.4894425474896,45.2437931665934],[10.4893067334346,45.2429441093834],[10.489116199698,45.2426094730959],[10.4890782565669,45.241505497465],[10.4888982827918,45.2407051754964],[10.488333923537,45.2391071939922],[10.4893758372443,45.23898124228],[10.4894596236504,45.2378403615467],[10.4892753521973,45.2355712126665],[10.4901174530003,45.2347575642363],[10.4907029375111,45.2345572850041],[10.4907412249586,45.2342838780671],[10.4879737825469,45.2314062700641],[10.4872963542214,45.2285174563343],[10.4859441587336,45.2263196847141],[10.4852724669098,45.2227725935594],[10.4906920754868,45.2215461583577],[10.4935171728729,45.220655534086]]}},{"type":"Feature","properties":{"CODICE_CAN":"8214","NOME_COMPL":"Allacciante TARTARO FABREZZA-ZENERATO-FO","COMUNI":"Piubega, Mariana Mantovana, Redondesco"},"geometry":{"type":"MultiLineString","coordinates":[[[10.5020209512018,45.21246966464],[10.5023815720682,45.2123101980618],[10.5026484046997,45.2127450752229],[10.5071318106066,45.2112161287909],[10.5107377009641,45.2096212511967],[10.5139402031707,45.2079542430043],[10.516911305716,45.2066460851353],[10.5149586799082,45.20454710669],[10.5165714427925,45.2037417674116],[10.5174490741634,45.203758898061]],[[10.5149586799082,45.20454710669],[10.5151189187675,45.2039879719679],[10.5148295449871,45.2029809389518],[10.5137397309681,45.2014997096225],[10.5129913426101,45.2007875738023],[10.5116796025362,45.1987323380885]]]}},{"type":"Feature","properties":{"CODICE_CAN":"2369","NOME_COMPL":"Canale PRIMARIO DI MARIANA","COMUNI":"Guidizolo, Cavriana, Ceresara, Piubega, Redondesco, Mariana Mantovana"},"geometry":{"type":"LineString","coordinates":[[10.6000417496151,45.3188780901921],[10.5992394160667,45.3164671086746],[10.5989415423847,45.3150753848619],[10.5989473398347,45.3141058601096],[10.5983814949077,45.3133775540947],[10.5986850936447,45.3128070080037],[10.5982479819375,45.312029155949],[10.5980744769359,45.3113710278725],[10.5981038861038,45.3098561939504],[10.5978161121429,45.307166850343],[10.5965096325359,45.3058867570642],[10.5949335567399,45.3035820767107],[10.5947310877431,45.3029035799089],[10.5948836732139,45.3015906289326],[10.5939679011292,45.2999541257375],[10.5888923130933,45.2930557893571],[10.5888079426687,45.2928353888546],[10.5888837962838,45.292231469114],[10.5867054546616,45.2877253248375],[10.5866534362466,45.285806670737],[10.5856373290619,45.2851100300608],[10.5822637814821,45.2810024315705],[10.5887355123308,45.2769128980407],[10.5891474645756,45.2765277822285],[10.5890473116257,45.2762107500292],[10.5840724656358,45.271234154569],[10.5837265682591,45.2705427250649],[10.5800215881007,45.2666771796245],[10.5797420408128,45.2662216749562],[10.578128873962,45.2645452056622],[10.5765920076549,45.2633267047373],[10.5741957908056,45.2606804954495],[10.573057899643,45.259662749691],[10.5692961785953,45.2572892177986],[10.5659899468555,45.2537924006845],[10.5607841257562,45.2477299040803],[10.5568549412055,45.2436535817194],[10.5514948324108,45.2383922149109],[10.5499536364511,45.2357265988799],[10.5475932004211,45.2328265035021],[10.5423604098565,45.2278041783616],[10.5409813977483,45.2270867066712],[10.5340701235476,45.2194009384967],[10.5329802876855,45.2178480426414],[10.5294108755662,45.2142643675065],[10.5256515830653,45.212349325107],[10.5236345054403,45.2111236386374],[10.5220838399304,45.209442661707],[10.5199835033107,45.2065844794157],[10.5128395883624,45.203281505856],[10.5079340798725,45.1980415971581],[10.50514472196,45.1953966254843],[10.5006534673372,45.1907549796097],[10.4929892240989,45.1825003943024]]}},{"type":"Feature","properties":{"CODICE_CAN":"8203","NOME_COMPL":"Colatore GAMBINO DI MEZZO","COMUNI":"Asola"},"geometry":{"type":"MultiLineString","coordinates":[[[10.4161513321568,45.2165334060651],[10.4145899823555,45.2168187302082],[10.4144850127262,45.2131049612479],[10.4143409386595,45.2130019519211],[10.4138162901701,45.2087170564737],[10.4140853870218,45.2079593747015],[10.4145414050469,45.2073153461672],[10.4146003544097,45.2066209818749],[10.4139296213426,45.2058185897436],[10.4132622472743,45.2047114131663],[10.4131255549151,45.2028855184257],[10.4133821933104,45.202270807084],[10.4141104239991,45.2017376157506],[10.4109899986895,45.2014791960432],[10.4109647524468,45.2014576673599]],[[10.4109889553023,45.201473558617],[10.4110266345523,45.2010895527466],[10.411803682201,45.1991288917898],[10.4118641798908,45.1977607380221],[10.4114900394321,45.1950305527225],[10.4127605453358,45.1949064441311],[10.4127076725453,45.1937231250571],[10.416586705123,45.1932248098217],[10.416757948743,45.1934728200449],[10.4180803248451,45.1935397785662],[10.4196285208163,45.1932036964091],[10.4191900468192,45.1926421751685],[10.419353423911,45.1925734414924],[10.4195324999385,45.1921876737015],[10.419838518516,45.1912166763256],[10.4192762779663,45.1885222042573],[10.421199659055,45.1881063943989]]]}},{"type":"Feature","properties":{"CODICE_CAN":"2057b","NOME_COMPL":"GAMBINO BAITELLA","COMUNI":"Castel Goffredo, Asola"},"geometry":{"type":"MultiLineString","coordinates":[[[10.4441098005848,45.2893689423455],[10.4402461565362,45.2890656885101],[10.4406015018852,45.2872504194589],[10.4389218384287,45.2870048548005],[10.4398036456512,45.2829211371557],[10.4399482508295,45.2811702377709],[10.4373343137203,45.2813244313285],[10.4377053918129,45.2793626073345],[10.4375462795539,45.277965283556],[10.4376465083036,45.2759017049933],[10.4373666543705,45.2748370706242],[10.436647534936,45.2707179852724],[10.4409979794289,45.2711353952936],[10.4431985450666,45.2708315146366],[10.4440717173056,45.2675952694681],[10.4452349294606,45.2677374194221],[10.4452722642065,45.2667580902971],[10.4455508084267,45.2653051033264],[10.4451326894353,45.2637103419981],[10.4449788228283,45.2635993442217],[10.4432138193736,45.259517996744],[10.4426345139078,45.2578687888675],[10.441970733959,45.2567414475025],[10.4415504423555,45.2562824248139],[10.4411912041351,45.2554273209201],[10.4409247292069,45.2534980663909],[10.4406908044857,45.2528547203678],[10.4414479715694,45.2503038970162],[10.4416200210966,45.2500821088099],[10.4417071990172,45.2493121839783],[10.4420363622416,45.2489487533191],[10.4414294835823,45.2482072774612],[10.4416102818808,45.2478906151558],[10.4419159104684,45.2477105129883],[10.4410974516395,45.245210568224],[10.4401838466221,45.244812447641],[10.439266974756,45.2429712294837]],[[10.4372330096922,45.2740558091927],[10.4387693111249,45.2737705730815],[10.4408030185209,45.2735910932957],[10.4470163077677,45.271856153556],[10.4469845673051,45.2714100560632],[10.44708506171,45.2713511701618],[10.449805578877,45.2713674584951],[10.4498973220409,45.2712615015546],[10.451892293561,45.2713583528932]],[[10.436647534936,45.2707179852724],[10.4360615537042,45.2707539367574],[10.435233477842,45.2664059382613],[10.4351025123421,45.26422123346],[10.4351972052262,45.2611548629596]],[[10.4351978344516,45.2611670359287],[10.4359907853677,45.2609914387966],[10.4360816418758,45.2608743573295],[10.4355049043335,45.2584634557907],[10.4353839967488,45.2573883995815],[10.4350679659387,45.2569451787044],[10.4350973249495,45.2562491759722],[10.4338222653512,45.2535737539359],[10.4336428486647,45.2520356734999],[10.4336868135164,45.2519191824716],[10.4344093188049,45.2517444813731],[10.4340488817401,45.2500016427769]]]}},{"type":"Feature","properties":{"CODICE_CAN":"2080","NOME_COMPL":"REDONDOLO-FUGHETTA","COMUNI":"Castel Goffredo, Casaloldo"},"geometry":{"type":"MultiLineString","coordinates":[[[10.4651072809397,45.2847428466967],[10.4636901931314,45.2835084164424],[10.4626934820269,45.2812772297414],[10.4624415448283,45.279227406171],[10.4619147579429,45.2786647871126],[10.4617991612605,45.2782275234437],[10.4616817608952,45.2777199494044],[10.4615859107806,45.2773125751515],[10.4617528668484,45.2748122145893],[10.4612826320535,45.2726917218156],[10.4619060465834,45.2716449561759],[10.4620050614714,45.2684445148613],[10.4621571991276,45.2677274577919],[10.463553093636,45.26438996912],[10.4657950384576,45.2645268317026]],[[10.4622783661155,45.2775727417594],[10.4617873147195,45.2773970777324],[10.4614624437711,45.2773074564751],[10.4615837427377,45.2747958488971],[10.4611074017525,45.2727155524229],[10.4615884854571,45.2719471399089],[10.4618018428759,45.2711546460107],[10.4573127266174,45.2714281009277],[10.457159774615,45.2702355833034],[10.4574155749858,45.2693600442131],[10.4583763066462,45.2690688130134],[10.4583289515239,45.2676549145118],[10.4578424754717,45.265606164781]],[[10.4514719510282,45.2719425259242],[10.452250749007,45.2719326240283],[10.4522949499447,45.2714841372401],[10.452912856882,45.270839755093],[10.4545673180443,45.2706929691302],[10.4545010182272,45.2694050449377],[10.4573427293519,45.2695574321724]]]}},{"type":"Feature","properties":{"CODICE_CAN":"2072","NOME_COMPL":"Cavo CERANO","COMUNI":"Casalromano, Fiesse"},"geometry":{"type":"LineString","coordinates":[[10.3447301865862,45.223408132587],[10.3453348239804,45.2191378494619],[10.3459167026532,45.2179218622307],[10.3480909828874,45.2151508616698],[10.348811657765,45.213976626847],[10.3489408347455,45.2131817734076],[10.3491119694361,45.2130988911575],[10.3494300509164,45.2123799102169],[10.3497798571199,45.2121103338768],[10.3506301072237,45.2101183362292],[10.3515184778864,45.2091614896815],[10.3514758880703,45.2084919192263],[10.3523484326094,45.2082705445678],[10.3523639365423,45.2080476808783],[10.3541043337574,45.2059672789486],[10.3546773129164,45.2061152504602],[10.3553798941156,45.2057794607351],[10.3564531390781,45.2056231753386],[10.3568295126627,45.2052911647398],[10.3568983119712,45.2050071923856],[10.3587210135476,45.2043471442866],[10.3586464784015,45.203986882613],[10.3594494982012,45.203967997053],[10.3601284809537,45.2041286155261],[10.361078041025,45.2036671331042],[10.3614672063401,45.2029959356305],[10.3618778942765,45.2030196491104],[10.3621677474706,45.202314239189],[10.3622546068634,45.201318770465],[10.3624445717097,45.2009127543057],[10.3627268971102,45.2005606985596],[10.3630023509594,45.2005436745392],[10.363108318685,45.2002359412511],[10.3634753360145,45.1999991906945],[10.3632395294344,45.1991861473797],[10.3636048229275,45.1987707904751],[10.3638622227191,45.1988447730673],[10.364247651971,45.198612419697],[10.364286063266,45.1982253778203],[10.3645523685086,45.1979665928285],[10.3644514396487,45.1972276832044],[10.3662286300722,45.1959576638925],[10.366367106771,45.195581504056],[10.36676887229,45.1951220784442],[10.3678963093554,45.1942489359216],[10.368394319455,45.1934163922957],[10.3694908856344,45.1936501107697]]}},{"type":"Feature","properties":{"CODICE_CAN":"8218","NOME_COMPL":"Allacciante FOSSA MAGNA-VASO VO'","COMUNI":"Asola"},"geometry":{"type":"LineString","coordinates":[[10.4170274511648,45.2266745183451],[10.4172930040492,45.2266462151053],[10.4168366349641,45.2241582011945],[10.4191042536381,45.2239819495833]]}},{"type":"Feature","properties":{"CODICE_CAN":"2054a","NOME_COMPL":"BRANCHELLINO","COMUNI":"Asola"},"geometry":{"type":"MultiLineString","coordinates":[[[10.3832654945293,45.2484180915385],[10.3838764819996,45.2478671272197],[10.3874108725537,45.246887555977],[10.3895677594722,45.2470165157053],[10.3907578416599,45.2465918826568],[10.39186285285,45.2465396207058],[10.392195386258,45.2461808481118],[10.3939465778334,45.2451818731912]],[[10.3939465945016,45.245181833128],[10.3981401027376,45.2356467547803]]]}},{"type":"Feature","properties":{"CODICE_CAN":"2081","NOME_COMPL":"CORGOLO DI S.FERMO","COMUNI":"Piubega, Gazoldo d/Ippoliti, Redondesco"},"geometry":{"type":"MultiLineString","coordinates":[[[10.5338411163778,45.2257459366441],[10.5343604498818,45.2257744265016],[10.5349586445161,45.2262585379431],[10.5352010020562,45.2263138262955],[10.5384837874686,45.2246472228249],[10.54132350183,45.2229477355419],[10.5404907017698,45.2220598910437],[10.5362310531664,45.2182768207711],[10.5365448062105,45.218040389344],[10.5341364704897,45.2154172006884],[10.5446433043529,45.2102732940868],[10.5458594136,45.2089298870703],[10.5441553081731,45.2068094339954],[10.5451558221173,45.2064327002266],[10.5437758913966,45.2048051858196],[10.5421965514444,45.2032181428555],[10.5405266711593,45.2018307337456],[10.5411075175433,45.2009399827937],[10.5421116432147,45.199804099615],[10.5424898081855,45.1994521876538],[10.5437326586244,45.1987984131558],[10.5395632041732,45.1943776818179],[10.5357735292198,45.1900748241317],[10.5328908325109,45.1872512276307]],[[10.5452440393172,45.2081344000893],[10.5471499632958,45.2068750876697],[10.5461328265034,45.2058933213221],[10.5481576330558,45.2048499273977],[10.5492707860013,45.2044203236197]]]}},{"type":"Feature","properties":{"CODICE_CAN":"2087","NOME_COMPL":"Colatore CORGOLA","COMUNI":"Asola, Acquanegra s/Chiese"},"geometry":{"type":"MultiLineString","coordinates":[[[10.4426635099709,45.189181738795],[10.4427358804032,45.1882618017998],[10.4416148599457,45.1882164232978],[10.441588559586,45.185507602966],[10.4415878109759,45.1841441047918],[10.4415821008811,45.1837512008501],[10.4415839087047,45.1823221739848],[10.4415295045986,45.1816679005486],[10.4413174431275,45.1812716475875],[10.4412634931995,45.1808019480096],[10.4414922394337,45.1801917332954],[10.4415624281627,45.1794703897714],[10.4420107353308,45.1785537362884],[10.4422947729791,45.1783000721023],[10.4432021906602,45.1782290600481],[10.4430499446358,45.1778677798466],[10.4423784756423,45.1776142820405],[10.4426686653739,45.1771045085597],[10.4425493369068,45.1767130405381],[10.4437096519977,45.1766566912348],[10.4439833004595,45.1763257488344],[10.4439111479161,45.1758026925138],[10.4440388745673,45.1755271846411],[10.4447332829481,45.175024198756],[10.4448034507414,45.1748030060364],[10.4454242030274,45.1742175897184],[10.4467703275545,45.173855192206],[10.4471846056503,45.1735939098993],[10.4472758127189,45.1718779454175],[10.4471049200687,45.1714454558398],[10.4466111003803,45.1708920207527],[10.4470482049177,45.1707018994778],[10.4468205245034,45.1703534880965],[10.44606857385,45.1699104984589],[10.4461444328067,45.1695820560552],[10.4470999341289,45.1694210911326],[10.4480796508675,45.1695515669958],[10.4485570211379,45.1694561966453],[10.4489356391565,45.1691179556856],[10.4490984336838,45.1684013847738],[10.4483122309705,45.1679350278228],[10.447744091051,45.1677695633422],[10.4465351589408,45.1682255022347],[10.4449861550603,45.1683820689328],[10.4446606695672,45.1678264939062],[10.4447225663193,45.1676113593233],[10.4440940077134,45.1667202365187],[10.4434856246639,45.1666267123515],[10.4428036053315,45.1657838949835],[10.4422566850156,45.1654573758581],[10.4418762489098,45.1650573011404],[10.4410166250858,45.1646603370182]],[[10.4497858050221,45.1941182086341],[10.4492211875354,45.1940299450942],[10.4484935091104,45.1937210720848],[10.4480119915486,45.1933613563468],[10.4478276548238,45.1931887343704],[10.4480957874022,45.1922310059373],[10.4472392639021,45.1921623408677],[10.4471409924891,45.1891733612229],[10.4476802924694,45.1838302376471],[10.4470993051672,45.1837982125871],[10.4455014470142,45.1841160861992],[10.4452851658049,45.1843224655281],[10.4449221758685,45.1844210482928],[10.4441524785254,45.1842036522092],[10.4423691351698,45.184194870496],[10.441814164469,45.1841470556725],[10.4415695975782,45.1841109827179]],[[10.4471136794826,45.1891571461466],[10.4426775403761,45.189179721996],[10.4424912819797,45.1892064955353],[10.442200315919,45.1892310083968],[10.4419596142287,45.1892749952223],[10.4403787664457,45.1897992770136],[10.4388546664653,45.1899608458671],[10.4386456075758,45.1887239281063],[10.4385433647377,45.1887080019686],[10.4385870310746,45.1873031482483],[10.4367037637989,45.1875106882104],[10.4366372267608,45.1876533455007],[10.4343368201526,45.1876323590685],[10.4341107272635,45.1873446096864],[10.430218445514,45.1871602639111],[10.4282375220961,45.1874176785686],[10.4282166636742,45.1876796289623],[10.4256873651289,45.1884817761751]]]}},{"type":"Feature","properties":{"CODICE_CAN":"8234","NOME_COMPL":"Canaletta DEI MARMI","COMUNI":"Rodigo, Castellucchio"},"geometry":{"type":"LineString","coordinates":[[10.6171821137529,45.1919383563453],[10.6173246988888,45.1916892471794],[10.6168711973059,45.1909815927261],[10.6158114421776,45.189971881802],[10.6159440989546,45.1896989696543],[10.614754435373,45.1873259259626],[10.6143322911424,45.1858960016896],[10.608280285593,45.1797820091923],[10.6072420738024,45.1785967188825]]}},{"type":"Feature","properties":{"CODICE_CAN":"8236","NOME_COMPL":"Cavo CAURINA","COMUNI":"Goito"},"geometry":{"type":"LineString","coordinates":[[10.6731470298597,45.2516599078887],[10.6730803462994,45.2514762690532],[10.6736675062158,45.2501148771433],[10.6737419428238,45.2475987448518],[10.6733620029306,45.2449940046398],[10.6732029588554,45.2446295582872],[10.6719019106891,45.2434911248547],[10.6668661711252,45.2412211860415],[10.6645726154008,45.2397970625956],[10.6643156118635,45.2395388251431],[10.664674859727,45.2386809497908],[10.6646079489331,45.2384675748282],[10.6638389767464,45.2375308773794],[10.6638489608353,45.2351014259353],[10.6652965749147,45.2336536998718],[10.6650341191027,45.2331502309169],[10.6649096307629,45.2325232842878],[10.665367945329,45.231769945716],[10.6653632758681,45.230677420657],[10.6648872590823,45.2293815863132],[10.6648473761958,45.2289391762445],[10.6653474425601,45.2274814433429],[10.6652021415482,45.226776204703],[10.666717481675,45.2266159578817],[10.6668131614156,45.2265454925774],[10.6667475753828,45.2249935968559],[10.6678732561176,45.2249655207208]]}},{"type":"Feature","properties":{"CODICE_CAN":"8237","NOME_COMPL":"Canaletta OLZA","COMUNI":"Piubega"},"geometry":{"type":"MultiLineString","coordinates":[[[10.5159426486081,45.2326202970611],[10.5160096621991,45.2326816213994],[10.5177825692008,45.2317021823744],[10.5187495127065,45.2313906579469],[10.517736672581,45.2304512080857],[10.5187961556244,45.2299451622098],[10.5180247855196,45.2290822802401],[10.5223562603975,45.22702501807],[10.5220023602453,45.2266137906238],[10.524987625251,45.2251048827894],[10.5242284703505,45.2247038635485],[10.524674726375,45.2245261342152],[10.5244569529012,45.2242951985038],[10.5299909770336,45.2217291560392]],[[10.5187862586439,45.2392403486583],[10.5160359937788,45.2365141032103],[10.5161754753982,45.2364038477626],[10.5160443553252,45.2360696508063],[10.5142561099991,45.2343772025945],[10.5150351120865,45.2339485866356],[10.5145877234143,45.2335397678584],[10.5146778627216,45.2333242923905],[10.5149325682873,45.2330727091889],[10.5159426486081,45.2326202970611],[10.5132448965207,45.2294018923546],[10.5133706731581,45.2289699617566],[10.5139523658129,45.2281728108045],[10.512758292968,45.227360136972],[10.5128863650833,45.2271429584424],[10.5115928114286,45.2259430620337],[10.511820497064,45.2258219889379],[10.5113860570792,45.2253415805519],[10.5116887295952,45.2251899100595],[10.5111825237623,45.224655970084],[10.5108483715186,45.2245734607056],[10.5112788873886,45.2243498402228],[10.5068745974885,45.2196411206108],[10.5039609774664,45.2207386332028],[10.5035903533204,45.220276856529],[10.5033431282342,45.2202461590958],[10.5016414403115,45.218266943595],[10.4996065680963,45.2192101119525],[10.4989431902009,45.2185268080886]]]}},{"type":"Feature","properties":{"CODICE_CAN":"9039","NOME_COMPL":"Canale GRONDA GUIDIZZOLO","COMUNI":"Guidizzolo"},"geometry":{"type":"LineString","coordinates":[[10.5723890502552,45.332164016452],[10.5852995333178,45.3295544772558],[10.5892019536346,45.3284998520277],[10.5914310427495,45.3276871476438],[10.5913678606498,45.3276091450812]]}},{"type":"Feature","properties":{"CODICE_CAN":"0082","NOME_COMPL":"Vaso GAMBINO o GAMBINO DI CASALPOGLIO","COMUNI":"Carpenedolo, Castel Goffredo, Casaloldo, Asola"},"geometry":{"type":"LineString","coordinates":[[10.4324454892332,45.3243093858113],[10.4327772765682,45.3222046313769],[10.4324301254038,45.3209690589892],[10.4323401194459,45.3200770787982],[10.4330222176615,45.3176749880567],[10.432884291308,45.3168907822471],[10.4330942101115,45.3145065216708],[10.4325351299133,45.3130833697737],[10.4323831211267,45.3117396574722],[10.4324362042647,45.3111674006728],[10.4319790305315,45.3097679747919],[10.4319351797111,45.3084827375575],[10.431673341632,45.307681928678],[10.4310101904786,45.3065812898346],[10.4313756877728,45.306584156852],[10.431339215127,45.3060770239345],[10.4318648091556,45.3054381112634],[10.431758194888,45.3052251014504],[10.4318232889196,45.3049956488468],[10.4331379924487,45.3048651396312],[10.4334516051343,45.3045873155851],[10.4337206681825,45.3038813567242],[10.4337245370826,45.3026997163379],[10.4329114965853,45.3017677451706],[10.4328334418351,45.3002625031044],[10.4325830376526,45.299240733796],[10.4328921738647,45.2959073099285],[10.4330654030271,45.2951406994762],[10.4335906706092,45.294177144085],[10.4358668369613,45.2913103254879],[10.4377256075691,45.2867263877742],[10.440529633863,45.2871715315417],[10.4407408876803,45.2858664755604],[10.4425256712246,45.2849638225903],[10.4422192183417,45.284586632017],[10.44228351682,45.2841952312921],[10.443647905536,45.2831872266],[10.443767099307,45.2825664936391],[10.444910291648,45.281618429583],[10.4455939748066,45.2802886348736],[10.4492978781752,45.2786757973442],[10.4494605259986,45.2776448638814],[10.449437431121,45.2764733887897],[10.4497606693084,45.2753908779899],[10.450903029382,45.2745020995018],[10.4513638438277,45.2743320297416],[10.4513636186922,45.2742044370095],[10.4517427254483,45.274015275516],[10.45180916659,45.2738429515733],[10.4514870815484,45.2722572903957],[10.4516096555807,45.2716651405517],[10.4521129941284,45.2710042703685],[10.4538363541093,45.269561061216],[10.4546841045684,45.2685310168249],[10.4551588590446,45.2682814820479],[10.4553823126108,45.2677690093286],[10.4558566234829,45.2675024895893],[10.4557058811907,45.2664681690438],[10.4558952836332,45.2660200184954],[10.4563746135274,45.2623044659787],[10.4550825251564,45.2529030268755],[10.4534584369614,45.2483200614862],[10.4533930229013,45.2470128483107],[10.4534773405294,45.2465474486742],[10.4537469689238,45.2461193282609],[10.4534998904994,45.2450749027332],[10.4535975608506,45.2448188460066],[10.4549665162752,45.2438104772949],[10.4562273857542,45.2412406089484],[10.4571833484108,45.2385047384157],[10.4575950559774,45.2364269972094],[10.4588786910225,45.2328525187453],[10.4589144120339,45.2299354199099],[10.4598711925999,45.2297862452623],[10.4600987205323,45.2251322203156],[10.4609545103893,45.2250388125746],[10.461037354532,45.2236682884402],[10.4601189828301,45.2236681270897],[10.4606194906154,45.2207452278104]]}},{"type":"Feature","properties":{"CODICE_CAN":"2060","NOME_COMPL":"Fosso PIOPPE-S.ANNA","COMUNI":"Medole, Castel Goffredo"},"geometry":{"type":"LineString","coordinates":[[10.5305838884247,45.3118554877062],[10.5298548755602,45.3106579021757],[10.529375193918,45.3108308214642],[10.5286301591642,45.3096797253463],[10.526878844063,45.3078191534456],[10.5237780426159,45.3088858216208],[10.5221678913617,45.3064931428051],[10.5221090994731,45.306384391187],[10.5246340505303,45.3058818965649],[10.5251515501711,45.3055007397657],[10.5227501529996,45.3020317732456],[10.5249527609519,45.3014879614374],[10.5233886505823,45.2994125145521],[10.5233817598391,45.2991553900341],[10.5235501645168,45.2990173910072],[10.5224478100041,45.2983033065232],[10.5216398119667,45.296860797528],[10.5201674858383,45.2948012297138],[10.5261226431651,45.2926462381527],[10.5300429752223,45.2910619327477],[10.5299351891159,45.2904417688232],[10.5296139587906,45.2897887380753],[10.528248688516,45.2875735090856]]}},{"type":"Feature","properties":{"CODICE_CAN":"8031","NOME_COMPL":"Scaricatore VOLTA GOITO","COMUNI":"Volta Mantovana, Goito"},"geometry":{"type":"MultiLineString","coordinates":[[[10.6589237397454,45.3131724063248],[10.6590707566547,45.3125577825589],[10.6590564479024,45.3115331840306],[10.6584438075588,45.3087358092488],[10.6566135768713,45.3070213244301],[10.6560062188125,45.3059171765325],[10.6553211124637,45.30384077011],[10.6550869258737,45.3008096884653],[10.6550551157278,45.2986005213223],[10.6546485799856,45.2967870599822],[10.6546997428227,45.2963099560594],[10.6555671932331,45.2938466941171],[10.6559831019013,45.2910972741064],[10.6573800796942,45.2861641501326],[10.6577882684646,45.2818996545422],[10.657847688528,45.2814281675344],[10.6579382742926,45.280910313919],[10.6580427191202,45.2804496517016],[10.6588586656434,45.2790201842726],[10.6601176889656,45.2756443780962],[10.6606664513087,45.2724453346268],[10.6613019722686,45.2704101061526],[10.6635052361839,45.2614656628167],[10.6634559422356,45.2604880734521]],[[10.666085391733,45.2845911214837],[10.6664259310977,45.2823950299964],[10.6620690124212,45.2816487701373],[10.6578689393403,45.2813066833389]]]}},{"type":"Feature","properties":{"CODICE_CAN":"2066a","NOME_COMPL":"Fosso PEDRERA","COMUNI":"Volta Mantovana, Cavriana"},"geometry":{"type":"LineString","coordinates":[[10.6180307194856,45.3179313095617],[10.6179799027296,45.3174827203404],[10.6169311076754,45.3155741757629],[10.6172666695518,45.3155039284596],[10.6166972472894,45.3145019882688],[10.6169053877148,45.3144060479474],[10.6160924611036,45.313627141221],[10.6164036104535,45.313446051849],[10.6152230814418,45.3117889316604],[10.6149076145421,45.3106589070921],[10.6109410924184,45.306483881627],[10.6104603027568,45.3057932346401],[10.6103649373761,45.3047530808547],[10.6098959728022,45.3039209188182],[10.6096197002312,45.302727090235],[10.609044148228,45.3015731899694],[10.6090401060416,45.3014304132119],[10.6095049217677,45.3008703747508],[10.6094737491133,45.3000673714154],[10.6100110431632,45.2992384942646],[10.6097996572504,45.2980273838043],[10.6106597560169,45.2966880773032],[10.6110862436175,45.2949263829767],[10.6109151967376,45.2947661860431],[10.6104582382958,45.294780985173],[10.6102812019827,45.2938205670427],[10.6101761383162,45.293754892083],[10.6062127955862,45.2936662393479],[10.6057522585538,45.2934470518502]]}},{"type":"Feature","properties":{"CODICE_CAN":"8018","NOME_COMPL":"Fosso FENILAZZO","COMUNI":"Guidizzolo"},"geometry":{"type":"LineString","coordinates":[[10.56934397411,45.3068963699629],[10.5732816941965,45.3043782394117],[10.5743172565637,45.303838290441],[10.5744052548684,45.3035674964248],[10.5754823825041,45.3024608426928],[10.5764013693153,45.3018085878776],[10.5756832400878,45.301274019302],[10.5759483754127,45.3009834273002],[10.5760978977238,45.2990736757234],[10.5758888993008,45.2982906190198],[10.5751754301966,45.2973859104743],[10.5747132243297,45.2956209758165],[10.5754600148539,45.2948051827134],[10.5770126313122,45.2925301824391],[10.5777680147671,45.2927913387747],[10.5780533206768,45.2919692153402],[10.5799620070371,45.2904307278407],[10.5809460822375,45.2899406905119],[10.5811074121385,45.2899384558531],[10.5816935096306,45.2904378127081]]}},{"type":"Feature","properties":{"CODICE_CAN":"2065","NOME_COMPL":"Fossa DEL VASTO","COMUNI":"Guidizzolo, Ceresara, Goito"},"geometry":{"type":"MultiLineString","coordinates":[[[10.5907244541836,45.2830194459355],[10.5920195684917,45.2826847269759],[10.5926590553947,45.2823304663842],[10.5947994885864,45.2819671461827],[10.5984318042031,45.2805230699325],[10.5996022501302,45.2797088222768],[10.6001936489737,45.2782477311463],[10.6031101156463,45.276551561675],[10.6039005498344,45.2746768221227],[10.6056851216823,45.2738181535913],[10.6054937651265,45.2674856776592],[10.6056034100749,45.2667398721733],[10.6061031502207,45.2654765233936],[10.60566106553,45.2650480935962],[10.6138528773135,45.2607888013005]],[[10.6099135862514,45.2627542326614],[10.6068518889887,45.2597297309073],[10.6091118340774,45.2587928737046],[10.60862209488,45.2582678777758]]]}},{"type":"Feature","properties":{"CODICE_CAN":"2065a","NOME_COMPL":"Scolo RIDO","COMUNI":"Goito"},"geometry":{"type":"MultiLineString","coordinates":[[[10.6094039223107,45.2743750110746],[10.6099991069193,45.2741786864331],[10.6106829817786,45.2743464753168],[10.6118518592528,45.2738131616301],[10.6112384776159,45.2732359307443],[10.6126691738633,45.272539342737],[10.6125927707284,45.2723427441479],[10.613032906219,45.27180541764],[10.6116841549075,45.2696817141207],[10.610737247944,45.270040416036],[10.6098507561018,45.2688085007947],[10.610924588034,45.2683170242878],[10.6092944167939,45.2663983627531],[10.6119629194423,45.2648745660449],[10.6099792829746,45.2628642293074]],[[10.6099793058648,45.2628642516355],[10.6155802243179,45.2600601329812],[10.6193123149699,45.2584873258077],[10.6172449346085,45.2561852899891],[10.6149158280217,45.2570698161705],[10.6138590128717,45.2566495294597],[10.6133954176207,45.2566294164959]]]}},{"type":"Feature","properties":{"CODICE_CAN":"8028","NOME_COMPL":"Seriola RESENASCO","COMUNI":"Goito"},"geometry":{"type":"LineString","coordinates":[[10.6430071768173,45.2553851909248],[10.643416603717,45.2548505720609],[10.6434944097885,45.2543921760643],[10.6433949533284,45.2541006655341],[10.6426419859417,45.2535970704917],[10.642236329327,45.2528598345105],[10.6437163895227,45.2517453549292],[10.6424822297081,45.2494624514974],[10.6409466995679,45.2475982729661],[10.6402063334896,45.2470015940272],[10.6400174759146,45.24649322278],[10.6383959245139,45.2468918171809]]}},{"type":"Feature","properties":{"CODICE_CAN":"2058b","NOME_COMPL":"Fosso RABBIOSA","COMUNI":"Casaloldo, Asola"},"geometry":{"type":"LineString","coordinates":[[10.4605917051631,45.2501673647743],[10.4626460380593,45.2496043176464],[10.4621607693801,45.2484316123628],[10.4623999529036,45.2478986341794],[10.4626044694163,45.2479853282304],[10.4629369247418,45.2478024479925],[10.4622820623785,45.2457685661528],[10.4616372813809,45.2456041479461],[10.4618030344941,45.2446731831166],[10.4616238356821,45.2442586867377],[10.461835098381,45.2431306539139],[10.4625747552965,45.242067305567],[10.463683165814,45.2410885414578],[10.4648370821365,45.2410618436703],[10.4661709130891,45.2400027605936],[10.4664801794353,45.2395760477032],[10.4664458688958,45.2392251949261],[10.4661364534848,45.2389910000998],[10.4664698402921,45.2386830610303],[10.4665043046996,45.238384911302],[10.4661484871483,45.2373296427129],[10.4668560572225,45.2364988893359],[10.4684972850212,45.2341169452414],[10.4691921048379,45.2313364035642],[10.4695180658616,45.2307427514366],[10.4699309673333,45.2307433933045],[10.4700340241715,45.2304919936856],[10.4703321989126,45.2302916699349],[10.4702891654244,45.229113302939],[10.4707095108032,45.2284231662833],[10.4724436378057,45.2265669519254],[10.4721716489987,45.2264751905679],[10.471885372179,45.2250141596202],[10.4716644487309,45.2244668200173]]}},{"type":"Feature","properties":{"CODICE_CAN":"2368","NOME_COMPL":"Fosso OSETTO","COMUNI":"Ceresara"},"geometry":{"type":"LineString","coordinates":[[10.5729125819586,45.2588654523648],[10.5718390658336,45.2582480278034],[10.5707342812989,45.2573165164364],[10.5701440622378,45.254561915053],[10.564367906223,45.2482530404204],[10.5658077771675,45.2475419679973],[10.5659284320218,45.2473319201109],[10.5663807898473,45.2472304521283],[10.5663732595254,45.2469566649598],[10.566511417904,45.2467701926544],[10.5662841716636,45.2464756013978],[10.5666408523203,45.2461134623915],[10.5668918105482,45.2460445253758],[10.5666939242002,45.2458596841243],[10.5667542483929,45.2457546597445],[10.5665860418355,45.2453848331158],[10.5671279492611,45.2451690054711],[10.5671493079155,45.2447965787111],[10.5679392483808,45.2444061636306],[10.5673105711124,45.2422340870044],[10.5675480734579,45.2420596466907],[10.5666660671641,45.2412083958549],[10.5674231423686,45.2407737782432],[10.5601420214783,45.233019120447]]}},{"type":"Feature","properties":{"CODICE_CAN":"2088a","NOME_COMPL":"Seriola SABBIONCELLI","COMUNI":"Rodigo"},"geometry":{"type":"LineString","coordinates":[[10.6236779032139,45.2009663411275],[10.6223323599168,45.1994071291181],[10.6213314462131,45.1985451250829],[10.6205667001815,45.1973897026721],[10.6202909915628,45.1972225618894],[10.6187738086028,45.1947398441867],[10.6177855444868,45.1935444958558],[10.6173823232562,45.1930784187471],[10.6170225103007,45.1931861489417],[10.6165078975512,45.1925263231673],[10.6171802553987,45.1919612886991],[10.6170870543625,45.1915485267077],[10.615878441037,45.1903158542909],[10.6154583613887,45.1900608832096],[10.6154567374409,45.1898372478163],[10.6139430833469,45.1869560876902],[10.6159900964489,45.176805132548],[10.615678404802,45.1764587891122]]}},{"type":"Feature","properties":{"CODICE_CAN":"2073b","NOME_COMPL":"Scolo MALONGOLA","COMUNI":"Casalromano"},"geometry":{"type":"LineString","coordinates":[[10.3304553108125,45.1955520802541],[10.3323900134608,45.1958567530965],[10.3325650954539,45.1955491632603],[10.3329136108814,45.1955526597677],[10.3336047826947,45.1956891830652],[10.335009891312,45.1962688975242],[10.3402378305592,45.1972940096408],[10.3438357214721,45.1975268059795],[10.3437934678442,45.1977951799591],[10.3497729719597,45.1982509532229],[10.3505337662705,45.1982406742207],[10.3505617897026,45.1979700302264],[10.3514149561982,45.1978817870094],[10.3514533446856,45.1977429731714],[10.3560399350703,45.1977628853455],[10.356247803856,45.197829737301],[10.3562860803138,45.1980558950518],[10.3579072949295,45.1980247708089],[10.359300574691,45.1984302316824],[10.3621427720548,45.1984950770168],[10.3636075579366,45.198770545134]]}},{"type":"Feature","properties":{"CODICE_CAN":"2370","NOME_COMPL":"Fosso MARIA","COMUNI":"Mariana Mantovana"},"geometry":{"type":"LineString","coordinates":[[10.4961592189982,45.2063778746415],[10.499680715475,45.2052843502185],[10.4998651937318,45.2052024055968],[10.4998928437538,45.2050259966594],[10.5033597289731,45.2033934787739],[10.5000329882812,45.1989372656859],[10.5020437834489,45.1980862416774],[10.5017403551696,45.1971979401086],[10.5003993686891,45.1960162374234],[10.5039309146489,45.1944151900801],[10.5007910656324,45.1911759312122],[10.4953434924692,45.1852056026542]]}},{"type":"Feature","properties":{"CODICE_CAN":"2083","NOME_COMPL":"Vaso FOSSADOLDO","COMUNI":"Gazoldo d/Ippoliti, Castellucchio"},"geometry":{"type":"LineString","coordinates":[[10.5492658320839,45.2044213534252],[10.5500468503903,45.2040519689865],[10.5508016843345,45.2034063100187],[10.551467567405,45.2031162309403],[10.5520555709539,45.2018763189861],[10.5525078703355,45.2013587148758],[10.5529095118164,45.2015104450443],[10.5530424196565,45.2013115278948],[10.5536427114137,45.2012194385525],[10.5539054958673,45.2009729339682],[10.5547823154253,45.200637096193],[10.5561043236682,45.2009382392709],[10.5573404953596,45.2005815169173],[10.5583552908148,45.200003897946],[10.5590453237504,45.2002026906218],[10.5593402080799,45.2000224219557],[10.559551460345,45.2001100409908],[10.5598091349581,45.199677822332],[10.561589918001,45.1986484266169],[10.5618709475574,45.1985778978944],[10.5621584963382,45.1987454462415],[10.5630757949279,45.1985376016156],[10.5634454951931,45.1982610311333],[10.5636896377763,45.1983196129025],[10.5638077491238,45.1985026530279],[10.564231507739,45.1982622706192],[10.5645069011521,45.1985180101304],[10.5654128926278,45.198319944184],[10.5683717758222,45.1970884048814],[10.5689953031449,45.1969708622108],[10.5694518664068,45.1970449902451],[10.5699845936977,45.1968185560916],[10.5704758115386,45.1967975135506],[10.5709895968586,45.1964951219854],[10.571157478365,45.1962308284949],[10.5716441856784,45.1962908198919],[10.5722367179454,45.1960349718195],[10.5729081398113,45.1961972094987],[10.573495290724,45.1961129101642],[10.5738131520394,45.1959132335755],[10.5740865963585,45.1960571298233],[10.5745687052784,45.1959504555594],[10.5748789201219,45.1961322861246],[10.5767647412567,45.1953485754475],[10.587288924318,45.1903227699112],[10.6015702440479,45.1839176892769],[10.6020519449839,45.183684015291],[10.6036607910592,45.1811160387788],[10.6035518228348,45.1807130697721],[10.6025685932848,45.1796771508611],[10.6026797790667,45.1792651704009],[10.6022950564748,45.1786786197145],[10.6045542559514,45.1778655131087],[10.6048925836891,45.1774668463251]]}},{"type":"Feature","properties":{"CODICE_CAN":"2088","NOME_COMPL":"Seriola CASTELLUCCHIO","COMUNI":"Castellucchio"},"geometry":{"type":"LineString","coordinates":[[10.606967982451,45.1807039120938],[10.6076804484525,45.1804747570878],[10.6113711091513,45.1782830484099],[10.6155764888935,45.1766016887514],[10.6156950330654,45.1765071259001],[10.6156510044861,45.1763791385269],[10.6151620661528,45.1758787598888],[10.6152204284415,45.1757993389595],[10.6171049952367,45.1749295445427],[10.6159534480675,45.173681179125],[10.6194963973018,45.1719876148148],[10.6391272169196,45.1586034807735],[10.6433512312701,45.1555418485307],[10.6491515375553,45.1537576918927],[10.65073300868,45.1534490339701],[10.6521360493074,45.1541289497498],[10.6552727521071,45.1539545242577],[10.6562483938783,45.1542867578263],[10.6573233709506,45.1538537008551],[10.6584584731526,45.1538229269676],[10.6591600382328,45.1536412521117],[10.6655052518262,45.1534273917393],[10.6736073707186,45.1525229492986],[10.6763822053675,45.1519663295798]]}},{"type":"Feature","properties":{"CODICE_CAN":"2089a","NOME_COMPL":"Fosso BONINSEGNA","COMUNI":"Castellucchio"},"geometry":{"type":"LineString","coordinates":[[10.6287571278857,45.1729459499134],[10.6325407463247,45.1714862559793],[10.635567062624,45.1704765557951],[10.6373233391457,45.1695728499074],[10.6404348497006,45.1685090856706],[10.6400113183528,45.1680319787025],[10.6422161056912,45.1671832517665],[10.6429549030194,45.1680423664626],[10.645213482342,45.1671225242661],[10.6426076139323,45.1630924715588]]}},{"type":"Feature","properties":{"CODICE_CAN":"2371","NOME_COMPL":"Fosso MALPASCIUTO","COMUNI":"Redondesco"},"geometry":{"type":"LineString","coordinates":[[10.5435761181574,45.1774961060295],[10.5159071672038,45.1611234388523]]}},{"type":"Feature","properties":{"CODICE_CAN":"2082","NOME_COMPL":"Fosso BRESCIANO","COMUNI":"Redondesco, Marcaria"},"geometry":{"type":"LineString","coordinates":[[10.5514223821165,45.1697359917315],[10.5484717798717,45.1671569741891],[10.5476508169591,45.166322161142],[10.546290137278,45.1645491050539],[10.5453949360845,45.1645966758713],[10.5419118628397,45.1652019842173],[10.5392787936288,45.1637325428493],[10.535452390347,45.1592404296869],[10.5330127851471,45.1567230497917],[10.53193194561,45.1545471891698]]}},{"type":"Feature","properties":{"CODICE_CAN":"8026","NOME_COMPL":"Fosso PRADAZZO","COMUNI":"Marcaria"},"geometry":{"type":"LineString","coordinates":[[10.5607792603437,45.1605489678026],[10.5663922435535,45.1586052959905],[10.5638225671547,45.1557527005468],[10.5651978486885,45.1548114898357],[10.5652542541761,45.1546469307719],[10.5663260824803,45.1541926024344],[10.5681848043555,45.1537791840747],[10.5683056399094,45.1537430443423],[10.5682660302426,45.1536315235552],[10.5690519310429,45.1534138433345],[10.5736120589715,45.1524459765203],[10.5725072876332,45.1508147093211],[10.5713235740183,45.1496327752205],[10.5750051445713,45.1472976816085],[10.5742149004416,45.1462482746355],[10.5753808220142,45.1456804983393],[10.5763490483863,45.1450119946183],[10.5774802945031,45.1445136348718],[10.5770421489945,45.1438645418474],[10.5800521185824,45.1426339109723]]}},{"type":"Feature","properties":{"CODICE_CAN":"2086","NOME_COMPL":"Scolo GAMBINO-PAGADELLI","COMUNI":"Redondesco, Acquanegra s/Chiese"},"geometry":{"type":"LineString","coordinates":[[10.5136821396015,45.1598612273323],[10.5147461665528,45.15821681953],[10.5133893393695,45.1575083970724],[10.5141036043499,45.1569928277307],[10.5141498700794,45.1565158825202],[10.514536301533,45.1558558016049],[10.5141319383237,45.1555217753397],[10.5139455053894,45.155155088825],[10.5139315727957,45.1549468780371],[10.5147021548292,45.1538589593698],[10.5142553232229,45.1531920631497],[10.5158185349497,45.152802171199],[10.5154021191274,45.1521612679919],[10.5146472010891,45.1520786885416],[10.5140984572431,45.1512359829674],[10.5139489731116,45.1505713795219],[10.5135955945612,45.1502246219161],[10.5130059170487,45.1503696162615],[10.5125904091844,45.1502917584951],[10.5120760139032,45.1504499962794],[10.5116582064432,45.1502851064589],[10.5116196795229,45.1501010375225],[10.5117736686205,45.1498786947949],[10.5112736920016,45.1494268404314],[10.5112501017795,45.1491711235355],[10.5104250169735,45.1491522658331],[10.5099247492245,45.1493255965245],[10.5095918776983,45.1493061802101],[10.5094653150847,45.1489744195225],[10.5090382312722,45.1490515120256],[10.5080403867398,45.1482251538955],[10.5079401698245,45.1479347222963],[10.5081010071247,45.1476527531306],[10.5080470855094,45.1475224733874],[10.5070356371284,45.1477739890126],[10.5057512341702,45.1477254319668],[10.5057206684348,45.1475233938959],[10.5065023892276,45.1465366029787],[10.5070557773,45.1464638076011],[10.5071413906352,45.1462006946273],[10.5073177029043,45.1461864598396],[10.5073414879391,45.1459717954052],[10.5072209129161,45.1458662118276],[10.5073179171133,45.1457160772978],[10.5069346628897,45.1452209848246],[10.5069858478458,45.1449285549245],[10.5072063042068,45.1448017996365],[10.5072828489861,45.1443863793408],[10.5077813944519,45.1438939388991],[10.5078212077359,45.1436171398635],[10.5082688841946,45.1434254599036],[10.5083387667655,45.1429529668382],[10.5080464377974,45.1428425063238],[10.5072659641398,45.1428528079373],[10.5068658096912,45.1424817845516],[10.5058296699325,45.1424954491503],[10.5054046214233,45.1422009619178],[10.5052736944381,45.1423408237754],[10.5050229976092,45.142277441029],[10.5045013537249,45.1425320066023],[10.5041949515383,45.1423979049154],[10.503995485751,45.1424910347141],[10.5040392385481,45.1426190685696],[10.5034441851561,45.1427698028016],[10.5025348732337,45.1427436614417],[10.5019825183273,45.14259849891],[10.5019116085732,45.1424612949651],[10.5016170688472,45.1425223278753],[10.5016335271848,45.1426364313769],[10.5010283874688,45.142915894914],[10.5003085173996,45.1435684029961],[10.4991442977303,45.1427752705298],[10.4988070955944,45.142804566501],[10.4981401312598,45.143127476684],[10.4979588973775,45.1433701354188],[10.4974956306287,45.1434007155376]]}},{"type":"Feature","properties":{"CODICE_CAN":"2085c","NOME_COMPL":"Scolo S.SALVATORE","COMUNI":"Redondesco, Acquanegra s/Chiese"},"geometry":{"type":"LineString","coordinates":[[10.5165893827503,45.1527068918439],[10.5163702976828,45.1525026184546],[10.5168579619115,45.1509002776739],[10.5163278727244,45.1498602044964],[10.517228398139,45.149652262541],[10.517876088913,45.148714135899],[10.517309417186,45.1485312805101],[10.5173853970523,45.1484126806813],[10.5136414575051,45.1476224262299],[10.5140499596927,45.1470626582832],[10.5136499206891,45.1465975994711],[10.5138120238989,45.1464442641055],[10.5146728597212,45.1463824565861],[10.5145992929403,45.1453979138052],[10.5148941193909,45.1448788474817],[10.5156728241469,45.1450029055029],[10.5159872784779,45.1449259386752],[10.5155766051858,45.1442090490809],[10.5152429059227,45.1432615550426],[10.5153311413563,45.1430084054898],[10.5157703950104,45.1425658140204],[10.5152703732873,45.1422084781099],[10.5150768362201,45.1418758418498],[10.5154565153109,45.1413906800237],[10.5153977100443,45.1406925606345],[10.5159420585927,45.1406886264639],[10.5165014716987,45.1403173751631],[10.516213948143,45.1392841444008],[10.5172054215424,45.1388458560292],[10.5175073588443,45.138446860843],[10.5168669926532,45.1377732927588],[10.5168749443171,45.1376368399917]]}},{"type":"Feature","properties":{"CODICE_CAN":"2085d","NOME_COMPL":"Scolo ZARZIGOLA","COMUNI":"Marcaria"},"geometry":{"type":"LineString","coordinates":[[10.5364002883881,45.1513972405131],[10.5355544038438,45.1501636597735],[10.5358636994976,45.1500880506752],[10.5347735474858,45.1483462238286],[10.5346119807545,45.148282898093],[10.5337367515199,45.146865652366],[10.5334702664401,45.1461845005257],[10.5329026594409,45.1454121222643],[10.5314600736605,45.145895898678],[10.5283746157345,45.1400550589244],[10.5280454712138,45.1363474027836],[10.5284180617457,45.1360261017838],[10.5301836598558,45.1356954487491],[10.5301837580745,45.1354535585356],[10.5306528476283,45.1353364824959]]}},{"type":"Feature","properties":{"CODICE_CAN":"2085b","NOME_COMPL":"Fosso MOLINELLO","COMUNI":"Marcaria"},"geometry":{"type":"LineString","coordinates":[[10.5170580732093,45.1378291200048],[10.5171045914964,45.1377192637921],[10.5165935737886,45.1365470283865],[10.5158488751394,45.1356869208165],[10.5156875675219,45.1353139486667],[10.5180272062334,45.1345624212117],[10.5185454977616,45.1342816394372],[10.5182553572975,45.1338091615357],[10.5209621240431,45.1327907088864],[10.522004016661,45.1327470587737],[10.5231073915763,45.1323274662603],[10.5240052159337,45.1322440397416],[10.5251053088391,45.1315446241433],[10.5256247328295,45.1314662366349],[10.525948546435,45.1316226741869],[10.5282881668513,45.1313532245079],[10.528510265084,45.1311656729345],[10.5285870296906,45.1308907523689],[10.5282963479378,45.1304004448387],[10.528524440089,45.1298079277197],[10.529597041402,45.1288706687151],[10.530264788149,45.1289927165785],[10.5312994301185,45.1286811394661],[10.531886444438,45.1289292981895],[10.5328164356164,45.129577736381],[10.5335130933196,45.1298363231551],[10.534764426987,45.1294503556635],[10.5364738959129,45.1293678296033],[10.536742568548,45.1290367336112],[10.5382427375601,45.1291475320361],[10.5382762566102,45.128361126552],[10.5385997646711,45.1285056240129],[10.5393566492396,45.1285013798474],[10.541016020824,45.128121750377],[10.5420301135301,45.128298598325],[10.5431906900532,45.1276696405426],[10.5437452109068,45.1281146655201],[10.5441289579372,45.1289919516257]]}},{"type":"Feature","properties":{"CODICE_CAN":"3203c","NOME_COMPL":"Dispensatore III ramo C","COMUNI":"Volta Mantovana"},"geometry":{"type":"LineString","coordinates":[[10.6253911136988,45.3109502146679],[10.6274532213181,45.3103162752562]]}},{"type":"Feature","properties":{"CODICE_CAN":"2092","NOME_COMPL":"Scolo CORGOLINA","COMUNI":"Ceresara, Goito, Rodigo"},"geometry":{"type":"MultiLineString","coordinates":[[[10.5919516408688,45.2476605922228],[10.5947906313577,45.2467002010758],[10.5950541546423,45.2467798785781],[10.596646416227,45.2461502996877],[10.5966092592569,45.2455762417812],[10.5964958652667,45.2453712981769],[10.5961825509431,45.2450184281441],[10.5959950976699,45.2448257515691],[10.5959126149425,45.2447402008767]],[[10.5959126039282,45.2447402058077],[10.6068341868087,45.2395570545411],[10.6117764734417,45.2362661843578],[10.6153029802946,45.234705316172],[10.6171355383982,45.2345020351],[10.6184577598313,45.2337687576235],[10.6242613176823,45.2300695711137],[10.6238942778892,45.2293126633168],[10.6258977753507,45.2268846236518],[10.6273516715526,45.2264590227915],[10.6300993560551,45.2266401188098],[10.6345804172809,45.2257126863754],[10.6362045558732,45.2241770646754],[10.6370165036899,45.2239927527305],[10.6370676985921,45.2235752286333],[10.6421841630522,45.2235136421493],[10.6423947204981,45.2232188593154],[10.6431871230684,45.2230883719804],[10.6434267014072,45.223215914305],[10.6442834656189,45.2231261712725],[10.645836631795,45.2223535650021],[10.6483299461668,45.2219007975747],[10.6489098903955,45.2217078425944],[10.6491637163182,45.2214541024316],[10.6496799771064,45.2212442014326],[10.651157626952,45.2210680280138],[10.6529894316719,45.2198864122596],[10.654339994484,45.2197983789148]],[[10.5924043637207,45.2462187416189],[10.5959161824309,45.2447439010654]],[[10.5919516408689,45.2476605922229],[10.5855775163244,45.2505123889381],[10.5862224444442,45.2512183850264],[10.5824602439382,45.2525550980233],[10.5826474136295,45.2527382738519],[10.5806115999955,45.2546239542491]]]}},{"type":"Feature","properties":{"CODICE_CAN":"3210","NOME_COMPL":"Dispensatore X delle Risaie","COMUNI":"Goito"},"geometry":{"type":"MultiLineString","coordinates":[[[10.6126564070731,45.2696478915879],[10.6138951837337,45.2692077658087]],[[10.6126564070731,45.2696478915879],[10.6104181028905,45.2669514516678],[10.6097929552813,45.2663124642581],[10.6096536736661,45.2662079117281],[10.6095281269501,45.2662743566244],[10.6073504829167,45.2639654779262],[10.609930609981,45.2625951583646]],[[10.6126564070731,45.2696478915879],[10.6137455045609,45.2692650651571]],[[10.612304715622,45.2691237985803],[10.6142223024343,45.2683743286598],[10.6135277802499,45.2676696565178],[10.6145655744464,45.2671595983953]],[[10.6073504829167,45.2639654779262],[10.6054562833146,45.261959076107]]]}},{"type":"Feature","properties":{"CODICE_CAN":"3208","NOME_COMPL":"Dispensatore VIII del Pontalto","COMUNI":"Volta Mantovana, Goito"},"geometry":{"type":"MultiLineString","coordinates":[[[10.6388082709612,45.2826161003348],[10.6407096784328,45.2812542628297],[10.6399709312154,45.2802419530422],[10.6400834283065,45.2802035225613],[10.6398958014054,45.2796382192582],[10.6403143593243,45.279557263045]],[[10.6300391397324,45.2887673905862],[10.6305088300558,45.2889079431688],[10.638843219438,45.2826655615153],[10.636574083505,45.2799546596602],[10.6345868704559,45.2772609047578],[10.633834052861,45.277504400622],[10.630110384525,45.2709677849609],[10.6306862388346,45.2708543775617],[10.6284794848917,45.2681129314393],[10.6303371091737,45.2674408500046]],[[10.6364472081392,45.2843828816276],[10.6350869744554,45.2828061888689]],[[10.6345868704559,45.2772609047578],[10.6369227102183,45.2765963173372]],[[10.6317591386338,45.2737250626804],[10.6342148817913,45.2729312959332]]]}},{"type":"Feature","properties":{"CODICE_CAN":"3101","NOME_COMPL":"Derivatore \"G1-G2-H\" - Canale Moschini","COMUNI":"Volta Mantovana"},"geometry":{"type":"LineString","coordinates":[[10.6824767318885,45.3039282633928],[10.6803578571048,45.3018162338656],[10.6789975605774,45.3014803570331],[10.678813435152,45.3013169836512],[10.6843169560838,45.2948299622555]]}},{"type":"Feature","properties":{"CODICE_CAN":"8013","NOME_COMPL":"Fosso BUSI","COMUNI":"Asola"},"geometry":{"type":"LineString","coordinates":[[10.4496964938861,45.2392241280247],[10.4474366310083,45.239253663462],[10.4474086114919,45.2389467832339],[10.4433701662658,45.2391666798586],[10.4432040417338,45.2377471786258],[10.4426610498656,45.2377282388802],[10.4428412449229,45.2358444424055],[10.4422081053864,45.2357609845196],[10.4423504877177,45.2335013616336],[10.4421791445743,45.2324391402667],[10.4418697818938,45.2323275297588],[10.4418079992609,45.2310452845334],[10.4433784639831,45.2309405327037],[10.4432355051443,45.2300388642289],[10.4441222697886,45.230208779224],[10.443847215798,45.2271458643368],[10.4483723723169,45.2267464155064]]}},{"type":"Feature","properties":{"CODICE_CAN":"8035","NOME_COMPL":"Fosso S.MADDALENA","COMUNI":"Castellucchio"},"geometry":{"type":"LineString","coordinates":[[10.5957342726297,45.1899896237457],[10.5936958478887,45.1873340692048],[10.5948854353256,45.1868738001845],[10.593279764932,45.1846010317252],[10.59807561573,45.1828410899984],[10.593387174147,45.1777302368341],[10.5950943995589,45.1770552773319],[10.5944871070274,45.1762016008088],[10.5994239276932,45.1741373462661],[10.5967953430054,45.1712202629552],[10.5964309368594,45.1713555838807],[10.5962667327622,45.1712439337276],[10.5956932911809,45.1704868861245],[10.5939885031717,45.1687689577176],[10.590761319051,45.1644352119057],[10.5922859978467,45.1638279532576],[10.5934508217579,45.1635186987734],[10.5937089633324,45.163287204884],[10.5919624114391,45.160886167985]]}},{"type":"Feature","properties":{"CODICE_CAN":"8024","NOME_COMPL":"Fosso POSSENTA","COMUNI":"Ceresara"},"geometry":{"type":"LineString","coordinates":[[10.6054827180233,45.2619080890614],[10.6016285822979,45.2587273124444],[10.6014943465408,45.2587932745317],[10.6005881860268,45.2580263618572],[10.6001791779831,45.2580000578981],[10.6001582785449,45.2567187772494],[10.6006706801093,45.256658192854],[10.5998289797575,45.2557622125144],[10.6015103751591,45.255087749309],[10.5984492249397,45.251748541883],[10.5994372644442,45.2509130316987],[10.6008252411393,45.2505125084561],[10.6017697037697,45.249927661985],[10.6026644004656,45.250570056514],[10.6031936885367,45.249609963666]]}},{"type":"Feature","properties":{"CODICE_CAN":"8014","NOME_COMPL":"Fosso CAPPELLO","COMUNI":"Redondesco"},"geometry":{"type":"LineString","coordinates":[[10.5077876630493,45.1563824382094],[10.5079674181368,45.1562283246985],[10.5076415518109,45.1560700464124],[10.5087554382603,45.155509992194],[10.5066853261827,45.1532104262717],[10.5060674576862,45.1533052836681],[10.5050107905817,45.1509889050396],[10.5039529165776,45.1494962675605],[10.5041825877867,45.1494932440564],[10.5043920991286,45.1493062280594],[10.5048911414709,45.1476088260116],[10.5058644722749,45.1473467095821]]}},{"type":"Feature","properties":{"CODICE_CAN":"8025","NOME_COMPL":"Fosso POZZO","COMUNI":"Mariana Mantovana, Redondesco"},"geometry":{"type":"MultiLineString","coordinates":[[[10.509367263124,45.19956956379],[10.5116796025362,45.1987323380885],[10.5114271501318,45.1982266400517],[10.5094347131245,45.1964882123759],[10.5090340141475,45.1960563604597],[10.508725311257,45.1956394828449],[10.5081575480457,45.1949507851308],[10.5078497139871,45.1945662751826]],[[10.5078646310196,45.1945957250852],[10.5085069051946,45.1943137891962],[10.5091643466182,45.1940207113291],[10.5099294526406,45.1937043302301],[10.5117192491666,45.1926524646545],[10.5144920669954,45.1916312946416],[10.5126180197852,45.189501289365],[10.5147401269273,45.188624565753],[10.5142444954162,45.1878390037908],[10.5161964898713,45.1870802491202],[10.5192965293431,45.1867437280977],[10.5217544256526,45.1861094078066],[10.5219510581129,45.1859427140407],[10.5211260621722,45.1851661476259],[10.5204235895318,45.1849239200366],[10.5211824464798,45.1843074266736],[10.5222832557241,45.18389966942],[10.5230394535906,45.1832572211828],[10.5227347142371,45.1830576855877],[10.5231578271118,45.182750108907],[10.5226953541262,45.1824544844158],[10.5246075849862,45.1810767747841],[10.5234049317816,45.180236633063],[10.5220843281362,45.1788834987494],[10.5207790268728,45.1782129248859],[10.5187452727025,45.1767962172966],[10.5180953173663,45.1760742057821],[10.5152192086769,45.1721460914977],[10.5169655549161,45.1711971611407],[10.5220724649218,45.1688047226966],[10.5248145452985,45.1663772657051]]]}},{"type":"Feature","properties":{"CODICE_CAN":"8036","NOME_COMPL":"Fosso NICOLINA","COMUNI":"Goito"},"geometry":{"type":"LineString","coordinates":[[10.6425675440177,45.2497715632674],[10.644503190389,45.2492861854843],[10.6462607028106,45.2484290092414],[10.6469505665951,45.2483252433978],[10.6469061327869,45.2481877475633],[10.646413594362,45.2482132229482],[10.6440065404581,45.2475172475022],[10.6419739763046,45.2453413822097],[10.6426681074299,45.2449324363556],[10.6422003441891,45.2447554554292],[10.6419332522733,45.2437700810277],[10.6420351923467,45.243442622426],[10.6430726322592,45.2424497159005],[10.6423066618786,45.2412691824052],[10.6425945006608,45.2405449549937],[10.6417197534452,45.2401959837351]]}},{"type":"Feature","properties":{"CODICE_CAN":"3023","NOME_COMPL":"Dispensatore O - ramo Toffoli","COMUNI":"Cavriana"},"geometry":{"type":"LineString","coordinates":[[10.5827212214261,45.3463202777206],[10.5825884659846,45.3462246512543],[10.5823958054067,45.3463133243368]]}},{"type":"Feature","properties":{"CODICE_CAN":"3020","NOME_COMPL":"Dispensatore M - ramo S.Cassiano","COMUNI":"Cavriana"},"geometry":{"type":"LineString","coordinates":[[10.5692678278892,45.3522072363607],[10.5699558894213,45.3514676403327],[10.5698964474596,45.3512891234131],[10.569556104387,45.3508070381918],[10.5688577328036,45.3492026320419],[10.5677218207911,45.3495128450941],[10.5672886720805,45.3487973308178],[10.5675190004178,45.348747056573],[10.5669554263085,45.3477053705602],[10.5672076340738,45.3476120803994]]}},{"type":"Feature","properties":{"CODICE_CAN":"8107","NOME_COMPL":"Dugale DATIS","COMUNI":"Asola"},"geometry":{"type":"LineString","coordinates":[[10.3809425458684,45.215602722529],[10.3853956180404,45.2151200720788],[10.3864076545072,45.2151673276347],[10.3865889358142,45.2143077292374],[10.3870039286487,45.214052614859],[10.3894098447599,45.2139161841334]]}},{"type":"Feature","properties":{"CODICE_CAN":"8108","NOME_COMPL":"Dugale TARELLO","COMUNI":"Asola"},"geometry":{"type":"LineString","coordinates":[[10.3803347010997,45.2127639960346],[10.3828962043796,45.2127925368643],[10.38577273243,45.2133054365985],[10.3886353988359,45.2132468349704],[10.3888534827033,45.2132084571348],[10.3887420251338,45.2120904350697],[10.3910322798628,45.2120506424744],[10.3919786261329,45.2107887375581],[10.3926769886623,45.2111017445326],[10.3949851842962,45.2107639471915],[10.3952903751223,45.2108435751632],[10.3964587044612,45.2107169960129]]}},{"type":"Feature","properties":{"CODICE_CAN":"8106","NOME_COMPL":"Dugale LIVELLO","COMUNI":"Asola"},"geometry":{"type":"LineString","coordinates":[[10.3808791185603,45.2178541523716],[10.381253614782,45.2176137415851],[10.3817205556974,45.2168454824213],[10.3847742859877,45.2165923275431],[10.3858723680987,45.2160193143341],[10.3860360936456,45.2160877565883],[10.387326801586,45.2155509620578],[10.3911632847747,45.2154343699776],[10.3919478078881,45.2156854721583],[10.3920560730507,45.2159794805166],[10.3923375237303,45.2161480693298]]}},{"type":"Feature","properties":{"CODICE_CAN":"2084a","NOME_COMPL":"Fosso SALANTE","COMUNI":"Castellucchio"},"geometry":{"type":"MultiLineString","coordinates":[[[10.5594927153269,45.1735712668903],[10.5595981656669,45.1738090297253],[10.5576103019844,45.1742441782704],[10.5601664657551,45.1777183087982],[10.5600518744544,45.1777470748079],[10.5633098706914,45.1805043041973],[10.5694208829502,45.1775507330405],[10.573877511276,45.1756397024612],[10.5752807472491,45.1752927271684]],[[10.557909534961,45.1746762059606],[10.5571335327941,45.1749894747948],[10.5566400997288,45.1744556842349]]]}},{"type":"Feature","properties":{"CODICE_CAN":"8030","NOME_COMPL":"Fosso SQUARZIERI","COMUNI":"Casaloldo"},"geometry":{"type":"MultiLineString","coordinates":[[[10.4891012041818,45.2695650634342],[10.4888425123919,45.2691433342298],[10.4874720660952,45.2678015651534],[10.4884243018582,45.2674017447905],[10.487454628706,45.266738217675],[10.4867906099419,45.2670758019347],[10.4864273328834,45.2666419417919],[10.4862407343423,45.2662350206963],[10.486954193606,45.2658090794845],[10.4862400086935,45.265017950341],[10.4855452503116,45.264573779097],[10.4847625913402,45.2631402691701],[10.4840346005321,45.2622140744437],[10.4838029339368,45.2616651936597],[10.4828992736241,45.2607485823797],[10.4813846570072,45.2582280775011],[10.4842303459088,45.2570179195336],[10.4837209775556,45.2565347796061],[10.4837464937751,45.2563224635023],[10.4840821950623,45.2560988098668],[10.4840588366051,45.2559967757905],[10.4827928808977,45.2550739033517],[10.4823666867735,45.2546042974607],[10.4822117678162,45.254218887298],[10.4823338209185,45.2541368966235],[10.4835080066048,45.2543190195218],[10.4840969689522,45.2534890174114],[10.4835413688793,45.2524216925218],[10.4835862414641,45.25215795642],[10.4845527446499,45.2515204129852],[10.4844607095404,45.2507686981071],[10.4849241920536,45.2502875384195],[10.4850749435575,45.2497190687742],[10.4849279517921,45.2492201204033]],[[10.4919635421414,45.2699865383085],[10.4891012041818,45.2695650634342],[10.4891608027081,45.2695093958209]]]}},{"type":"Feature","properties":{"CODICE_CAN":"8038","NOME_COMPL":"Fosso CA' DEL MAGO","COMUNI":"Goito"},"geometry":{"type":"LineString","coordinates":[[10.649228828755,45.249541044454],[10.6503676933013,45.2487518955479],[10.6502004854353,45.2484732852865],[10.6493017438226,45.2478941829968],[10.6503749753585,45.2468070802818],[10.6501922335166,45.2463767501662],[10.6503907153723,45.2462452713853],[10.650381018513,45.245794085331],[10.6506063986518,45.2453759306383],[10.6507966442151,45.2453812595436],[10.6515009959485,45.244573391765],[10.6521971321833,45.2443031388319],[10.6529524279879,45.2436316658804],[10.6432427230002,45.2375911068778]]}},{"type":"Feature","properties":{"CODICE_CAN":"3203d","NOME_COMPL":"Dispensatore III rami D-E","COMUNI":"Volta Mantovana"},"geometry":{"type":"MultiLineString","coordinates":[[[10.6269313350201,45.2942007127777],[10.6291893397374,45.2944469012422],[10.6313579285458,45.2944918621174]],[[10.6269508029096,45.2952296091512],[10.626417742629,45.2952577734466]],[[10.6292391597247,45.2944475963806],[10.6291245743074,45.2935214920956],[10.6289049420756,45.2929325052949],[10.6288042820142,45.2929538147254]],[[10.6303408570801,45.3034863451034],[10.6305831655731,45.3036684736334],[10.6307613747585,45.3040469473496]],[[10.6303408570801,45.3034863451034],[10.6299062511685,45.3030595098122]],[[10.6238717752462,45.3079855476763],[10.6230568076814,45.3071183076998],[10.6226819406086,45.3072843657943],[10.6205004170291,45.3050354280134]],[[10.6233122403258,45.3082072113073],[10.623796814311,45.3080119211826],[10.6248120650908,45.3075616279022],[10.6252528924474,45.307369765998],[10.6264009411826,45.3066869888376],[10.6280234827203,45.3053197571168],[10.6264845019622,45.303617966189],[10.6258483779001,45.3038069899923],[10.6246691815699,45.302159202237],[10.6245633669338,45.302065001015],[10.6242350322703,45.3021484063676],[10.6221611432662,45.2997061857573],[10.625864791682,45.2983881339599],[10.6261098588886,45.2985983523315],[10.6268393805092,45.2981942881867],[10.6272358679816,45.2986835415634],[10.6296696173872,45.2976871464541]],[[10.6280234827203,45.3053197571168],[10.6300648261353,45.3035872980591],[10.6303408570801,45.3034863451034],[10.6306799702399,45.3033619950556],[10.6311113922024,45.3031913342925],[10.632769329683,45.3025785363668],[10.635589103933,45.3019097108935],[10.6354923459549,45.3015933467872],[10.6353830596079,45.301603347892],[10.6352752531063,45.3007641196096],[10.6350242903366,45.3000731623419],[10.6346678735664,45.3000796712826],[10.6341301890861,45.2990469466541]],[[10.625864791682,45.2983881339599],[10.6249513609863,45.2971666909037],[10.6272736845673,45.2964193838055],[10.6269508029096,45.2952296091512],[10.6269174404907,45.2941256518979],[10.6265417701321,45.2933950149361],[10.6263677940594,45.293441078276],[10.6258949654203,45.292927600971]],[[10.6249513609863,45.2971666909037],[10.6243835211744,45.2962566688511]],[[10.6272736845673,45.2964193838055],[10.6298482544723,45.2961696591705],[10.6309367516637,45.2959207253361],[10.631318471937,45.2967279259139]]]}},{"type":"Feature","properties":{"CODICE_CAN":"3006","NOME_COMPL":"Dispensatore B - ramo Cima srl","COMUNI":"Castiglione d/Stiviere"},"geometry":{"type":"LineString","coordinates":[[10.5085704921736,45.376113087958],[10.5086235369093,45.3759924343755],[10.5095454800682,45.375791208083],[10.5086820442974,45.37485394052],[10.5094044223266,45.3730302345094],[10.5106179062691,45.371299845272]]}},{"type":"Feature","properties":{"CODICE_CAN":"2066-1","NOME_COMPL":"Fosso COSTANZOLO","COMUNI":"Cavriana, Goito"},"geometry":{"type":"MultiLineString","coordinates":[[[10.6077113861058,45.2974380257167],[10.6045027481537,45.297453382954],[10.6043477736863,45.2973482762479],[10.6042031575043,45.2967125525892],[10.604438622218,45.2941343768883],[10.6057550268547,45.2934456816],[10.6056532928925,45.2918427397597],[10.6061457651322,45.2906217152093],[10.6058265154362,45.2887217455406],[10.6054123833933,45.2886859125719],[10.6051545151391,45.2885109966344],[10.6048289323742,45.2863849569804],[10.6047669186461,45.2862787034355],[10.6043930208903,45.2839331378075],[10.6043600018208,45.2838086221112],[10.6045827296582,45.2830377529389],[10.6044405501558,45.2824803160093],[10.6060403533441,45.2816662698761],[10.6057707298511,45.2813724916944],[10.6058021395117,45.2806935844348],[10.6055753403618,45.2802742219929],[10.6060682986122,45.2801184988994],[10.6066082596955,45.2801347046614],[10.6083480095137,45.2793543657027],[10.6098981155889,45.2788742479432],[10.6175436404139,45.2738323860884],[10.6194662404751,45.2732694897406],[10.6192363453354,45.2728918586901],[10.619380379555,45.2726219991224],[10.6211768158986,45.272661961465],[10.6212199067246,45.2723994854036],[10.6219078612988,45.2721397495597],[10.6222714996288,45.2721821928454],[10.6222405684297,45.2716886618701],[10.6223969118011,45.2715555070707],[10.6222463920694,45.2713017340382],[10.6230348401108,45.2714631168422],[10.6236870687852,45.271281247058],[10.6236437968441,45.2706510083426],[10.6233867744941,45.2703570911639],[10.6235986897238,45.270104115589],[10.6235529373402,45.269682213675],[10.6244386585418,45.2694136975912],[10.6252324766879,45.2688786674257],[10.6246252204887,45.2681255266748],[10.6280246798152,45.2669046479181],[10.6303705373955,45.266418850727],[10.6312448345328,45.2664896783938],[10.6339120296964,45.2670704772095],[10.6357723392758,45.2660675716702]],[[10.5978417477256,45.2877206825036],[10.6007068439167,45.285500222042],[10.6017839579852,45.2853335376233],[10.60180072588,45.2847561609593],[10.6019257194746,45.2846494715253],[10.6034624444076,45.2843830433894],[10.6039602258136,45.2841720087349],[10.6043604584252,45.2838103448853]]]}},{"type":"Feature","properties":{"CODICE_CAN":"2069","NOME_COMPL":"Vaso PALPICETTO","COMUNI":"Asola"},"geometry":{"type":"MultiLineString","coordinates":[[[10.4013425433984,45.2130842696577],[10.4018812679682,45.2121326729854],[10.402632328697,45.2117025464499],[10.4024189849646,45.2112478887302],[10.4025857734181,45.2106313723654],[10.4025094185418,45.2104036711185],[10.4026762855003,45.2102015616091],[10.4026499282789,45.2099518107359],[10.4029181939827,45.2097627453368],[10.4035716279742,45.2085900815499],[10.4043889567388,45.2081227513169],[10.4052722852001,45.2079967247464],[10.4049996192971,45.207185544803],[10.4036057342641,45.2055807611762],[10.4032269287207,45.2043564684478],[10.4031962241509,45.2041353492296],[10.4040473238,45.2017563030921],[10.4040673544809,45.2013380712228],[10.4040660770338,45.2011247406217],[10.4038830547374,45.1997278176706],[10.4040119069109,45.1991456977201],[10.4048398223599,45.1982029130965],[10.4055854526929,45.1978766225963],[10.4104684031021,45.1985380921259]],[[10.3894971721255,45.2000338405771],[10.3938736050003,45.1993142510949],[10.3947797520533,45.1987299106694],[10.3955087228472,45.1980702585897],[10.3959530995619,45.1978711524656],[10.3963137852237,45.1973864309476],[10.3967443777421,45.1972959473027],[10.3977293196372,45.1976944786098],[10.3982760663348,45.1976490481621],[10.399196629965,45.1981025845045],[10.3994632565434,45.1991451522955],[10.3992729468991,45.199651035468],[10.3993066904098,45.200580253995],[10.3998008439624,45.2010699987859],[10.4003500912922,45.2011252379443],[10.4009102202172,45.2007310186068],[10.4015963563949,45.2005599106559],[10.4026479818464,45.2005469942202],[10.4032523784235,45.2006170355724],[10.4037774694275,45.2011227812178],[10.4040660777373,45.2011248581101]]]}},{"type":"Feature","properties":{"CODICE_CAN":"2069a","NOME_COMPL":"Vaso REMONIZZA e PEDERZOLA","COMUNI":"Asola"},"geometry":{"type":"MultiLineString","coordinates":[[[10.3836507498047,45.2234557663917],[10.3842914728271,45.2224269406964],[10.3842748264722,45.2222330583103],[10.3835180131264,45.2210608420979],[10.3832436383057,45.2198405843396],[10.3833344907414,45.2191559635449],[10.3839297337264,45.2185918091378],[10.385351833951,45.2181526356255],[10.3853090828914,45.2176215286904],[10.3891867001835,45.2160386007719],[10.3909103767322,45.2159754211083],[10.3920374743575,45.2161726458719],[10.3931227987813,45.2161256529528],[10.3946774850966,45.2154990972772],[10.3955131791765,45.215497323606],[10.3955558601225,45.2138259760811],[10.3964345195684,45.2136295844446],[10.39699517307,45.2133558899873],[10.3973245459326,45.2135909914869],[10.3984420698105,45.2129742776635],[10.4000743343184,45.2129542724029],[10.4002530896579,45.2130456524247],[10.4013425440221,45.2130842700888]],[[10.4001031446889,45.2129689994844],[10.4001123267252,45.2127042762725],[10.3997029586237,45.211607204042],[10.3988200789302,45.2102980101479],[10.3990757512468,45.2099754784096],[10.3993338647668,45.2097527277881],[10.3999971289731,45.2095449724708],[10.4004596326603,45.2090202777799],[10.403457189358,45.2088038019327]],[[10.3954969001614,45.2206101446556],[10.3955072685851,45.215497395839]]]}},{"type":"Feature","properties":{"CODICE_CAN":"2071-1","NOME_COMPL":"Vaso SERIOLETTA","COMUNI":"Asola, Canneto s/Oglio"},"geometry":{"type":"MultiLineString","coordinates":[[[10.4004363891954,45.1918104967871],[10.4033656783114,45.1922462772136],[10.4052082881739,45.1923320587414],[10.409527088993,45.1918667043019],[10.4093080190175,45.191276552279],[10.4095188462243,45.190290674022],[10.4092138586225,45.1899474007822],[10.4090418668819,45.1894000459645],[10.4092470584794,45.1890143247215],[10.4098558745999,45.1888260582844],[10.4110364994291,45.1890211388597],[10.4119082010829,45.1887139316713],[10.4128885453794,45.1886656515857],[10.4126788848559,45.1878367998322],[10.4120721249421,45.1873520183287]],[[10.3805197610922,45.2048916282138],[10.3807473514765,45.2042132195492],[10.3814476646514,45.2041952203438],[10.3811958681053,45.2029788573646],[10.3812851588796,45.2021194754411],[10.382051118363,45.2021124309396],[10.3823521647257,45.2012024333994],[10.3828640732524,45.2011962334272],[10.383438106858,45.2004176197274],[10.3837203056222,45.2003856194149],[10.3841605343479,45.1996467307874],[10.38590689354,45.199425483174],[10.3879673128914,45.1980848184527],[10.3890363862557,45.1976250168154],[10.3908871095192,45.1973896131408],[10.3915788043023,45.1974511519071],[10.39350444602,45.1959146783104],[10.3944179515097,45.1959112951429],[10.3959525539051,45.1953018868328],[10.3975178480832,45.1953970540593],[10.3976023135263,45.1947196277176],[10.3982956663211,45.1933251533163],[10.3986747853171,45.1928487930029],[10.3997206363604,45.1920928945439],[10.4001407058094,45.1919162625026],[10.4004363891954,45.1918104967871],[10.4009909620416,45.1916229429657],[10.40175836607,45.1896930622492],[10.4011549677205,45.1893592165416],[10.400213917249,45.1863229708277],[10.4006431709344,45.1862386269373],[10.4004544794843,45.1857099908832],[10.4007862461853,45.1855590614224],[10.4051948848431,45.1848948462873],[10.4053604479703,45.1864291765104],[10.4060597936173,45.1862850024845],[10.4071556889116,45.1863505760856],[10.407973782308,45.1864873472624],[10.4091196431879,45.1869589712317],[10.4117782348743,45.1872311360955],[10.4118694237783,45.187365569801],[10.4120721249421,45.1873520183287],[10.41237968051,45.1866814474998],[10.4136209984365,45.1862322833599],[10.413678837961,45.1859875551836],[10.4143025169891,45.1856273682079],[10.4164848678021,45.18543101801],[10.4164529445111,45.1851703689333],[10.4173728664842,45.1842835473116],[10.4181379968639,45.1842361354014],[10.4181692912331,45.1840853628632]]]}},{"type":"Feature","properties":{"CODICE_CAN":"2073a","NOME_COMPL":"Scolo MANSAREDA","COMUNI":"Fiesse, Casalromano"},"geometry":{"type":"MultiLineString","coordinates":[[[10.3383982938518,45.2035756910684],[10.3427516087448,45.2029621541956],[10.3446129867857,45.2028309762976],[10.3465066098221,45.2027510085148],[10.3495060782949,45.2029501384133],[10.3537145975089,45.2028357533768],[10.3549222684742,45.2026993475758],[10.3578865190451,45.2027185635206],[10.3609106873484,45.2021058163671],[10.3621145816777,45.2023483306103]],[[10.34054074603,45.2236293699686],[10.3421275802913,45.2211455895555],[10.3420331177842,45.2210266632821],[10.3423047386816,45.217389412959],[10.3422008040474,45.216409383408],[10.3418199648662,45.2154040275869],[10.3418778182825,45.2149984624284],[10.3417563550945,45.2144187601043],[10.3409389875074,45.2142337622334],[10.3411416446833,45.2122976969428],[10.3414193546719,45.2110321446909],[10.3413014004246,45.2108519271402],[10.3398233789895,45.2105060722601],[10.340794006025,45.2084375029637],[10.3416261269139,45.2083622332528],[10.3423850955151,45.2075048397092],[10.343411530745,45.2067395619529],[10.344487994577,45.2041890198835],[10.3445691900137,45.2028387320034]]]}},{"type":"Feature","properties":{"CODICE_CAN":"2070a","NOME_COMPL":"Seriola VECCHIA","COMUNI":"Asola"},"geometry":{"type":"MultiLineString","coordinates":[[[10.38354459675,45.2443494829965],[10.3829671499626,45.2429712298979],[10.3822181841463,45.2423410828678],[10.3829358645272,45.2403045288094],[10.3829726136093,45.2397796354422],[10.3826350635997,45.2381054917491],[10.3832090879613,45.2383083176288],[10.3841763511123,45.2384014863757],[10.3849402049838,45.2382698508877],[10.3848079225938,45.2389357558881],[10.3863701527157,45.2390741306637],[10.3860374393199,45.2396375814195],[10.3865326032092,45.2396490502213],[10.386709587257,45.2398042356706],[10.3893325522805,45.2398073098703],[10.3891088323762,45.2403674731806],[10.3894812630151,45.239558603502],[10.389273273724,45.2388104169875],[10.3899723051698,45.2379081981206],[10.3900104709022,45.2371391438236],[10.3907890470635,45.2369062354631],[10.3911612173535,45.2366067753263],[10.3914062640271,45.2352453496231],[10.3913628738184,45.234763276109],[10.3917310926026,45.2337846427224],[10.3945550507066,45.2339199866103],[10.3951784014378,45.2323532948209],[10.3950507038142,45.2317066699551],[10.3974178108458,45.2301521163288],[10.3980033026032,45.2293940023932],[10.3974244711691,45.2276857672477],[10.3973052335574,45.2269283764271],[10.3977115795308,45.2261645517166],[10.3987794913047,45.2256640336688],[10.3992337637031,45.2256227189191],[10.3990299049404,45.2237573591003],[10.4017310286685,45.2235454836763],[10.4020573727119,45.220184311662]],[[10.3905313587783,45.240882830426],[10.3890298287548,45.2404940435094],[10.3890523602623,45.2403860347022]],[[10.385704590786,45.2330238171498],[10.3859403158002,45.2321826060342],[10.3947902568997,45.2331750564552]],[[10.3891088323762,45.2403674731806],[10.3829358645272,45.2403045288094]]]}},{"type":"Feature","properties":{"CODICE_CAN":"8054","NOME_COMPL":"Fosso GRAZIOLI-PROPITO","COMUNI":"Volta Mantovana"},"geometry":{"type":"LineString","coordinates":[[10.6555709632972,45.3119775558415],[10.6551680077474,45.3106584010129],[10.6530761258246,45.3059576891206],[10.6517875345071,45.3057035543536],[10.6508123272344,45.3052110478787],[10.6492189520264,45.3041584966957],[10.6484019318833,45.3034064763438],[10.6481326514019,45.3028803642881],[10.6482858505262,45.3028313875389],[10.6481206752618,45.3024674483386],[10.6469126507038,45.3009884149357],[10.6461557092785,45.2994483028409],[10.6472050615689,45.2990746299827],[10.6474701942913,45.2986966842227]]}},{"type":"Feature","properties":{"CODICE_CAN":"8050","NOME_COMPL":"Fosso MADONNINA","COMUNI":"Volta Mantovana, Goito"},"geometry":{"type":"LineString","coordinates":[[10.6474701942913,45.2986966842227],[10.6475846620514,45.29750252801],[10.6481529249207,45.2961537297199],[10.648268311469,45.2940398503316],[10.6489922039311,45.2917768839879],[10.6488755019208,45.2915603342538],[10.6490351009967,45.2892587538582],[10.6489699368358,45.2885348390757],[10.6491559807592,45.2884775914086],[10.6491950827605,45.2875417281528],[10.649635538111,45.2854075583079],[10.6496198093885,45.28467513483],[10.6488591507229,45.2826206756151],[10.6515425246189,45.2818804002632],[10.650833259573,45.2804565365539],[10.6507314550132,45.2803722734377],[10.6502391654134,45.2805274821949],[10.649476904098,45.2789874630757],[10.6498969115788,45.2790047746139],[10.6495400462569,45.2764066815646],[10.6495506495989,45.2754400512885]]}},{"type":"Feature","properties":{"CODICE_CAN":"8051","NOME_COMPL":"Fosso SPERANZINA","COMUNI":"Volta Mantovana, Goito"},"geometry":{"type":"LineString","coordinates":[[10.6560445704453,45.2908512558827],[10.6558799580941,45.2908558794712],[10.6572050581589,45.2861516130153],[10.6577243464418,45.2814851193449],[10.6551512096313,45.2816410603176],[10.654011157824,45.281540676657],[10.6515372320281,45.2818882712238]]}},{"type":"Feature","properties":{"CODICE_CAN":"8053","NOME_COMPL":"Fosso BARILETTO","COMUNI":"Volta MN, Goito"},"geometry":{"type":"LineString","coordinates":[[10.6430725328556,45.2917614255869],[10.6431772306016,45.290831082278],[10.6421315581569,45.2877452520822],[10.6428174911179,45.2866136314244],[10.6432929024897,45.2853778653118],[10.64374300287,45.284842660754],[10.6439066241902,45.2840257857463],[10.6441968031662,45.2833857104662],[10.6429725152334,45.2819957973503],[10.6424851622447,45.2821227394488],[10.6417555589069,45.2812088826878]]}},{"type":"Feature","properties":{"CODICE_CAN":"8058","NOME_COMPL":"Fosso SOTTOCOSTA-LORENZINA","COMUNI":"Goito"},"geometry":{"type":"LineString","coordinates":[[10.6944138948842,45.2753565070313],[10.6936707376283,45.2748673954766],[10.6919880390362,45.2728989314081],[10.6906689792506,45.2720968169124],[10.6899307067836,45.2714289865985],[10.6890047882051,45.2700637288492],[10.6855849728283,45.2681923101662],[10.6852568276425,45.2678856188736],[10.6856214633003,45.2674791290353],[10.6830759736047,45.265978694256],[10.6825287653048,45.2654366057071],[10.6821005906737,45.2646426874443],[10.6812706736616,45.2642905264535],[10.6813052172898,45.2640899604058],[10.6818274700325,45.2634463688904],[10.6830360928318,45.2625783089229],[10.6829606567719,45.2624222332011],[10.6832501198429,45.2622893568276],[10.6833520483268,45.2618019995271],[10.6831643195601,45.2616118558417],[10.6856576738921,45.2598888605105],[10.6848907668034,45.2592714325517],[10.6833769749589,45.2585031911617]]}},{"type":"Feature","properties":{"CODICE_CAN":"0085","NOME_COMPL":"Vaso CORGOLO","COMUNI":"Castel Goffredo, Casaloldo, Piubega, Ceresara"},"geometry":{"type":"MultiLineString","coordinates":[[[10.4900374979679,45.277772090023],[10.4935433250952,45.2778700547794],[10.4936292269801,45.2772873344491],[10.4938260009116,45.2770732716721],[10.4937568661421,45.2767526536978],[10.4941705677098,45.2751653571869],[10.4951375279279,45.2742238653744],[10.4948824989317,45.2721804964473],[10.4949800132298,45.2718273242572],[10.4971839807493,45.2698504666375],[10.4984765437226,45.2684133674063],[10.4990800894379,45.2680158496428],[10.5002758944635,45.2667936510804],[10.4998396437481,45.2625640539832],[10.4999120841148,45.2622740451701],[10.5002712590125,45.2617226319199],[10.504249128524,45.2575355383329],[10.5043182485288,45.2564475176526],[10.5030180451397,45.2552204230551],[10.505986783276,45.2541067843869],[10.5047565837273,45.2528347997774],[10.5062026134776,45.2523444534685],[10.505901381852,45.2515503723684],[10.5055231486794,45.2510400786044],[10.5071061063159,45.250594780059],[10.507201682683,45.2503502371782],[10.507098945772,45.2487319713696],[10.5082078579372,45.2486167953218],[10.5102088665224,45.2480939348599],[10.5086169510818,45.2450861387284],[10.5091017088971,45.2450158923339],[10.5090209620082,45.2447429204157],[10.5095453544586,45.244539745268],[10.5096529594427,45.2442366974435],[10.5108715958096,45.242625092901],[10.5108704972051,45.2424715749435],[10.5116728151488,45.2419163714414],[10.5120239949174,45.2410972269144],[10.5125224474317,45.2405076692609],[10.5124973926689,45.2402984901755],[10.5127949026911,45.2400331019674],[10.5128372505434,45.2398198501837],[10.5132972328998,45.2397220719344],[10.5142566382464,45.2390818800631],[10.5143152924489,45.2388708846025],[10.5138912135107,45.2387668060172],[10.5136151205129,45.2383129336171],[10.5143235264362,45.2381173483245],[10.5145170314108,45.2379471377787],[10.514360409534,45.2377080829976],[10.5147942651339,45.2376440326823],[10.5146033698658,45.2371408059227],[10.5156631971643,45.2367532976618],[10.515291436638,45.2361713885776],[10.5161742846029,45.2360681630007],[10.5156821726612,45.2356521409],[10.5155718840421,45.2353783785306],[10.5171216443736,45.2346688495063],[10.5184404172152,45.2336239028962],[10.5192343597289,45.2335073502189],[10.5188784631413,45.2329114624547],[10.5211751050709,45.2317950858325],[10.5211685322869,45.2315488451201],[10.5328178230171,45.2261192580353],[10.5338411163777,45.2257459366441],[10.5271611033853,45.2187553039541],[10.5191643284799,45.2100041244799],[10.5185502631823,45.2095264250654]],[[10.5070985747822,45.2506007511765],[10.509246506647,45.2500085486857],[10.5109287941627,45.2498132012291],[10.5107698357531,45.24883598927],[10.5102180898884,45.2480964332276]]]}},{"type":"Feature","properties":{"CODICE_CAN":"3025","NOME_COMPL":"Dispensatore P - ramo Croce Bianca","COMUNI":"Cavriana"},"geometry":{"type":"LineString","coordinates":[[10.59268149804,45.3298375739998],[10.592973531085,45.3336609412373],[10.5927055498652,45.3352011303846],[10.5926690495637,45.3363265357557],[10.5924474536,45.3374408059601],[10.5919738512736,45.3385860282023],[10.5919316745406,45.3391627822259],[10.5919435975546,45.3395878811772],[10.5921811563223,45.3397354671715],[10.5927155408572,45.3421424172366],[10.5940293175327,45.3418222701821],[10.5936034577806,45.3405112690018],[10.5940670395152,45.3403950476603],[10.5934825603075,45.3389765154242]]}},{"type":"Feature","properties":{"CODICE_CAN":"3008","NOME_COMPL":"Dispensatore C - ramo Pavan","COMUNI":"Castiglione d/Stiviere"},"geometry":{"type":"MultiLineString","coordinates":[[[10.5226463040708,45.3703168339714],[10.5213549361899,45.3693324973228]],[[10.5226463040708,45.3703168339714],[10.5232764556522,45.3705527110715],[10.5255330970497,45.3719882681027]],[[10.5226463040708,45.3703168339714],[10.5218962605138,45.3707787447947],[10.5213997739793,45.3703578707262]]]}},{"type":"Feature","properties":{"CODICE_CAN":"3211","NOME_COMPL":"Dispensatore XI del Levadello","COMUNI":"Goito"},"geometry":{"type":"MultiLineString","coordinates":[[[10.6208517585859,45.265638726325],[10.6202859153869,45.265796022319]],[[10.6209515177219,45.2668594952664],[10.6208819875452,45.2668704541858]],[[10.6227820415248,45.2651117142866],[10.6215625196311,45.2634320193028],[10.6208084674561,45.2626103838115],[10.6220189387451,45.2621858378272],[10.6208282968033,45.2604955991415],[10.6236036000347,45.259116173994],[10.6234206849376,45.2589149071882],[10.624166340254,45.2586048289166],[10.6229982475308,45.2572941896706]],[[10.6227820415248,45.2651117142866],[10.6246796238464,45.2645947455176]],[[10.6227820415248,45.2651117142866],[10.6221826491765,45.2652826221307],[10.6209027675561,45.2656217346666],[10.620799525897,45.2656537587634],[10.620799525897,45.2656537587634],[10.6201183522313,45.2646651786431],[10.6201183522313,45.2646651786431]],[[10.6208282968033,45.2604955991415],[10.6202128171478,45.259728136948],[10.6205378453962,45.2596068279214],[10.6194313901346,45.2583613588146]],[[10.6209407711591,45.2668420993342],[10.6202859153869,45.265796022319],[10.6197385456063,45.2659526393939]]]}},{"type":"Feature","properties":{"CODICE_CAN":"3212","NOME_COMPL":"Dispensatore XII del Cattapane","COMUNI":"Goito"},"geometry":{"type":"MultiLineString","coordinates":[[[10.6322876758509,45.2639906315843],[10.6320131271744,45.2626082574965],[10.6302075488303,45.2607359735356],[10.6289572264262,45.2583664583036],[10.6287448059577,45.2584566594818],[10.6281983262425,45.2580032907349]],[[10.6322876758509,45.2639906315843],[10.6324236822108,45.2645679518556],[10.6282389842143,45.2648522298881],[10.6285890039269,45.2655490662931]],[[10.632321773828,45.2640688791373],[10.6336118058464,45.2639267037257]]]}},{"type":"Feature","properties":{"CODICE_CAN":"3215","NOME_COMPL":"Dispensatore XV del Goldone","COMUNI":"Goito"},"geometry":{"type":"MultiLineString","coordinates":[[[10.6395350562819,45.2565349133936],[10.6382867452421,45.2568755040758]],[[10.6395350562819,45.2565349133936],[10.6408194950981,45.2564124203769],[10.6410333987188,45.2552690933552],[10.6420933445531,45.2554394448737],[10.6423160715981,45.2549483650733]],[[10.6395350562819,45.2565349133936],[10.6397678607342,45.2576453665712],[10.6402334271524,45.2576285807072],[10.6402827634895,45.2580974704833],[10.640880047665,45.2582379229834],[10.6407980426941,45.25884648623],[10.6412380002034,45.2606426336055],[10.641499454143,45.2607344820864],[10.6418981723114,45.2621347321541],[10.6393367059991,45.2624386725862],[10.6397388178647,45.2652026836329],[10.6377190383406,45.2650320214159],[10.6375101127418,45.265036423789],[10.6375059107959,45.2651672403627]],[[10.6410333987188,45.2552690933552],[10.6414759236099,45.2545302147907],[10.6418015740137,45.2542949514103],[10.6403123806592,45.2525588736353],[10.6413017529852,45.2520778694451],[10.6409542624554,45.2519000858153],[10.6407463138187,45.2515220521929],[10.641962066137,45.2512304089697],[10.6411203755098,45.2500656998635],[10.6426382450067,45.2495531849637],[10.6420633660905,45.2484605670533],[10.6429010379967,45.2480365636089]],[[10.6397388178647,45.2652026836329],[10.6399281650009,45.2660393354662]],[[10.6375101127418,45.265036423789],[10.6373848543524,45.2650424379952]]]}},{"type":"Feature","properties":{"CODICE_CAN":"3216","NOME_COMPL":"Dispensatore XVI di Resenasco","COMUNI":"Goito"},"geometry":{"type":"MultiLineString","coordinates":[[[10.6502700957723,45.2616987497177],[10.651161699944,45.2612935908463],[10.6508344659742,45.2604798941745],[10.6506773089842,45.2602935591548],[10.6505024792692,45.2603403748944],[10.649982850631,45.2595148398809],[10.6502540492402,45.2576843523579],[10.6493395108348,45.2576134030691],[10.6492926735716,45.2567177649782],[10.6477313505273,45.2565713604206]],[[10.6499824154348,45.2593967435792],[10.6449523445118,45.2589357481957],[10.6450783927355,45.2579237331536],[10.6447213089859,45.2578634989917],[10.6448002669576,45.2571853805185],[10.6449353747208,45.2572108509042]],[[10.6502540492402,45.2576843523579],[10.6506164731057,45.2576793096136],[10.6507495054929,45.2569118283032],[10.6511473983097,45.2569377098872],[10.6512564535685,45.2558584461623],[10.6512697074997,45.2555946324762],[10.6512786932781,45.2552865920008],[10.6513063817184,45.254647499162]],[[10.6512912453608,45.2546895701658],[10.651910221767,45.2546173476707],[10.6520148572176,45.2545188209172],[10.6524558558765,45.2534579512722],[10.6526653284988,45.2524447195726]],[[10.6512912453608,45.2546895701658],[10.6504618743558,45.2547142152204],[10.6500406620515,45.2546043091707],[10.6466993624698,45.2550152888329],[10.6445309128512,45.2541649885399]],[[10.6486920426276,45.2627886869056],[10.6483834794687,45.2627551803018]],[[10.6483789713183,45.2627541908958],[10.6482940479178,45.2614193818609],[10.6477240589704,45.2613812110868]],[[10.6483835404901,45.2627572883945],[10.6466809056632,45.2625878298335],[10.6466686318807,45.2626797471944],[10.6463348799147,45.262652925224],[10.6465199927879,45.263920871786]],[[10.6486544543039,45.2627797392551],[10.6502701568611,45.2617008578089]]]}},{"type":"Feature","properties":{"CODICE_CAN":"3217","NOME_COMPL":"Dispensatore XVII di Val di Burato","COMUNI":"Goito"},"geometry":{"type":"MultiLineString","coordinates":[[[10.6548166988182,45.2593858355572],[10.6569380460403,45.2593234372141],[10.6572012922045,45.2600577580586],[10.6623707023306,45.2601703131312],[10.6633322779267,45.2567967120181],[10.6624745130984,45.2568724733992],[10.6625537874992,45.254882554643]],[[10.6548166988182,45.2593858355572],[10.6547468862937,45.2597580268763],[10.6521045457602,45.2596130984451]],[[10.6548166988182,45.2593858355572],[10.655009419619,45.2585162536112],[10.6547753225326,45.2577561973966],[10.6563190302396,45.2574448853948],[10.6563419589515,45.2565904176289],[10.6576575219321,45.2566493585159],[10.657693289699,45.2558263386134],[10.6581393010557,45.2558641510889],[10.6581944815795,45.2549902335796],[10.6582182470535,45.2544731892043],[10.6582276666708,45.2542326290713],[10.6586737149198,45.2542620191965],[10.6586423647823,45.2533492714627],[10.6595735871197,45.2534129828923],[10.6596404346594,45.2521980301946],[10.659865372712,45.2522157601303],[10.660551058117,45.2522667416206],[10.6609456382562,45.2522697079752],[10.6622283803324,45.252377609749],[10.6642557480733,45.2524827267334],[10.6654590353235,45.2512634885809],[10.6657000383422,45.2514950838296],[10.6659313633119,45.2513959216358],[10.6659695895461,45.250385249593],[10.6655432480758,45.2501389422895],[10.6649695149407,45.2480138796119],[10.6654945123076,45.2478407707298]],[[10.6582182470535,45.2544731892043],[10.6558637170373,45.2541087620309],[10.6544704686987,45.2542001362166],[10.6545731829763,45.2534188537065],[10.6540424073152,45.2533917456008]],[[10.6596404346594,45.2521980301946],[10.6573230961692,45.2521220852221]],[[10.6558637170373,45.2541087620309],[10.6553438701614,45.2549203469176]],[[10.659865372712,45.2522157601303],[10.6599677157549,45.2510312260516],[10.6603153152812,45.2493326627779]],[[10.6654590353235,45.2512634885809],[10.6640924807205,45.2504822959076]]]}},{"type":"Feature","properties":{"CODICE_CAN":"3219","NOME_COMPL":"Dispensatore XIX della Calliera","COMUNI":"Goito"},"geometry":{"type":"MultiLineString","coordinates":[[[10.6474866204826,45.2479169331128],[10.64734799743,45.2479661656908],[10.6449151568054,45.2466810497178],[10.6443903422809,45.2462435829408],[10.6430529282095,45.2445358085179],[10.6433904754125,45.2442860821089],[10.6424698416708,45.2430654118816],[10.6429354076672,45.2424810168022],[10.6439214300149,45.242201093437],[10.6436557585246,45.2415806597788],[10.6438506952519,45.2415082571319],[10.6436120003326,45.2409949929615],[10.6441862700854,45.2407231024905]],[[10.6474866204826,45.2479169331128],[10.6493728363542,45.2492651127823],[10.6491621108642,45.2494396362332],[10.649208923197,45.2495266410841],[10.6503369973032,45.2503949527805],[10.6512872918146,45.2509370872013]],[[10.6474866204826,45.2479169331128],[10.6488281017078,45.247138644743],[10.6487448559791,45.2471015605319],[10.6497576551919,45.2460924147923],[10.6503092514711,45.2452423128158],[10.6507408480264,45.2453411554593],[10.6514447080377,45.2445313911093],[10.6487820052632,45.2429429682362],[10.6502402729917,45.2417360924322],[10.65011348284,45.2416598478966],[10.649389418917,45.2412244283469],[10.6464981955951,45.2393989572293]],[[10.6501143679708,45.2416719862624],[10.6507985340922,45.2411277868039],[10.6506874793074,45.2409903986198],[10.6512648622631,45.2404944142852],[10.6529687650225,45.2393878533917],[10.652860158895,45.2380227022773],[10.6522063253796,45.2379036201994],[10.6518084629194,45.2380802041034],[10.6507134783424,45.2382014884908],[10.6498652887619,45.2360064991765],[10.6487760967532,45.2361079767225],[10.6487421083754,45.2355789802725],[10.6485731327828,45.2355160416145],[10.6485033201888,45.2346502574967],[10.649903559701,45.234767486327]],[[10.6485033201888,45.2346502574967],[10.6463532843082,45.2347213490777],[10.6463801987444,45.2341030288906],[10.6459321861049,45.2340436409725]],[[10.6463801987444,45.2341030288906],[10.6466071374504,45.2340720123624],[10.6464654780955,45.2333690863259]]]}},{"type":"Feature","properties":{"CODICE_CAN":"3224","NOME_COMPL":"Dispensatore XXIV di Selvarizzo","COMUNI":"Cavriana, Guidizzolo, Goito"},"geometry":{"type":"MultiLineString","coordinates":[[[10.597615960186,45.2893706989185],[10.596614814224,45.289787513967],[10.5955902837878,45.2887273621073]],[[10.597615960186,45.2893706989185],[10.597615054333,45.2886906885788]],[[10.597615960186,45.2893706989185],[10.5978611900632,45.2908879975826],[10.5983518251074,45.2919544262574],[10.5965536602214,45.2926122712052],[10.5977626628375,45.2938063314232],[10.5964098085926,45.2944069007681],[10.5964253648972,45.2945353299866],[10.5961596255597,45.2946487109688],[10.5976803763822,45.2966647003789],[10.597016217247,45.29706204015],[10.5971359055768,45.2971742500528],[10.5964272867744,45.2975848619784],[10.5978797982904,45.2992960025069],[10.5976643170521,45.2994079729139],[10.5981805070945,45.3000955676738],[10.599813447852,45.2994153614332]],[[10.5981805070945,45.3000955676738],[10.6014895194803,45.3041740722257],[10.6005773671877,45.3051063677252],[10.6003158769297,45.3055845484766],[10.600470371023,45.305658305677],[10.6021180711411,45.3080267579839],[10.601690775691,45.308136091323],[10.6024001738514,45.3090224455001],[10.6027673560645,45.3097491004298],[10.5996045970397,45.3120647964165],[10.5994470729337,45.3122557545868],[10.599621876588,45.3124028704561],[10.5991184906183,45.3133403471104],[10.5989307080968,45.313997926977]]]}},{"type":"Feature","properties":{"CODICE_CAN":"3225","NOME_COMPL":"Dispensatore XXV dei Fienili","COMUNI":"Cavriana, Guidizzolo, Goito"},"geometry":{"type":"MultiLineString","coordinates":[[[10.6025842280207,45.2998585443524],[10.6017179595751,45.298537918574],[10.5994768495555,45.2975986733724],[10.5992658974235,45.2976326625371],[10.598920425717,45.2973548997486],[10.5986419289296,45.2968020332534],[10.5988708220444,45.296142144537],[10.5990930521366,45.2942480903549],[10.5989334375779,45.2934594645216],[10.6006059757968,45.2931154697219],[10.6031852561337,45.2928219921826],[10.6024680046757,45.2889979641924]],[[10.6025842280207,45.2998585443524],[10.6040714699493,45.2994548852555],[10.60437675867,45.2986072508465],[10.6044070633856,45.2978272287904],[10.6042963134806,45.2973617459965],[10.6045189330507,45.297259422806]],[[10.6025842280207,45.2998585443524],[10.6032360493938,45.3008307696531],[10.6017898197563,45.3016791788343],[10.602877241537,45.3034691890728],[10.6041223591685,45.3029012657952],[10.6058326451835,45.3050494545972],[10.6066924745664,45.3063934198639],[10.6087001699228,45.3048909904228],[10.6080858386542,45.3040919123092],[10.6054383566401,45.3013516659575]],[[10.6066924745664,45.3063934198639],[10.6068895008621,45.3067027732401],[10.6027673560645,45.3097491004298]]]}},{"type":"Feature","properties":{"CODICE_CAN":"8103","NOME_COMPL":"Dugale GAZZOLDO","COMUNI":"Asola"},"geometry":{"type":"MultiLineString","coordinates":[[[10.3758324510614,45.2314547640759],[10.3761331290337,45.2313439663842],[10.376203753006,45.2300808418599],[10.3775172944088,45.230041183877],[10.3784764582461,45.2299819737661],[10.3807636956129,45.2297876191775],[10.3809672006696,45.2287967738678],[10.3829927963425,45.228847282208],[10.3834175884085,45.22961278545],[10.3844820432099,45.2298854877408]],[[10.3762124634784,45.2300926450733],[10.3761744570584,45.2299144793609],[10.3761312271819,45.22637825238],[10.38013855566,45.2269371992187],[10.3819943989431,45.226331245158],[10.3840354695016,45.2260683546425],[10.3848871929644,45.225057733239],[10.3864082634043,45.2252417116283],[10.3864828861372,45.2255385123876]]]}},{"type":"Feature","properties":{"CODICE_CAN":"8105","NOME_COMPL":"Dugale SAPIENTI","COMUNI":"Asola"},"geometry":{"type":"MultiLineString","coordinates":[[[10.380503838417,45.2197521046884],[10.3824133353677,45.2199790727679],[10.3827418762148,45.2175458069659]],[[10.3823805119651,45.2200151947592],[10.3824218865934,45.2210268961438],[10.3829582277851,45.2216039048724],[10.3835564720011,45.2219539042014],[10.3849447924013,45.2215321901869],[10.3865264920657,45.2214415411823],[10.3866148252608,45.2209165047417],[10.3877623040712,45.22098591992],[10.3878274065625,45.2201991833097],[10.3886705084771,45.2202246562966],[10.3886818458339,45.2199982606314],[10.3897967795568,45.2201156848856]],[[10.3886815559869,45.2199863559459],[10.3890623877356,45.2187789991212]]]}},{"type":"Feature","properties":{"CODICE_CAN":"8109","NOME_COMPL":"Dugale RAVANA DI SOPRA","COMUNI":"Asola"},"geometry":{"type":"MultiLineString","coordinates":[[[10.3801280501279,45.2122306219196],[10.3852771782029,45.2119777245022],[10.3855562688327,45.2116766299362],[10.3855522923594,45.2108192821518],[10.3862091233673,45.2108113082621]],[[10.3855522923594,45.2108192821518],[10.3865601485978,45.2079252409228],[10.3882656882057,45.2087857250049]]]}},{"type":"Feature","properties":{"CODICE_CAN":"8111","NOME_COMPL":"Dugale RAVANA SOTTO","COMUNI":"Asola"},"geometry":{"type":"MultiLineString","coordinates":[[[10.3844278598769,45.2068317391727],[10.3805204742949,45.2048941174706]],[[10.393214111018,45.2086063578948],[10.3929971363929,45.2059296393769],[10.3938975383689,45.2057076521659]],[[10.3844331285365,45.2068466206768],[10.3853067194484,45.2072974091237],[10.3854899454071,45.2072118276086],[10.3873467790121,45.207367901323],[10.3894960067367,45.207770460197],[10.3913220885322,45.2083912672404],[10.3932144016955,45.2086182625812],[10.3942643408648,45.20815292933],[10.3943177386482,45.2075806784783]]]}},{"type":"Feature","properties":{"CODICE_CAN":"8112","NOME_COMPL":"Dugale UBERTI ALOISI","COMUNI":"Asola"},"geometry":{"type":"MultiLineString","coordinates":[[[10.3905849228355,45.2040656293526],[10.3884853028895,45.2015428101286]],[[10.3805228182361,45.2048830070706],[10.3818567653209,45.2050051967751],[10.3833560223857,45.2057015364065],[10.3841652281154,45.2057274524298],[10.384349028442,45.2056656822379],[10.3847491947241,45.2051487723665],[10.3848462710932,45.2042901973078],[10.3860392407369,45.2048592261501],[10.3860773247216,45.2043467068362],[10.3872172346152,45.2041185107782],[10.390348295049,45.2040327868971]],[[10.3848271775579,45.2043027367772],[10.3853924897809,45.2035452562026],[10.3856638037595,45.2022320501722],[10.3849696329081,45.2020856662507],[10.3853832153853,45.200735009311],[10.3858175579335,45.2005868381384],[10.3873208539647,45.2008839469976],[10.3883019728795,45.1988537631334],[10.389192422089,45.1990498973004]],[[10.3904755158982,45.2040677915894],[10.3917113423879,45.2043575239997],[10.3942803618469,45.2045090507179],[10.3954490192093,45.2038991002541],[10.3965357385346,45.2035642860287]]]}},{"type":"Feature","properties":{"CODICE_CAN":"0080","NOME_COMPL":"Vaso TORNAPASSO","COMUNI":"Asola, Mariana Mantovana"},"geometry":{"type":"MultiLineString","coordinates":[[[10.4589591266776,45.2313255603328],[10.4555390903446,45.2313366653704],[10.4553168694264,45.2288352960229],[10.4554452706528,45.2270283972142],[10.4556647226602,45.2257608549033],[10.4566204502585,45.2223899146163],[10.4564598608323,45.2212056173336],[10.4551748761254,45.2200705465497],[10.4544511797723,45.2190571665326],[10.4544209051663,45.218848777587],[10.4546878090933,45.2176533959602],[10.4561654880009,45.2147560976511],[10.4565817358338,45.2141058372669],[10.4574453748731,45.2132440398199],[10.4586916307994,45.2109519709352],[10.4594926393815,45.2101936585968],[10.4622911854547,45.2063035132162],[10.4622185344196,45.2051068728794],[10.4627351222906,45.2041975546651],[10.4642531752892,45.2044288053773],[10.4674536337582,45.2033066318036],[10.4670885081256,45.2015805703205],[10.4671329386031,45.2013283495559],[10.4667634991007,45.2005401329434],[10.4660273313764,45.1994798332819],[10.464027816022,45.1981393565642],[10.4635215730015,45.1976769729802],[10.4635146049528,45.1975153142461],[10.4641026266875,45.1966319032981],[10.4648520562871,45.1942957771131],[10.464317122162,45.1936518091558],[10.4641667783996,45.1931525237971],[10.4634374298715,45.1918739421701],[10.4635232948786,45.1909457453482],[10.4640752518796,45.189996810329],[10.4640168365399,45.1879253842738],[10.4646641884821,45.1858841775106],[10.4648159034129,45.1848480225247],[10.466048764554,45.1830143774029],[10.4673106820691,45.1804621899722],[10.4671261411439,45.1790432103813],[10.4667984656694,45.1788454365722],[10.4667722500446,45.1776189231459],[10.4671190622276,45.1770842229557],[10.4689571432292,45.1754233286365],[10.4690090689918,45.1750986188709],[10.4705234951029,45.173279838202],[10.4705416713231,45.173049362766],[10.4710528397685,45.1723008915048],[10.4718847958394,45.1718382189801],[10.4730149807216,45.171721323551],[10.4735812594951,45.1714752503189],[10.4749770001607,45.1713719626069],[10.4760825609731,45.1707692872251],[10.4762924303869,45.1704936955253],[10.4761766357789,45.1697447754813],[10.4776917268629,45.1688980229627],[10.4780214268616,45.1685952940638],[10.4792513787745,45.1681444740768],[10.4795933346548,45.1678501120982],[10.4803782971139,45.1677188499831],[10.4806232891475,45.1674973735174],[10.4811496139368,45.1673404672366],[10.4852432050514,45.1638149664849],[10.4855259454095,45.1639340830281],[10.4866220585443,45.1625839947178]],[[10.4667722500446,45.1776189231459],[10.4588678773253,45.1741667652777]]]}},{"type":"Feature","properties":{"CODICE_CAN":"8021","NOME_COMPL":"Fosso GAZZO","COMUNI":"Marcaria"},"geometry":{"type":"LineString","coordinates":[[10.554511794286,45.168622480001],[10.5559319971736,45.1717167247061],[10.556578104973,45.171688026688],[10.5617891337753,45.1699158692338],[10.5637834576795,45.1690529903811],[10.5656377575998,45.1684705273478],[10.5689808307219,45.1671190824727],[10.568559074201,45.1667795307636]]}},{"type":"Feature","properties":{"CODICE_CAN":"8029","NOME_COMPL":"Fosso ROSSINO","COMUNI":"Goito"},"geometry":{"type":"MultiLineString","coordinates":[[[10.610401906039,45.2528870980794],[10.6097965992382,45.2524010394868],[10.6092213091058,45.2525885729748],[10.6066241979104,45.2499253094293],[10.6059318543021,45.2494161757302]],[[10.6140684654511,45.2563539258848],[10.613827919373,45.2559124963856],[10.6137365207328,45.2557527288221],[10.6144609055476,45.2552593056213],[10.6111059450797,45.2525840353908],[10.6147632675241,45.2502717620634],[10.6126059292788,45.2493339859923],[10.6137063953167,45.2480686723707],[10.6144347144651,45.2483083251838],[10.6155242014175,45.2468996443438],[10.615283907931,45.2467482377077],[10.6160599933208,45.2461775643406],[10.6149626822641,45.2455262329491],[10.6135941209991,45.2444811937327],[10.6146300447276,45.2438983556827],[10.6145049727244,45.2437946690612],[10.61621649132,45.2424186925581],[10.6173596779736,45.2420573709996],[10.6205311210812,45.2407277421504],[10.6263876036575,45.239819969292],[10.6281634713948,45.2391106724418],[10.6290104669689,45.2398488080924]],[[10.6065185339732,45.2438738463272],[10.6044511538637,45.2406260026891]],[[10.6064765863519,45.2438356307526],[10.6047806948104,45.244167065972],[10.6042700645802,45.2440717180617],[10.6038612003763,45.2441543585851],[10.603306480723,45.2461443230928],[10.6022472347363,45.2486881736553],[10.6026335294523,45.2493064497566],[10.6029534048959,45.2494984664112],[10.60456207387,45.2499286864705],[10.6050962155625,45.2499980705614],[10.6054441868741,45.2498991942206],[10.6058971388028,45.2494485429942]],[[10.6137695158249,45.2557966410429],[10.6137222581222,45.2557486816597]],[[10.6104344985891,45.2528557486753],[10.61052128296,45.2529341685924],[10.6111169584974,45.2525673630437]]]}},{"type":"Feature","properties":{"CODICE_CAN":"2060a","NOME_COMPL":"Fosso ARRIGHI","COMUNI":"Medole"},"geometry":{"type":"LineString","coordinates":[[10.5200375671099,45.3166749895431],[10.519737226538,45.3161481702951],[10.5172366485559,45.3133751366066],[10.518276042048,45.3127645904325],[10.5173959619402,45.3116447002687],[10.5170360993443,45.3092022604798]]}},{"type":"Feature","properties":{"CODICE_CAN":"8022","NOME_COMPL":"Fosso MADONNA DEL PLATANO","COMUNI":"Castel Goffredo"},"geometry":{"type":"MultiLineString","coordinates":[[[10.5043558855191,45.2957560309946],[10.502239695706,45.2957538415186],[10.5023097640091,45.2937645036554],[10.5013181550014,45.2925459837689],[10.5007132377173,45.2921942978408],[10.4984548238366,45.2864927127856],[10.4998648643346,45.2860584377828],[10.499047217014,45.2842210167441],[10.4979253083387,45.2846138014911],[10.4970610872729,45.2831038727024],[10.4964115361495,45.2825217357776],[10.4962363847745,45.2820191220546],[10.4952478407347,45.2808602968178],[10.4953925417309,45.2807574032323],[10.4945121251352,45.2795647841098],[10.4970367220876,45.2785886008817],[10.4962006033363,45.2775802110644],[10.4973475069729,45.2770671833711],[10.4982129490212,45.2764985335633],[10.5004792270636,45.2757114286993],[10.5028762236775,45.2753110278329]],[[10.5028452614068,45.2753141285851],[10.5079698499961,45.2725490558326],[10.5094200831205,45.2722604398419],[10.5092241184947,45.271767985075],[10.5076538994256,45.2720816606245],[10.5070661567341,45.2709033560849],[10.5067866136978,45.2698996072029],[10.5081888583596,45.2685950157167]]]}},{"type":"Feature","properties":{"CODICE_CAN":"2057","NOME_COMPL":"Fosso LODOLO","COMUNI":"Castel Goffredo, Casaloldo"},"geometry":{"type":"MultiLineString","coordinates":[[[10.4995645957875,45.3165213262996],[10.498973560216,45.3151338019612],[10.4973661376838,45.3123880889601],[10.4989957820571,45.3117065769627],[10.4988841841467,45.3115561529756],[10.4983561825048,45.3116273428802],[10.4979258069065,45.310852060963],[10.4975089252636,45.3109146853129],[10.4967482672346,45.3097147856014],[10.4967513195744,45.3096196964174],[10.4988747824892,45.30854989415],[10.4983696246508,45.3065916750329],[10.4978011209849,45.3066334468916],[10.4968510356545,45.3049025448684],[10.4963999366575,45.3036851073562],[10.4963962156639,45.3035437465532],[10.4979994180795,45.3029496565078],[10.4975147810215,45.3024264761003],[10.496525135939,45.3017535331082],[10.4962947313819,45.3017184446788],[10.4961770031765,45.3013484521755],[10.4952915542312,45.3000168036831],[10.4947180002347,45.2987382261819],[10.4946445236904,45.2985105512021],[10.4948823979451,45.298316907546],[10.4940480191187,45.2973846952482],[10.4933326160134,45.2968700885051],[10.4931999370939,45.2969575617767],[10.4929265744241,45.2968277628441],[10.4927243708051,45.2957264353166],[10.492083500025,45.295047787052],[10.4923173691233,45.2947017769773],[10.4943741390931,45.2940008892412],[10.4941633714928,45.2936845067048],[10.4948842074993,45.2936369709182],[10.4951869866497,45.2928327797531],[10.4942498497781,45.291325556116],[10.4925605565056,45.2893984291037],[10.492891304335,45.2891336057923],[10.4928842759543,45.2887050005711],[10.4917317767001,45.2873175639569],[10.4913583174452,45.2865954308213],[10.4910187185877,45.2863352883007],[10.4895394587973,45.2841503938038],[10.4901549309491,45.2838879130318],[10.4876490998678,45.2818412809964],[10.4876473579597,45.2809660384947],[10.4868011994855,45.2790201821037],[10.4870690862917,45.2732316131601],[10.4882146453645,45.2730276121302],[10.488544356083,45.270620332414],[10.4913974537886,45.2708603910668],[10.4919635421414,45.2699865383085],[10.4936778038083,45.2698486108707],[10.4936902052248,45.2690744102322],[10.495076478846,45.2690239104353],[10.4950416499431,45.2707997865693],[10.496044361817,45.2708452773276]],[[10.4890687906447,45.282992212668],[10.4901301860848,45.2824439314527],[10.4903469476645,45.2825631414162],[10.4934620942424,45.2813292596513],[10.4918782305057,45.2792064766351],[10.4903559613531,45.2795761571034],[10.4899960208997,45.2789063238451],[10.4900374979679,45.277772090023]],[[10.4919298638474,45.2792458137534],[10.4938182891196,45.27870670238],[10.4962138413073,45.2775705113085]]]}},{"type":"Feature","properties":{"CODICE_CAN":"2061","NOME_COMPL":"Vaso GAMBAREDOLO e GAMBAREDOLETTO","COMUNI":"Medole, Castel Goffredo"},"geometry":{"type":"MultiLineString","coordinates":[[[10.5334618145705,45.3108984622645],[10.5333734096542,45.3107287746042],[10.5334592039619,45.3106290411548],[10.5347606673353,45.3098459060709],[10.5338196988855,45.3084554048834],[10.5339510664118,45.3083189125709],[10.5340529622361,45.3072627208856],[10.5334524201993,45.3060025049871],[10.5340970701186,45.305905123171],[10.5328945765582,45.3046561408815],[10.5314134277753,45.3027534062429],[10.5315521116773,45.3023574849737],[10.5324585695655,45.3016092475668],[10.534475139894,45.3007606521673],[10.5339086891609,45.3000305409527],[10.5333037818802,45.2997096717254],[10.5336244967702,45.2991708333993],[10.5335026665381,45.2987599622262],[10.532701895553,45.2983271976456],[10.5322038841585,45.2978272847664],[10.5320230682262,45.2971067781669],[10.5320766320599,45.2967905979481],[10.5325345721121,45.2962762091395],[10.5323728865692,45.2959487850595],[10.5320685877275,45.2958005063401],[10.5318629596787,45.2950803321497],[10.5313223505557,45.2945296025121],[10.5314142223596,45.2940917702918],[10.5318939936513,45.2939276045729],[10.5313085806536,45.292514922296],[10.5299954841949,45.288042890159],[10.529745393025,45.2872745881802],[10.5296912419888,45.2871412848741],[10.5298485267974,45.2870950605055],[10.5287303758501,45.2856619918899],[10.5274028385081,45.2844698747571],[10.5271994675814,45.284434487919],[10.5261171049443,45.2833248174378],[10.5284232407621,45.2824325738574]],[[10.5284592162486,45.2824395743705],[10.5294558135397,45.2820566134467],[10.5287901946085,45.2811396589614],[10.528300011153,45.2811969344719],[10.5267267237053,45.2798937773992],[10.5255220798995,45.2786233066443],[10.5248656128056,45.278351459978]],[[10.528248688516,45.2875735090856],[10.5278590758747,45.2877644885368],[10.5270136273168,45.286811228368],[10.5251724547137,45.2857559689388],[10.5240549058691,45.2864440340364],[10.5230118823665,45.2868596449084],[10.522367526356,45.2863113414245]],[[10.5296945417078,45.2871494077934],[10.5282521583976,45.287579959066]],[[10.5329580069127,45.2703077965857],[10.5350151654331,45.2722859449187],[10.5342983072842,45.2725628629162],[10.5341698470686,45.2727933251419],[10.53471042031,45.2738063849285],[10.5355798857532,45.2733508358466],[10.5356813523234,45.273513957017],[10.5360295466359,45.2734681547184],[10.5365181649344,45.2737699935508],[10.536736492774,45.2741268679738],[10.5365930349903,45.2743858054733],[10.5368302167805,45.2747218654626],[10.5403184539659,45.2782592893581],[10.540102810552,45.2783615729466],[10.543822970249,45.282022551386],[10.5437135842625,45.282284463837],[10.5367235375101,45.285325721955],[10.5326059472031,45.2862714222526],[10.52984974301,45.2872724270182],[10.5297579547913,45.2873131803875]],[[10.5251724541666,45.2857559692423],[10.5243443616561,45.285258896398],[10.5218539065508,45.282243403214]]]}},{"type":"Feature","properties":{"CODICE_CAN":"8210","NOME_COMPL":"Fosso SASSI","COMUNI":"Medole"},"geometry":{"type":"LineString","coordinates":[[10.5250906294405,45.3151097432012],[10.5231558556525,45.3138689715802],[10.5225269555759,45.3132639621069],[10.5209210999801,45.310802568552]]}},{"type":"Feature","properties":{"CODICE_CAN":"8209","NOME_COMPL":"Fosso LIVELLO DI REDONDESCO","COMUNI":"Redondesco"},"geometry":{"type":"LineString","coordinates":[[10.5136821396015,45.1598612273323],[10.5150808094647,45.1585887853441],[10.5158142103657,45.1581841862532],[10.5207188101526,45.1568466399107],[10.5233133214409,45.1557005857527],[10.5233780378071,45.1550269825792],[10.5259560282472,45.1536544031886],[10.5301719241641,45.1520916495275]]}},{"type":"Feature","properties":{"CODICE_CAN":"1042","NOME_COMPL":"Roggia ISORELLA","COMUNI":"Acquafredda, Carpenedolo, Castel Goffredo, Casalmoro, Asola"},"geometry":{"type":"MultiLineString","coordinates":[[[10.4285510203057,45.3243918204473],[10.4291207423683,45.3215779888017],[10.4288770988358,45.3211158222772],[10.4288601138303,45.3204404798429],[10.4289473523333,45.3202370645073],[10.4299531964742,45.3200307219942],[10.4294977982929,45.3181589292944],[10.4296741889693,45.3170559426033],[10.4300183996925,45.3168277053477],[10.4300359647048,45.31656000632],[10.43062698104,45.3155169800368],[10.4314497289632,45.3134879527352],[10.4311465015228,45.3123029514716],[10.4306538544422,45.3118461804001],[10.4300789871383,45.3117067823845],[10.4296635379973,45.3113840657106],[10.428698990134,45.3097605934321],[10.4278581263494,45.3087165620704],[10.428105475572,45.3072461274985],[10.4270059498573,45.306001241784],[10.4265017381346,45.3057476636912],[10.4258045464647,45.3050948528802],[10.4259142912477,45.3046540146005],[10.4262175734597,45.3046488769467],[10.4264588079501,45.3042407859163],[10.4264509280869,45.3038178683055],[10.4261754982314,45.3037345073212],[10.4253403955111,45.303078293031],[10.4248797147764,45.3031284086852],[10.4246995233889,45.3027005035436],[10.4244923739911,45.3007984252701],[10.4241243405058,45.299516283341],[10.4243097455543,45.2992388921018],[10.4246676439859,45.2977621212632],[10.4254212055822,45.295922293037],[10.4272999528168,45.2903315148877],[10.4273477429009,45.2898157693579],[10.4270999504354,45.2894311090608],[10.4268312527036,45.2883932423529],[10.4268663053741,45.287974827154],[10.4274534495922,45.286969702105],[10.4278386552588,45.286589777645],[10.427797901835,45.2861758825664],[10.4279729869458,45.2856914109951],[10.4286177755056,45.2850085082247],[10.4297802530558,45.2841081870509],[10.4298363650879,45.2833570697906],[10.4300716544675,45.2828529071562],[10.4298348215767,45.2815172133107],[10.4299003427299,45.2812552457179],[10.4303028809595,45.2803752752013],[10.4303664526106,45.2799227018752],[10.430793771948,45.2792710433484],[10.4314135928008,45.2787208929828],[10.4314873483554,45.2784799811836],[10.4319588242514,45.2781132506674],[10.4322570738755,45.2774986191412],[10.4321954913738,45.276462348071],[10.4323072174034,45.276052156548],[10.4319618215589,45.2743844759521],[10.4325280671695,45.2743101451202],[10.4323082444222,45.2737728395149],[10.4319334585782,45.2737618538024],[10.4315271285733,45.2725536536344],[10.4314378089232,45.2720574808324],[10.4315670154933,45.2720320916921],[10.4315683993335,45.2713223792425],[10.4315085500625,45.2707923872834],[10.4313087572308,45.2704047432886],[10.4298000986398,45.2695199030621],[10.4289678477338,45.2684117364849],[10.4280517075943,45.2682482462599],[10.4276747365783,45.267997729815],[10.4275158635705,45.267629405866],[10.4275206863656,45.2670757526388],[10.4273238724154,45.2667214616647],[10.4261938176678,45.2664169108094],[10.4258976859482,45.2661808928863],[10.4254211116668,45.2662718757545],[10.4248230326475,45.2661730840121],[10.4249697736958,45.2658111810471],[10.4241290826948,45.2650877318138],[10.4232931434136,45.2635216377974],[10.4231391593158,45.2626772572326],[10.4237000023615,45.2624230166052],[10.4237278332671,45.2613649605892],[10.424010642529,45.2611113841631],[10.4252887094232,45.2579838253889],[10.4254192167403,45.2579341101482],[10.4245583057361,45.2555707076831],[10.424296083455,45.255130407802],[10.4231960684649,45.2541936165164],[10.4230033964275,45.2536637328864],[10.4228862732081,45.2522077455813],[10.4238837447447,45.2521632711275],[10.4242705280843,45.2518480138403],[10.424353811467,45.2515230912059],[10.4246290954588,45.2512748464937],[10.4246561144804,45.250571434331],[10.4248903656215,45.2502998314587],[10.42473856143,45.2490266710571],[10.4244619292345,45.248576150481],[10.4246224254431,45.2480516530702],[10.4245178803765,45.2474803125972],[10.4263383052376,45.2475160067377],[10.426453496712,45.245833835019],[10.4268897901588,45.2444115666103],[10.4282506626679,45.2415846519434],[10.4293006199687,45.237277803971],[10.4313752213262,45.235926417936],[10.4319572354652,45.2353439473407],[10.4319423901163,45.2343348042325],[10.4317364667787,45.2338169458497],[10.4318159359078,45.2328024799281],[10.4319571957532,45.2326513022139],[10.4316537549978,45.2315685760048],[10.4317483272857,45.2313455445444],[10.4333581562696,45.2308467643181],[10.4326350445842,45.2274739955542],[10.432014597076,45.2231221026975],[10.4312028477752,45.223259679249],[10.430893908097,45.2206646253435],[10.4302483002461,45.2198024959925],[10.4293423235235,45.218309337272],[10.4292220870739,45.2179101702749],[10.4291154288606,45.2171101611646],[10.4294348438224,45.2154554224066],[10.4281027137163,45.2103114000023],[10.4278622457732,45.2073093618706],[10.4280051073599,45.2045251224412],[10.428502203741,45.2036285186134],[10.4297180147487,45.2021998109765],[10.4300007438926,45.2021740105498]],[[10.4262096115141,45.3276029236132],[10.4277444644632,45.3271232423115],[10.4283427829048,45.3260846382324],[10.4285277433843,45.3244105051792]]]}},{"type":"Feature","properties":{"CODICE_CAN":"0084","NOME_COMPL":"Vaso ZENERATO","COMUNI":"Casaloldo, Piubega, Redondesco, Gazoldo degli Ippoliti, Marcaria"},"geometry":{"type":"MultiLineString","coordinates":[[[10.4953537001623,45.2461759343977],[10.5005937081415,45.2445468121044],[10.5055258283464,45.2422958282285],[10.5064445391891,45.2417564188192],[10.5070405198485,45.2409884659686],[10.506911999825,45.2408947535847],[10.5071022581481,45.2405996619695],[10.5042603454822,45.2379847960477],[10.5050995185578,45.2366952860867],[10.5046447966185,45.2361797159622],[10.5054441094116,45.2357380169123],[10.503816077516,45.2339714105664],[10.5053558491257,45.2335009987985],[10.507852200025,45.2324963608865],[10.5097035730296,45.2313858737969],[10.5073762291916,45.2288372700791],[10.5074924194355,45.2286428232238],[10.5071220798953,45.2282118658552],[10.5136749305581,45.2250100176598],[10.5138554273744,45.2246732248615],[10.5145582451919,45.2244908625421],[10.5150624467921,45.2248051673568],[10.515524839381,45.2248820915869],[10.5161075593308,45.2244192545742],[10.5168536947291,45.2241627599382],[10.5174427112174,45.223552470709],[10.5181657382509,45.2231784709775],[10.516584131094,45.2214918263271],[10.5155947227863,45.2202117143732],[10.5168031088658,45.2196526575332],[10.5171452219446,45.2192122703953],[10.5168073172967,45.2184808237781],[10.5167633896998,45.2172095989044],[10.5172237001313,45.2157030377464],[10.5194676445135,45.215315963825],[10.5165441779986,45.2118180386062],[10.5170370540908,45.2113470695669],[10.5169331597257,45.2112412739437],[10.5179648987363,45.2106988396893],[10.5178844735135,45.2103355127472],[10.5176356992583,45.2101030330148],[10.5185880166189,45.2094258925428],[10.5180454947506,45.2087900535719],[10.5179753148256,45.2078621359471],[10.5174100468644,45.207179608637],[10.517890791044,45.2067498265675],[10.5177200189307,45.2054484118031],[10.517334427121,45.2045184201457],[10.5173954105912,45.2038978506766],[10.5182820590766,45.2019350524955],[10.5193820891508,45.2012440329409],[10.5195058836342,45.200832739615],[10.5193391705346,45.2006444232713],[10.5192748929654,45.2002546835152],[10.5196645318208,45.1997064807634],[10.5199393262828,45.1983881424932],[10.5206626515006,45.1972162599764],[10.5244776434306,45.1942597722263],[10.5256191287227,45.1936157712475],[10.5263977105227,45.1930051889777],[10.5269389107946,45.1920833937129],[10.5278104590212,45.1914239253303],[10.5282932093309,45.1908363397731],[10.5314251634606,45.1880602325682],[10.5351988024332,45.1861137658103],[10.5356476948486,45.1857742977164],[10.5362489512583,45.1850898169479],[10.5363992677321,45.1846686200089],[10.536958566823,45.1839275394336],[10.5381506069815,45.1826730224969],[10.539870313523,45.1815066479364],[10.5405874194082,45.1811254378256],[10.541432388393,45.1809901912399],[10.5421204898585,45.1805331486765],[10.5423025691443,45.1802925226916],[10.5421734085755,45.1799989381332],[10.5422322434452,45.1796837623816],[10.5427279551756,45.1790864121856],[10.542975115825,45.1782637756753],[10.5435761181574,45.1774961060295],[10.5442430557727,45.1768366874751],[10.5468625288213,45.1750864356964],[10.5479656801908,45.1730518259211],[10.5489180196836,45.1719147629804],[10.5491643008703,45.170815849225],[10.5515438624299,45.1696689250349],[10.5554999476379,45.1683099592157],[10.5569561945162,45.1683758606779],[10.557401203264,45.1681506793416],[10.5580054854888,45.1685806686551],[10.5587021403646,45.1684473175308],[10.5593424023831,45.1687148540527],[10.5599018315375,45.1684881012302],[10.5600444532621,45.1682860922867],[10.5599817596126,45.1679630388404],[10.5602416341421,45.1676165269339],[10.560194223593,45.1673599527554],[10.5603730622503,45.1670050230888],[10.5599098335963,45.1663159035276],[10.5600770306979,45.1660278204422],[10.5607272786359,45.1656759783744],[10.561259452258,45.1651923728267],[10.5612205548023,45.1647546776793],[10.5608580692192,45.1643023515937],[10.5609154851085,45.1639395541876],[10.5606094529688,45.1635817221046],[10.5606586142241,45.1634095708233],[10.5604950001729,45.1633355924569],[10.5607550052652,45.1622555265264],[10.5606813172396,45.1610371195642],[10.5608640366742,45.1608250365885],[10.5607607070282,45.1604930148776],[10.5609154650223,45.1602432071606],[10.560627302479,45.1597993904507],[10.5607910944221,45.159387505523],[10.5604757909329,45.1591822269498],[10.5601979444067,45.1583762552437],[10.5594909578363,45.1576333027596],[10.5581221641317,45.1570613281374],[10.5579033473967,45.155949691897],[10.5566886434356,45.1558424063677],[10.5566107099545,45.1554528745382],[10.5567080037703,45.1550704811904],[10.556151774139,45.1549161074223],[10.5556698433137,45.1550179385166],[10.5551793571065,45.1548055044082],[10.5552978848496,45.1544609298899],[10.5554586136984,45.1544301609754],[10.5552093540924,45.1541763346089],[10.5554440952044,45.1538968651378],[10.5551156417288,45.1537012772079],[10.5554461463479,45.1534776632866],[10.5553180194076,45.1532221878255],[10.5552530583173,45.1533088120328],[10.554994494514,45.153207538526],[10.5550296868037,45.1530165266222],[10.5543290526043,45.1525020954594],[10.5542420846371,45.1522746379515],[10.5543173949186,45.1520735527491],[10.5539977622102,45.1522017487103],[10.5538546321576,45.1518893158525],[10.5532451244678,45.1515070114947],[10.5514673619663,45.1509881515662],[10.5510910683062,45.1505169280806],[10.5499898381453,45.1506176171591],[10.5500498949146,45.1503500553758],[10.549899791196,45.1502758782616],[10.5494952785049,45.1502527870592],[10.5487243233046,45.1498726483475],[10.5483876199645,45.1498676864613],[10.5479055834257,45.1494754701605],[10.5477213555415,45.1481289856632]],[[10.5180278311493,45.205689013072],[10.5180793345678,45.2056148825384],[10.5177200189307,45.2054484118031]]]}},{"type":"Feature","properties":{"CODICE_CAN":"8208","NOME_COMPL":"Fosso LAMI'","COMUNI":"Guidizzolo"},"geometry":{"type":"MultiLineString","coordinates":[[[10.553229753417,45.3113468732441],[10.5527394075971,45.3096508803636],[10.5524061585573,45.3094647116732],[10.550969241216,45.3077407051335],[10.5511076267033,45.3071531114208],[10.5504207175632,45.3053235634188],[10.5505728487783,45.3052397706501],[10.5499790655255,45.304558591854],[10.5503851369548,45.3041607886048],[10.5507520275202,45.3040250448783],[10.5508947916794,45.3035981228707],[10.5512085339142,45.3032124677747],[10.5512907405248,45.3028299557015],[10.5515795522281,45.3026625784113],[10.5517080614603,45.3022794368417],[10.5518769270326,45.3016778064329],[10.5515651424861,45.2993064884798],[10.552940551157,45.2987865367369],[10.5560643184504,45.2972729321017],[10.5567267669685,45.2949646321502],[10.5572686375534,45.2944559829938],[10.5561999631535,45.2926398415026]],[[10.5515331050242,45.2992976270593],[10.551245534865,45.2994228857265],[10.5505498245701,45.2981627826071],[10.5507605744633,45.2971610861564]]]}},{"type":"Feature","properties":{"CODICE_CAN":"8011","NOME_COMPL":"Fosso BRUNINE","COMUNI":"Rodigo"},"geometry":{"type":"LineString","coordinates":[[10.6083258523659,45.2161544040958],[10.6210863701153,45.2238347173588]]}},{"type":"Feature","properties":{"CODICE_CAN":"8012","NOME_COMPL":"Fosso BRUSCHE","COMUNI":"Castellucchio"},"geometry":{"type":"LineString","coordinates":[[10.6247164207888,45.1684389363942],[10.6248407132327,45.1685466978014],[10.6345477941551,45.1619254564792],[10.6348631027985,45.1623072945725],[10.6359618665008,45.1619115344239],[10.6374785407716,45.1615731069324],[10.6396894810393,45.1642141778907],[10.6425697229462,45.1631066066287]]}},{"type":"Feature","properties":{"CODICE_CAN":"8019","NOME_COMPL":"Fosso GAFFURRO","COMUNI":"Castellucchio"},"geometry":{"type":"LineString","coordinates":[[10.6069151093594,45.172466821211],[10.606261526333,45.1717554492544],[10.6051578521619,45.1698519457751],[10.6047663849558,45.1699348294458],[10.6042904360908,45.1691522410008],[10.6047181603297,45.1680242175081],[10.6058048599503,45.1675756079401],[10.6070746148683,45.1668303700448],[10.6048582853637,45.164447301366],[10.6026901008993,45.1651039645963],[10.601527993382,45.1637888896517],[10.6008764964912,45.1622000753605],[10.6016092939846,45.1620072952257],[10.6014964235062,45.1610632364723],[10.6036689484325,45.1610114892575],[10.6027813523771,45.1572804946562],[10.6054305531725,45.1570507074646],[10.6055138027552,45.1565165763278],[10.6060875478196,45.1554329975477],[10.6064278720173,45.1550454690607],[10.6084383868416,45.153934463556],[10.6059903030949,45.151393027017]]}},{"type":"Feature","properties":{"CODICE_CAN":"8205","NOME_COMPL":"Fosso ADACQUATRICE","COMUNI":"Marcaria"},"geometry":{"type":"LineString","coordinates":[[10.5157092223106,45.1353072317166],[10.514989033168,45.1342493632389],[10.514559150442,45.1340526754905],[10.5139550765146,45.1332040513779],[10.5133296775488,45.1329733733436],[10.5109789896008,45.1292960348266],[10.5149093395302,45.1274852998346]]}},{"type":"Feature","properties":{"CODICE_CAN":"8027","NOME_COMPL":"Fosso PRATOLA","COMUNI":"Castel Goffredo, Casaloldo"},"geometry":{"type":"MultiLineString","coordinates":[[[10.4703363942687,45.2779598764295],[10.4709678208061,45.2778238229532],[10.4702982939675,45.276145791646],[10.4711783954096,45.2760607797176],[10.4712813724108,45.2756191456735],[10.4726542505713,45.2734356666271],[10.47284340058,45.2726818316169],[10.47285892328,45.2724753660826],[10.4723536389471,45.2714947494393],[10.4720635743055,45.2703640246168],[10.4720756708689,45.2700250036407],[10.4724290121028,45.2691659198473],[10.4726836724041,45.2677187758204],[10.4730711896369,45.267374914054],[10.4730503622225,45.2661670525351],[10.4727334996677,45.2644031427562],[10.472287574848,45.2628913606908],[10.4709246733174,45.2618186518385],[10.470978104728,45.2614643652315],[10.4703776687746,45.2597062038352],[10.4697119841271,45.2570955459516],[10.4694143742425,45.2568066134746],[10.467144621651,45.2569069827379]],[[10.4637321817845,45.2831592022975],[10.4638445710289,45.2830549689359],[10.4630399538018,45.2812835110906],[10.4649260613662,45.2797321156205],[10.4651760050896,45.2791220388379],[10.4652891289274,45.2790937943032],[10.4652342921026,45.2788064676405],[10.4653543122048,45.2786776596938],[10.4687439899441,45.2780446770688],[10.4690164551411,45.2782686854342],[10.4703590969573,45.27795950219]],[[10.4755556025585,45.2754704705905],[10.4754397557458,45.2746614637971],[10.4717302942303,45.275024132281]],[[10.4754394086313,45.274648071325],[10.4755589640857,45.2743774810659],[10.4750691155884,45.2726984969649],[10.4753574281938,45.2725920118319],[10.4746636875877,45.2705320111636],[10.4722194863791,45.2698099394766]]]}},{"type":"Feature","properties":{"CODICE_CAN":"2058a","NOME_COMPL":"Fosso RABBIOSETTA","COMUNI":"Casaloldo, Asola"},"geometry":{"type":"MultiLineString","coordinates":[[[10.4636639980849,45.2603942238997],[10.4640136873965,45.2599497810644],[10.4639698274917,45.2597127279766],[10.4641662707936,45.2593416647173],[10.4643699526911,45.2539126996155],[10.4649259386162,45.2538524429561]],[[10.4665068398745,45.2616704660768],[10.466201922604,45.2618352606705],[10.4659274632884,45.2612871883078],[10.465333608099,45.2603410076278]],[[10.4544606820989,45.182689153498],[10.4585695640242,45.184596335305],[10.4581262108055,45.1904466648932],[10.4576369346856,45.1931823265293],[10.4578169351997,45.1952187530195],[10.4580851718751,45.1962251633508],[10.4581245256149,45.1988206986553],[10.4540994737147,45.198574711681],[10.454417499766,45.1996945137129],[10.4540038483848,45.2012255356395],[10.4532879762023,45.2018449464427],[10.4526838121515,45.2029243808748],[10.454674972431,45.202980913631],[10.4541824670552,45.2049297310769],[10.4530006831781,45.204825684473],[10.4532623875018,45.2070402824414],[10.4533513834789,45.2101204291317],[10.4530897964314,45.2119301609174],[10.4527354456152,45.2125600818099],[10.4541624731338,45.2128192507172],[10.4539014542046,45.2139389770971],[10.4534430585881,45.2176438288248],[10.4535081662661,45.2190169098461],[10.4539317046012,45.2189759274369],[10.4548688610965,45.2201803447122],[10.4554000927376,45.2206446242095],[10.4559886113334,45.2208467404886],[10.4609064225164,45.2206807686705],[10.4623776261397,45.2207480296207],[10.4651358682525,45.2215343621387],[10.4661710368334,45.2219641391821],[10.4659519088392,45.2225409824019],[10.4657435090012,45.2258019014106],[10.4650206254946,45.2287312387907],[10.4648864824192,45.2299708664751],[10.464958997175,45.2308684173543],[10.4653787638925,45.2316716675395],[10.4649731841971,45.2330695139654],[10.4662192957915,45.2331783172503],[10.4665018368464,45.2344125975086],[10.4664900853539,45.2357405023169],[10.4655863960684,45.2380981302553],[10.4647535681094,45.2388176125707],[10.4640433277149,45.2401844184703],[10.4635209050908,45.2407501666809],[10.4629244180417,45.2406330168747],[10.4628033063234,45.240869170846],[10.4624434814536,45.240888752072],[10.4615615157263,45.2416238141622],[10.4605864442191,45.2434132764781],[10.4604995814716,45.2438835921163],[10.4600449600971,45.2444784059442],[10.4609623549297,45.2452603344398],[10.4610355486273,45.2460480632504],[10.4611846277581,45.246350641515],[10.4610908556169,45.2465515022527],[10.461250735214,45.2467241622575],[10.4611437313143,45.2469601336929],[10.4614597069938,45.2472955172],[10.4612534488937,45.2478492221865],[10.46048488457,45.2480786782775],[10.4604287607478,45.2483149964932],[10.4606137915055,45.2484763537697],[10.46020165983,45.2491894996863],[10.4604005249572,45.2494488198137],[10.4603046681901,45.2497264537034],[10.4610328392061,45.2506821524287],[10.461881159359,45.2513695986134],[10.4624558837272,45.2515610638582],[10.4625671143641,45.2517487627127],[10.4632331826813,45.2520214929338],[10.4636148715945,45.2524481904904],[10.4642735904157,45.2527016122756],[10.4645369977742,45.2530667819461],[10.464497059506,45.2533824977687],[10.4646476682856,45.253632730041],[10.4649219756415,45.2538467634118],[10.4649949891388,45.2539513788476],[10.4650656207704,45.2540755104427],[10.4652795781657,45.2550194721347],[10.4652164491793,45.2551869980045],[10.4653918836962,45.2554526831761],[10.4652498449164,45.2558296155216],[10.4654677992559,45.2562733788681],[10.4652154971594,45.2584260542005],[10.4653759222008,45.259090858477],[10.4647626949185,45.2591761259912],[10.4653745359519,45.2603471957633],[10.4650315974632,45.2604528138909],[10.4647547035637,45.2605039976773],[10.4642248202189,45.2605524687661],[10.4636639980849,45.2603942238997],[10.4602139326059,45.2638584397464],[10.4593604958849,45.264451258432],[10.4585603308263,45.2645778598901],[10.4581395728677,45.264772352043],[10.4578432075393,45.2652659120183],[10.457920296043,45.2655946799547],[10.4558792980459,45.266071689446]]]}},{"type":"Feature","properties":{"CODICE_CAN":"2078","NOME_COMPL":"Rio CAORDINE","COMUNI":"Asola, Acquanegra s/Chiese"},"geometry":{"type":"MultiLineString","coordinates":[[[10.4300007438926,45.2021740105498],[10.4311381438671,45.2017062304591],[10.4302433638044,45.2001728373022],[10.4302614796386,45.1993876919928],[10.430025874097,45.1989598672526],[10.4306486017006,45.1974580143842],[10.4314893625164,45.1970477610295],[10.4316373404205,45.1968949431052],[10.4316648040525,45.1965990626361],[10.431795072471,45.1965679759495],[10.4318970158971,45.1946605371642],[10.4325325371774,45.1923857742099],[10.4296076381129,45.1912869002147],[10.4290714192328,45.1900969739214],[10.4280306681871,45.189702426066],[10.4266432927555,45.1894972574295],[10.426050056215,45.1890072108435],[10.4257046716784,45.1885451666025],[10.4256521678037,45.1882469072728],[10.4256080827415,45.1880132016043],[10.425527508134,45.1877276654036],[10.4247186874749,45.1866967223724],[10.4247794294733,45.1864532801125],[10.4245226583253,45.1856574633364],[10.4246423647361,45.184612087513],[10.424561778592,45.1843037953468],[10.4237355500542,45.1840563549256],[10.4236221410105,45.1832507736695],[10.423906386729,45.182868579575],[10.4237347205985,45.1825614224553],[10.4194632607774,45.1830012422334],[10.419345346079,45.1833893315567],[10.4192187839654,45.1834295676287],[10.4188467478807,45.1831248942691],[10.4190573532109,45.1828000910009],[10.4188636546777,45.1823385510802],[10.4186023700112,45.1821467189771]],[[10.4257063950189,45.1885164532492],[10.4252086172271,45.1886133632719],[10.4233061116925,45.1889545296672],[10.4225786648233,45.1890996391801]]]}},{"type":"Feature","properties":{"CODICE_CAN":"8207","NOME_COMPL":"Fosso GAMBINA - SELVETTE","COMUNI":"Acquanegra s/Chiese"},"geometry":{"type":"LineString","coordinates":[[10.4663105785451,45.1686003145775],[10.4635041640267,45.1663872320315],[10.4617935198387,45.1653514706359],[10.4655779325447,45.1648288563324],[10.4690496165164,45.1641764104675],[10.4696920860835,45.1637669633225],[10.471477360572,45.1630267143069],[10.4706931962707,45.1619365980092],[10.4707245795306,45.1618207021978],[10.4720872750218,45.1620219768783],[10.4731979518955,45.1624453125585],[10.4749891193595,45.1623277392577],[10.4739072341229,45.1611658609868],[10.47597316905,45.160092745213],[10.4758596475164,45.1599334477426],[10.4761369539866,45.1597542127389],[10.4759030359603,45.1594952493787],[10.4760683007106,45.1593770051989],[10.478505439472,45.1581040125299],[10.4788613508723,45.1583613906917],[10.4793683776202,45.1581166526818],[10.4799380478173,45.1575287308813],[10.4815942310032,45.1567165282073],[10.482596959795,45.156441525758],[10.4841798487521,45.1564715734428],[10.4855112700884,45.1562160895659],[10.4877290110475,45.1555798817006],[10.4890772897181,45.1550409223103],[10.4897473227306,45.1556418983717],[10.4908399237773,45.1557722741591]]}},{"type":"Feature","properties":{"CODICE_CAN":"8206","NOME_COMPL":"Fosso DOSSO MANTELLINA","COMUNI":"Casalmoro, Asola"},"geometry":{"type":"MultiLineString","coordinates":[[[10.4147804714997,45.2564471335363],[10.4146469744148,45.2562429392431],[10.414697980855,45.2555811571296],[10.4144350391474,45.2555514790145],[10.4144461635793,45.2541568216626],[10.4154230682553,45.242371793044],[10.4146398039451,45.2423400405068],[10.412858539312,45.2415052760071],[10.4115809218425,45.2412585049356],[10.4120849545757,45.2402848944878],[10.4122784532996,45.2401995826119],[10.4126085293762,45.2393110382608],[10.412056885029,45.2391520254738],[10.4118864113643,45.2385875268965],[10.4107364525672,45.2387537585641],[10.4094046867663,45.2386872869946],[10.4094980176946,45.2385064800016],[10.4092400505397,45.2383576465036],[10.4079971885345,45.2379307512503],[10.4064111890067,45.237072747317],[10.4064771292376,45.236574426965],[10.4050223041364,45.236274487348],[10.4046847806801,45.236071344877],[10.4048852287712,45.2354746306923],[10.4044711541192,45.2337522621705],[10.4043313511161,45.2320472477512],[10.4064132344632,45.231607029849],[10.4067810936066,45.2306627560171],[10.4063797837872,45.2294584756039],[10.4059134025452,45.2287870545313],[10.4059276317922,45.2277780383223],[10.4051961412137,45.227607163249]],[[10.4150498919241,45.2461533659731],[10.4139413287507,45.2463592038346],[10.4130592336307,45.2462856896395],[10.4130844199261,45.2459982503659],[10.411280216517,45.2456148302398],[10.4099767718147,45.2458131789257],[10.408279542549,45.2457364941224],[10.407421427235,45.2460594965563],[10.4071041759682,45.245152179338],[10.4067832956672,45.2448437122247],[10.4057966749931,45.2444393032412],[10.4054690628063,45.2438575483837],[10.4052281078542,45.2430534269832],[10.4052785231602,45.2421090342167],[10.4051120961346,45.2420850483328],[10.4058440277298,45.2403837587748],[10.40558851581,45.2397360262614],[10.4043950651671,45.2399069235526],[10.4044390364131,45.2372052420906],[10.4046877394823,45.2360826736237]]]}},{"type":"Feature","properties":{"CODICE_CAN":"8211","NOME_COMPL":"Fosso SELVELLO","COMUNI":"Asola"},"geometry":{"type":"MultiLineString","coordinates":[[[10.4164023687783,45.2354697491396],[10.4160089251982,45.2354368230176],[10.4161671148166,45.2345186439568],[10.4152029075477,45.234390709248],[10.4151822282518,45.2335578418569],[10.4144975362601,45.2334361508357],[10.4126331361656,45.23329000607],[10.4085129991804,45.2335622086903],[10.4075872793374,45.2333783621948],[10.4064814006139,45.2333594479267],[10.4063105031512,45.2331532715739],[10.4060151746942,45.2331308739425],[10.405852623337,45.2332630515933],[10.4053876839055,45.2330865297218],[10.4044796180658,45.2336184062733]],[[10.4110138144459,45.2333686101439],[10.4109737564287,45.2332389288304],[10.4119529329819,45.2311179783056],[10.4118585917519,45.2310280218007],[10.4099933107864,45.2308427923114],[10.4096582630663,45.2307037371756],[10.4080000850946,45.2306981633576]]]}},{"type":"Feature","properties":{"CODICE_CAN":"2066b","NOME_COMPL":"Scolo PONTALTO","COMUNI":"Goito"},"geometry":{"type":"MultiLineString","coordinates":[[[10.6381190602957,45.2838698990976],[10.6358673359354,45.2814526166154],[10.6332367399224,45.2789575670095],[10.6326931051043,45.2781936010634],[10.6315974071231,45.2774094618259],[10.6297674956946,45.2747555463188],[10.6293279149985,45.2748460135776],[10.629036752023,45.2743941381703],[10.6274176829364,45.2726773011447],[10.6251480561778,45.2704435147015],[10.6272172137621,45.2689687608659],[10.6286697949877,45.268344675912],[10.6295328120542,45.2682972777318],[10.631154886227,45.2685617577995],[10.6338969680982,45.2670672109386]],[[10.6327393596343,45.2782298981028],[10.6343530254263,45.2778242923461],[10.6369418448333,45.2769118352234],[10.6367469843234,45.2766571725145],[10.6363651840887,45.274974461717],[10.6364435634496,45.2737154737632],[10.6357222767556,45.2729056275925],[10.6379856724239,45.2722773353165]]]}},{"type":"Feature","properties":{"CODICE_CAN":"2067b","NOME_COMPL":"Scolo CORBELLO","COMUNI":"Volta Mantovana"},"geometry":{"type":"LineString","coordinates":[[10.6321627826585,45.2974699772098],[10.6338114205525,45.2976700480933],[10.6344402300595,45.2975345196975],[10.6348218925835,45.2972387921705]]}},{"type":"Feature","properties":{"CODICE_CAN":"2067a","NOME_COMPL":"Scolo QUAGLIA","COMUNI":"Volta Mantovana"},"geometry":{"type":"MultiLineString","coordinates":[[[10.6301857211072,45.3120899293836],[10.6314212189418,45.311655155194],[10.631347201059,45.3113648936639],[10.6320147830102,45.3107594650292],[10.6313159778713,45.3096240386873],[10.6311104671652,45.3093290357128],[10.6324289774383,45.3088467168889],[10.6315888229588,45.3063825092808],[10.6315617757915,45.3052772020595],[10.6310858975552,45.3047146059161],[10.6311670720879,45.3046008900688],[10.6313435486398,45.3045387791511],[10.631866829334,45.3044650880238],[10.6336344871441,45.3041087504456],[10.6330247610664,45.3028065342561],[10.6400735694697,45.3013585923388]],[[10.6345993509984,45.3024264611483],[10.6332154865144,45.3006928255309],[10.6339807869854,45.3001683321764],[10.6347896798211,45.3000599936244],[10.6343320306213,45.2991808805401],[10.6358462686937,45.2984819092402],[10.6348218925835,45.2972387921705],[10.6352972791062,45.2969938181546],[10.6367939813254,45.2967110998362]],[[10.6320137834611,45.3107620636372],[10.6329168456468,45.3105092314528],[10.6327943181425,45.3100621153671],[10.6332389158321,45.3098854924162],[10.6331237242463,45.3096936632559],[10.6334718753937,45.3095958097985],[10.6342499289727,45.3088107572998],[10.6345862181857,45.3086821141315],[10.6337539532915,45.3045303798653],[10.6336685444119,45.3042297768593],[10.6336211374173,45.3041066289563]],[[10.6260038092864,45.312051766565],[10.6255802619238,45.3114422496559],[10.6261906087028,45.3112212945104],[10.6282480490634,45.3105870167989],[10.6313336647288,45.3096196201233]]]}},{"type":"Feature","properties":{"CODICE_CAN":"8213","NOME_COMPL":"Fosso GAZZUOLI","COMUNI":"Asola"},"geometry":{"type":"LineString","coordinates":[[10.4726496931854,45.2184288475186],[10.4735650175769,45.218483866018],[10.4766951394538,45.2140110538282],[10.4771668609936,45.2127576463792],[10.4772744072989,45.2120435099648],[10.4767436845362,45.2098007616624],[10.4771030035714,45.2078583327013],[10.4774343347802,45.2048360077518],[10.4766519472015,45.2048713699606],[10.4763671723197,45.2042026734446],[10.4762595109889,45.2027478695604],[10.4770739722005,45.2011219299996],[10.4776830456874,45.200314776801],[10.4788918309488,45.1996326841322],[10.4802227848764,45.1993763398894],[10.4808032368556,45.1986783421899],[10.4807911037993,45.1982107587435],[10.4809985464191,45.1977069164949],[10.4819507981656,45.196770221658],[10.4819409679922,45.1963917027029],[10.4817066538564,45.1958601786548],[10.4818910114431,45.1957874384579],[10.4815627717134,45.1951715696501],[10.4819530679107,45.1944314844019],[10.4818522365841,45.1941877852131],[10.4812178158127,45.1940178239199],[10.4810814543805,45.1936186704718],[10.480343332258,45.1930936759387]]}},{"type":"Feature","properties":{"CODICE_CAN":"8110","NOME_COMPL":"Dugale BARDELLI","COMUNI":"Asola"},"geometry":{"type":"MultiLineString","coordinates":[[[10.3801438470464,45.2087055799762],[10.3801094374516,45.2079795909445],[10.3799544125301,45.2078385647715],[10.3798906442419,45.2072915547856],[10.3800322722116,45.206182371883],[10.3797859766915,45.206065578095]],[[10.3797926563212,45.2106394002446],[10.3799879259695,45.2089004742426],[10.3801563456395,45.2087034719628]],[[10.3801537847679,45.2087026288581],[10.3825416099087,45.2086786431722],[10.3840837390177,45.2084243777632],[10.3842820502686,45.2082992756089],[10.3841385797925,45.2072507236181],[10.3843645675258,45.2068357191806]]]}},{"type":"Feature","properties":{"CODICE_CAN":"8020","NOME_COMPL":"Fosso GAMBINA-S.APOLLONIO-POLENTA","COMUNI":"Castel Goffredo"},"geometry":{"type":"LineString","coordinates":[[10.4494871279879,45.3117870651981],[10.4504363092141,45.3108890468833],[10.4509452979024,45.3107301563119],[10.4506592041641,45.3095715563694],[10.45135153742,45.3091912237242],[10.4515372014074,45.3085315345646],[10.4515454664596,45.3077978874308],[10.4523609359151,45.3074826715214],[10.4520621006015,45.3047685529736],[10.4515225281213,45.3026700511999],[10.456864125254,45.3014588750388],[10.4559457254103,45.2980525647847],[10.455720376646,45.2963291262345],[10.4594875054485,45.2953284108983],[10.4589927682329,45.2947359227241],[10.4585091262847,45.2936579763397],[10.4582716171161,45.2937053716977],[10.4579489014324,45.2926996766548],[10.4579262044665,45.2922170977306],[10.4585191143034,45.2917778508362]]}},{"type":"Feature","properties":{"CODICE_CAN":"2057a","NOME_COMPL":"Vaso MEDIAROLO","COMUNI":"Castel Goffredo"},"geometry":{"type":"MultiLineString","coordinates":[[[10.4336363023679,45.3025079414352],[10.4342977138813,45.3020760561694],[10.4350440955694,45.3019312328769],[10.4352599630414,45.3016924301211],[10.4356457784236,45.3014684699557],[10.4365935877041,45.2999799370521],[10.4370962063314,45.2994047094792],[10.4373309946468,45.2981796695102],[10.438855800352,45.2981604649816],[10.4409788982024,45.2977812101136],[10.4418679768172,45.2966458554366],[10.4425757608011,45.2950993323244],[10.4430916523964,45.2927270384012],[10.4439229475586,45.2922411328261],[10.4440825711638,45.2919497452403],[10.4440103972251,45.2904527279237],[10.4441689167138,45.2903173517557],[10.4441030993948,45.2898513829125],[10.4441924648984,45.2896501954538],[10.4440311299025,45.2892429018318],[10.4439067702188,45.2880985993964],[10.4435411498131,45.2877840828842],[10.4430479909641,45.2869638886078],[10.44313089362,45.2857100988364],[10.4425255505322,45.2849590614212]],[[10.4397812397854,45.3107180947842],[10.4395611661806,45.3094919491154],[10.4405584615793,45.3094222123119],[10.4401178688747,45.3085513302881],[10.4388828116897,45.3075627271802],[10.438265262591,45.3068313280162],[10.4386041044751,45.3063507336176],[10.4384478418874,45.3055105579773],[10.4388871656342,45.3047333739111],[10.4388563187528,45.3045813388864],[10.4371997237529,45.303604883153],[10.4371139942831,45.3034791511427],[10.43731128568,45.3031070108887],[10.4351682665928,45.3018197868706]]]}},{"type":"Feature","properties":{"CODICE_CAN":"2079","NOME_COMPL":"Scolo REGONA e RIO DELLA VALLE","COMUNI":"Canneto s/Oglio"},"geometry":{"type":"MultiLineString","coordinates":[[[10.3805742891152,45.1679424502596],[10.38080051082,45.1677942902264],[10.3812796066524,45.1678252739995],[10.3813653451134,45.1675005690779],[10.3816733038478,45.1673350084328],[10.3822515111174,45.1673795002803],[10.3825372516111,45.1671553596078],[10.3827478354447,45.1672631486885],[10.3828874999968,45.1670187092198],[10.3832784395431,45.1668447839879],[10.3833734916132,45.1664758330676],[10.3835068522619,45.1664006565626],[10.3842336480674,45.1663550648568],[10.3860280377831,45.165524130696],[10.3863313325196,45.1651673590143],[10.3868792490397,45.165035651593],[10.3878702425765,45.1645233987289],[10.387852701101,45.1642293722794],[10.3874548655059,45.1636898654955],[10.3905862951347,45.1629014460296],[10.3918272300784,45.1624081812777],[10.3919528659616,45.1620167816255],[10.393968464194,45.160885543045],[10.394616149881,45.1607275548131],[10.3955977933747,45.1593541502648],[10.3968518688491,45.1592101730484],[10.3969840509999,45.1596587843028],[10.3979582369663,45.1594938413227],[10.3979526512746,45.1585693132115],[10.399320185459,45.1581722424967],[10.3996405866014,45.1582673306342],[10.4003356270337,45.1580744149874],[10.4026748564358,45.1563758798806],[10.4038290685426,45.1544785526643],[10.4048933269827,45.1532714843431],[10.4065954702523,45.1535650829187],[10.4083069177786,45.1536717705947],[10.4087047622725,45.1539992677837]],[[10.4048933269827,45.1532714843431],[10.4040542189623,45.1530458878182],[10.403674995126,45.1534437549786],[10.4020798793654,45.1529816858636],[10.4024925762005,45.1522491906759],[10.4027703433017,45.1522457768987],[10.4029180481126,45.1520375299726],[10.4031269905734,45.1514943072637],[10.4039052087354,45.151504398925],[10.404127084425,45.1486607767149],[10.4047546143991,45.1479108842876],[10.4052043221457,45.1481216097103],[10.4056828847157,45.1478109848024],[10.4050014401047,45.1466495947652],[10.4046789002777,45.1465257738581],[10.404447535341,45.146155077811],[10.4042090452113,45.146059711352],[10.4042583148903,45.1458035227189],[10.404157003757,45.1456376582121],[10.4048047279417,45.1448629412405],[10.4054767096049,45.1445106151342],[10.4068227237874,45.14445471216],[10.4088824291196,45.145176393324],[10.4097882780202,45.1447326845851],[10.410719850863,45.1450504824509],[10.4115079838927,45.1449031174545],[10.4132986469874,45.1442911539275],[10.4164471896526,45.1435443588815],[10.4165280720035,45.1434450541654],[10.4163604712618,45.1428474977761],[10.4164342871168,45.1427433658328],[10.4204518542362,45.1411992648415]]]}},{"type":"Feature","properties":{"CODICE_CAN":"8220","NOME_COMPL":"Scolo CERANELLO","COMUNI":"Canneto s/Oglio, Casalromano"},"geometry":{"type":"MultiLineString","coordinates":[[[10.3676022952025,45.1944126461313],[10.3676507933821,45.1938576591871],[10.3680554447845,45.1932215471726],[10.3681805585798,45.1923809769456],[10.3676895564093,45.1922733626588],[10.3678797340461,45.1914539017026],[10.3681967629553,45.1909523337196],[10.3686679454584,45.1905445794655],[10.3691392207996,45.1895194761679],[10.3690776188539,45.1894127981863],[10.369300038492,45.1888393993412],[10.3695947119957,45.1884106530607],[10.3698733905567,45.1871004643367],[10.3698436930964,45.1864838794027],[10.370056896721,45.1858854576644],[10.3695141532729,45.1847305011049],[10.3696759106482,45.1845755338743],[10.3696784891657,45.1841524299942],[10.3703618610659,45.1823956768362],[10.3708104036862,45.1805011667433],[10.3719642527794,45.1806745653003],[10.3726555159761,45.1809101009001]],[[10.3698845271816,45.18639394421],[10.3713663120686,45.1864998861649],[10.3714681522622,45.1857731676253],[10.3720007023957,45.1857611462261]],[[10.3708104036862,45.1805011667433],[10.370813259949,45.1804928455322]]]}},{"type":"Feature","properties":{"CODICE_CAN":"1041a","NOME_COMPL":"Fossa MAGNA - RINELLO DI ASOLA","COMUNI":"Casalmoro, Asola"},"geometry":{"type":"MultiLineString","coordinates":[[[10.4151694792668,45.2945132757298],[10.4134585950732,45.2850478346046],[10.4134173663568,45.2820422467549],[10.4144071139497,45.2612478716643],[10.4157655058861,45.2423176107789],[10.4165305234688,45.2344415346618],[10.4164602830335,45.2340565786789],[10.4166372670187,45.233447061273],[10.4168336154635,45.2309724706203],[10.4168189638877,45.2301795618919],[10.4164502672595,45.2299912230382],[10.4165465591155,45.2297971147769],[10.4169269487892,45.2296423497866],[10.4170451614138,45.228608367188],[10.4141764288169,45.228186146264],[10.4134944472391,45.2277968398771],[10.4132050188159,45.2274744874114],[10.4124369492263,45.2270807157744],[10.4113171259791,45.2268459692867],[10.4110828312925,45.2265395027807],[10.4078172311256,45.2267842190164],[10.4079491609857,45.2264715129142],[10.4078545941328,45.2263023454571],[10.4080873068902,45.2247451773959],[10.4083666122401,45.2244649394634],[10.4087979000447,45.2236292389069]],[[10.4170451614138,45.228608367188],[10.4171550202428,45.2272245234481],[10.4170274511648,45.2266745183451]]]}},{"type":"Feature","properties":{"CODICE_CAN":"3001","NOME_COMPL":"Dispensatore A - principale 5 Continenti","COMUNI":"Castiglione d/Stiviere"},"geometry":{"type":"MultiLineString","coordinates":[[[10.49487801977,45.378875275884],[10.4931039874615,45.3790462191541],[10.4914111890467,45.3792208427376],[10.4910000550376,45.3783726647579],[10.4907614251626,45.3785508309985]],[[10.498111427354,45.3820492658226],[10.4980997786127,45.3820523123258]],[[10.498111427354,45.3820492658226],[10.4971289658816,45.3803709274813],[10.496505336422,45.3798871083759],[10.4954444164282,45.3801931222492],[10.4949120101216,45.3790316114486],[10.4948380736886,45.3787097092393],[10.4948287517702,45.3783562129245],[10.4951461458907,45.3779830644626],[10.4956291204194,45.3776846219017],[10.4956420071886,45.3773462096736],[10.4954998088256,45.3769175787982],[10.4943127486416,45.3749190216223],[10.4945561646079,45.3738088571527],[10.4946946299298,45.3732689278023],[10.4948605299024,45.3725287689695],[10.4947922030133,45.3715918042078],[10.495324368833,45.3710928468583],[10.4952960819019,45.3708472221579],[10.4947120598432,45.3693788883865],[10.4936988699241,45.3681775348005]],[[10.498111427354,45.3820492658226],[10.4985436883693,45.3827200844748],[10.500143948273,45.3809463606177],[10.4978432419386,45.376441006414],[10.4961282473986,45.3738651505667],[10.4982254917644,45.3730173230092]],[[10.496505336422,45.3798871083759],[10.4962484033272,45.3792447345043]],[[10.4985436883693,45.3827200844748],[10.4966731297732,45.3845895745612]],[[10.4943127486416,45.3749190216223],[10.4936678591547,45.3752810748841],[10.492732230028,45.3762004154786],[10.4923396992477,45.3762055436551],[10.4925428020968,45.3756340241515],[10.4918203378998,45.3755358392679]],[[10.500143948273,45.3809463606177],[10.5028936437398,45.3780966409724],[10.5030817650285,45.3777866720197],[10.5029837375646,45.3774462141742],[10.5037544407129,45.3772397009302],[10.5050936347115,45.3759152122974],[10.5038875157602,45.3748548665169],[10.5031155297244,45.3737119227733],[10.5022049457128,45.3741058791418],[10.501232699755,45.3710913019206]],[[10.4946946299298,45.3732689278023],[10.4905853866415,45.3737838657329],[10.4905280156268,45.3716013988567],[10.4903539771116,45.3716190431192],[10.491170008437,45.3690561842944]],[[10.5024688925507,45.3785327200366],[10.5016098281119,45.3782211472041],[10.5007118771368,45.3772643408297],[10.5000939429393,45.3769957111994],[10.4995979163698,45.3763872355449]],[[10.5029837375646,45.3774462141742],[10.5023849881431,45.3753666301293],[10.501746129037,45.3734839385209],[10.5012915249812,45.3719678142757],[10.5012563754798,45.3718760276713],[10.5005790102357,45.3697506931251],[10.5004951534014,45.3694875674511],[10.4996754221472,45.3669461220427],[10.499125186521,45.3651083726327],[10.4981379548476,45.3620002451331],[10.49791860615,45.3611267601222]],[[10.5050936347115,45.3759152122974],[10.5070369403151,45.3739161194279],[10.5056390431575,45.3709881090639]],[[10.5012563754798,45.3718760276713],[10.4998770836011,45.3725091353356],[10.4989283303953,45.371276233546],[10.4974383763261,45.3718492660845],[10.4948812305587,45.3691768020704],[10.4954404474566,45.3688773617714]],[[10.5005790102357,45.3697506931251],[10.5025653669048,45.3694142309649],[10.502180666205,45.3680663136411]],[[10.5005790102357,45.3697506931251],[10.5000914355838,45.3698926130776]],[[10.4995546842121,45.3665428761624],[10.4981899940237,45.3672731101509]],[[10.4951059686784,45.3704165910552],[10.4943717558824,45.3705364468386],[10.4942501771075,45.3700614186428]],[[10.5070369403151,45.3739161194279],[10.5077487997612,45.3732203681571]],[[10.4990843154858,45.3649706068404],[10.4983202834278,45.3654242324163],[10.4959066059682,45.3668061801845]],[[10.4990832211387,45.364972225457],[10.4979398152571,45.3645122632963],[10.4975340577946,45.3643291669185],[10.497669428623,45.3640573297189]],[[10.5066773651144,45.3731629908778],[10.5058388533679,45.3735838052126],[10.5054987048513,45.3730962978624]]]}},{"type":"Feature","properties":{"CODICE_CAN":"8221","NOME_COMPL":"Fosso MORTI DI BRONZINO","COMUNI":"Castiglione d/Stiviere"},"geometry":{"type":"LineString","coordinates":[[10.5285897451991,45.3952508831238],[10.5290901655197,45.3950386028142],[10.5293221397143,45.395072824084],[10.5310790637006,45.395828813931]]}},{"type":"Feature","properties":{"CODICE_CAN":"8222","NOME_COMPL":"Fosso DUGALE NORD","COMUNI":"Cavriana, Volta Mantovana"},"geometry":{"type":"MultiLineString","coordinates":[[[10.6596350186284,45.3352591065769],[10.6622551646253,45.335983339343],[10.6633749479838,45.3361570800802],[10.6648024725994,45.3363614885113]],[[10.6633649388205,45.3348658017036],[10.6647739467111,45.3354092648537],[10.6646368896811,45.3363447265974],[10.6648097722984,45.3363624329014],[10.6647644549615,45.3370899416781],[10.6667836998215,45.3377272317249],[10.6672399845831,45.3377420010368],[10.6681512584706,45.3366738986001],[10.6683937697708,45.3366063553055]],[[10.6842090004297,45.330589670356],[10.681462262559,45.3315064530795],[10.6799938705013,45.3323013201686],[10.6790468403587,45.3330000000303],[10.6783223243949,45.333256901937],[10.6775813105578,45.3331916388788],[10.6763305359616,45.3327041063635],[10.6751875643622,45.3325211797052],[10.6751628419095,45.3321532349701],[10.6748254512322,45.3321809190853],[10.6742910813134,45.332473076995],[10.6738084311468,45.3327535636156],[10.6725219550726,45.3336487520586],[10.6729878224474,45.3341053466307],[10.6726858500222,45.33433794618],[10.6703569230543,45.3351178378705],[10.668822633358,45.3358440695656],[10.6683937697708,45.3366063553055],[10.6688145837599,45.3367753612659],[10.6688791961151,45.3372258478242],[10.6686831925309,45.3372518144957],[10.6690916441866,45.3384220565089],[10.6693994450702,45.3382724124257],[10.6694114673757,45.3383515041639],[10.6682084201558,45.3393679661186],[10.6680030012864,45.3392291521679],[10.6671992621596,45.3394473099743],[10.6662988541999,45.3398739236832],[10.666832414876,45.3402714490562],[10.6662513712314,45.3412843337928],[10.6679396024535,45.3431125957818],[10.6651203570327,45.3439058714275],[10.6648321856812,45.3453598424972],[10.6640088338884,45.3463607956732],[10.6639494995229,45.3460716780658],[10.6624795261115,45.3468932751628],[10.6624199986797,45.3465904839783],[10.6607953120869,45.3468158326201],[10.660582985405,45.3470073196421],[10.6589498319943,45.3471993460414],[10.6589681346845,45.3477057816258],[10.657457033875,45.347999464817],[10.6572928951033,45.3489694733102],[10.6563236653279,45.3490719257406],[10.6561122412467,45.3487453712794],[10.6548671504911,45.3489676223396],[10.654700616965,45.3496471329098],[10.6542945021434,45.3504809996217],[10.6550418233346,45.350538357894],[10.6549235466478,45.3513687376428],[10.6550111185726,45.3530425841002],[10.6546806621044,45.3531264280394],[10.6546592642741,45.3542667043754],[10.6541469247904,45.3542592423018],[10.6542758283467,45.3561365429301]],[[10.6751875643622,45.3325211797052],[10.6752071936912,45.3327352718179],[10.6745322971217,45.3328775021854],[10.6742910813134,45.332473076995]]]}},{"type":"Feature","properties":{"CODICE_CAN":"2128","NOME_COMPL":"Rio DUGALE","COMUNI":"Ponti s/Mincio"},"geometry":{"type":"MultiLineString","coordinates":[[[10.6807173951524,45.4207060188114],[10.6801354193949,45.4191974296603],[10.6792819023477,45.4187613688801],[10.6783978570785,45.418534080453],[10.6767642388907,45.4184129560958],[10.6719829275166,45.4195759518755],[10.6711662638572,45.4193512609874],[10.670017793679,45.4187452005847],[10.6697764949328,45.4185351199351],[10.6697903678884,45.4183187522923],[10.6718233070021,45.4162580661645],[10.6721602466359,45.4154151882096]],[[10.692798064074,45.4066752096179],[10.6925927363169,45.4068475593677],[10.6907688212949,45.4074317254829],[10.6900472271969,45.408023334598],[10.6897074350149,45.4086427849543],[10.6893678016388,45.410285286024],[10.689085002408,45.4130118674792],[10.6891657435051,45.4148755033103],[10.6894731150531,45.4167767732302],[10.6892305394184,45.4167909366615],[10.6887623723555,45.4173227623794],[10.687700530649,45.4180378848776],[10.6851580570289,45.4184862281577],[10.6842666809997,45.4188127931031],[10.6830512164102,45.4187823437539],[10.6818884076669,45.4197631993494],[10.6813707288233,45.4199866977942],[10.6807173951524,45.4207060188114],[10.680899195217,45.4211323472073],[10.6811809996135,45.4211299215584],[10.6813138141344,45.4208805128547],[10.6814684365023,45.4210412958229],[10.6812007134737,45.4215480851983],[10.6813920486431,45.4219138249693],[10.6811894793975,45.4225172173837]]]}},{"type":"Feature","properties":{"CODICE_CAN":"8223","NOME_COMPL":"Scolo SANGUISUGO","COMUNI":"Ponti s/Mincio"},"geometry":{"type":"LineString","coordinates":[[10.7058187679394,45.4122124300875],[10.7056446222301,45.4124126861363],[10.7057261612248,45.413008158847],[10.705324890119,45.4134094633509],[10.7052590397229,45.4138572481815],[10.7041450788563,45.4142308633596],[10.7041283236874,45.414555500391],[10.7033317175097,45.4150166328268],[10.7031367396599,45.415276634123],[10.7040241373154,45.4162357377626],[10.7049511576687,45.4180267738294],[10.7040649561701,45.4183731624111],[10.7032540639785,45.418215054548],[10.7030185189634,45.4182833213435],[10.7038491142162,45.4200195593509]]}},{"type":"Feature","properties":{"CODICE_CAN":"2127a","NOME_COMPL":"Fosso ALBANA","COMUNI":"Castiglione d/S"},"geometry":{"type":"MultiLineString","coordinates":[[[10.5174761927291,45.4086209350589],[10.518880248506,45.4079546473332],[10.5197635312065,45.4078927080062],[10.5205200082168,45.4071471094223]],[[10.5132164832049,45.4070204909117],[10.5138422297656,45.4074267839894],[10.5152960117674,45.4088440767837],[10.5159239612608,45.4103194274608],[10.5183622312861,45.4091455419126],[10.5167114680986,45.408186810737]],[[10.5222798006167,45.3973979177506],[10.5221919680708,45.3988483748378],[10.5209883751222,45.399850841191],[10.5207223109334,45.4004597584845],[10.5210301594344,45.4014576148211],[10.5204166954483,45.4035616151077],[10.5196517830904,45.4045994529778],[10.5189200672847,45.4050920810708],[10.5185094654383,45.4060305884876],[10.518463016827,45.406642385228],[10.5172311426878,45.4075237417165],[10.5167506206213,45.4081058081097],[10.5166805407095,45.408250795128],[10.5152960117674,45.4088440767837],[10.51297165583,45.4108692625732],[10.5090998127732,45.4109450864988]]]}},{"type":"Feature","properties":{"CODICE_CAN":"8224","NOME_COMPL":"Fosso BARZIZA BOLDONE","COMUNI":"Monzambano, Cavriana, Volta MN"},"geometry":{"type":"MultiLineString","coordinates":[[[10.6572366995557,45.3699923833874],[10.6583915751626,45.3705471236371],[10.658266912725,45.3709327179602],[10.6588060996456,45.371555909611],[10.6590921234595,45.3721501175113],[10.6605287674789,45.3730676703936],[10.6622157045426,45.373743289999],[10.6637867664907,45.3732954852015],[10.6645934474162,45.3736655878938],[10.665776574976,45.3745750104897],[10.6670432849006,45.3750898790216],[10.6675142480426,45.3754865783383],[10.6681148085073,45.3757726990354],[10.6693176387158,45.3767721283269],[10.669712748176,45.3773791517001],[10.6699113711909,45.3780161593881]],[[10.6542758283466,45.3561365429301],[10.6538658363002,45.3573334422795],[10.6535217737211,45.3576220808429],[10.6528148774342,45.3577273004545],[10.6519556557239,45.3581698299523],[10.6507267300579,45.3582117330399],[10.6503300092394,45.3584357216757],[10.650209496084,45.3597524094847],[10.6504946036961,45.3621676763791],[10.6504122199944,45.3628966443307],[10.6505013352295,45.36376550304],[10.6497353673438,45.3641553504762],[10.6497357731451,45.3652399538395],[10.6507640343911,45.3671426632004],[10.6509954819103,45.3683612230357],[10.6521197476456,45.3691855046507],[10.6527516787031,45.3693798380838],[10.6530988932619,45.3697847072187],[10.6549909512882,45.3697096661122],[10.6572366995557,45.3699923833875]]]}},{"type":"Feature","properties":{"CODICE_CAN":"8225","NOME_COMPL":"Fosso DUGALE SUD","COMUNI":"Volta Mantovana"},"geometry":{"type":"MultiLineString","coordinates":[[[10.65812396658,45.3083356571854],[10.6608133085932,45.3069407642682],[10.6639888574365,45.3075465140743],[10.6647826178549,45.307747326673],[10.6666541652861,45.3090468808094],[10.6668192280883,45.3089662546264],[10.6687541220231,45.3109520713986],[10.673144125362,45.3081228686271],[10.6749920138237,45.3071845806466],[10.6763277966575,45.3084207487157],[10.6761082606252,45.3085397664502],[10.6771289489525,45.3095521238146],[10.6771720971507,45.3097379256511],[10.6801263960919,45.3121784002948],[10.681048808682,45.3120103979123],[10.6837432415715,45.3152902917094],[10.6846248971087,45.315350618604],[10.6866188572771,45.3159625710884],[10.6884124496948,45.3169311693877],[10.6883969971656,45.3171144138448],[10.6890946507098,45.3166917724008],[10.6909839967096,45.3161153566366]],[[10.6883969971656,45.3171144138448],[10.6897428518645,45.3211010826691],[10.6901348437229,45.322990692643],[10.6901977431745,45.3249264781113],[10.6903964603633,45.3249650871753],[10.6900933181995,45.3281679172262],[10.68893526121,45.3300443033929],[10.6862492816336,45.329361468985],[10.6851360361863,45.3301922255133],[10.6842090004298,45.3305896703561],[10.6829525417823,45.329626592934],[10.6826499489143,45.3298090217255],[10.6811170755217,45.3295736221883],[10.6807654144379,45.3291357533201],[10.6800380678409,45.3286631084223],[10.6780482468455,45.328856679205],[10.6754206986161,45.3287627561183],[10.6751419031845,45.3289660340519],[10.6748165700533,45.3289859179485],[10.6740191994991,45.3287861945128],[10.6739551484118,45.3279237121227],[10.6744108460668,45.3277057082635],[10.6740661999907,45.3270026258381],[10.6735012965282,45.3272430924676],[10.6734606708691,45.3268536677378],[10.6727603124295,45.3264621456049],[10.672201371425,45.3267632143386],[10.6706820640205,45.3262220909463],[10.6708440973059,45.3257830579843],[10.6705769425587,45.3256030159336],[10.6678077346565,45.3263603073321],[10.6643959785322,45.3264602644942],[10.6627435835327,45.3267674309337],[10.6619024127158,45.3277087133276],[10.6623598391398,45.3286820728774],[10.661762239281,45.3293350965375]]]}},{"type":"Feature","properties":{"CODICE_CAN":"2129","NOME_COMPL":"Fossa CANA","COMUNI":"Solferino, Cavriana"},"geometry":{"type":"MultiLineString","coordinates":[[[10.5719940687446,45.3704882196106],[10.5793358745047,45.3691882342137],[10.579820042137,45.3690641768777],[10.581174461207,45.3682183612213],[10.5826316403179,45.368615379094],[10.5831363108412,45.3688977158894],[10.5847854073231,45.3712989706535],[10.5854313980082,45.3706526303206],[10.5860632109439,45.3705231291226],[10.59000734023,45.3716466533802],[10.5979140018273,45.3730072815666],[10.5987554207312,45.372395111472],[10.5990558985474,45.372217568252],[10.6003281693249,45.3716447444777],[10.6034012326468,45.3713556650689],[10.6032167958016,45.3698507348811]],[[10.6022259482171,45.3729427698655],[10.6024643357302,45.3735197444726],[10.6022015145605,45.373518068454],[10.6020173907956,45.373740693964],[10.602594019804,45.3746013859383],[10.6028954368222,45.3758117657122],[10.6033354695274,45.376437183007],[10.603306985261,45.3769537936309],[10.602062391426,45.3771772813398]],[[10.6039911440374,45.3741777214383],[10.6033295910228,45.3742355681498],[10.6031393083061,45.3728996107675],[10.6010294466874,45.3729741601003],[10.5994280626166,45.3724770056498],[10.5987554207312,45.372395111472]],[[10.578114022907,45.3714965799409],[10.5772837445064,45.3715418225722],[10.5768721596328,45.3696291724271]],[[10.5765793630805,45.3804825999752],[10.5764746224996,45.3795289011717],[10.576862929868,45.3790808561596],[10.5766183489635,45.3785957956522],[10.5767568750381,45.3782682593949],[10.5767947540049,45.377553172589],[10.5771413617617,45.3772633675662],[10.5780744870586,45.3759146366874],[10.5788450602004,45.3760679560048],[10.5789507683576,45.3766024252666],[10.5796764115264,45.3769763329946],[10.5816404754229,45.3769811218961],[10.582628686744,45.3767371436766],[10.582765186274,45.3763733930809],[10.5824042045313,45.3758622590397],[10.5831490136239,45.3754629241088],[10.5832531191148,45.3737543341493],[10.5837517442504,45.3732615677621],[10.5843225073392,45.3723644394104],[10.5845245174104,45.3716707528426],[10.5847854073231,45.3712989706535]]]}},{"type":"Feature","properties":{"CODICE_CAN":"8226","NOME_COMPL":"Fosso DALDO PAULLE","COMUNI":"Volta Mantovana"},"geometry":{"type":"MultiLineString","coordinates":[[[10.6837432415715,45.3152902917094],[10.6838464668225,45.3154047950269],[10.6824581529831,45.315989119675],[10.6833517114536,45.3165781332999],[10.6808178070618,45.3180538575782],[10.6799152876134,45.3189971511868],[10.679518923595,45.3191239191963]],[[10.6629545360012,45.321907479194],[10.6656419651459,45.3215269405328],[10.6663338415895,45.3217101738134],[10.667260035026,45.3222850133449],[10.6669331368151,45.3225962369157],[10.6671929419554,45.3227937793931],[10.6675677785077,45.322805685011],[10.6675712574732,45.3229241518425],[10.6735191286215,45.3232334491942],[10.6741223534,45.3229466255757],[10.6760226970955,45.3224654834082],[10.6777076274587,45.320152173196],[10.6787525024238,45.3193658088907],[10.6795085027701,45.3191240724729]]]}},{"type":"Feature","properties":{"CODICE_CAN":"8227","NOME_COMPL":"Fossa BASSA GUARDOLA","COMUNI":"Cavriana, Monzambano"},"geometry":{"type":"MultiLineString","coordinates":[[[10.6130095114454,45.3730501810094],[10.6138350952978,45.3728673910132],[10.6151198764369,45.3729512820955],[10.6169344554075,45.3726687748912],[10.6171914848375,45.3724863136923],[10.617833893048,45.371580136487],[10.6186927228497,45.3710962040505],[10.6199010719134,45.3706010046187],[10.6219493878998,45.3704292489524],[10.621436561127,45.3689604058949],[10.6206347207012,45.3674047069427],[10.6188116057278,45.3676353752798],[10.6186197282409,45.366408999965],[10.6174881682152,45.3665196061066],[10.6173382137811,45.3659262126522],[10.6160787803424,45.3656101651009],[10.6155395701661,45.3657141818621],[10.61492351825,45.3660806858418],[10.6135936248748,45.3663104253469]],[[10.6301489984879,45.3728147063708],[10.6323834695837,45.3723166853954],[10.6337851080532,45.3721851576863]],[[10.6229166995152,45.3671016040899],[10.6206347207012,45.3674047069427]],[[10.6301489984879,45.3728147063707],[10.6291130388738,45.3735941983402],[10.6283121221742,45.3737846989193],[10.6275674925026,45.3737230065498],[10.6263867364969,45.3731096568776],[10.6253378317011,45.3729072656532],[10.6237889528699,45.3722824899917],[10.6232900661473,45.3718710125989],[10.6229724008024,45.3709421081771],[10.6219493878998,45.3704292489524]]]}},{"type":"Feature","properties":{"CODICE_CAN":"8229","NOME_COMPL":"Fosso PETENGO-SECONDO VAI","COMUNI":"Monzambano"},"geometry":{"type":"LineString","coordinates":[[10.6998074341056,45.3761627862119],[10.6994504095978,45.3759904230573],[10.6992281600701,45.375639855422],[10.6992392939067,45.3748835254786],[10.7000291735351,45.3744609390358],[10.6995621434409,45.3734382147107],[10.6985513424076,45.3726518645391],[10.6980081619139,45.3726465045777],[10.69737786911,45.3723605545188],[10.6970080447234,45.3717505784081],[10.696663084,45.3715540069202],[10.6957192128931,45.3710591639747],[10.6945891472521,45.3707309269624],[10.6945822741541,45.3705010453544],[10.6928759896753,45.3704425334928],[10.691892153822,45.3716609755123],[10.6918729133268,45.37212874566],[10.6903654589562,45.3716581642217],[10.6901304209174,45.370522642294],[10.6892592883151,45.3700975893381],[10.6882238948567,45.3692036844324],[10.6892351272867,45.3679436554195],[10.6893267907452,45.3676477954965],[10.6885427180465,45.3666743551386],[10.6889588904866,45.3661573892915],[10.6885904377822,45.3656510670504],[10.6882143589123,45.3654384124647],[10.6879547221088,45.364258031919],[10.6881655731595,45.3641618791467],[10.6882127097922,45.363923660653],[10.6871652892485,45.3631429833525],[10.686756773732,45.3636826564436],[10.6854995399358,45.3631032890102],[10.6851836582559,45.3627127710289],[10.6851923397341,45.3621541053147]]}},{"type":"Feature","properties":{"CODICE_CAN":"2127c","NOME_COMPL":"Fosso BARCHE - GALLERIA DI BARCHE","COMUNI":"Solferino, Lonato d/G"},"geometry":{"type":"LineString","coordinates":[[10.5444049101091,45.383423404016],[10.5485359596791,45.3888958511177],[10.5496445173126,45.3948623999815]]}},{"type":"Feature","properties":{"CODICE_CAN":"8230","NOME_COMPL":"Fosso ZERBI-MENEGHELLI","COMUNI":"Monzambano"},"geometry":{"type":"LineString","coordinates":[[10.6639072386998,45.3885960925107],[10.6632891272523,45.3898202951871],[10.6632200099311,45.3902089291185],[10.6626014164002,45.3910951159116],[10.6625760453768,45.3920598237324],[10.6641620297548,45.3923628781102],[10.6657454295598,45.3923492292524]]}},{"type":"Feature","properties":{"CODICE_CAN":"2127b","NOME_COMPL":"Fosso ALBANELLA","COMUNI":"Castiglione d/S"},"geometry":{"type":"LineString","coordinates":[[10.5402533847927,45.3858717150395],[10.5396990060603,45.386657446472],[10.5391224196796,45.387053484491],[10.5358246756849,45.3882670309931],[10.5353768549295,45.3881967493661],[10.5321907465098,45.389705446976],[10.5294019447667,45.3913031616719],[10.529285560719,45.3916171291641],[10.5296832877654,45.3920986768827],[10.5297880413849,45.3924960971379],[10.5292213126731,45.3930673618635],[10.5293497096514,45.3941008851085],[10.5287365050297,45.3946744268308],[10.5285897451991,45.3952508831239],[10.5284477758986,45.3953567317805],[10.5264986101344,45.3953404370693],[10.5262409366142,45.3956303209588],[10.5262024719041,45.3964252923827],[10.5255994526842,45.396873853029],[10.5245218400435,45.3973746208055],[10.5222798006168,45.3973979177506]]}},{"type":"Feature","properties":{"CODICE_CAN":"2070","NOME_COMPL":"Vaso PALPICE","COMUNI":"Asola"},"geometry":{"type":"LineString","coordinates":[[10.3849199076429,45.2237920930015],[10.3865481956981,45.2244079364202],[10.3897362322981,45.2244532689891],[10.3908397920003,45.2242909287112],[10.3908018171448,45.2242087755551],[10.3909631734965,45.2241877448124],[10.3909879440683,45.2227228771698],[10.3911703486625,45.222536954227],[10.391648399148,45.2224709679565],[10.3917194970307,45.222170819236],[10.3936580834432,45.2209500405204],[10.3939153231786,45.2206471530177],[10.3949295548246,45.2206916903299],[10.3961921991324,45.2205144914511],[10.396655724343,45.2208690695459],[10.3973398232642,45.2209438327404],[10.3977049358911,45.2211222577794],[10.3982308233842,45.2206613525519],[10.3994210598884,45.2202698943335],[10.4016204793121,45.2203645349223],[10.4022563394454,45.2201012252444],[10.4038191263252,45.2202158979248],[10.4048065875033,45.2198462217465]]}},{"type":"Feature","properties":{"CODICE_CAN":"2068","NOME_COMPL":"Vaso CACCIABELLA","COMUNI":"Asola"},"geometry":{"type":"MultiLineString","coordinates":[[[10.3886890688186,45.2437267325508],[10.3891123024054,45.2430738100208],[10.3898579578086,45.2419231084105],[10.3903680993674,45.2411558124266],[10.3905313570516,45.2408828306413]],[[10.3831937385841,45.2524822753646],[10.3836013516614,45.2499157096486],[10.3832036804577,45.247952738091],[10.3833877961534,45.247080327528],[10.3833688659816,45.2455458158949],[10.3836105129664,45.2439533147723],[10.3837814871118,45.2438043060719],[10.3843035325193,45.2437038061906],[10.386631713153,45.2434025486817],[10.3876757390479,45.2434966931974],[10.3885541094992,45.2436878009862],[10.389501701738,45.2439611486256],[10.3903068147322,45.2439038685172],[10.3910260129146,45.2367155651511],[10.3986158829687,45.2355460776596],[10.4020616296162,45.2308264888213],[10.4045933601436,45.2270563819705],[10.4060053653451,45.2233489111003],[10.4069540018816,45.2213351530301],[10.4071056783094,45.2206270990967]]]}},{"type":"Feature","properties":{"CODICE_CAN":"2056","NOME_COMPL":"Vaso GRAMA","COMUNI":"Castel Goffredo, Casalmoro, Asola"},"geometry":{"type":"MultiLineString","coordinates":[[[10.4201786774789,45.2834293986054],[10.4181034808847,45.2836747416782],[10.4133916415662,45.2837162740715]],[[10.421161082781,45.2844386688531],[10.4210392702315,45.2844578949476],[10.4204845101589,45.2833380684481],[10.4201878668661,45.2834400538163],[10.4200797319762,45.2829355448569],[10.4197645043364,45.2825550151072],[10.4197194275877,45.2809402132031],[10.4190319518251,45.2792322269238],[10.419171339724,45.2790753653894],[10.4189499643075,45.278626220793],[10.4195080511064,45.2784034522793],[10.4182510626138,45.2767081366268]],[[10.4284341976567,45.3058100416077],[10.4280374676555,45.3039828736682],[10.4284531061354,45.3040337338389],[10.4285657959194,45.3042127853975],[10.4293824150698,45.3042233873753],[10.4295427677342,45.3027776827343],[10.4283597281006,45.3028618969727],[10.4283744069565,45.3022717410538],[10.4275629802421,45.3022924765177],[10.4276043736107,45.2969523388354],[10.4268044239346,45.2968099131491],[10.4251979683326,45.2968013960228],[10.4214188742321,45.2953066228936],[10.4221655515682,45.2933122381976],[10.4227489094523,45.2932425022969],[10.4224485140091,45.2896855779236],[10.4218070886061,45.2872397204935],[10.4214969701939,45.2873024366401],[10.421163220228,45.2844534845083],[10.4221485172111,45.284173893028],[10.4221561837481,45.2828437784334],[10.4257608444297,45.2817199066918],[10.4265924680533,45.2816377395977],[10.4269447086384,45.2765129230256],[10.4222856570544,45.2762938230206],[10.4207027612862,45.2763630312458],[10.4182510626138,45.2767081366268],[10.4180068504785,45.2753800471445],[10.4181625118608,45.2739199318849],[10.4196850721236,45.2739255055695],[10.4195231750557,45.2714910836577],[10.418733072865,45.2714580323058],[10.4176850523609,45.2708462529563],[10.4173945430072,45.2705315183545],[10.4173765836608,45.2698100993518],[10.4175975107243,45.2689841912271],[10.4169820516721,45.2675413473254],[10.4170585528755,45.2673289017246],[10.4197250501333,45.2672264749909],[10.4195632872249,45.2644983057496],[10.4197190186181,45.2616783638622],[10.4197457218696,45.2615669768649],[10.4210740258346,45.2616268019654],[10.4210473679503,45.259968258541],[10.4233892786969,45.2602791915873],[10.4274642427769,45.2600138183869],[10.4274111948334,45.2581663131161],[10.4314342625046,45.2577202336313],[10.431217311922,45.2537319273046],[10.431899088317,45.2534891240527],[10.4323096169198,45.2532063395094],[10.4335191813799,45.2529482272713],[10.4335471467235,45.2518633583117],[10.4342052035068,45.2516555419725],[10.4338551811751,45.2501936716612],[10.4342661163302,45.2499282268679],[10.4356871854721,45.2497802228078],[10.4348901358475,45.2476385621279],[10.4350326696926,45.2474458972483],[10.4348267827488,45.2469306548895]],[[10.4396757198392,45.2384683736842],[10.4397623141575,45.2382503789065],[10.43961719669,45.2378531050617],[10.4393565473033,45.2377436003492],[10.4396111284241,45.2329945371909],[10.4395050991493,45.2320123517307],[10.4402757025537,45.2317327970816],[10.4401570748046,45.2302096602922],[10.4420538363837,45.2300209755731],[10.4419240195929,45.2285578612738],[10.4411393470489,45.2286024723556],[10.4406582416872,45.225354982421],[10.44431741997,45.2250972030871],[10.4443276914915,45.2249976458254],[10.4460082621011,45.2248137068501]],[[10.4318634964836,45.253500238262],[10.4314904713799,45.2512286821197],[10.4310819491002,45.251073040558],[10.4313633670822,45.2463704848295],[10.4305200684908,45.2460178474424],[10.4303966884171,45.2434531480773],[10.4324898225312,45.2437365259439],[10.4330937751431,45.2423648475365],[10.4338144111136,45.2391834180406],[10.4309500817846,45.2389579600122],[10.4311498769628,45.2366863194059],[10.4344505205868,45.235795601427],[10.4346114807917,45.2354139408425],[10.4355153393742,45.2354285661866],[10.4360122556939,45.2358052894379],[10.4366328273159,45.2357917681083],[10.4367965130838,45.2331809682964],[10.4382051774915,45.2333723458511],[10.4382266532818,45.232060610526],[10.4395050991493,45.2320123517307]],[[10.4324898225312,45.2437365259439],[10.4331368652722,45.2438222142066],[10.4342218343275,45.2437311861489],[10.4356217276722,45.2434277959568],[10.4360936152852,45.2435638055732],[10.4374480689127,45.2435859881603],[10.4394506750043,45.2429275621362],[10.4391283584287,45.2422922709224],[10.4412469895061,45.2418748140685],[10.4409267314901,45.2406339482268],[10.4401328434806,45.2406541680812],[10.4396655374465,45.2384508571395]],[[10.4313548321246,45.2463576998744],[10.4348552391038,45.247001870796]],[[10.4350326696926,45.2474458972483],[10.4378455207977,45.2469680257215],[10.4375099879727,45.2458023905422],[10.4373966123679,45.243595329236]]]}},{"type":"Feature","properties":{"CODICE_CAN":"2074","NOME_COMPL":"Vaso CANNETA","COMUNI":"Casalromano, Canneto s/Oglio, Gambara, Isorella, Fiesse"},"geometry":{"type":"MultiLineString","coordinates":[[[10.3416450247929,45.2231745290245],[10.3427680234145,45.2213994925002],[10.3431418847982,45.2212474317934],[10.3433549516603,45.2202779649223],[10.3437982824899,45.216781210054],[10.3430721985285,45.2165706378671],[10.3430011552237,45.215556878556],[10.3432098918875,45.2148150774683],[10.3431807529777,45.2143115299801],[10.3388683870756,45.2134809515394],[10.3385169326337,45.2134374381244],[10.3384067564291,45.2136245004854],[10.3365858389659,45.2132790497799],[10.3370922688042,45.2121848745074],[10.3320541541906,45.211345681282],[10.3320235106712,45.2073873085018],[10.331863378651,45.207389114779],[10.3310939412447,45.202865893243],[10.3313107054897,45.2016472534399],[10.3311996756327,45.2016360245393],[10.3313367370338,45.2010128117642],[10.3313193259121,45.2002663625463],[10.3309908192776,45.1991805789103],[10.3306406195071,45.1986809366403],[10.3303154030723,45.1979886350874],[10.3304247868529,45.1979623257068],[10.3299883230347,45.1972537215387],[10.3304516350634,45.1956780015876]],[[10.3605222120644,45.1872302134758],[10.3607979200753,45.1871824344835],[10.3616868821428,45.1869938623637],[10.3632498626458,45.1865747698251],[10.3640023374329,45.1864678977855],[10.3641633295121,45.1863591895863],[10.3645998835143,45.1851437427984],[10.3661545080289,45.1793810042143],[10.3682071812979,45.1793888115742],[10.3683600237506,45.1782456387151],[10.3693443194611,45.1779235967049],[10.3695142298905,45.1768021943977],[10.3701109074804,45.1760608197964],[10.3702275843494,45.1757326941571],[10.3703962872025,45.175668176128],[10.3705803502826,45.1735567603141],[10.3707961471581,45.1730219586009],[10.3725148073926,45.1728148750109],[10.3726380610948,45.1718453034161],[10.3725073743008,45.1714761942903],[10.3743250402153,45.1713938952392]],[[10.3312505870736,45.1956321984213],[10.330560347239,45.195440761703]],[[10.3305070947214,45.1940551504084],[10.3316248778089,45.1938387647989],[10.3330373512616,45.1933691098044],[10.3338981350184,45.1935294379178],[10.3335459223344,45.1956775568972]],[[10.330507094717,45.1940551513001],[10.3303694579366,45.1941003386309],[10.330560347239,45.195440761703],[10.3304512104695,45.195700128128]],[[10.3287382776056,45.2932813483231],[10.3300049304245,45.2898727545146],[10.3294133570007,45.2875146651827],[10.3290365841331,45.2865509100992],[10.3329344380776,45.2807609365549],[10.334196008912,45.276941513068],[10.3363586500006,45.2716396687513],[10.337117974562,45.268640610347],[10.3395626868851,45.2620207186294],[10.3410792836776,45.2570371550716],[10.3412032989725,45.2562890475428],[10.3415123584301,45.2560960750826],[10.342049084202,45.2550466003817],[10.342544049914,45.2548014251737],[10.3435895167124,45.2534494436566],[10.3476588509225,45.2455849668091],[10.3471378650774,45.2452243374377],[10.3469226798834,45.2443932924205],[10.3461466580433,45.2432258995094],[10.3455590582736,45.2414703907279],[10.3440121252604,45.2393451064713],[10.3432555494735,45.2384251576784],[10.3417180307383,45.2378382892145],[10.341228613265,45.2373819947223],[10.3412827311051,45.2359571204647],[10.3409951732833,45.2339548134906],[10.3410984149897,45.2337583040241],[10.341282671738,45.2312744381574],[10.3410396450245,45.2306866377418],[10.341041811073,45.2302055144823],[10.3411348718259,45.2292898592644],[10.3415351275647,45.2279550146034],[10.3416736615825,45.2261075898672],[10.340977569489,45.2250273411396],[10.3408556998224,45.2244309718718],[10.3416450247929,45.2231745290245],[10.3438274332579,45.223231581728],[10.3445211462395,45.2189023112361],[10.3448425379393,45.2188629316352],[10.3454393165789,45.2166206007841],[10.3468144182196,45.215565042526],[10.3471156359658,45.2150987675595],[10.3481767810523,45.2126943256837],[10.3492268232225,45.2116880690566],[10.3497072316252,45.2100938654445],[10.3507474353962,45.2075490642748],[10.3535589723211,45.2038005662078],[10.3535225348051,45.2031744980308],[10.3536701043534,45.2025132063754],[10.3545143214802,45.1996523492274],[10.3543066169517,45.1972665048412],[10.3537920228668,45.1952914722924],[10.3534671813798,45.1918201846365],[10.3507360490285,45.1897699790572],[10.3505396018534,45.1895516202246],[10.3504538298368,45.1889048216796],[10.3506994518488,45.1875849332113],[10.3544011639039,45.1842820553603]],[[10.351914292747,45.1906035241369],[10.353538813737,45.1895156596764],[10.3547359050228,45.1891311072889],[10.354865660158,45.188579644147],[10.3557065858288,45.1885696636089],[10.3561143188729,45.1883628093946],[10.3571752378208,45.1882604217658],[10.3588160001717,45.1878481067125],[10.3603408500312,45.1877008879186],[10.360430846459,45.1872149849705],[10.3605582030597,45.1872314243224]],[[10.347653947451,45.2455785509748],[10.3486184987795,45.2456161829556]],[[10.3452668076044,45.2502168580571],[10.3467909384313,45.2499173980185]],[[10.3303694579366,45.1941003386309],[10.3301596894562,45.194133703973],[10.3303842910691,45.1934368257595],[10.329728564471,45.1933396691842],[10.3292065116805,45.1929075167355],[10.3296184162305,45.192659789253],[10.3296391447781,45.19239279891],[10.3290680188965,45.1912991079767],[10.3277755773292,45.1906417611273]]]}},{"type":"Feature","properties":{"CODICE_CAN":"2062","NOME_COMPL":"Roggia VIVALDINA","COMUNI":"Guidizzolo, Ceresara"},"geometry":{"type":"LineString","coordinates":[[10.5495586071703,45.2981189659175],[10.549543435581,45.2979535966858],[10.5486984477178,45.298642406439],[10.5478706925642,45.2976150179516],[10.5494733457713,45.2968997914993],[10.5501874378046,45.2963864536777],[10.5493409507138,45.2955987090584],[10.5513263091961,45.2946533365293],[10.5517298357402,45.2936184692891],[10.5534891017454,45.2914612894098],[10.5538976737567,45.2897355713602],[10.555166160194,45.287530860867],[10.5567486962432,45.2859381351056],[10.555322075416,45.283059024441],[10.5549398581213,45.2818858469927],[10.5546147498551,45.2819241337294],[10.5531493412294,45.2804270705675],[10.5577428563036,45.2781025794745],[10.5575346629875,45.2780309229186],[10.5558806046146,45.2761233549229],[10.5578455050225,45.2751958613481],[10.5578884404274,45.2750124232266],[10.5612007397853,45.2735064800125],[10.5606865126947,45.2730496215095],[10.5604497830139,45.2731287639688],[10.5596755716804,45.272338081795],[10.5610657996169,45.2716359190696],[10.5603980918339,45.2710434609602],[10.5641719341189,45.2692920022552],[10.5652787616095,45.2668317272605],[10.5642937047157,45.2660463961128],[10.5653899067244,45.2653852209678],[10.5649173063553,45.264978131536],[10.5674982546621,45.2638411336615],[10.5667425690735,45.2631108692729],[10.568105950458,45.2626785984743],[10.5691090183941,45.262914621628]]}},{"type":"Feature","properties":{"CODICE_CAN":"0081","NOME_COMPL":"Scolo TORNAPASSOLO","COMUNI":"Asola, Mariana Mantovana, Acquanegra sul Chiese"},"geometry":{"type":"MultiLineString","coordinates":[[[10.4545979258584,45.2514614200512],[10.4537976138428,45.2515968337303],[10.453880597209,45.2518251211147],[10.4521860820899,45.2519836290518],[10.4516321845741,45.2479531189176],[10.4514345536053,45.2478650933209],[10.4512825733627,45.2474500344941],[10.4500559842446,45.2475153747888],[10.4498981000111,45.2459070820541],[10.4495826884148,45.2445281049313],[10.4496739242879,45.2443242877463],[10.4500228742103,45.244381452916],[10.4500481796545,45.2442003908074],[10.4494107525202,45.2430494887823],[10.4491347267551,45.2422041256067],[10.4498317942758,45.2387171112076],[10.4495151972264,45.238242828786],[10.4491486050899,45.2366923843731],[10.4493109739209,45.2354339038774],[10.4497567093339,45.2346426037898],[10.4502244746814,45.2328190154322],[10.4502127788718,45.2323593363599],[10.4499770892002,45.2319496628269],[10.449977879594,45.2313247586448],[10.4493486732646,45.2297115582505],[10.4495764524742,45.2291545141916],[10.4495350979523,45.2285124584162],[10.4492540344732,45.2282861119783],[10.4481267019412,45.2264375216358],[10.4460082621761,45.2248137059824],[10.4457446002482,45.2239563403705],[10.4454833080865,45.2228631338227],[10.4455694840839,45.2223137856043],[10.4458936480367,45.2221033468777],[10.4467223223695,45.2218865146059],[10.4470720762408,45.2215342630425],[10.4474670352229,45.2206626547322],[10.4474677256303,45.2201969223075],[10.4473718104442,45.220033071324],[10.4464281507732,45.2196618404924],[10.4452964749988,45.2197704966622],[10.4447440277652,45.2196949556589],[10.4447328528724,45.2195830874729],[10.4447725824783,45.2191758125125],[10.4451397504093,45.2185182669023],[10.4451077822155,45.2172567201138],[10.4453930139012,45.2171978419939],[10.4451667894758,45.2167051365621],[10.4451633982983,45.2161598687413],[10.4459904958525,45.215884109117],[10.4461994713622,45.2154909019785],[10.4460364077875,45.2152276817105],[10.4453583485626,45.2148014933947],[10.445273272801,45.2145299152239],[10.4455910744861,45.2134942228921],[10.4455372492461,45.2130159153027],[10.4446307107128,45.2101534548754],[10.4455742533302,45.2078939444226],[10.4444128316206,45.2077244190836],[10.4442062495397,45.2073880555215],[10.4443338916075,45.2070769394395],[10.4453495298449,45.2064303449106],[10.4478893957905,45.2058749552945],[10.4481076230925,45.2054374116464],[10.4482022693246,45.2048540541407],[10.4493007558887,45.2037789657014],[10.4494674239669,45.2033641816728],[10.4494686442854,45.2027967471551],[10.4490260161581,45.201785433554],[10.4495171394244,45.2010128145292],[10.4499347804982,45.2006714805984],[10.4503922530034,45.1999700278319],[10.4512533688268,45.1990747930971],[10.4515673385539,45.1984694845404],[10.4513773943916,45.1975581327857],[10.4498706714085,45.1969995430659],[10.4499888906468,45.1962375526212],[10.4496936644837,45.1957755755654],[10.4494750034725,45.1957017142173],[10.4491214380839,45.1952404761742],[10.4491831585927,45.1948800812169],[10.449891742227,45.1945468437344],[10.4497840641342,45.194165158061],[10.4500163690209,45.1938732000591],[10.4512625259025,45.1891057727021],[10.4512539851512,45.1887698508269],[10.4510012102204,45.1883368138324],[10.4508074711918,45.1876023667541],[10.4521526913744,45.1869014094067],[10.452391158339,45.1864444414875],[10.4524420547334,45.1856597227413],[10.4522955875155,45.1854729354563],[10.453218307047,45.1843882598341],[10.4537612314539,45.1832848299924],[10.4544481585472,45.1827631970647],[10.454586709101,45.181493946362],[10.4563105771615,45.1802870317414],[10.4564779643495,45.179659997331],[10.4570084580829,45.1792169813228],[10.4571507762576,45.1789145063089],[10.4574286233558,45.1769006683822],[10.4576266419738,45.1768215033445],[10.4582855061082,45.1758580577507],[10.4584205360593,45.1751076315876],[10.4590129153851,45.1738266849778],[10.4593488963947,45.1734391995923],[10.4602472606371,45.1730445253574],[10.4604695466846,45.1726113271952],[10.4614184826536,45.1722395785185],[10.4616422079695,45.1717002443253],[10.4622328696519,45.1713330725544],[10.4627332059463,45.1713443525827],[10.4634483750147,45.1709578939007],[10.4635588493387,45.1703905303722],[10.4639564439675,45.169807697343],[10.4671710799052,45.1681344023046],[10.4694982729198,45.167207461351],[10.4715591178109,45.1666562565006],[10.4740185159135,45.1662118825328],[10.4753209264298,45.1664662504258],[10.4756601997368,45.1663734402096],[10.4758691806336,45.1660759784742],[10.4774820988766,45.1649645107063],[10.4780080675427,45.1641972212399],[10.4786178571972,45.164254177332],[10.4787846780509,45.1645821517974],[10.4791466992739,45.164724845473],[10.479568036743,45.1645837980319],[10.4797272965728,45.1649413450725],[10.480061665228,45.164659937118],[10.4815069037883,45.1643169651897],[10.4830870540664,45.1627519089137],[10.4840689912353,45.1623795462412],[10.4856815878736,45.1625472322106],[10.4864317739067,45.1623959876941],[10.4866220581162,45.1625839941669],[10.4875353670472,45.162216554897],[10.4877078815167,45.1618016413803],[10.4884386104758,45.1617036939806],[10.489067704548,45.161383047841],[10.4894005911359,45.1613669176248],[10.4896483653676,45.1609628098264],[10.4899132278921,45.1608945077999],[10.4899478060953,45.1606228754425],[10.4903265150185,45.1604469731941],[10.4902782547638,45.160194107497],[10.4905118187902,45.1598845073806],[10.4909792238438,45.1595954362245],[10.4914649559674,45.159689314772],[10.4918711136705,45.1594482006809],[10.4922570442244,45.1595492740704],[10.4922576768185,45.159254503755],[10.4924550489717,45.1590001406609]],[[10.4510146660105,45.187491569383],[10.4510125021342,45.187479802925]],[[10.4430114336847,45.2069851855912],[10.4436013005661,45.2070388184425],[10.4441666078924,45.2072102964248],[10.444264490693,45.2072460983652]]]}},{"type":"Feature","properties":{"CODICE_CAN":"8232","NOME_COMPL":"Vaso CONTA","COMUNI":"Remedello, Asola, Casalromano"},"geometry":{"type":"MultiLineString","coordinates":[[[10.3737587446094,45.2015771171622],[10.3735282045446,45.2014472519644],[10.3732946036891,45.2015445176829],[10.3729187439067,45.2014003218715],[10.3728380505825,45.2012364980366],[10.3725586322622,45.2012016739441],[10.3723878647519,45.2009861784992],[10.3717185307724,45.2008133515533],[10.3718932122888,45.2005414519933],[10.3711546249417,45.2002327202861]],[[10.368852412948,45.2063570165982],[10.3692910740996,45.2064212007167],[10.3697526063667,45.2058583561767],[10.3700616460706,45.2058903725155],[10.3700496718732,45.2039185040448],[10.3703678786626,45.2022597300679],[10.370295257485,45.2018988874489],[10.3702703666589,45.201838900499],[10.3706176660577,45.2012007651516]],[[10.3706168884169,45.201201944899],[10.3711546249417,45.2002327202861],[10.3678503717086,45.1986525002891]],[[10.3699919687451,45.2038031388459],[10.3703607457969,45.2022258007502]],[[10.3645182903053,45.2089308628403],[10.364553301113,45.2088861507653],[10.3649555133945,45.2075684951352],[10.3653781150067,45.2076282289522],[10.3669517747812,45.2078785071072],[10.3674304166559,45.2079543208014]],[[10.3700616224677,45.2058903700704],[10.3707743398802,45.2060046724613],[10.3713857313054,45.205790125155],[10.3727969072853,45.2056302677865],[10.3731930025173,45.2052896880168],[10.3732065075893,45.2050108687487],[10.3725421729693,45.2047044737127],[10.3725289764488,45.2045760214607],[10.3731863996401,45.202215014488],[10.3734524839178,45.2017926380478],[10.3737574008672,45.2015841453538]],[[10.3600059159895,45.2483253049198],[10.360940323123,45.2472911906198],[10.3631404546672,45.2473697417042],[10.3631599811625,45.2459309822696],[10.3633864414513,45.2458139587133],[10.3633380592417,45.2449190297007],[10.3642171420236,45.2444607776146],[10.3642662807908,45.244260130529],[10.3642567954806,45.2421739031271],[10.3637621304652,45.241789218274],[10.3634104122297,45.2394879630767],[10.3642178751633,45.2394211593758],[10.3642283922736,45.2392971869418],[10.3633626135603,45.2369258574187],[10.3636924701699,45.2343687679629],[10.3637060249369,45.2332444572798],[10.3616382717484,45.2330404916685],[10.3618446645173,45.2320853617566],[10.3617558300458,45.2317529870837],[10.3602286467933,45.2315997083693],[10.3603066257086,45.2292171069477],[10.3605542843194,45.2271659173251],[10.3612794667411,45.2219652235682],[10.3618195012379,45.219176986461],[10.3611299664831,45.2190899405284],[10.3610598608052,45.2189764556499],[10.3624203667713,45.2127297610938],[10.3624836436657,45.2125575251874],[10.3628314691084,45.2124485806353],[10.362935621768,45.212294910062],[10.3634206889764,45.2122891194757],[10.3641614621601,45.2100129128538],[10.364359041545,45.2089209731796],[10.3655168403824,45.2089928696119],[10.3661508145221,45.209033513082],[10.3670590342598,45.2091298152348],[10.3674012405092,45.2080673686525],[10.3674497961042,45.2078792316528],[10.3674626418152,45.207782620721],[10.3683095135374,45.2062670680492],[10.3688524129479,45.2063570165982],[10.3690918713865,45.2037700471346],[10.3699821347792,45.203805808987]]]}},{"type":"Feature","properties":{"CODICE_CAN":"1043","NOME_COMPL":"Vaso RESSICO","COMUNI":"Castel Goffredo"},"geometry":{"type":"LineString","coordinates":[[10.446887217775,45.3204104634965],[10.4467153394861,45.3195478761435],[10.4448855140085,45.3006602984133],[10.4464595132995,45.3004498392063],[10.4460745661848,45.2969908677467],[10.4479975930389,45.2967092810534],[10.4480216700781,45.2965946569114],[10.4488462245346,45.2966413566491],[10.4490193271019,45.2954993824358],[10.4487121001088,45.2950854693856],[10.4489195228604,45.2927171001628],[10.4486991685998,45.2913988615537],[10.4473114101287,45.2914926727563],[10.4472604336955,45.2905501911833],[10.4469770041247,45.290549972662],[10.4472714104679,45.2883953375267],[10.4469586903919,45.2861165488074],[10.4470603198575,45.2858675703432],[10.4470286585935,45.2851534802335],[10.4472613110967,45.2842197865689],[10.4468404409639,45.2841203280044],[10.4469473960924,45.2840808667469],[10.4468920763442,45.2834975898551],[10.4470914732282,45.2831407037184],[10.4469822507731,45.2829380147071],[10.4470587095443,45.2820799397285],[10.4467882777121,45.2808934138829],[10.447447791988,45.2807003458045],[10.4472261010252,45.2804806131982],[10.446956188378,45.2796912718768]]}},{"type":"Feature","properties":{"CODICE_CAN":"8215","NOME_COMPL":"Fosso FOSSADAZZO","COMUNI":"Castel Goffredo"},"geometry":{"type":"LineString","coordinates":[[10.4439271571743,45.3204871737009],[10.4611165128719,45.3199446794039]]}},{"type":"Feature","properties":{"CODICE_CAN":"3102","NOME_COMPL":"Dispensatore \"A\" dei Prati Serenelli","COMUNI":"Valeggio s/M"},"geometry":{"type":"MultiLineString","coordinates":[[[10.717702002549,45.3530068617441],[10.7137178532624,45.3521925280918]],[[10.7212746107206,45.3547215508233],[10.7215903028118,45.3546462917256],[10.7193407182216,45.3533579060614],[10.7177031082122,45.3530038190074],[10.7178792222055,45.3525191568575]],[[10.7227251231502,45.356064175095],[10.7215312006547,45.3546757352229]],[[10.7227251231502,45.356064175095],[10.7245259319625,45.3576889095571],[10.7248548585607,45.358367061638],[10.7245197296617,45.362191410411]],[[10.7227251231502,45.356064175095],[10.723160617105,45.3558775226685]],[[10.7246352333323,45.3613204916272],[10.725262478836,45.3614712921399]],[[10.724779901156,45.3599518442023],[10.7257431130059,45.3599130347681]]]}},{"type":"Feature","properties":{"CODICE_CAN":"3103","NOME_COMPL":"Dispensatore \"B\" della Bassa Bonomi","COMUNI":"Volta Mantovana"},"geometry":{"type":"MultiLineString","coordinates":[[[10.6997393223608,45.3233195089039],[10.6980894294449,45.3234429142916]],[[10.698653372888,45.3265861393518],[10.6985565893609,45.3265512139491],[10.6982973600729,45.3265719898469]],[[10.698653372888,45.3265861393518],[10.6987245689905,45.326620625165]],[[10.6984458603373,45.3265535912452],[10.6985122216198,45.3267107755713],[10.6986274266313,45.3270016789765],[10.6992014031311,45.3277564797001],[10.7003012440138,45.3289855436518],[10.7006388262913,45.3292138190756],[10.7023276371669,45.3296354880228],[10.7034450140505,45.3295081041627],[10.703359234896,45.3285168583906],[10.7035289430586,45.3281940295498],[10.7033727974113,45.3274332292056]],[[10.6994249019831,45.3193659452836],[10.6985481303356,45.3194743550179]],[[10.6990309591359,45.3258593886477],[10.6987741204435,45.3258711766915]],[[10.6994249019831,45.3193659452836],[10.7001403220398,45.3207395008137],[10.6981450845816,45.320888809869]],[[10.6994249019831,45.3193659452836],[10.7018771974194,45.3188505350297],[10.7025166880928,45.3186676472131]],[[10.7003055929347,45.3160173894042],[10.6995110110104,45.3156851952049]],[[10.6998677077021,45.322364614202],[10.7009989478937,45.3223414332127],[10.7033822745733,45.3219266790217]],[[10.699889356319,45.3182162417048],[10.7006165572414,45.3191050145896]],[[10.7003055929347,45.3160173894042],[10.7000366116472,45.3165809268548],[10.7001117456315,45.3166569168953],[10.699889356319,45.3182162417048],[10.6991315952167,45.3182729945081]],[[10.699889356319,45.3182162417048],[10.701264658294,45.3180059529819]],[[10.7001403220398,45.3207395008137],[10.7002011861833,45.3211456824674],[10.7001537918082,45.3214350512815],[10.6999841561274,45.3219476802468],[10.6998677077021,45.322364614202],[10.6997730777552,45.3227614517761],[10.6997393223608,45.3233195089039],[10.7000185503962,45.3242195384181],[10.6997448129905,45.3242526390873],[10.6998485308017,45.3247216552979],[10.7005862340719,45.3246474022542],[10.7007743601076,45.3251270233092],[10.6988752951441,45.325276655454],[10.6990309591359,45.3258593886477],[10.6990233855695,45.3261195235397],[10.6988936462572,45.3264031462133],[10.6984458603373,45.3265535912452],[10.6988192738499,45.326646006249],[10.6994367206083,45.3268398586651],[10.6997261146003,45.3268919512795],[10.7014209833886,45.3268864493474],[10.7056283044999,45.3260115188039],[10.7056522100014,45.3259083897296],[10.7050218834088,45.3259190554061]],[[10.7007743601076,45.3251270233092],[10.7028268667653,45.3249143941361]],[[10.7011159193125,45.3292485179682],[10.7009209094436,45.3283433818396],[10.7009979609461,45.3282463539045]],[[10.7056522100014,45.3259083897296],[10.7056924805127,45.3248223364195],[10.7049685080879,45.3247936059796],[10.7047878776563,45.323070256334],[10.7050116348191,45.3230550525268]],[[10.7056522100014,45.3259083897296],[10.7065737807815,45.3259201709938],[10.7067266453179,45.3258962161225],[10.7083214671069,45.3254750344735],[10.7074239266196,45.3242408814827],[10.7068807567681,45.3231398245462]],[[10.7062383194229,45.3318923515374],[10.707111044026,45.3325772381544],[10.7080902176375,45.3337251538208],[10.7080710942422,45.3342078622289],[10.7088123676086,45.3355530896164],[10.7094677233832,45.3358121712119]],[[10.7073689476119,45.329220149748],[10.707477636938,45.3306914952994],[10.7077780642153,45.3314541333894],[10.7062383194229,45.3318923515374],[10.7038600161875,45.3302611348061],[10.7034450140505,45.3295081041627]],[[10.7073689476119,45.329220149748],[10.707260893297,45.3285159255785],[10.7062015029119,45.3285198975523],[10.7056476544192,45.3265035778779],[10.7056283044999,45.3260115188039]],[[10.707260893297,45.3285159255785],[10.7071781160774,45.3278133004549],[10.7080276762545,45.3277294183504],[10.7080092216317,45.3274884829847],[10.7086591984909,45.3274787585712]],[[10.7073689476119,45.329220149748],[10.708360158807,45.32918555274],[10.7082856946996,45.3286666783637],[10.7102914600272,45.3286287444439],[10.7103346100805,45.3287585895222],[10.7114935760855,45.3288909068907]],[[10.7102914600272,45.3286287444439],[10.7101044191157,45.3265120487674],[10.711025001389,45.326553617788]],[[10.7106302432696,45.3328938573466],[10.7102657538351,45.3328958014582],[10.7100773957454,45.3325051714467],[10.7097675245873,45.3324544518273],[10.7074523577602,45.3329280202669]],[[10.710630243274,45.3328938568711],[10.711783282624,45.3328952357415],[10.712042520042,45.3312509739464],[10.7122528850876,45.330802259159]],[[10.710630243274,45.3328938568711],[10.7105970248979,45.3315045737413],[10.7111458262166,45.3314787353302]]]}},{"type":"Feature","properties":{"CODICE_CAN":"3104","NOME_COMPL":"Dispensatore \"C\" dei Mulini con sollevam","COMUNI":"Volta Mantovana"},"geometry":{"type":"MultiLineString","coordinates":[[[10.6722342691325,45.3123211830756],[10.6732040356786,45.3114947705667]],[[10.6774036437426,45.3078978855406],[10.6780456387172,45.3075749707069],[10.6771705257583,45.306729491212]],[[10.6774977929626,45.3097349084916],[10.6773346461248,45.3096506155927]],[[10.6790074909753,45.3093561692409],[10.6777752015984,45.3099324729142],[10.6772353859732,45.3096026819766],[10.6762392800443,45.3100305331686],[10.6749466703561,45.3087643550944]],[[10.6799898282196,45.3088986165538],[10.6798653868503,45.3089603116878],[10.6795072813684,45.3091233798579]],[[10.6799898282196,45.3088986165538],[10.6802572529786,45.3087740528797]],[[10.6817363025922,45.3116278323862],[10.681004847091,45.3107802047933]],[[10.6818931811825,45.3081165541079],[10.6810564387605,45.3068372557945],[10.6801258681914,45.3072005685998]],[[10.6810564387605,45.3068372557945],[10.681823306603,45.3065229626272]],[[10.6848559735917,45.3107638977724],[10.6844513097326,45.3101014680054],[10.6839851067252,45.3102546534431],[10.6836504857325,45.3098564753246],[10.6832053072485,45.3094693605048],[10.682395767689,45.3086251858838],[10.6821421636754,45.3082928069486],[10.682320473896,45.3082585456015],[10.6820206219701,45.3082570315872],[10.6818931811825,45.3081165541079],[10.6811933047172,45.3083265528851],[10.6790074909753,45.3093561692409],[10.6774036437426,45.3078978855406],[10.6763180009484,45.3084217890714]],[[10.6831861554201,45.307963958493],[10.682320473896,45.3082585456015],[10.6831223330525,45.3079916765248],[10.6834931114537,45.3084014117283]],[[10.6831223330525,45.3079916765248],[10.6842247781702,45.3076724657344]],[[10.6832053072485,45.3094693605048],[10.6842194570897,45.3090743726341]],[[10.6853715902962,45.3050382500189],[10.6851790225883,45.3047801084129],[10.6855615676204,45.3045522905611]],[[10.6864320853565,45.3059007819657],[10.6881391946482,45.3051028097894]],[[10.6875071655193,45.3071360985906],[10.6884246815526,45.3067158178167]],[[10.688142738176,45.310205781884],[10.6877838558888,45.3091388134909],[10.6875413949102,45.3092333475079],[10.6866060161804,45.3081162387579],[10.6877801065451,45.3074582941049],[10.6864320853565,45.3059007819657],[10.6862896532922,45.3059519787546],[10.6853715902962,45.3050382500189],[10.6847789241853,45.3053937617582]],[[10.6877838558888,45.3091388134909],[10.6881318878861,45.3090328172134]],[[10.6908701403111,45.3097807221839],[10.6885728550175,45.3101608461172],[10.688142738176,45.310205781884],[10.6852915795809,45.3106615982548],[10.6848559735917,45.3107638977724],[10.6845576696055,45.3108339512585],[10.6818464385511,45.3115938445397],[10.6817363025922,45.3116278323862],[10.6810298427797,45.3118458441007],[10.6768757934002,45.3126960860102],[10.6745962790751,45.3127987822079],[10.6726802871034,45.3125869159243],[10.6711321272606,45.3117926904587]],[[10.6908701403111,45.3097807221839],[10.6901119191322,45.3089151518167],[10.6895521176178,45.3085634908362],[10.6897187828274,45.3084502695626]],[[10.6901119191322,45.3089151518167],[10.6912239097523,45.3084833491632],[10.6909301747714,45.3080483307687],[10.6911068326256,45.3079587199926],[10.6905432451183,45.3070971199899],[10.6903421079996,45.3067402565871]],[[10.6906840228329,45.3073085677285],[10.6933338383641,45.3065275431345]],[[10.6908701403111,45.3097807221839],[10.696114485523,45.3089114126673],[10.6959444746997,45.3080071922704]],[[10.696114485523,45.3089114126673],[10.6974182464846,45.308742098584],[10.6982945294407,45.307864430369],[10.6971489241497,45.3072747444736],[10.6968440559723,45.3067892084437],[10.696591942059,45.3063849206881],[10.6963899765944,45.3060376494202],[10.6961109821472,45.3053260658514],[10.6959009272175,45.3056885840495]],[[10.6961109821472,45.3053260658514],[10.696349471241,45.3044921200966],[10.6969872794111,45.3044589170326],[10.6971222696443,45.3025983894665],[10.6974411629411,45.3025817863729],[10.6975990965772,45.3002180936277]],[[10.6967740310788,45.3066768322755],[10.6990330845777,45.3056698091338],[10.699183348511,45.305342992462],[10.7007234421857,45.3036499289624],[10.70080119352,45.3034229137735],[10.7010428002257,45.3035339420954]],[[10.6982945294407,45.307864430369],[10.6988072683304,45.3079525132177]],[[10.6989695195698,45.3056967409251],[10.6990591413925,45.305452886161]],[[10.70080119352,45.3034229137735],[10.7013111545592,45.301913655079],[10.7004631351845,45.3018277724087]],[[10.7013111545592,45.301913655079],[10.701598634045,45.3010518438345],[10.7019282487777,45.3009572040001],[10.7022034587694,45.2997958793883],[10.701423008253,45.2996387103564],[10.7016302531904,45.2989637322807]],[[10.7019282487777,45.3009572040001],[10.702632351075,45.3011019573283],[10.7029498012201,45.3012946243973],[10.7033844414993,45.3019311049272],[10.7045804136001,45.3018371167352]]]}},{"type":"Feature","properties":{"CODICE_CAN":"3105","NOME_COMPL":"Dispensatore \"D\" della Bassa Falzoni","COMUNI":"Volta Mantovana, Goito"},"geometry":{"type":"MultiLineString","coordinates":[[[10.6982945294407,45.307864430369],[10.6988072683304,45.3079525132177]],[[10.6984544601577,45.3082067355019],[10.6991349656863,45.3079464849949],[10.6991098766385,45.3070326863568],[10.6994916004264,45.3058186721554],[10.7000876802382,45.3049553003246],[10.701454812528,45.3039305654099],[10.7039238402582,45.3029151444793],[10.7039847210138,45.3025758497961],[10.7035128807773,45.3020000030227],[10.704561671215,45.301888383916]],[[10.7034441130032,45.2875781433428],[10.7023769737177,45.2876587839172]],[[10.7032438542714,45.3009101315822],[10.7031053289461,45.3003003016414],[10.7028031188722,45.2998178042595],[10.702732584009,45.2986719914027],[10.7047605737852,45.2986318767767],[10.7047225081418,45.2970893882508],[10.7052106626524,45.2970605226066],[10.7052161235426,45.2952052835717],[10.7053990945774,45.2951917635282],[10.7053961829158,45.2950947348903],[10.704239174703,45.2920569781717],[10.7056575606218,45.2918104036108],[10.7056756932232,45.291667777649],[10.7060203871506,45.291579587569]],[[10.702732584009,45.2986719914027],[10.7027604876865,45.2958728622776],[10.702384776149,45.2950959539003],[10.7009693937321,45.29301694626],[10.7005233509808,45.2917792431311],[10.7011925841639,45.2913762331075]],[[10.7027062295525,45.2957495563782],[10.7035219096531,45.2955418955002],[10.7035955217425,45.2952781847673]],[[10.7032438542714,45.3009101315822],[10.7035128807773,45.3020000030227]],[[10.7032438542714,45.3009101315822],[10.7057345054595,45.3006104951797],[10.706248713646,45.3001138103225],[10.7077655288509,45.2996281733799],[10.7075143770691,45.2991484473585],[10.7077946496271,45.2965301173544]],[[10.7034441130032,45.2875781433428],[10.7040582717961,45.2904811422992],[10.7037846445198,45.2905283715759],[10.704239174703,45.2920569781717]],[[10.7034441130032,45.2875781433428],[10.7049513903726,45.287407940718],[10.7042112645204,45.2848810203618]],[[10.7039952343971,45.3027566715713],[10.7047040735137,45.302763055802]],[[10.7047478141873,45.2933266266716],[10.7061635025776,45.2929891370839],[10.7074280264888,45.2922821855144],[10.7071226967755,45.2900783618733]],[[10.7053961829158,45.2950947348903],[10.7070630478521,45.2951345252316]],[[10.7063722365289,45.2901941741675],[10.7075403915649,45.2899960526271],[10.7072195146058,45.2887877169833]],[[10.7075403915649,45.2899960526271],[10.7086811202551,45.2897389772331],[10.7081682261783,45.287416921384],[10.7099136758173,45.2872829211351],[10.7111732166668,45.2865101655465],[10.7125228226418,45.286031231729],[10.71284872805,45.2854134248902],[10.7127231237947,45.2849625402341]],[[10.7108402106596,45.2935140856683],[10.7099954755777,45.293546708655]],[[10.7105490944912,45.3004503033412],[10.7111500942059,45.3001857730709],[10.7118149040035,45.2995517391581],[10.7113111298168,45.2990096423751],[10.7127470849855,45.2976487248659]],[[10.7117077728557,45.286310369131],[10.7111689512947,45.2848099901263]],[[10.7108402106596,45.2935140856683],[10.7110319719666,45.2952476522895],[10.7119500658605,45.2952878107719],[10.7114550124961,45.2968120784304],[10.7121230443095,45.2969207004955],[10.7105269168984,45.298589819448],[10.7099890050321,45.2989969556922],[10.7077655288509,45.2996281733799],[10.7082429561506,45.3001170190266],[10.7086673729476,45.3012755075267],[10.7105517985967,45.3004550336895],[10.7108154492413,45.3009162390873],[10.712361234081,45.3005764685316],[10.7138259067567,45.2998718453607],[10.7136611941847,45.2997556004581],[10.7141250599042,45.2993331173415],[10.713853771815,45.2991690075955],[10.7142481712779,45.2987673527635],[10.7138280508199,45.2985485923758],[10.7148366872519,45.2975985277488],[10.7155480629497,45.2979464648662],[10.7165044180255,45.2982832914943]],[[10.7108402106596,45.2935140856683],[10.7106769409024,45.2918025370735],[10.7116443528975,45.2917330828403],[10.7115627122979,45.2907057824742],[10.7114136740264,45.2905933414592],[10.7109309297707,45.2906220593574]],[[10.7138227983451,45.2932858970065],[10.7127740924657,45.2934742166832]],[[10.7147343570981,45.2931104156716],[10.7138227983451,45.2932858970065],[10.7136861544487,45.2945822452931],[10.7133234708004,45.2947171214028],[10.7128645871051,45.2952093712508],[10.7119500658605,45.2952878107719]],[[10.7145052445664,45.2913101434177],[10.7141626965977,45.2913824910123]],[[10.7146774016189,45.2931186313651],[10.714756752571,45.2924056643301],[10.7145052445664,45.2913101434177],[10.715270789186,45.291152336381],[10.7143386239193,45.2888559696624],[10.7133630907906,45.2890080852892],[10.7130265471247,45.2884358055073]],[[10.7146774016189,45.2931186313651],[10.7153287381065,45.2930583393173],[10.7161814709917,45.292959230196],[10.7164459546331,45.2921031745016],[10.7178410668404,45.2922547526855]],[[10.7149786630093,45.297658226665],[10.7166514398806,45.2954936590073],[10.7163306773429,45.295315459889],[10.716980402222,45.294551324929],[10.7171455346154,45.2946179838052],[10.7173474883703,45.2943687526479],[10.717207129615,45.294312094221],[10.7173744061007,45.2941056570312],[10.7184113886645,45.2946184687984]],[[10.7173744061007,45.2941056570312],[10.7181879926467,45.2931767050177]]]}},{"type":"Feature","properties":{"CODICE_CAN":"3106","NOME_COMPL":"Dispensatore \"E\" della Casa Trento","COMUNI":"Volta Mantovana, Goito"},"geometry":{"type":"MultiLineString","coordinates":[[[10.6996780735985,45.2846216602515],[10.6967847430651,45.2853685602085]],[[10.6996790869315,45.2872809198407],[10.6989879324704,45.2874908987078],[10.6979523318792,45.2865770401918]],[[10.6996239593842,45.2887171551399],[10.6979735744471,45.2891466196217],[10.6973164158395,45.2880752928447],[10.6948653335117,45.2890984064195],[10.6941772955971,45.2880442802107]],[[10.6996392538069,45.2898854259829],[10.6995998861389,45.2894114948416],[10.6996239593842,45.2887171551399],[10.6997191617432,45.2877785664538],[10.6996790869315,45.2872809198407],[10.699734244092,45.287064588829],[10.699560115842,45.2860173111093],[10.6996780735985,45.2846216602515],[10.700087211131,45.2839729934121],[10.7001009556366,45.283120634247],[10.6999773129769,45.282756486013],[10.699598284748,45.2823253918732],[10.6990053531188,45.2818834242678]],[[10.6996392538069,45.2898854259829],[10.6985097387167,45.290143446369]],[[10.6996392538069,45.2898854259829],[10.6997825448792,45.2904625992532],[10.6997429440104,45.2917621791099],[10.7000101110327,45.2922663302802],[10.6988050536674,45.2936544328799],[10.6974369638271,45.2941809302585]],[[10.6980415821905,45.2939781794236],[10.6987067147455,45.2948639365492],[10.6995733221983,45.294522833283]],[[10.6987067147455,45.2948639365492],[10.6992321257543,45.2959345200579],[10.6994297002354,45.2958101203815],[10.7001858389858,45.2967399886294],[10.6978345303826,45.2981154845842],[10.696297306702,45.299362188755],[10.6954348178954,45.2983409481733],[10.6952721386495,45.2984283811074],[10.6948796655158,45.2974792430163]],[[10.696297306702,45.299362188755],[10.6954863690634,45.3000701904033],[10.6953629223209,45.3014738235353],[10.69355918411,45.301678534215]],[[10.6953629223209,45.3014738235353],[10.695650926302,45.302958341449],[10.6943927583422,45.3031391449041]],[[10.6879013096329,45.3032352880626],[10.6869813167803,45.3037668973148],[10.6861406768788,45.3035736904129],[10.6858904609818,45.3032610410086]],[[10.693321709644,45.3049937829403],[10.6959311962275,45.3040890632996],[10.695650926302,45.302958341449]],[[10.693321709644,45.3049937829403],[10.6926406136605,45.3050790131048],[10.6922839714315,45.3034511734375]],[[10.693321709644,45.3049937829403],[10.6935762119521,45.3054487071775],[10.6933962012196,45.3056135032253]],[[10.6926406136605,45.3050790131048],[10.6887752203124,45.3041713983843],[10.6879013096329,45.3032352880626],[10.6883901681208,45.3029038079057]]]}},{"type":"Feature","properties":{"CODICE_CAN":"3107","NOME_COMPL":"Dispensatore \"F\" dell'America","COMUNI":"Volta Mantovana, Goito"},"geometry":{"type":"MultiLineString","coordinates":[[[10.6868460420251,45.301473424107],[10.6858445165309,45.3006161661327],[10.6853715914358,45.3008866797073]],[[10.6868460420251,45.301473424107],[10.687789065013,45.300996868825],[10.6883695626392,45.3004168568816],[10.6907550796491,45.3000869631488],[10.6902918992764,45.2991131535422],[10.691175753773,45.2984060859133],[10.6903911011038,45.2973899371801],[10.6901473268514,45.2975948638104]],[[10.6868460420251,45.301473424107],[10.6857159527365,45.3020403512727],[10.6841004204486,45.3029311266963],[10.6836582256407,45.3031951531902],[10.6821964386379,45.3018862850687],[10.6826490100045,45.3015620272587],[10.6814983169517,45.3004888975681],[10.6815664340242,45.3003248100063]],[[10.691175753773,45.2984060859133],[10.6940649132647,45.2963188825226],[10.6933750457739,45.2954473054632],[10.6943724295401,45.2946989858403],[10.6936394700223,45.2936026541099],[10.6931474163744,45.2924542668344],[10.6930504310564,45.2924642887541],[10.692691623218,45.2913373901311]],[[10.6903911011038,45.2973899371801],[10.6911177859968,45.2967846436706]],[[10.6858445165309,45.3006161661327],[10.6865225423304,45.3002009631556]],[[10.6943724295401,45.2946989858403],[10.6951302164448,45.2941071774566]],[[10.6841959484865,45.3032816351889],[10.6841004204486,45.3029311266963]],[[10.6898664779973,45.2947894868209],[10.6884504075556,45.296034467233],[10.6883324929505,45.297469471874],[10.6872936083518,45.2981451969865],[10.6882649523957,45.2989691516509],[10.6870080475648,45.2998839925965],[10.6865225423304,45.3002009631556],[10.6844638435793,45.2985739830254]]]}},{"type":"Feature","properties":{"CODICE_CAN":"3108","NOME_COMPL":"Dispensatore \"G1\" della Pace","COMUNI":"Volta Mantovana, Goito"},"geometry":{"type":"MultiLineString","coordinates":[[[10.6817352107778,45.2835985150926],[10.6782088242106,45.283294229909],[10.6769839351896,45.2831659165604],[10.6739617819614,45.2830639526274]],[[10.6817352107778,45.2835985150926],[10.684211789379,45.283802944693],[10.6842085351244,45.2866263714426],[10.6845400636921,45.2866610240071],[10.6852628703401,45.2891257564241],[10.6878022146251,45.2891730428892]],[[10.6782088242106,45.283294229909],[10.6782191064246,45.2824083125906],[10.6777849089305,45.2800302418429],[10.6788543213684,45.2790674645296],[10.6768712328415,45.2783169534044]],[[10.6842085351244,45.2866263714426],[10.6791395309173,45.2862660527332]],[[10.6843169560838,45.2948299622555],[10.6830261066618,45.2911556734668],[10.6858895639103,45.2911806543887],[10.6852628703401,45.2891257564241]],[[10.6736664477813,45.2817831300219],[10.668806726165,45.281379741251],[10.6688348713736,45.2811934771342]],[[10.6736664477813,45.2817831300219],[10.6732770303909,45.279263973605],[10.6726633296034,45.2792977689984],[10.6721181529171,45.2780782052764],[10.6718503702383,45.2779265976225],[10.6718303366897,45.2777212664925],[10.6721328306924,45.2772462733963],[10.6723799353748,45.2747909775307],[10.6736771686385,45.2750052750367],[10.6752414523648,45.272684875911],[10.674103691682,45.2724643037862],[10.67431147664,45.2703891931571]],[[10.6736664477813,45.2817831300219],[10.6739617819614,45.2830639526274]],[[10.6718503702383,45.2779265976225],[10.6695555617798,45.277830532702],[10.6695538327003,45.2771733831588],[10.6671598757092,45.2769851870912]],[[10.6723799353748,45.2747909775307],[10.6696516221339,45.2742852091545],[10.6671023276343,45.2745359911377]],[[10.6695555617798,45.277830532702],[10.6693934759962,45.2782916865555],[10.6651733247885,45.2779859404321]]]}},{"type":"Feature","properties":{"CODICE_CAN":"3109","NOME_COMPL":"Dispensatore \"G2\" Moschini","COMUNI":"Volta Mantovana, Goito"},"geometry":{"type":"MultiLineString","coordinates":[[[10.6816302323137,45.2762651459237],[10.6790375744627,45.2761613961103]],[[10.6816302323137,45.2762651459237],[10.6822968794188,45.2724422045466],[10.676841928099,45.2705517532082],[10.6790798406646,45.2668292973496],[10.676787246483,45.2658429579334],[10.6725147961999,45.2635754509113]],[[10.6816302323137,45.2762651459237],[10.683530454029,45.2765656055462],[10.682569102797,45.2793963535661],[10.6854445575287,45.2815485902282],[10.6844971428696,45.2822783018553],[10.6852011215343,45.2827352159207],[10.685676639558,45.2833325140687],[10.6857694491632,45.2840073314082],[10.6868069853425,45.284616790156],[10.6876523249341,45.2853556182743],[10.6909572340633,45.286485107937],[10.6913025422707,45.2854755985279],[10.6941973539626,45.2801480949517],[10.6873349756651,45.2782425427766],[10.688417701031,45.2760358459369],[10.6868366136179,45.2755991166562]],[[10.6941973539626,45.2801480949517],[10.6955758305781,45.2779306587063],[10.6953626319834,45.277542347073],[10.6950607389485,45.2773728391874],[10.694004498303,45.2759451885051],[10.6925084136148,45.2746031347083],[10.691623439684,45.2734694965611],[10.6897902655996,45.2724645630535]],[[10.6909572340633,45.286485107937],[10.6908883350348,45.2870583174689],[10.6911022353402,45.2893613919313],[10.6871160090925,45.2922216928541],[10.6843885592359,45.2947523092838]]]}},{"type":"Feature","properties":{"CODICE_CAN":"3110","NOME_COMPL":"Dispensatore \"H\" dell'Angelo Custode","COMUNI":"Volta Mantovana"},"geometry":{"type":"MultiLineString","coordinates":[[[10.6751259238734,45.2976817759284],[10.6749252621817,45.2965755372007],[10.674495326385,45.2965304370037],[10.6742456524011,45.2957570772656],[10.6740488229185,45.2957480836742],[10.6734907205753,45.2946629157334],[10.6722951921864,45.2928733132458],[10.673117299051,45.2926338973708],[10.672023772076,45.2909772432907]],[[10.6766920169988,45.2886568105843],[10.6786341721407,45.288693521222]],[[10.6775639151371,45.2974931576052],[10.6779119362492,45.2983941648952],[10.6758657094301,45.2986397249697],[10.6756737061551,45.2976414423933],[10.6736706385421,45.2978018260975],[10.6736572797667,45.2979211035168]],[[10.6775639151371,45.2974931576052],[10.6767256887926,45.295268183733],[10.6788533727183,45.2947605781041],[10.6779264584303,45.2922865267682],[10.6776082529455,45.2908730251125],[10.6776827310934,45.2908242976017],[10.6766920169988,45.2886568105843],[10.6764531057949,45.2886286840708],[10.6760528557436,45.284465488657]],[[10.6775639151371,45.2974931576052],[10.6809244167169,45.2970983201412],[10.6807225538656,45.2963525676279]],[[10.6779119362492,45.2983941648952],[10.6789826819485,45.3009764023453],[10.6787264485407,45.3012174278614],[10.678813435152,45.3013169836512]],[[10.6788533727183,45.2947605781041],[10.6790181981476,45.2947287128518]]]}},{"type":"Feature","properties":{"CODICE_CAN":"3111","NOME_COMPL":"Dispensatore \"I\" della Segrada","COMUNI":"Volta Mantovana, Goito"},"geometry":{"type":"MultiLineString","coordinates":[[[10.6626324589981,45.2809093005284],[10.6621422340644,45.2815085835552],[10.659874727447,45.281339298889]],[[10.6599222728248,45.276198199507],[10.6619116603493,45.2744277822551],[10.664926817415,45.270668774185],[10.664819303703,45.2706307986041],[10.6669054200279,45.2679549221299],[10.6657274345395,45.2675035256862]],[[10.6626324589981,45.2809093005284],[10.6608348194905,45.2799893794401],[10.6606885047462,45.2802706160429],[10.6603651374952,45.2801399574269]],[[10.6608348194905,45.2799893794401],[10.6615157160811,45.2782751636173],[10.6610314155015,45.27818532903],[10.661452116162,45.2768877275377],[10.6606605542538,45.2767901690261],[10.6612095717107,45.2753984798179],[10.6610412955087,45.2752817139707]],[[10.6626324589981,45.2809093005284],[10.6660592055447,45.2814712696206],[10.6685326049498,45.2820599349184],[10.6687425752627,45.2809212448816],[10.6669069488583,45.2807253717053]],[[10.6715884901322,45.2653494458408],[10.6707265608381,45.2669737634291],[10.6704531796792,45.2690122622514],[10.6669054200279,45.2679549221299]],[[10.6675642501991,45.2868780105576],[10.6671642873071,45.2890790528073],[10.6666779444305,45.2904074281346],[10.666550671032,45.2911758852781],[10.6668149614618,45.2912095935011],[10.6672788513684,45.2924148161175],[10.6675300943148,45.2923854442799],[10.6681686678238,45.2937638080431],[10.6680372480752,45.293823335835],[10.6684319928486,45.2947304109884],[10.6675651473483,45.2950145460393],[10.6684979624775,45.2960646273306],[10.6689207994391,45.2959635446021],[10.6691999282031,45.2966929880173],[10.6675104240253,45.2967789651893]],[[10.6685326049498,45.2820599349184],[10.6675642501991,45.2868780105576],[10.6677341852458,45.2869255173592],[10.6677189319837,45.2870740267881],[10.6699514202937,45.2872193569675]],[[10.6691999282031,45.2966929880173],[10.6708687266058,45.2969513133024],[10.6709024814597,45.2987678219056],[10.6690757801152,45.2987629036606]],[[10.6709024814597,45.2987678219056],[10.6717418513797,45.2988267134628],[10.6718919265697,45.3002322363755],[10.6700959248697,45.3001234088439],[10.6701286792482,45.2995106886462],[10.6689158747008,45.2994236323718]],[[10.6715265139568,45.2654198693714],[10.6695273902568,45.2646542979282]],[[10.6715265139568,45.2654198693714],[10.6721063512495,45.2634377976543]],[[10.6783052501199,45.3056465043727],[10.6757256356047,45.3030382236822],[10.6758104579146,45.3029632728913],[10.6754588745247,45.3022559523094],[10.6737359783126,45.3028585920685],[10.6734822638773,45.3025183560076]],[[10.6765233876689,45.3037489139408],[10.67782960673,45.3025355290444],[10.6773336100227,45.3020810011986],[10.6770189101176,45.3015509546908],[10.677199828164,45.3015107315493],[10.6770055769636,45.3009925287885],[10.6747584501382,45.3009949406277],[10.6748249490347,45.3003039395623],[10.6718919265697,45.3002322363755]],[[10.6770055769636,45.3009925287885],[10.6769880718023,45.3007902045307],[10.6767300347451,45.3006852506436]],[[10.67782960673,45.3025355290444],[10.6786305459102,45.3017916789589]]]}},{"type":"Feature","properties":{"CODICE_CAN":"3112","NOME_COMPL":"Dispensatore \"L\" della Corte Italia","COMUNI":"Volta Mantovana, Goito"},"geometry":{"type":"MultiLineString","coordinates":[[[10.6619530518802,45.2859629045944],[10.66202169184,45.2851588248524],[10.6593271998969,45.2848234441574],[10.659311037239,45.2845558166418],[10.6584448045455,45.2845626810335],[10.6575748527093,45.2845189140778]],[[10.6593072858322,45.2845740073966],[10.6594068923983,45.2840909449427]],[[10.6642795361758,45.2852507836502],[10.6646250103295,45.283472309442],[10.6615475308233,45.2829141001767],[10.6615751234084,45.2827080743782]],[[10.6628708593972,45.2915144679846],[10.6625999147576,45.29156564117],[10.6637173358205,45.2938567033442],[10.6642889138337,45.2937653333379],[10.6643915164136,45.294016913403],[10.6656789513658,45.293774561222],[10.6661054242744,45.2928051079718],[10.666289578194,45.2919685800731],[10.6650316543927,45.2919612270211],[10.6649120255182,45.2898079769023],[10.6651522477027,45.2898133908712],[10.6642043470387,45.2859951565088],[10.6632540209974,45.285969222413],[10.6619530518802,45.2859629045944],[10.6615894219671,45.2859539578341],[10.6605874270929,45.2861151754894],[10.6589901631552,45.2861383934342]],[[10.6642760932829,45.285236075922],[10.6637755831156,45.2852166783568]],[[10.6642760932829,45.285236075922],[10.6642043470387,45.2859951565088]],[[10.6646975707837,45.2948072672971],[10.6643915164136,45.294016913403]],[[10.6660842460208,45.304945645166],[10.6653341373657,45.3043021510861],[10.6657569902657,45.3039124161252],[10.6655487755002,45.3035951551368],[10.6654929337794,45.3031234307936],[10.6650192464841,45.3031164989335]],[[10.6664002363854,45.2977540913093],[10.6659447265663,45.2977923725063]],[[10.6660842460208,45.304945645166],[10.6677034304843,45.3063561314717],[10.6675796112347,45.3065431016182],[10.6683673579539,45.3070153333495],[10.6698162378639,45.3082858951819],[10.6687726196244,45.3089664922396],[10.6668898753037,45.3074824325541],[10.6662686167629,45.3078908841192],[10.6647673605921,45.3067620810432],[10.6649271372013,45.3066688026069],[10.6642432258295,45.3060856279178]],[[10.6660842460208,45.304945645166],[10.6672364972114,45.3041102867563],[10.6682251022214,45.3040009444523],[10.6680567454644,45.3024623878668],[10.6672030444985,45.3024914892869],[10.6670605375605,45.3001150576235],[10.6670366483932,45.2999690972131],[10.6667758303221,45.2999392553034],[10.666765759725,45.298946910204],[10.6662943284926,45.2989201791943],[10.6664002363854,45.2977540913093],[10.6663739120275,45.2967599680283],[10.6666672555599,45.2966370575523],[10.6656739254921,45.2955285296066],[10.6652363907369,45.295606088831],[10.6653251001803,45.2947130992338],[10.6646975707837,45.2948072672971],[10.6623420722883,45.295203402803],[10.6616463213686,45.293250216846],[10.6610988752752,45.2934005371634]],[[10.6698162378639,45.3082858951819],[10.6709507103503,45.3091333131097],[10.6730259706348,45.3078612762129],[10.6722365358093,45.307218403969]],[[10.6731012316281,45.3079432137146],[10.6730259706348,45.3078612762129],[10.6731842242607,45.3077166026776],[10.6747987590525,45.3069772051003],[10.6741457915964,45.3063066413196],[10.674236706773,45.3061589992671],[10.6726655705091,45.3049443297627],[10.671901326672,45.3038226156192]],[[10.674236706773,45.3061589992671],[10.6748659471311,45.3056436210455]]]}},{"type":"Feature","properties":{"CODICE_CAN":"3113","NOME_COMPL":"Dispensatore \"M\" della Casa Garibaldi","COMUNI":"Volta Mantovana, Goito"},"geometry":{"type":"MultiLineString","coordinates":[[[10.6586550472397,45.3012352029164],[10.6576210700725,45.2999331706949],[10.6580074712864,45.2997337998535],[10.6575933440981,45.2993677426175],[10.6572595676392,45.2987758531162],[10.656217456967,45.29847317547],[10.6560032352185,45.2977699158718],[10.6561617036132,45.2976625740222]],[[10.658623407691,45.3012571465096],[10.6591513340297,45.3017793531126],[10.6594582723431,45.3016612916969]],[[10.658623407691,45.3012571465096],[10.6569354943062,45.3018046464099]],[[10.6591513340297,45.3017793531126],[10.6603743988962,45.3032721177651],[10.6624308283316,45.302681183615],[10.6635031473449,45.302421678591],[10.6637437818496,45.302371572874]],[[10.6670788902587,45.3094571995743],[10.6682471449114,45.3107693685005],[10.6666550737211,45.311850414294],[10.6654180239185,45.3122836645677]],[[10.6670788902587,45.3094571995743],[10.6647773279519,45.3078171288276],[10.6608065375563,45.3069344145693]],[[10.6670303546683,45.309454564439],[10.66558478177,45.3100371697642],[10.6653386646655,45.3097659359673],[10.6648920163872,45.3099187582025]],[[10.6643497382445,45.2970363930259],[10.6646120586792,45.296960165659]],[[10.6682471449114,45.3107693685005],[10.6684210929563,45.310919090143],[10.6682471449114,45.3107693685005],[10.6699127187914,45.3098058998234]],[[10.6628937245906,45.3041449838546],[10.6620778569821,45.3060529102057],[10.6622315481758,45.306230593545],[10.6608056857098,45.3069346062467],[10.6581166935831,45.3064584783545],[10.6581542656671,45.3063056922796],[10.6571183401736,45.3051779386435],[10.6573746483462,45.3050318639153]],[[10.6628937245906,45.3041449838546],[10.6629802447452,45.3039268637442],[10.6632353975858,45.3034201464664],[10.6634784123297,45.3028678787773],[10.6638418790169,45.3021881047],[10.6643105345154,45.3012286215699],[10.664573321487,45.3003287732296],[10.6619053890642,45.3010146767079],[10.6617067918885,45.3008336919981],[10.661331861563,45.3009214501897]],[[10.6631298233467,45.3036638087678],[10.6618924721189,45.3039863859266]],[[10.664573321487,45.3003287732296],[10.6646760832322,45.2998401866983],[10.6623455807491,45.299780458336]],[[10.6646760832322,45.2998401866983],[10.6650080919134,45.2984772771038],[10.6642616051244,45.296976708719],[10.6595327318304,45.2979519775399],[10.659183978174,45.2971365276922],[10.6599205517648,45.2969379929465],[10.6592312553052,45.2957353014291],[10.6592632880952,45.2955338819347],[10.6584256139146,45.2956271146923],[10.6581083865386,45.2938740329157],[10.6589711540705,45.2936815802261],[10.6586238168756,45.2924331109418],[10.6588431126731,45.2923646792148],[10.6586015516515,45.291573372545],[10.6584714298334,45.2915297880365],[10.6580978699319,45.2904378927686],[10.6587976988357,45.2903268933888],[10.6601723549134,45.2900628710285],[10.6611887286286,45.2899065879167],[10.660719355174,45.2875361026832]],[[10.6595327318304,45.2979519775399],[10.6584872517228,45.2981253396286],[10.6582122856229,45.2974496401054]],[[10.6599205517648,45.2969379929465],[10.6603443343869,45.2968685627011]],[[10.6584872517228,45.2981253396286],[10.657403576259,45.2982379548491]],[[10.6584256139146,45.2956271146923],[10.657051368541,45.2958605985015],[10.6568995230043,45.2955523890586]],[[10.6586015516515,45.291573372545],[10.6573872696696,45.2917457225136]],[[10.6580978699319,45.2904378927686],[10.6576162547023,45.2905268145215]],[[10.6587976988357,45.2903268933888],[10.658308525866,45.2889048710935]]]}},{"type":"Feature","properties":{"CODICE_CAN":"3114","NOME_COMPL":"Dispensatore \"N\" del Comune","COMUNI":"Volta Mantovana, Goito"},"geometry":{"type":"MultiLineString","coordinates":[[[10.6549640033564,45.2727838490115],[10.6552344727765,45.2727443396642],[10.6552506798801,45.2716645754265],[10.6534631723791,45.2708580894272],[10.6530121981886,45.271323389193],[10.6514215355469,45.2712838872478]],[[10.6563646141363,45.2639863562617],[10.6542013372189,45.2633045267183],[10.6541784038369,45.2634788492738],[10.6528277800398,45.2634390929685]],[[10.6549640033564,45.2727838490115],[10.653283170385,45.2727469677127]],[[10.6560219399089,45.2780593876162],[10.6542096955447,45.2786275242292],[10.6540919168434,45.2778734634833],[10.6536281208579,45.2778576209764],[10.6535720202658,45.277576430794]],[[10.6557466575269,45.2909130837922],[10.6545550298442,45.2911773337267],[10.6542907549355,45.2912133485867],[10.6542883307626,45.291130027127]],[[10.6557128728401,45.2683006556689],[10.6536433906597,45.2674648055224]],[[10.6556292913218,45.2758249611348],[10.655533055624,45.2753083408741],[10.6542536220369,45.275318975386]],[[10.6557466575269,45.2909130837922],[10.656584517535,45.2882983055461],[10.6570562493669,45.2865409597171],[10.6572856800178,45.2845281045713],[10.6551141218313,45.2845912367251],[10.6553066606462,45.2842714121625],[10.6552790911593,45.2840660391299]],[[10.656958033708,45.2868672658301],[10.655906449028,45.2869727615135],[10.6558522957303,45.286759225153],[10.6554699314799,45.2867986096618]],[[10.6549640033564,45.2727838490115],[10.6550434928594,45.2739769012122],[10.653611584147,45.2739887833212]],[[10.6550434928594,45.2739769012122],[10.6551312855849,45.2752627592403]],[[10.6557466575269,45.2909130837922],[10.6552736074962,45.2941168319677],[10.6544229009984,45.2964582466827],[10.6543821715723,45.2968878788029],[10.6548012219555,45.2988154813315],[10.6549406843525,45.3035665098519],[10.6556830705288,45.3059698472312],[10.6564554913107,45.3073821917593],[10.6580906011853,45.3085902234885],[10.6582177780812,45.3088197030253],[10.6583188742639,45.3092116873335],[10.6581787529307,45.310988212409]],[[10.6551838768933,45.2664774736667],[10.65682471833,45.2670586879366],[10.6562431305169,45.267792927186],[10.6557128728401,45.2683006556689],[10.6534631723791,45.2708580894272]],[[10.6563646141363,45.2639863562617],[10.6551838768933,45.2664774736667],[10.6539635433129,45.2660556279399],[10.6542360477644,45.2635907464018]],[[10.6567707421433,45.2875693489628],[10.6559756983144,45.2877049629325]],[[10.6560219399089,45.2780593876162],[10.6562685662915,45.2780080556142],[10.6561398153795,45.2772935291472],[10.657780278326,45.2773223188012],[10.6579590514012,45.2758208139291],[10.6556292913218,45.2758249611348],[10.6540823478874,45.2759778733281],[10.6532545466171,45.2754757826878]],[[10.6560219399089,45.2780593876162],[10.6564465844681,45.280141106679],[10.6565266762867,45.2815457034971],[10.6556509696714,45.2815761988792],[10.6556067397055,45.2812110661619]],[[10.6565266762867,45.2815457034971],[10.6576918534357,45.2814536617559],[10.6572856800178,45.2845281045713]],[[10.6563646141363,45.2639863562617],[10.6563851140924,45.263881834971],[10.6577043985634,45.2639811958382]],[[10.6563851140924,45.263881834971],[10.6565258634536,45.2615981471238]],[[10.6584822430571,45.313130986652],[10.6582702736091,45.3112439125039],[10.6581787529307,45.310988212409],[10.6578809023278,45.3108155826371]],[[10.6580272559296,45.2757873923467],[10.658295252683,45.2731349039054],[10.6585472777951,45.2720902935683],[10.6602781246399,45.2727620635013],[10.6612934424796,45.2695561591392],[10.6621396376363,45.2657397858835]]]}},{"type":"Feature","properties":{"CODICE_CAN":"3115","NOME_COMPL":"Dispensatore \"O\" dei Cerri","COMUNI":"Volta Mantovana, Goito"},"geometry":{"type":"MultiLineString","coordinates":[[[10.6506897340201,45.2918363089572],[10.6495924034156,45.2920797835109]],[[10.6504936887445,45.2896168218584],[10.6502742582619,45.2894738792011]],[[10.6506897340201,45.2918363089572],[10.6517167759448,45.2916099016694],[10.6516657109986,45.2912982500415],[10.65206802676,45.2911658920498],[10.6513159231989,45.2897051154841],[10.6504377225571,45.2897743040893],[10.6504936887445,45.2896168218584],[10.6513537983052,45.2885296971201],[10.6513815541865,45.2883603544868],[10.6516881070786,45.2884033723008]],[[10.6506897340201,45.2918363089572],[10.6509635715793,45.2924887649056],[10.6498250352674,45.2928314512734],[10.6503678623147,45.2936797141312],[10.6512127530208,45.2958621388453],[10.6507375982176,45.2959955467475]],[[10.6520847078255,45.2993115190346],[10.651328719529,45.2996501816492]],[[10.6512127530208,45.2958621388453],[10.6515029934661,45.2963067549077],[10.6507824524862,45.2964793005779]],[[10.6512127530208,45.2958621388453],[10.6525470627524,45.2955067198789],[10.6522012247352,45.2946912062039]],[[10.6515029934661,45.2963067549077],[10.6522912726075,45.297598294136],[10.6509851388132,45.2978775087543],[10.6512761578463,45.2985285135387],[10.6522801421965,45.2995054177727],[10.6525605703702,45.2997638679023],[10.6532178617649,45.3006242019473],[10.6514202962578,45.30163538517],[10.6528590129356,45.3022650509405],[10.654293147919,45.3031955890751],[10.6529828523293,45.3041158478011],[10.6535184515773,45.3045173630164],[10.6530846367749,45.3048221938401],[10.653467644933,45.3050828232554],[10.6527808934244,45.3058428455261],[10.6533422531035,45.3071297512812],[10.6535681266121,45.3070365759629],[10.6545617820788,45.3091225163322],[10.6554733646317,45.3113734682279],[10.6554545924045,45.3116910725365],[10.6556267924039,45.3121195939614],[10.6554393556526,45.3123180784794],[10.6553800779634,45.3126925892659],[10.6560642177173,45.3138610485576]],[[10.6512439859035,45.2814966704946],[10.650665830803,45.2804887711456],[10.6496089351609,45.2807413037711],[10.649273549416,45.2797592581766]],[[10.6518158173223,45.2879784137741],[10.6528350791518,45.2871865229117],[10.6534406666259,45.2865432081004],[10.6527405126857,45.284759071064],[10.6526023511782,45.2847778813475],[10.6518750718548,45.2832659948404],[10.651491055733,45.2830619710848],[10.6510652162741,45.2819955219402],[10.6514296523243,45.2819111654679],[10.6512439859035,45.2814966704946],[10.6514447714801,45.2814670750938],[10.6515744625053,45.2817255794787],[10.6546826333188,45.2812195163869]],[[10.6514251460109,45.2883182037878],[10.6518158173223,45.2879784137741],[10.6513677523779,45.2879081683612]]]}},{"type":"Feature","properties":{"CODICE_CAN":"3116","NOME_COMPL":"Dispensatore \"P\" di Cerlongo","COMUNI":"Volta Mantovana"},"geometry":{"type":"MultiLineString","coordinates":[[[10.6488537814302,45.2916977429497],[10.6489902631248,45.2912845240784],[10.6491660176594,45.2888441547533],[10.6488831765306,45.2879763142652],[10.6493694830673,45.2858141916111],[10.6493958359688,45.2845009795618],[10.6471536646205,45.285027634681],[10.6466637574895,45.2839709908515],[10.6463203537433,45.2840085656614]],[[10.6488537814302,45.2916977429497],[10.6480006538155,45.2947370805251],[10.6480169715324,45.2962671609628],[10.6474932294686,45.2975282331799],[10.6467716874727,45.2976671563503],[10.6474932294686,45.2975282331799],[10.6474150321824,45.2983103362896],[10.6475152744775,45.2983859989011],[10.6485093531708,45.2980810102926],[10.6484510880122,45.2979507525364],[10.6488990839463,45.2978122709624]],[[10.6488537814302,45.2916977429497],[10.6485813019407,45.2912844978622],[10.6483387962343,45.2913255647816]],[[10.6488537814302,45.2916977429497],[10.6495961528853,45.2908309129556]],[[10.6471536646205,45.285027634681],[10.6453718505313,45.285591110412],[10.6452305532578,45.285450791183],[10.6427685979847,45.2864194550735],[10.6432469409152,45.2851872725729]],[[10.6482919004085,45.2934773846227],[10.6468306502736,45.2926403843529],[10.6450805263997,45.2901427639799],[10.6453849689436,45.2900157938667],[10.6452474275762,45.2892308683449],[10.6446355260775,45.2883143750597],[10.6458324576078,45.2879590355912],[10.6454887530597,45.2874217637775]],[[10.6427685979847,45.2864194550735],[10.6426716926862,45.2864584151514],[10.6419500857776,45.2859112361682],[10.6403174133985,45.2866959066983],[10.6392161676276,45.2857959111022],[10.6393265171696,45.2852992908415],[10.6392260821062,45.2850587155019],[10.6411935896607,45.2838011525896]],[[10.6528852314142,45.3103235307038],[10.6535671187038,45.312001692357],[10.65331094305,45.3120384066297],[10.6533415933997,45.3120908068567],[10.65331094305,45.3120384066297],[10.6531586206017,45.3117273019649],[10.6527695003006,45.3118158433883],[10.6518883235404,45.3105376489139],[10.6522772288159,45.3104213018171],[10.6510022987712,45.3078160675506],[10.6493875759227,45.3057594427567],[10.6490841977536,45.3058290705096],[10.6485510385037,45.3049312348707],[10.6485365701848,45.3048187462397],[10.6497538957494,45.3039964649255],[10.6482040840431,45.3019507472058],[10.647777972421,45.3021517623931],[10.6466643077548,45.3008367461478]],[[10.6482040840431,45.3019507472058],[10.649405886691,45.3013679284906],[10.648305730333,45.3000604330917],[10.647843728653,45.3002541188807],[10.6469621060838,45.2991156391568],[10.6460729636918,45.2995251865142]],[[10.6469621060838,45.2991156391568],[10.6472665754237,45.2987599120271],[10.6474150321824,45.2983103362896]],[[10.6544440935855,45.3141704164388],[10.65346164379,45.3131860032582],[10.6533789465845,45.3129440116594],[10.6535527325717,45.3126567859981],[10.6533413093074,45.3120899432286]],[[10.6457414601012,45.2910373761793],[10.6465887774448,45.2907848139027]]]}},{"type":"Feature","properties":{"CODICE_CAN":"3117","NOME_COMPL":"Dispensatore \"Q\" della Barchessa","COMUNI":"Volta Mantovana, Goito"},"geometry":{"type":"MultiLineString","coordinates":[[[10.6363421206866,45.2948427607893],[10.6352938551334,45.295166323269],[10.6335522698045,45.2937811410446],[10.6332191424238,45.2931057657174],[10.6353428113376,45.2928262493933],[10.6352487877011,45.2922838788101],[10.6346584363574,45.2907481747884],[10.6329733858022,45.2913753171216],[10.6321522031875,45.2900900450816]],[[10.6352487877011,45.2922838788101],[10.6361171566207,45.2920895414902],[10.6361259420687,45.291810636975]],[[10.6363421206866,45.2948427607893],[10.636226837536,45.2943933302654],[10.6366478326012,45.294324027933],[10.637449505448,45.2939526927493]],[[10.6363421206866,45.2948427607893],[10.6365339522231,45.2951385928872],[10.6373372189429,45.2953479202208],[10.6377307084643,45.2960953548863],[10.6372672842852,45.2964444143133],[10.6380191727063,45.2972166555166],[10.6394675239535,45.2994451756321],[10.6420994001498,45.2987758726812],[10.6425472664129,45.2993387371901],[10.6448683513793,45.2982533562423],[10.6439706537855,45.2972875688821],[10.6440951358568,45.2972103993521],[10.6433269523258,45.2957428213083],[10.6433440722388,45.2953544920633],[10.643768294638,45.2945586980369],[10.6429972060186,45.2917789385283],[10.6421207742874,45.2913067488354]],[[10.6365736655188,45.2942776392996],[10.6366674055134,45.2942099549769]],[[10.6387508435543,45.2894854283813],[10.6383156816154,45.2888668921014],[10.6381455183577,45.2888910821575]],[[10.6394077871465,45.2923523578607],[10.6421207742874,45.2913067488355],[10.6411949816476,45.2910018063851],[10.640432676358,45.2897222631795],[10.6390756809049,45.2900660035744],[10.6387508435543,45.2894854283813],[10.6378686711646,45.289879676399],[10.6374833503246,45.2896301498966],[10.6373568203196,45.2896826211012]],[[10.640432676358,45.2897222631795],[10.6401102201887,45.2892246980935],[10.6418409994781,45.2887224459701]],[[10.6425472664129,45.2993387371901],[10.6428671365142,45.299651806604],[10.6418265133328,45.3001281739338],[10.6418647182764,45.3003849589082],[10.6422019572995,45.3008585058351],[10.6418620241493,45.3010551159297],[10.6420719393048,45.3014618099712],[10.6423130646929,45.3015750005585],[10.6425551201863,45.3014657025016],[10.6437281693464,45.303038153455],[10.6438461450052,45.3034586932024],[10.6437595759977,45.3047901067524],[10.6456275809646,45.3046979178723],[10.645700722287,45.3049232820764],[10.6458797386293,45.3050058070682],[10.6468235786736,45.3051040255074],[10.6473794519921,45.3061803530708],[10.6490390239841,45.3083772790013],[10.6482835173111,45.3086056736247],[10.6487510673984,45.3091819380789],[10.6465976707088,45.3100102678137],[10.6493430125754,45.3127665399331],[10.6500732863586,45.3125517322873],[10.6499890814111,45.3124216476795]],[[10.6487510673984,45.3091819380789],[10.6492985567574,45.3089828879177]],[[10.6500732863586,45.3125517322873],[10.6508403535926,45.3134629002389],[10.6517131901458,45.3131017908683]],[[10.6545242110257,45.314233688076],[10.6544440935855,45.3141704164388],[10.6520907386726,45.3149344078238],[10.6508403535926,45.3134629002389]]]}},{"type":"Feature","properties":{"CODICE_CAN":"5001","NOME_COMPL":"Dispensatore \"DS1\" BOSCHETTA","COMUNI":"Volta Mantovana"},"geometry":{"type":"MultiLineString","coordinates":[[[10.6972193105385,45.3245378228936],[10.6966151415906,45.3246968552424],[10.6966200577546,45.3248613040114],[10.6951552287125,45.3250635810753],[10.6950540130141,45.3249725176234],[10.6931251762908,45.325028923961],[10.6923884695584,45.3230407367104]],[[10.6849048844279,45.3126675335629],[10.6847631405044,45.3124729285155],[10.6846183601382,45.3122062386661],[10.6841589258117,45.3120926656582],[10.6839190350819,45.311865020316]],[[10.6847631405044,45.3124729285155],[10.6866743479998,45.3118332239369],[10.6864175765936,45.3115695739016]],[[10.6808259785083,45.3180540536758],[10.6834464541309,45.316533754444],[10.6835531138122,45.31661969069]],[[10.6766154569997,45.315074638571],[10.6759342531215,45.3145558820604],[10.6761162425307,45.3143876528926],[10.6752594990441,45.3139305844337],[10.6746143084095,45.3143561995888],[10.6735477699063,45.3139835654658],[10.6737844819636,45.3135394919246]],[[10.6793405395188,45.3173470976411],[10.6804435489977,45.3168664155141],[10.6786286281194,45.3152109221976]],[[10.6804435489977,45.3168664155141],[10.6828741319893,45.3156029006875],[10.6823032169574,45.314943394644]],[[10.68196199951,45.3160057925422],[10.6806860329508,45.3145224310944],[10.6808456655458,45.3144414871425],[10.6798881738433,45.3133385872395]],[[10.6803525671439,45.3138557156096],[10.6812896344381,45.3134400790891],[10.6807611516023,45.3127476562824]],[[10.6828741319893,45.3156029006875],[10.6862515123428,45.3143033194307],[10.6857066100299,45.3135147887451],[10.6855554838778,45.3135476590839],[10.6849044328205,45.3126705811405],[10.6841820406507,45.3129468469114]],[[10.6931251762908,45.325028923961],[10.6911969858133,45.3250657229916],[10.6902306021912,45.3248309824436],[10.6878986344322,45.3245902090067],[10.6876970688331,45.3237442723707],[10.6878422071793,45.3229354054128],[10.6876799051531,45.3223154810753],[10.6873979260101,45.3218494503526],[10.687687102462,45.3217694410301],[10.6877159688148,45.3214517012979],[10.6891928311508,45.3211935514344],[10.6890739954646,45.3205149078403],[10.6888449780886,45.3200893476605]],[[10.6873979260101,45.3218494503526],[10.6861184315906,45.3204617116617],[10.6848701676812,45.3197638611829],[10.6855768318657,45.3192863363706],[10.6870036548512,45.3188380920341],[10.6863208212599,45.3176200469107],[10.6864086417604,45.3174263552638],[10.6860878640378,45.3168649071806],[10.685289746184,45.3157940183971],[10.6848724669159,45.315509863173]],[[10.6864086417604,45.3174263552638],[10.6879530464766,45.3168492372282],[10.6876069587796,45.3162322415168],[10.687805785472,45.3161584447],[10.6870897651771,45.3151825874773]],[[10.6848701676812,45.3197638611829],[10.6842230667343,45.3197264379876],[10.6834517233562,45.3193527832683],[10.6821611801311,45.3191428741741],[10.6803506361305,45.3177240856409],[10.6791331521591,45.3173678989602],[10.6777787491111,45.3159312667863],[10.6766154569997,45.315074638571],[10.6774666151156,45.3146129015048],[10.6773092863199,45.3141659867349]],[[10.6866743479998,45.3118332239369],[10.6870755582265,45.3123055458187],[10.6881002104211,45.3119788826664]]]}},{"type":"Feature","properties":{"CODICE_CAN":"5002","NOME_COMPL":"Dispensatore \"DS2\" COSTA","COMUNI":"Volta Mantovana"},"geometry":{"type":"MultiLineString","coordinates":[[[10.6946593575957,45.3235740131482],[10.6939344144785,45.3207462644131],[10.6924161816791,45.320967860434]],[[10.6963836061843,45.3202483258621],[10.6958049972736,45.3202643485245]],[[10.6966151415906,45.3246968552424],[10.6964566593057,45.323382050405],[10.6955631610453,45.3234774851316],[10.6946593575957,45.3235740131482],[10.6945042768126,45.323590575337]],[[10.6964566593057,45.323382050405],[10.6962291495641,45.3227632473567],[10.6961337512825,45.3220018577236],[10.6964591936953,45.3192376264462],[10.6927231459746,45.3195568138909],[10.6927291764511,45.3197591186154],[10.6921723360844,45.3198196288637]],[[10.6964591936953,45.3192376264462],[10.696649150743,45.3169388086287],[10.693763410168,45.316438671439],[10.6927833499371,45.3173126876341],[10.6909531646766,45.3178567886409],[10.690847661161,45.317455335163]],[[10.6909531646766,45.3178567886409],[10.6908993999477,45.3179711632883],[10.6901986532262,45.3182045415183]],[[10.693763410168,45.316438671439],[10.6923366145711,45.3162850626505],[10.691241429848,45.3164119757709],[10.6910224606432,45.3158813707927],[10.6911693801775,45.3158531521475]],[[10.696649150743,45.3169388086287],[10.6977311847561,45.3148745467646],[10.698903626781,45.3132545295706],[10.6980366841553,45.3135141007811],[10.6976074627507,45.312396118579],[10.6965277581317,45.3126938191725],[10.6957427564283,45.3127350868707]],[[10.698903626781,45.3132545295706],[10.6993662057332,45.3125265424874],[10.699470863026,45.3118968527676],[10.6994326241678,45.3114320333347],[10.6989021372943,45.3098396950528],[10.6943210391845,45.3104388715471],[10.6923523032064,45.3112314349608],[10.6907398944984,45.3116419870416],[10.6910643612684,45.3121113762547]],[[10.6923523032064,45.3112314349608],[10.689775167557,45.3119031956637],[10.6892109378476,45.3110435029912]],[[10.689775167557,45.3119031956637],[10.6894095089511,45.3120279661502],[10.6897781755067,45.3125216342736]],[[10.6952809615927,45.316632717631],[10.6951805055369,45.3154683426886],[10.6948390321678,45.3146360167271],[10.6939773680687,45.3149123850733],[10.6935170207639,45.3147555875403],[10.6916562370767,45.3149162738853],[10.6906362178647,45.3138510468689],[10.6896588362873,45.3142178091751]]]}},{"type":"Feature","properties":{"CODICE_CAN":"3201","NOME_COMPL":"Dispensatore I di Cereta","COMUNI":"Volta Mantovana"},"geometry":{"type":"MultiLineString","coordinates":[[[10.6520044721817,45.3155250349871],[10.6516487852606,45.3154006266711],[10.6513157840519,45.3150224539917],[10.6466662543246,45.3103927156802],[10.6457053877647,45.3106672775055]],[[10.6501609032652,45.3138889859745],[10.6455622372781,45.315225289077],[10.644684228586,45.3142526663982]],[[10.6477280261825,45.3114590269872],[10.6432427642556,45.3127393852555],[10.6425542602157,45.3119172657584],[10.6423000827608,45.31194763524],[10.641980958242,45.3117300811863],[10.6410842595147,45.3107884586533],[10.6402731526237,45.3094659655254]],[[10.6457053877647,45.3106672775055],[10.6439951164098,45.3111549387074]],[[10.6457053877647,45.3106672775055],[10.6439489543025,45.3085927962492],[10.6423657273025,45.3085418071708]]]}},{"type":"Feature","properties":{"CODICE_CAN":"3202","NOME_COMPL":"Dispensatore II del Cantonale","COMUNI":"Volta Mantovana"},"geometry":{"type":"LineString","coordinates":[[10.6517644419278,45.3154600646479],[10.64997669828,45.3172645412038],[10.6493480199178,45.3175465577631],[10.6477613264818,45.317875966967],[10.6458848061442,45.315870700713],[10.6450368413479,45.3162133231843],[10.64356493659,45.3148264394179],[10.6430764697015,45.3149175939809],[10.6418039144152,45.3136032714542],[10.6406260004451,45.3139400601253]]}},{"type":"Feature","properties":{"CODICE_CAN":"3203a","NOME_COMPL":"Dispensatore III rami A-B","COMUNI":"Volta Mantovana"},"geometry":{"type":"MultiLineString","coordinates":[[[10.6336949469316,45.3188037348045],[10.6361981491895,45.3190939084496]],[[10.6336949469316,45.3188037348045],[10.633718388862,45.3189985173508]],[[10.6336949469316,45.3188037348045],[10.6335655076697,45.3188176176534],[10.6334600458766,45.3183345194675],[10.6328054807162,45.3175396664915],[10.6322619507699,45.3163776702706],[10.6319777655013,45.3161272516391],[10.6314143382308,45.3148263444176],[10.6312674775259,45.314777827618],[10.6306943588397,45.3138327024358],[10.6320613175721,45.3133084344563],[10.6335669407105,45.3125366350453]],[[10.6335669407105,45.3125366350452],[10.6360980761096,45.3118096036325],[10.6359271178731,45.3114407143986]],[[10.6335669407105,45.3125366350453],[10.633301141952,45.3119030715851],[10.6333998434071,45.3118707283704]]]}},{"type":"Feature","properties":{"CODICE_CAN":"3204","NOME_COMPL":"Dispensatore IV della Pace","COMUNI":"Volta Mantovana"},"geometry":{"type":"MultiLineString","coordinates":[[[10.6105389164627,45.3040042640067],[10.6100776460231,45.3043545293706]],[[10.6105389164627,45.3040042640067],[10.6113234405832,45.3047967095076],[10.612533828437,45.306659408185],[10.6143294274622,45.3087092515983],[10.6134130585774,45.3091369648264],[10.6115217210558,45.3095432852448],[10.6126555699955,45.3162899973873],[10.6134530307705,45.3161620366553],[10.6146218530051,45.3184442761047],[10.6151130890597,45.3184092095408],[10.615274819049,45.3186304710196],[10.615726574838,45.3186086140155],[10.6159432264471,45.3199904281125],[10.6162044871111,45.3206278524934],[10.6144660130547,45.320815537899]],[[10.6105389164627,45.3040042640067],[10.6120422631615,45.3028842824038],[10.6118756135311,45.3026982345708],[10.6145214151756,45.3007346718733]],[[10.6201361642633,45.3172596718953],[10.6203236284362,45.3176141282701],[10.6185467472887,45.3181989044111],[10.6174834419229,45.3182294369113],[10.615726574838,45.3186086140155]],[[10.616277570794,45.3208171833678],[10.6162044871111,45.3206278524934]],[[10.6201361642633,45.3172596718953],[10.6195061416553,45.3164803375848]],[[10.6201361642633,45.3172596718953],[10.6215888924718,45.3170492448172],[10.6214016754927,45.3156557750294],[10.621652165915,45.3155650477576],[10.6212949398287,45.3147082605637],[10.6212207405033,45.3141328661359],[10.6209202952189,45.3137293999476],[10.6202360372827,45.3134227677241],[10.6196840486541,45.3128625865055],[10.6184249453769,45.3111215694418]],[[10.6213903081315,45.3149079602073],[10.6227722776283,45.3145944808596],[10.6257854757406,45.313348108047],[10.6252833676649,45.3123738882071],[10.6253442759383,45.3122043047224],[10.6257121812609,45.3121090851881],[10.6256597675492,45.3120322113402]]]}},{"type":"Feature","properties":{"CODICE_CAN":"3205","NOME_COMPL":"Dispensatore V di Castelgrimaldo","COMUNI":"Volta Mantovana, Cavriana"},"geometry":{"type":"MultiLineString","coordinates":[[[10.6127988136449,45.2952785277175],[10.6148167850299,45.294788847743],[10.6144335687764,45.2942009450538]],[[10.6102333980978,45.2895193024957],[10.6080277661441,45.2901296467504]],[[10.6102333980978,45.2895193024957],[10.6121309327021,45.2891438459257],[10.6118371790521,45.2886882386436],[10.6133626751517,45.2881886627447]],[[10.6102333980978,45.2895193024957],[10.6114342060038,45.2921118538118],[10.6113656043987,45.2922618101581],[10.6127988136449,45.2952785277175],[10.6137300971037,45.2969153075399],[10.613040345041,45.2973027413758],[10.6155360329523,45.2999381893525],[10.6221981965712,45.2949682384131],[10.6231682280937,45.2944662178625]],[[10.6118371790521,45.2886882386436],[10.6109651922519,45.2869444794677],[10.6118117828588,45.2866668028029],[10.6116673230866,45.2863482791365],[10.6100959719438,45.2850853840142],[10.6097534572692,45.2847000545041],[10.609847733781,45.2846524754117],[10.6082542827934,45.2828519324732],[10.6071659498649,45.2833129508343]],[[10.6139751621209,45.2943302964553],[10.6144335687764,45.2942009450538],[10.6149159890579,45.2940732094286],[10.6170646767777,45.2935591452185],[10.6169035332274,45.29335615477],[10.6170375740274,45.29330645348],[10.6161524665873,45.2923010582029],[10.6164534870844,45.2918187655528],[10.61614029796,45.2914520211378],[10.6173120355683,45.2908820842769],[10.616508972437,45.2899312821275]]]}},{"type":"Feature","properties":{"CODICE_CAN":"3206","NOME_COMPL":"Dispensatore VI del Pivellino - Vasto","COMUNI":"Volta Mantovana, Cavriana, Goito"},"geometry":{"type":"MultiLineString","coordinates":[[[10.6163711325176,45.2819964363153],[10.6192934887072,45.2804646294915]],[[10.6149229167674,45.2838615055185],[10.6133536268513,45.2821796442044],[10.6136054175571,45.2820692320056]],[[10.6240806779187,45.2877077235829],[10.6224146741709,45.2859303509403]],[[10.6206289069764,45.2897674534791],[10.6205525088294,45.2897093460255],[10.6197510575683,45.2889672358997],[10.6196200913784,45.2890236850105],[10.619233073414,45.2886236508265],[10.6149229167674,45.2838615055185],[10.6170505922773,45.2828317439999],[10.6165073420879,45.2822868867325],[10.6166182212666,45.2821939284192],[10.6163711325176,45.2819964363153],[10.6133198842676,45.2790222939087],[10.6116718380765,45.2775475136765],[10.6122987532575,45.2771414574515]],[[10.6216627101269,45.2906440242108],[10.6233363336438,45.2901014380425],[10.6283243696295,45.2893513294568],[10.6292845956805,45.2890789326183],[10.6279658770937,45.287681923119]],[[10.6243070099071,45.293402924952],[10.6276808546195,45.2908775526259]],[[10.6240655638521,45.2939637994719],[10.6239502154343,45.2938832194874],[10.6243070099071,45.293402924952],[10.6220006918871,45.290971034027],[10.6205525088294,45.2897093460255],[10.6227105752454,45.2883444262726],[10.6236857892188,45.2878989283828],[10.6240806779187,45.2877077235829],[10.6250074452343,45.2872404077747],[10.6264651581581,45.2865349425985]]]}},{"type":"Feature","properties":{"CODICE_CAN":"3207","NOME_COMPL":"Dispensatore VII della Paioletta","COMUNI":"Volta Mantovana, Goito"},"geometry":{"type":"MultiLineString","coordinates":[[[10.6244280070415,45.2799303161637],[10.624176049162,45.27971564178]],[[10.625477725488,45.2816680197493],[10.6276939183885,45.2808554360112]],[[10.6302702819055,45.2889034604135],[10.6305064031914,45.2888882556957],[10.6309525449424,45.2885321450869],[10.6291729169684,45.2861836299716],[10.628489645412,45.285456459211],[10.6283123440228,45.2852486182353],[10.627790413694,45.2847130436602],[10.627365058217,45.2842326271206],[10.6270774824892,45.2843366507976],[10.6254155656819,45.2825564012938],[10.62571534145,45.2824232822589],[10.6253800444796,45.2820389964269],[10.6256322676382,45.2819274668533],[10.6249484022134,45.2809366304126],[10.6251694417968,45.2807204853756],[10.6244280070415,45.2799303161637],[10.6254774540078,45.2793763093523],[10.6232611241227,45.2768899757433]],[[10.6285300405177,45.2855012440141],[10.6292697462643,45.285185656063],[10.6305168873275,45.2846393008684],[10.6319206982349,45.2839066196541]]]}},{"type":"Feature","properties":{"CODICE_CAN":"3209","NOME_COMPL":"Dispensatore IX del Costanzolo","COMUNI":"Volta Mantovana, Goito"},"geometry":{"type":"MultiLineString","coordinates":[[[10.6161062868951,45.2743971973296],[10.616279232234,45.2742988685075]],[[10.6176247946108,45.2760680892243],[10.6177008145696,45.2759993202937],[10.6161062868951,45.2743971973296],[10.6146990500114,45.2729528706545],[10.6161885925092,45.2722333381764]],[[10.6177008145696,45.2759993202937],[10.6189507381471,45.2754164016544],[10.6212992381063,45.2748122520796],[10.6203921884011,45.273587865428],[10.6198268117758,45.2723333172308],[10.6210663930156,45.2719501709607],[10.620887354029,45.2715365424532],[10.6225082883608,45.2711592563762],[10.6224237852963,45.270996895414],[10.6229627389359,45.2708606487095]]]}},{"type":"Feature","properties":{"CODICE_CAN":"3213","NOME_COMPL":"Dispensatore XIII della Bardellazza","COMUNI":"Goito"},"geometry":{"type":"MultiLineString","coordinates":[[[10.6281983262425,45.2580032907349],[10.6301375360788,45.2571943460412],[10.6300334366825,45.2570871207495],[10.6318856442832,45.2564223478663],[10.6320372232044,45.2569881988698],[10.6321732742801,45.2572899466673]],[[10.6318856442832,45.2564223478663],[10.6317899172713,45.2561383012138],[10.6318813463545,45.2560638834094],[10.6315603664037,45.2552825252713],[10.6310295498762,45.2553758738566],[10.6305324285936,45.2541428957392],[10.6326860432382,45.2533022749514],[10.6350533418716,45.2529042508804],[10.6351242701024,45.2523239695057],[10.6354192314626,45.2523366170469],[10.6341521423457,45.2506324266566],[10.632907598915,45.2481997605441]],[[10.6320372232044,45.2569881988698],[10.6351453643059,45.2563966341362],[10.6352373109282,45.2567689113612],[10.6355035355911,45.2566791164731]],[[10.6351453643059,45.2563966341362],[10.634967078654,45.2553437959316],[10.6351892625508,45.2553285902544]],[[10.6354192314626,45.2523366170469],[10.6367700135173,45.2522399329797],[10.6378932358198,45.2518442106207],[10.6380060358364,45.2519754475858],[10.6392507937123,45.2511763976985],[10.6390994850434,45.2510737782146]],[[10.6365084219355,45.2522802380907],[10.6365536262573,45.2524679921573]]]}},{"type":"Feature","properties":{"CODICE_CAN":"3214","NOME_COMPL":"Dispensatore XIV di S. Lorenzo","COMUNI":"Goito"},"geometry":{"type":"MultiLineString","coordinates":[[[10.626471254776,45.2531540613065],[10.6244559632474,45.251030187346],[10.6247609160419,45.250904933759],[10.6240853600937,45.2501792142801],[10.6247609774467,45.2486736342462],[10.6241118963792,45.2485729477831]],[[10.6254377326716,45.2470696146282],[10.6255626133109,45.2473307562028],[10.6247609774467,45.2486736342462]],[[10.6253383526909,45.255655973241],[10.6281983262425,45.2580032907349]],[[10.626471254776,45.2531540613065],[10.6234993891159,45.2542030396799],[10.625381622945,45.255679678945],[10.6268439682712,45.2550290203198]],[[10.6262212819669,45.2443969259695],[10.6258918387433,45.2440810525565]],[[10.626471254776,45.2531540613065],[10.6307937073423,45.2518500881458]],[[10.6304434145107,45.2415036518776],[10.6299530764908,45.2421728723947],[10.6262212819669,45.2443969259695],[10.6253953914033,45.2453760041182],[10.6251529145766,45.2467137363474],[10.6254377326716,45.2470696146282],[10.6245367684299,45.2473720696692]],[[10.6304434145107,45.2415036518776],[10.6299391260229,45.2412676158167],[10.6293161613852,45.2417531364635]],[[10.6304434145107,45.2415036518776],[10.6313544395304,45.2404445849573],[10.6308821837047,45.2400759325374],[10.6312957249548,45.2397155545202]],[[10.6313544395304,45.2404445849573],[10.633219144878,45.2390783455315],[10.6334435882738,45.2392477480505],[10.6344569365478,45.2384290220506],[10.6360932280861,45.2378909961893],[10.6364285488671,45.2381336448634],[10.637626454333,45.2373684849225],[10.6381128863665,45.2375372559101],[10.6390664983457,45.2370666248271],[10.6408416092902,45.2358235437105]],[[10.636086755442,45.2400225664382],[10.6367039963672,45.2414886013047],[10.6374957711702,45.2413394624517]],[[10.6389209294719,45.2398244506881],[10.6367682943646,45.2398468923219],[10.636086755442,45.2400225664382],[10.6359160350635,45.2396214940648],[10.6357185201167,45.2396735332928],[10.6344569365478,45.2384290220506]],[[10.6389209294719,45.2398244506881],[10.6388634291346,45.2402470722756],[10.6398392628391,45.2403399170133]],[[10.6389209294719,45.2398244506881],[10.6391434564562,45.2393966481533]]]}},{"type":"Feature","properties":{"CODICE_CAN":"3218","NOME_COMPL":"Dispensatore XVIII della Gallela","COMUNI":"Goito"},"geometry":{"type":"MultiLineString","coordinates":[[[10.6523438841297,45.2497519891971],[10.6511332496636,45.2490840840189],[10.6513990838281,45.2488819956538],[10.650458961582,45.2482755488886]],[[10.6513990838281,45.2488819956538],[10.6524323139131,45.248065635718],[10.6522386888654,45.2479777515815]],[[10.6557546303381,45.2468342693907],[10.654203188133,45.246023810135],[10.652549119733,45.2457895972235]],[[10.6625606030269,45.2414433138253],[10.662195589848,45.2434760873793],[10.6613137991792,45.2436808307046],[10.6610412914908,45.2440468077393],[10.6605911985925,45.2438723518733],[10.6596683085058,45.2450575454492],[10.6580827217225,45.246585470854],[10.6567701789603,45.2458010020854],[10.6566475396705,45.2458955765993],[10.6557546303381,45.2468342693907],[10.6537092839108,45.2488591052117],[10.6535370341515,45.2487877855351],[10.6523438841297,45.2497519891971],[10.65250029591,45.2498848613466],[10.6512549245408,45.2509129174326]],[[10.6567701789603,45.2458010020854],[10.6534476479321,45.2437528372801],[10.6544201582608,45.2429057031915],[10.6536742017425,45.2424040268655],[10.6544867607363,45.2414980479988],[10.6555901324915,45.2409442647472],[10.6557743673474,45.2407096053393],[10.6559569382034,45.2407259385309],[10.6564708286326,45.239611269275],[10.6566172833102,45.2396175804465],[10.6572962577341,45.2376898469112],[10.6568093943679,45.237639755158],[10.6568455325245,45.23637908998],[10.6562140551581,45.2362195327257],[10.6561995284499,45.2353086628073],[10.6544290829876,45.2353021571769],[10.654707770699,45.2340986446796],[10.6541230372705,45.2340490802382]],[[10.6570850876226,45.2383559481131],[10.658594479463,45.2385995260503]],[[10.6625606030269,45.2414433138253],[10.6609708179962,45.241399440652]],[[10.6629511210265,45.23737988107],[10.6628728291409,45.2351889838078],[10.6626951246083,45.235105833401],[10.6629382584304,45.234197263779],[10.6613095265739,45.2340817743424],[10.660931935505,45.2340549968932]],[[10.6613095265739,45.2340817743424],[10.6615222972619,45.232781506185]],[[10.6625606030269,45.2414433138253],[10.6629106715812,45.2392562905792],[10.6629511210265,45.23737988107],[10.6604008174611,45.2371112379516],[10.6605082971251,45.2365916141246],[10.6596151016426,45.2364654072372]]]}},{"type":"Feature","properties":{"CODICE_CAN":"3220","NOME_COMPL":"Dispensatore XX di S. Giacomo","COMUNI":"Goito"},"geometry":{"type":"MultiLineString","coordinates":[[[10.6017936068144,45.3153255328102],[10.6016234036921,45.3138981734331],[10.6021444808392,45.3138430693992],[10.6021891596943,45.3126245164172]],[[10.604070868405,45.3106117805355],[10.6038740931118,45.3113393764257],[10.6037572152509,45.3126234125813],[10.60219404751,45.3126227054516],[10.6022306745354,45.3123451525073]],[[10.604070868405,45.3106117805355],[10.6036059691032,45.3106758090269],[10.6034090648541,45.3101732826436]],[[10.6035105831021,45.3170115833205],[10.6040329912595,45.3162707030182],[10.604138680772,45.3155050115812],[10.603465024389,45.3154841534535]],[[10.604138680772,45.3155050115812],[10.6042950886926,45.3146195978907],[10.6049173268504,45.3131298281115],[10.6053269360705,45.3132059623146],[10.6066602879228,45.3128073697397],[10.6065494081814,45.3104567113661],[10.6061926780009,45.3105035470123],[10.6061331824858,45.3092716468313]],[[10.604070868405,45.3106117805355],[10.604446856539,45.3105472570883],[10.6042602610412,45.3100602687728],[10.6051205894109,45.3099209844135],[10.6050976957591,45.3098097936156],[10.605326266483,45.3097717327496]],[[10.604998013769,45.3180610006024],[10.6050552745767,45.3177775908114],[10.6071729034347,45.3174658044842],[10.6091038555763,45.3167730885342]],[[10.6089604925944,45.3210276790936],[10.6089712758282,45.3209099260759],[10.6048877447379,45.3200414045285],[10.6049915676043,45.3187083134344],[10.6050037492776,45.3180273229294],[10.6030000249705,45.317997970681],[10.6029956910381,45.3175816021619],[10.6035105831021,45.3170115833205],[10.6013135398382,45.3169574640124],[10.6005968495094,45.3171335486645],[10.5995045681978,45.3171766672858],[10.5990514268315,45.3155538860634],[10.6009563200249,45.3153215934956],[10.6017936068144,45.3153255328102],[10.6018370159477,45.3155514336507],[10.6025044553042,45.3155184263786]],[[10.6089712758282,45.3209099260759],[10.6108670660021,45.3211889670906]],[[10.6089712758282,45.3209099260759],[10.6090614405072,45.3199253105786]]]}},{"type":"Feature","properties":{"CODICE_CAN":"3221","NOME_COMPL":"Dispensatore XXI delle Cucche","COMUNI":"Cavriana"},"geometry":{"type":"MultiLineString","coordinates":[[[10.5912789994287,45.3155248791535],[10.5914580149979,45.3169135839284]],[[10.5912789994287,45.3155248791535],[10.5898176172024,45.3143367959068],[10.590187468247,45.3143210166738],[10.5901497049429,45.3138133687554],[10.5909822677795,45.3137286612482],[10.5909615731664,45.3135588271496],[10.5916782469972,45.3134630754245],[10.5916051942541,45.3127100096402],[10.5914850727338,45.3123283376313],[10.5913221342381,45.3123446681608],[10.5912098565877,45.3116080980734],[10.5910607841909,45.3116214230655],[10.5909021102231,45.3108644094848],[10.5932230749323,45.3102106102263],[10.5922156328482,45.3088158788273],[10.5935614696466,45.3082080026387],[10.5924909862175,45.306981741993],[10.5929299030615,45.3067469797789],[10.5929085683565,45.3064526175693],[10.5903963068702,45.3032860844064],[10.590569061322,45.3031884119159]],[[10.5912789994287,45.3155248791535],[10.5925891317873,45.3150588554131]],[[10.5911851598416,45.3042467736782],[10.5935670857693,45.3032323229551],[10.5927979706867,45.3022808821484],[10.5933253603975,45.3020734628861]],[[10.5925120289838,45.3070100282015],[10.5918899742623,45.3072183548544]],[[10.5932230749323,45.3102106102263],[10.5944185850212,45.3097651473518],[10.5969049323893,45.3091328200425],[10.5965961527789,45.3079997067509],[10.5962946120139,45.3075497936319]]]}},{"type":"Feature","properties":{"CODICE_CAN":"3222","NOME_COMPL":"Dispensatore XXII del Mulino Birbesi","COMUNI":"Guidizzolo"},"geometry":{"type":"MultiLineString","coordinates":[[[10.5875911351334,45.3130290087871],[10.5891603034234,45.312885869595],[10.5891823348687,45.3124698204214],[10.5894337556139,45.312430683367],[10.5894853389155,45.3112658840406],[10.5893570873481,45.3106075591989],[10.5890822171713,45.3101394548396],[10.5884542755975,45.3094541091893],[10.5882311091926,45.3092216566447],[10.5880013421838,45.3087787573573],[10.5875238019747,45.3076442800304],[10.5871932904232,45.3060918330074],[10.5864913491809,45.3055790241949],[10.5857021058843,45.3043742188038],[10.5847465667782,45.303425740193],[10.5860859226359,45.3026945268269]],[[10.5875911351334,45.3130290087871],[10.5876544214443,45.3142119077459],[10.5872618874906,45.3142280333235]],[[10.5875911351334,45.3130290087871],[10.5868982234264,45.3131133003656],[10.5869413080447,45.3119502506051],[10.5856911846893,45.3121062706269],[10.5854392722322,45.3112032723023],[10.5850627587422,45.3112511618071]],[[10.5884542755975,45.3094541091893],[10.5856827723208,45.3099094623506],[10.585420225309,45.309166581866],[10.5850135098435,45.3092148905563]],[[10.5847465667782,45.303425740193],[10.5836956308111,45.3025997481792],[10.5827592937937,45.3015356044716],[10.5819496065713,45.3004057077417],[10.581786982909,45.2999920389841],[10.5817822364197,45.2998214690167],[10.5850209797615,45.2986460719677],[10.5844998070586,45.2955673209771],[10.5857169185706,45.2952261234858],[10.5849008749572,45.2943045344446],[10.5850881793279,45.29421412639],[10.5840276049981,45.2916218126511],[10.5843712509464,45.290578363256],[10.5835932096953,45.2899741512776]],[[10.5833177636114,45.3021524559806],[10.5848887039583,45.3012181024425],[10.5848110959262,45.301144527603],[10.5849739856814,45.3010249540309],[10.5873886868895,45.3003728367539],[10.5894681394365,45.3001625923584],[10.5893706519024,45.2999186616015],[10.5919063919648,45.2992754287597],[10.5910635701346,45.2983166948381],[10.5913391271282,45.2981742113615]],[[10.5850371427462,45.3010078801006],[10.5846485712431,45.3004642439853],[10.5844696853027,45.3005520450992]],[[10.5843898279034,45.2905607902157],[10.5851872927509,45.2902506322586],[10.5850765229925,45.2900708698854],[10.5855094411537,45.2898835558872]],[[10.5866519667066,45.3005296353917],[10.5860398075964,45.2996693544264]]]}},{"type":"Feature","properties":{"CODICE_CAN":"3223","NOME_COMPL":"Dispensatore XXIII della Palazzina","COMUNI":"Guidizzolo"},"geometry":{"type":"MultiLineString","coordinates":[[[10.5912800470505,45.2959589944154],[10.5900002457265,45.2942358738723],[10.5921997059862,45.2932857185822]],[[10.5994470729337,45.3122557545868],[10.5983907873727,45.3104062275675],[10.5980727073731,45.3071713208176],[10.5978842154384,45.3068449611653],[10.5985374791884,45.3064815128621],[10.5978991690125,45.3057818368911],[10.5972971101088,45.3061593280316],[10.5963587419391,45.3050968815236],[10.5949557579491,45.303024399379],[10.595121900396,45.3022354366689],[10.5950617490393,45.3015824993725],[10.5938449218625,45.2993884437169],[10.5912800470505,45.2959589944154],[10.5908753026972,45.2960906183512]],[[10.5933583044064,45.29870013426],[10.5958962075485,45.2976671537801],[10.5942279565033,45.2955562915948],[10.5947511083336,45.2953000253785]]]}},{"type":"Feature","properties":{"CODICE_CAN":"3227","NOME_COMPL":"Dispensatore XXVI delle Pioppelle","COMUNI":"Cavriana, Guidizzolo"},"geometry":{"type":"MultiLineString","coordinates":[[[10.5885713309761,45.2916015613014],[10.5888110982776,45.2914749220167],[10.5873770612346,45.2886760418836],[10.5892561822997,45.2879235595729],[10.5888661823585,45.28754515537],[10.5890133280319,45.2874650761053],[10.588601544828,45.2870553396296],[10.5903285092752,45.2862045862261],[10.5891673026121,45.2848805795055]],[[10.590052763016,45.2858520112044],[10.5906759371807,45.285594473879],[10.5914171741322,45.2863539180102],[10.5930446505915,45.285259869916],[10.5921222005737,45.2843237009506],[10.592861318618,45.283940105947],[10.5923445550327,45.2834209223832],[10.5933489193779,45.2829796953181],[10.5928409346239,45.2822422964153],[10.5947008536526,45.281248696658],[10.5950300015016,45.2815228848576],[10.5980929326796,45.2800996372646],[10.5971572047119,45.2792124763491],[10.5975584787453,45.2788635802242],[10.5957624364753,45.2773285803388],[10.5972739870932,45.2762356967502],[10.5975028834509,45.2763868238698]],[[10.5930446505915,45.285259869916],[10.5934441034281,45.284952382968]]]}},{"type":"Feature","properties":{"CODICE_CAN":"3226","NOME_COMPL":"Dispensatore XXVII della Mondina","COMUNI":"Cavriana, Guidizzolo, Goito"},"geometry":{"type":"MultiLineString","coordinates":[[[10.6083138692483,45.2758637729762],[10.6097263275754,45.2750452321485],[10.609875699687,45.2752044624213],[10.6101577976488,45.2750895976034]],[[10.6083138692483,45.2758637729762],[10.6064140315343,45.2768011983256],[10.6071619539118,45.277640182148],[10.6047499223046,45.2786973613737],[10.6038413709695,45.277727347291]],[[10.6083138692483,45.2758637729762],[10.6085111132209,45.2761440634638],[10.6088242085238,45.2759431658387]],[[10.6101629564494,45.2750930973434],[10.6107450913842,45.2756386222528]],[[10.6101731730377,45.2750965257614],[10.6094089800355,45.2743749397877]],[[10.6047499223046,45.2786973613737],[10.6051467090449,45.279103033029]],[[10.6044236608658,45.2783560753933],[10.6025631744214,45.2793291284468],[10.6027873882624,45.2795474230563],[10.6004664205921,45.2806133720589],[10.6006989970959,45.28081046384],[10.5988306858657,45.2819354109216],[10.5978353874044,45.2824491677985],[10.5977271854612,45.2823270174669],[10.5956652652058,45.2834686194058],[10.5967657557713,45.2845730965537],[10.5968750070113,45.2845272804667],[10.5969507034432,45.2846169232792],[10.5972538913204,45.2849313098611],[10.5975136349701,45.2852006432964],[10.5981892160713,45.2859028180238],[10.5985397553314,45.286275159767],[10.5973597811446,45.2868575583868],[10.5975348092871,45.287035160538],[10.5944562273962,45.2883471507178],[10.5888110982776,45.2914749220167]],[[10.597245260778,45.2849426500626],[10.5982949544474,45.2844653179594],[10.5995737888039,45.2838511139023],[10.599844200376,45.2841454662552],[10.6022260312574,45.2823643146017]]]}},{"type":"Feature","properties":{"CODICE_CAN":"3005","NOME_COMPL":"Dispensatore B - ramo Mattesco Bruno","COMUNI":"Guidizzolo, Goito"},"geometry":{"type":"MultiLineString","coordinates":[[[10.5107616467717,45.3752393386693],[10.5111963533383,45.3744376415587],[10.5115560387241,45.3740808293772],[10.5127165236287,45.3736215734111],[10.5117860415007,45.3721185305848]],[[10.5127729190376,45.3737754104982],[10.5127165236287,45.3736215734111]]]}},{"type":"Feature","properties":{"CODICE_CAN":"3004","NOME_COMPL":"Dispensatore B - principale","COMUNI":"Castiglione d/Stiviere, Medole"},"geometry":{"type":"MultiLineString","coordinates":[[[10.5002677071671,45.3588595725827],[10.5003753962342,45.3589991570775],[10.5006995537526,45.3588538982267],[10.5007739134354,45.3589431605784]],[[10.501103490383,45.3533250062051],[10.5007619269353,45.3535437883789]],[[10.501103490383,45.3533250062051],[10.501953275418,45.3542628546122],[10.5021365287215,45.3542145253547],[10.5033589355824,45.3552852229036],[10.5030603688646,45.355488138948],[10.5044215613715,45.356878440649],[10.5052996189097,45.3564229791338],[10.5054326793226,45.3565283722876],[10.5065466810975,45.3576004643896],[10.505024813166,45.3583399397286],[10.5037978462407,45.3571009467691]],[[10.501103490383,45.3533250062051],[10.5013791369461,45.3530764759035]],[[10.503356895966,45.3654489094929],[10.5014294712262,45.3656426320975]],[[10.5022466407414,45.3579632255304],[10.5023527276422,45.3578699895567],[10.5010470337143,45.3565248554442]],[[10.5023527276422,45.3578699895567],[10.5029840656135,45.3575249378563]],[[10.5028208847445,45.363694750187],[10.5027225971188,45.3633505517657]],[[10.503356895966,45.3654489094929],[10.5028208847445,45.363694750187],[10.5008840582175,45.3639048348849],[10.5001740305366,45.3619740681228],[10.5000220266586,45.3616715064494],[10.4997957110984,45.3615842394916]],[[10.5028968105085,45.360908676367],[10.5009592109667,45.3612871668326],[10.500731398695,45.3614264794971],[10.5003020310439,45.3613591621732],[10.50051813966,45.3608801677477],[10.4991232522606,45.3595218624856]],[[10.5028323804365,45.3608535750369],[10.5009325149731,45.3588903163145],[10.5006396012647,45.3590069653824]],[[10.5054545466292,45.3612011195982],[10.5039686293602,45.3619050073178],[10.5028968105085,45.360908676367]],[[10.5034865342194,45.351657006241],[10.5028700488435,45.3520769697115]],[[10.503356895966,45.3654489094929],[10.5033709943552,45.3655711769098],[10.5052671791836,45.3658370343895],[10.5051517423465,45.3655783412846],[10.5047280339279,45.3639307993234]],[[10.5033709943552,45.3655711769098],[10.503418202038,45.3657496626569]],[[10.5044186265293,45.369047311734],[10.509278596321,45.3684780834184],[10.511490482154,45.368770278144],[10.5115655563949,45.36914357853],[10.5114152543783,45.3696499077674],[10.5115487390325,45.3697338283044],[10.5118363209307,45.3694377369567],[10.5135057903146,45.3698014027209],[10.5141096018321,45.369234441119],[10.5158207951334,45.3696114305004],[10.5155929772617,45.3699251494375],[10.5173500388599,45.3703472931269],[10.5183806402385,45.3718473839999],[10.5195475840696,45.3716328801259],[10.5202951517646,45.3727862406716]],[[10.5051517423465,45.3655783412846],[10.5071306490391,45.365781874964],[10.5069628371201,45.365155864137]],[[10.5055921955847,45.3611413648306],[10.5055887314654,45.361137553477],[10.505040068525,45.3605338860236],[10.5049818442922,45.3604500537942],[10.5050182429208,45.3603142147392]],[[10.505833680644,45.3532321411354],[10.5034866502,45.3516613856973],[10.5038397373492,45.3513850910911],[10.502436978165,45.3505053748074],[10.5033474455986,45.3494550070822],[10.5040283513828,45.3481842046885],[10.503909818279,45.3479316461267],[10.504916308871,45.3450030127254]],[[10.5074584100105,45.3555526431921],[10.5087000745307,45.3548933690611],[10.506137911599,45.353243437623],[10.505833680644,45.3532321411354],[10.5055773191202,45.3533885875344],[10.5052440785143,45.3531021507425],[10.5050090123226,45.3532430082783]],[[10.5065466810975,45.3576004643896],[10.5074378706327,45.3584615782631],[10.5073141480743,45.3585017011404],[10.5068543368752,45.3580565715553]],[[10.5065466810975,45.3576004643896],[10.5063971767102,45.3574565875226],[10.5065518438757,45.3573861018552],[10.508395143663,45.3564892946065],[10.5074584100105,45.3555526431921],[10.5069002356381,45.3557896079838],[10.5039444057367,45.3532111081777],[10.5034276171819,45.3533709775027]],[[10.5071315708708,45.3657853137529],[10.5078514866169,45.3658488720671],[10.5079714118289,45.3662758758284],[10.5076817502641,45.3663166680981]],[[10.5074410532371,45.358460546151],[10.5085874793531,45.3596399388486],[10.5079235967965,45.3599854520795],[10.5082937831204,45.3612510213203],[10.5059628318462,45.3609603328463],[10.5055887314654,45.361137553477],[10.5054545466292,45.3612011195982],[10.5022466407414,45.3579632255304],[10.5014537305611,45.3583563173425],[10.5002444969905,45.3569639852115]],[[10.508604566089,45.3625059614303],[10.5075935676308,45.3623952337624]],[[10.5079714118289,45.3662758758284],[10.5113867112119,45.3665062615179],[10.511490482154,45.368770278144]],[[10.5082937831204,45.3612510213203],[10.5087002080364,45.3626538720793],[10.5096814298198,45.362809282409],[10.5100134138908,45.3638610572444],[10.5063739058589,45.3633580665979]],[[10.5100134138908,45.3638610572444],[10.5104186783903,45.3652179960859],[10.5087211056259,45.3650720551276],[10.508523850312,45.364186871562]],[[10.5104186783903,45.3652179960859],[10.5108860144533,45.3664522071298]]]}},{"type":"Feature","properties":{"CODICE_CAN":"3007","NOME_COMPL":"Dispensatore C - principale","COMUNI":"Castiglione d/Stiviere, Medole"},"geometry":{"type":"MultiLineString","coordinates":[[[10.5038962653087,45.3513297828355],[10.5064421650217,45.3489142726438],[10.5067274619537,45.3484980191004],[10.5064641903038,45.3483067281573],[10.5066392590949,45.3478894859107]],[[10.5091997478121,45.3513695063556],[10.5060713121111,45.3493114817007]],[[10.5090513420305,45.3514689285222],[10.5092348253939,45.3513489480233],[10.5090705467569,45.3512263596194],[10.5106455579238,45.3502481211146]],[[10.5103734942034,45.3605202365645],[10.5108613747431,45.3627929623705],[10.5132311367272,45.3631445616333],[10.5128500115685,45.3614174762169]],[[10.5114231894157,45.3593997699732],[10.5091572823307,45.3595088233134]],[[10.5116533908428,45.3631311596274],[10.5121839813551,45.3647971475619],[10.5140007831776,45.3649826502772],[10.5135405598465,45.3637115257442]],[[10.5116286488564,45.3537535759573],[10.5130712280323,45.3552147834774],[10.514023629389,45.356111495403],[10.5140240955569,45.3561119343038],[10.5136338768467,45.356327925447],[10.5104241349416,45.3553526778006]],[[10.511658733939,45.3532879582659],[10.5116555694177,45.353286398742],[10.5115834324836,45.3532508485238],[10.509049944512,45.351469951547],[10.5070433871504,45.3525973985514]],[[10.5116619827241,45.3532831517175],[10.5116555694177,45.353286398742],[10.5106468318338,45.3537971084216],[10.5097175113164,45.3542476172519]],[[10.5125265023685,45.3600856905707],[10.5122944028009,45.360100002583],[10.5122204833874,45.3598518630648]],[[10.5126877688176,45.3661250369865],[10.5125313059789,45.365937305156]],[[10.512763840277,45.3661378691702],[10.5128304347179,45.366604823969]],[[10.5132311367739,45.363144561845],[10.5156889810696,45.3635031113616],[10.5146201566406,45.3599208936504],[10.5123953289311,45.3600986659519],[10.5121395085354,45.3593388814265],[10.5113865864086,45.3593943230381],[10.5109985415344,45.3590396204887]],[[10.5144938742496,45.3663284676716],[10.5140007831776,45.3649826502772]],[[10.5140226722887,45.3561119927802],[10.514023629389,45.356111495403],[10.5160164087464,45.3550758699179],[10.5187540932283,45.3578295432225],[10.5181116358815,45.3582394435877],[10.5183138633212,45.3587958973678],[10.5181699157888,45.3587978111981],[10.518347370676,45.3596084381882],[10.5191659228849,45.3621244620217],[10.5214173846736,45.3599728252941],[10.5213573235222,45.3598213461922]],[[10.5146201566406,45.3599208936504],[10.5145587927076,45.3595789595119]],[[10.5156889810696,45.3635031113616],[10.5175015260855,45.3637397458866],[10.5176792518872,45.3635672698875],[10.5171334015272,45.3614392619206]],[[10.5160148848358,45.3550743816398],[10.5133638688791,45.3524389492931],[10.5116652961856,45.3532807260838]],[[10.5160194722347,45.3550774964319],[10.5160193874517,45.3550743218637]],[[10.516375930054,45.3647553998075],[10.5175015260855,45.3637397458866]],[[10.5189219816544,45.3668272044525],[10.5172221329687,45.3664029708875],[10.5168665247386,45.3664254892207]],[[10.5176792520072,45.3635672703711],[10.5191659228849,45.3621244620217],[10.5190194211913,45.3621422981084],[10.5189587603548,45.3619682658896]],[[10.5181699157888,45.3587978111981],[10.5180505350224,45.3582227108368],[10.5181591765721,45.3580224574145]],[[10.5226492170437,45.3644571692923],[10.5271437317879,45.3650652063265],[10.5243917893456,45.3680948110518],[10.5205710251626,45.3675526126596],[10.5202290708157,45.3679802708745],[10.5188967845919,45.3672709504399],[10.5189219816544,45.3668272044525],[10.5204799153436,45.3654086415634],[10.5202878832172,45.3653597929426],[10.516375930054,45.3647553998075],[10.5147360569703,45.3663647980475],[10.512763840277,45.3661378691702],[10.5126877688176,45.3661250369865],[10.5124684858267,45.3655748194425]],[[10.5249362697934,45.3675853509069],[10.5283359419776,45.3683208668782],[10.5283503328533,45.368467827667],[10.5297200201574,45.3682661125726],[10.5295649798403,45.3659628192037],[10.5282979787207,45.3658356915387]]]}},{"type":"Feature","properties":{"CODICE_CAN":"3009","NOME_COMPL":"Dispensatore D","COMUNI":"Castiglione d/Stiviere, Medole"},"geometry":{"type":"MultiLineString","coordinates":[[[10.5066075880489,45.3421697608914],[10.508115044962,45.341057487869]],[[10.5065792737649,45.336365165779],[10.505689964336,45.3370842399153],[10.5062348200629,45.337526587387],[10.505613374023,45.3381599613779],[10.5065461875885,45.3388586333029],[10.5072584911046,45.3393908663562],[10.5073118866909,45.3394307624771],[10.5077419580845,45.3397521047074],[10.5086265967171,45.3403861010229]],[[10.5073090267351,45.3394326032125],[10.5073118866909,45.3394307624771],[10.5078867520464,45.3390605866747],[10.5077521243633,45.3389504280271],[10.5080591469469,45.3387489627105]],[[10.5072402010614,45.3359489737484],[10.5076093222794,45.3356319279733],[10.5087903264924,45.3350149849226],[10.5072888845248,45.3333885074323],[10.5077358845718,45.3331895152366]],[[10.5075122623508,45.3358369431624],[10.5074418370552,45.3357917603469],[10.508933728204,45.3373756802502],[10.5083871274456,45.337706109554],[10.5099304128764,45.3390124551078],[10.5097537702923,45.3391504321948],[10.5111765931159,45.3402821791837],[10.5105216527629,45.341672557971],[10.510752369862,45.3419095763948]],[[10.5110254086882,45.3457581935263],[10.5088351574394,45.3440545918701],[10.5077139469401,45.3449045585036]],[[10.5088723349334,45.3405863160678],[10.5086146926001,45.3403904970593]],[[10.5088600930755,45.3405780002856],[10.510750433041,45.3419082617074]],[[10.511987872868,45.3497814260893],[10.5092027426538,45.3480361539113],[10.5096034873081,45.3477437965204],[10.5095330191005,45.34768748578],[10.5083697013094,45.3467578624028],[10.5074090228349,45.3459943795463],[10.5076546043211,45.3455842133117],[10.5052546072387,45.3439023769429],[10.5056139325705,45.342961923759],[10.5058087983556,45.3430652046849],[10.5066077003169,45.3421739927771],[10.5046715492295,45.3407049163866],[10.5049898058377,45.3404805539718]],[[10.5095364087916,45.3476830655213],[10.5095330191005,45.34768748578],[10.5094359138715,45.3478141135784],[10.5091679606635,45.3479642947341]],[[10.5107505043492,45.3419109422866],[10.5109914075337,45.3420723395637],[10.5121235764505,45.3432823632903],[10.5124757751762,45.3436422347502],[10.5125653857944,45.3436990313515],[10.5125674865498,45.3437003627393]],[[10.5109316703529,45.3458498611464],[10.5112247102153,45.3460193029506],[10.5115385705545,45.3457664731773],[10.5143044298063,45.3474673785646],[10.51446891769,45.3473239038417],[10.5167501493872,45.3495264954291],[10.5166346045302,45.3497018202514],[10.5156044052744,45.3502534992971],[10.5162747150383,45.3508891462876],[10.5153804708618,45.3513631177247],[10.514568471269,45.3517977691698],[10.5119859070515,45.3497926957755]],[[10.5109528347591,45.3458420451273],[10.5117771030658,45.3450926454283],[10.5122407596978,45.3444459781783]],[[10.5111590593491,45.3402585682524],[10.5120840233291,45.3386366879313],[10.512790171546,45.3378668805532]],[[10.5119354697403,45.3497516825683],[10.5117443761007,45.3498559437183]],[[10.5119924759403,45.3497879343686],[10.5137958422912,45.3479319100904]],[[10.51256159076,45.3437046805001],[10.5125653857944,45.3436990313515],[10.5130472422816,45.3429818905444],[10.5137200718664,45.3420658728283],[10.5141474588003,45.3417880460597]],[[10.5150339814247,45.3453514072549],[10.5125673736881,45.3436961254674]],[[10.5143493952774,45.3519235986834],[10.5145744807953,45.3517976894641]],[[10.5141434322832,45.3417836140425],[10.5156207644834,45.340989441764]],[[10.51446891769,45.3473239038417],[10.5146247784918,45.3471362894879]],[[10.5151210612439,45.3515003468574],[10.5149040234713,45.3513058579141]],[[10.5163637109614,45.3523885674903],[10.5154508057788,45.3529029190398],[10.514887571306,45.3523923835092]],[[10.5150338118343,45.3453450509062],[10.5155939721802,45.3457254670092],[10.5154198109587,45.3459566726163],[10.5176452062612,45.348085720744],[10.5193734751396,45.3494273621528],[10.5203074288982,45.3489476056649]],[[10.5150428244596,45.3453449313324],[10.5167529689059,45.34354511775],[10.5169772662086,45.3436801219362],[10.5175191651839,45.3433696254371],[10.5164561860394,45.3425603616878]],[[10.51635747502,45.3523801727749],[10.5153804708618,45.3513631177247]],[[10.5163698337249,45.3523927249473],[10.5177040463996,45.3537271719586],[10.5198657874383,45.3525867995256]],[[10.5176452062612,45.348085720744],[10.5183379873306,45.3469121385512]],[[10.5195002255339,45.3556737891503],[10.5194596573988,45.3555058371729],[10.5180799881054,45.3540975719679]],[[10.5198791811005,45.3525818532171],[10.5184803893395,45.3512316726374]],[[10.519370030903,45.3494250235064],[10.5193665866907,45.3494226857597]],[[10.5197572290553,45.3555607824441],[10.5217874838842,45.3545139605829],[10.5230817195813,45.3558899396454],[10.5223261709818,45.3565109195553],[10.5223228818236,45.3565136224164]],[[10.5198677190568,45.3525860861093],[10.5198758004643,45.3525818982124],[10.5198724848957,45.3525843259132],[10.5198677190568,45.3525860861093]],[[10.5198790534688,45.3525770859724],[10.5200802870124,45.3527675370396]],[[10.5200802231877,45.3527651534175],[10.5214114136267,45.3512422710224],[10.5193677669913,45.3494260527847],[10.5178211862587,45.3501291543859]],[[10.5200835400097,45.352762724794],[10.5217874838842,45.3545139605829]],[[10.522309189163,45.3565074463665],[10.522318204806,45.3565073261788],[10.5223261709818,45.3565109195553],[10.5223318974675,45.3565135022275],[10.5227993498739,45.3569618779503],[10.5224633477957,45.3573796392628],[10.5225841796923,45.3583540072572],[10.5225122168309,45.3588932915448],[10.5217078934522,45.359616127199],[10.5218969419951,45.3597153388832],[10.5216445396991,45.3599348276979],[10.5260586334081,45.3623863255043],[10.5294224697615,45.3627074673405],[10.5295446718092,45.3654996792424],[10.5322932153266,45.3657992526641],[10.5322156429637,45.3680097567682]],[[10.5223274748579,45.3565167395796],[10.5217185564854,45.3570144352299],[10.5210788835603,45.3563648870369],[10.5201534769526,45.3561578530248],[10.5194913814142,45.3556802645211]],[[10.5223227965874,45.356510444259],[10.5223137822202,45.3565105644301]],[[10.5322932153266,45.3657992526641],[10.5321395323131,45.3625883993257]]]}},{"type":"Feature","properties":{"CODICE_CAN":"3011","NOME_COMPL":"Dispensatore E - ramo Levadello","COMUNI":"Castiglione d/Stiviere, Solferino"},"geometry":{"type":"MultiLineString","coordinates":[[[10.5350489517537,45.3671970875747],[10.534966529389,45.3671079560306],[10.5343444878179,45.3673317419366]],[[10.534966529389,45.3671079560306],[10.5352046424883,45.3669057910049],[10.5351741433278,45.3661450880703],[10.5351422296917,45.365349076453],[10.5348539365712,45.3611705808245]],[[10.5351805436421,45.3661462845503],[10.5351741433278,45.3661450880703],[10.5350116693176,45.3661147149077],[10.5350020607921,45.3657595260496]]]}},{"type":"Feature","properties":{"CODICE_CAN":"3010","NOME_COMPL":"Dispensatore E","COMUNI":"Castiglione d/Stiviere, Solferino, Medole"},"geometry":{"type":"MultiLineString","coordinates":[[[10.5114307828233,45.3343983728703],[10.5109824258335,45.33408447566],[10.509207125501,45.3326811257123],[10.5080540472327,45.3313454576134]],[[10.5092091734065,45.3326827441082],[10.5102091798279,45.3322095338543]],[[10.513743876007,45.336835098964],[10.5135613600435,45.3365895469693],[10.5141504009652,45.3343321433603],[10.5144598430052,45.3337011685265],[10.5138722200335,45.3331812774875]],[[10.5151625533999,45.3374463856562],[10.5150656924769,45.3373501844767],[10.5154690203559,45.3371813225497],[10.5151451856627,45.3368742919417],[10.5159783691836,45.3364396627917]],[[10.5164979529355,45.3388226430848],[10.5188001757578,45.3376372117452]],[[10.5165041293606,45.3388202134893],[10.5164979529355,45.3388226430848],[10.5164958145311,45.3388234834116],[10.5164571556607,45.3388386907254],[10.5164221797124,45.3388324599362],[10.5156958584439,45.339183938177],[10.5151817333916,45.338638474262],[10.514794643843,45.338805483267]],[[10.5165944419624,45.3389118034523],[10.5165920404033,45.3389127786966]],[[10.517809497859,45.3399206562745],[10.5174943697337,45.340064859737]],[[10.5190342342258,45.3411236889962],[10.517809497859,45.3399206562745],[10.5178083587938,45.3399195372355],[10.5178075723508,45.3399187654651],[10.5175009856609,45.3396151705926],[10.5167454356717,45.3388504849197],[10.5165944419624,45.3389118034523],[10.5164958145311,45.3388234834116],[10.5164849705782,45.3388137726623],[10.5151624049759,45.3374462760078],[10.5146136414249,45.3375843709741],[10.5139711066567,45.3368999068955],[10.513743876007,45.336835098964],[10.5114307828233,45.3343983728703],[10.5106758669119,45.3347524455559],[10.5093131943327,45.3330403684205],[10.508350202094,45.3323086127121],[10.5073855856205,45.3308366202686]],[[10.5190339909927,45.3411444207022],[10.521056497516,45.3402463140731]],[[10.5190383611222,45.3411479433338],[10.519036407701,45.3411460619181]],[[10.5202816545907,45.3440459389825],[10.5201114218316,45.3441418710995]],[[10.5206796047434,45.3487463473699],[10.521397636685,45.3483976803581]],[[10.521000530178,45.3507487453195],[10.5226339723139,45.3521794661373]],[[10.5228971429172,45.3426169199203],[10.5213949025693,45.3433596005668],[10.5212266132757,45.3434688325135],[10.5190383611222,45.3411479433338],[10.518361406698,45.3414641352257],[10.5180497616771,45.341170713253],[10.5175273650258,45.3414117413054],[10.516527526548,45.3404964752644]],[[10.5212282238067,45.34346786681],[10.5202816545907,45.3440459389825],[10.5185486278903,45.3423292132515]],[[10.5212291094699,45.3434673356299],[10.5215344991797,45.343412289213],[10.523263672146,45.3453547870182],[10.5228166076864,45.3456306346188],[10.5241437129982,45.3470131269405],[10.5214046083473,45.3483969330716],[10.5202918092138,45.3470602350202],[10.5207729805329,45.3468461276175]],[[10.5228362961666,45.3456526676628],[10.5216730653086,45.3463381988956]],[[10.523263672146,45.3453547870182],[10.5253149609277,45.3442931420818]],[[10.5241434855213,45.3470046524471],[10.5241437129982,45.3470131269405]],[[10.5261344450959,45.3459509306255],[10.5241491012415,45.3470104653167],[10.5247151867443,45.3475964163289],[10.5240116623004,45.3479618657062],[10.5247133289794,45.3487211322177],[10.5247148534896,45.3487208580226],[10.5248489308029,45.3486967145282],[10.5255956042427,45.3483362239477],[10.5243477905745,45.3470474527198]],[[10.5285035654018,45.3587541599212],[10.5280355712786,45.3581575745416],[10.5262144822122,45.3592084869152],[10.5247205749047,45.3576332988663]],[[10.5272685115862,45.3536375220942],[10.5246097950344,45.3505367141254]],[[10.5256426099924,45.3553392261957],[10.525637060317,45.3553334377288],[10.5241430168818,45.3537748885756],[10.5225722940468,45.3522707166346],[10.5231292066458,45.3515172632778],[10.5240206090625,45.3500867907845],[10.5247307197591,45.3487717651761],[10.5247148534896,45.3487208580226],[10.5247131772543,45.3487154822587]],[[10.5280275573039,45.3581576817774],[10.5256665724636,45.3556177234947],[10.5257748705408,45.3554881713235],[10.5256367813719,45.3553336520883],[10.525637060317,45.3553334377288],[10.5258488097715,45.3551697454145],[10.5256940079917,45.3550022625023],[10.5272865406429,45.353637280964]],[[10.5272805309574,45.353637361341],[10.5289321762654,45.3519182562669]],[[10.5293238647007,45.359743528991],[10.5293325381897,45.3597382739363],[10.5293343595479,45.3597327502292],[10.5293799716497,45.3595944202046],[10.5285094615146,45.3587498422435]],[[10.5293257487095,45.3597346472887],[10.5293343595479,45.3597327502292],[10.5296392023414,45.3596655896141],[10.5295159986804,45.3592498817821],[10.528381425933,45.3581145178262]],[[10.5295432054451,45.3598507998351],[10.5293325381897,45.3597382739363]],[[10.5320598768995,45.360303886176],[10.5318900540208,45.3586018783625],[10.5294901287631,45.355862069524]],[[10.5352792468743,45.3566159411464],[10.5326903943423,45.3541681093525]],[[10.5347597931009,45.3606499607762],[10.5346539873632,45.3594917179946]],[[10.5352801661913,45.3566154715156],[10.536152751201,45.3561564103025],[10.5347392271567,45.3546511952184]],[[10.5352813499726,45.3566148669086],[10.5343845544556,45.3571212691348],[10.5345762268212,45.3578275580172],[10.5349166191098,45.3579287837769],[10.5352108622944,45.3582991594994],[10.5361302732322,45.3602961584643],[10.5347611673029,45.3606562999902],[10.5320598768995,45.360303886176],[10.5320482968457,45.3604755153633],[10.5295517699706,45.3601685927115],[10.5295321613174,45.3598500053175]],[[10.5353774968453,45.3586545580835],[10.5370058196575,45.3581187911435],[10.5368276224857,45.357725472263]],[[10.5361302732322,45.3602961584643],[10.5369856197656,45.362360184503],[10.5374368870726,45.3630552486825],[10.5375555560645,45.3630460303484],[10.5382855649777,45.3648500143883]]]}},{"type":"Feature","properties":{"CODICE_CAN":"3013","NOME_COMPL":"Dispensatore F - ramo Vie Nuove","COMUNI":"Solferino"},"geometry":{"type":"LineString","coordinates":[[10.5418133518567,45.3634242713329],[10.5416953300036,45.3631216131559],[10.5415431751487,45.3631480788429],[10.541294926459,45.3626840373489],[10.5411653582986,45.3627024574161],[10.5400076379868,45.3605002946867],[10.5398306299088,45.3601299637072],[10.5400761767193,45.3599501035472]]}},{"type":"Feature","properties":{"CODICE_CAN":"3012","NOME_COMPL":"Dispensatore F - principale","COMUNI":"Solferino, Medole"},"geometry":{"type":"MultiLineString","coordinates":[[[10.514389456876,45.3316624926281],[10.5139512681703,45.3320147987314],[10.5127777416833,45.331186495608]],[[10.514388333575,45.331661860322],[10.5152227938066,45.3308654417981],[10.5142939679049,45.3302320555081],[10.5137544554667,45.3300469749093]],[[10.5155866196826,45.3323379397412],[10.5159963358135,45.3318892840736],[10.5158881503253,45.3317702063816],[10.5161961065475,45.331559182111]],[[10.5195332201179,45.3356925840391],[10.517641470537,45.3365621452629]],[[10.5183204599784,45.334596035434],[10.51912359653,45.3341001480587],[10.5176392879408,45.3327025380156],[10.5183545505981,45.3324281392003]],[[10.5191237417509,45.3341002811483],[10.5201434423042,45.3335102713372]],[[10.5239750766862,45.3362811244162],[10.5217271136842,45.3345220294135],[10.5222214938338,45.3341963017033],[10.5207275225561,45.3328127723422],[10.5212217183003,45.3325986375877],[10.519454371066,45.3308181499429]],[[10.5205624844547,45.3367525824414],[10.5205794320139,45.336597623143],[10.5208840920832,45.3364386459314],[10.5198896998967,45.3355338497383],[10.5195332201179,45.3356925840391],[10.5162094716573,45.3327315565554],[10.5143900644984,45.3316628338256]],[[10.5208840920832,45.3364386459314],[10.5220982856709,45.3358092692067],[10.5220391020435,45.3357018464974]],[[10.5226120926043,45.3389219643225],[10.5210981803219,45.3373827957388],[10.5209756495301,45.3374156726947],[10.5205554674264,45.3369682249382],[10.5205624844547,45.3367525824414],[10.5191496564406,45.3374034650053]],[[10.5246282687598,45.3367891474557],[10.5251679085058,45.33734066785],[10.5226176343148,45.3389278619749],[10.5230227036855,45.3393588887435],[10.5226276417894,45.3395118794917]],[[10.5230227036855,45.3393588887435],[10.5247892470393,45.3412168497197]],[[10.5232339132258,45.3304352804515],[10.5240013016698,45.329998778446]],[[10.5239487918048,45.3362604361674],[10.5248395242251,45.3357444204539],[10.5243863258918,45.3353643801723],[10.5249776076224,45.3349844041466]],[[10.5246299283524,45.3367882593605],[10.5239735481975,45.336282046758]],[[10.5246309097857,45.3367877349759],[10.5266132101382,45.3356176485517],[10.5263546056496,45.33526314568],[10.5236512237212,45.3332480773715],[10.5252137912597,45.3323392666495],[10.5221612719925,45.3294591078702],[10.5229690150598,45.3291019994737]],[[10.5253781806864,45.3414448043794],[10.5250538059343,45.3410629300741],[10.5247897736354,45.3412165438409]],[[10.5250593025858,45.3410605252976],[10.5257319336295,45.3406537629116],[10.5248796708718,45.33971293778],[10.5253662850792,45.3394796388324]],[[10.5252137912597,45.3323392666495],[10.5263913282444,45.3315635281043],[10.5260132230388,45.3312008351644],[10.5260977538752,45.3311510014305]],[[10.5264272378296,45.3412396006093],[10.5278062217683,45.3428663638538],[10.5269752634089,45.3433386480512],[10.5253781806864,45.3414448043794],[10.52467729188,45.3417420588938]],[[10.5263546056496,45.33526314568],[10.5290101096778,45.3334779334106],[10.5277944875985,45.3325012514218],[10.5286188269469,45.3319188930338]],[[10.5270335989509,45.3434322919421],[10.5268941489062,45.3435398188824],[10.5283362093568,45.3449382551495],[10.5270701984877,45.3455691112239]],[[10.5270337827943,45.3434321508619],[10.5269752634089,45.3433386480512],[10.5259629341469,45.343913999316]],[[10.5292291394994,45.3444502015321],[10.5283362093568,45.3449382551495],[10.5319574727161,45.3486601150022],[10.5314212773588,45.3492400532763],[10.5302650128164,45.3499988308102]],[[10.5343773723114,45.3478055928077],[10.5368781464648,45.3502632984338],[10.540265154389,45.3540109213181],[10.5389800002906,45.3546770157513],[10.5368653926347,45.3522908126604],[10.535942877084,45.35276068141],[10.534134451378,45.3541392414761],[10.5307210352017,45.350515649319],[10.5308881812575,45.3503369495669],[10.5304770195415,45.3502391022807],[10.5294988235957,45.3492940301779]],[[10.5368779048396,45.3522844404956],[10.5364739767563,45.351870100095]],[[10.5429133300282,45.3618741272259],[10.5406109376311,45.3577423544421],[10.5426035901231,45.3568974193692],[10.5401373010641,45.3540818287494]],[[10.5433806548914,45.362769537843],[10.5429217449138,45.361872276104],[10.5454263898945,45.3613212669436]],[[10.5433806548914,45.362769537843],[10.543444292236,45.3630629277458]],[[10.5433806548914,45.362769537843],[10.5444628350516,45.3626568291118],[10.5459558446199,45.3623031500475],[10.5457461648996,45.3617567209638],[10.5457028352778,45.3615847713528],[10.5456525637004,45.361385271827],[10.5455889158068,45.3610918832151],[10.544352855283,45.3600243751101],[10.5435332450586,45.3586564852237],[10.5434199954734,45.3579054246383],[10.5436205041765,45.3577204096579],[10.5423360136861,45.3563068108167]],[[10.5456995952138,45.3615854679134],[10.5457028352778,45.3615847713528],[10.5460495598115,45.3615102306382]]]}},{"type":"Feature","properties":{"CODICE_CAN":"3014","NOME_COMPL":"Dispensatore G","COMUNI":"Solferino, Medole"},"geometry":{"type":"MultiLineString","coordinates":[[[10.5271426006499,45.3277948864449],[10.5253607941546,45.3290568657416]],[[10.5293735570578,45.3262419777819],[10.5271876247604,45.3278296320597],[10.5271426006499,45.3277948864449],[10.5264655152066,45.3272723683958],[10.5262007856279,45.3270670158488],[10.5258656014312,45.3268718936302],[10.5250049241456,45.3273872908269]],[[10.5285758773208,45.3359228010757],[10.5302500552695,45.3346934189155]],[[10.5289565837594,45.339222741059],[10.5320278178862,45.3374557397883]],[[10.5298361035276,45.3403336728765],[10.5301583815415,45.3404925617147],[10.5339501895039,45.3381631318191]],[[10.5301288443895,45.3421155154516],[10.5306536046529,45.3418566643597],[10.5297211530074,45.3407836528324],[10.5298361035276,45.3403336728765],[10.5281145045756,45.3383247963086],[10.5286243861257,45.3379996527974],[10.5274274335742,45.336619102413],[10.5266763292792,45.3356865549741]],[[10.5322785265876,45.3293184891668],[10.5299688946903,45.3309845525645]],[[10.5316509776025,45.343133865828],[10.5316489738682,45.3431327873298],[10.5315733554016,45.3430920898984],[10.5307428719537,45.3418928623657],[10.5306536046529,45.3418566643597],[10.5329610063934,45.3406241722574]],[[10.5316496984326,45.3431320133909],[10.5316489738682,45.3431327873298],[10.5315882057986,45.3431976915843],[10.5308187095423,45.3435931246032]],[[10.5316529531963,45.3271182429269],[10.5325603889033,45.326467349823]],[[10.5321250269685,45.3429184683251],[10.5362225874889,45.3410673812988],[10.5388500854758,45.3436906976303],[10.5371250077169,45.344922795839]],[[10.5335487737958,45.3308349269349],[10.532388716062,45.3315655600236]],[[10.532671920536,45.3265648543637],[10.5326604149963,45.3265546625327],[10.5319744784507,45.3259469810699],[10.5310118801785,45.3251214050761],[10.5309887968953,45.3250324108092]],[[10.5338362673752,45.3306535258124],[10.5335487737958,45.3308349269349],[10.5352286883201,45.3322001681716],[10.5307731793508,45.3348136609401],[10.5303010092855,45.3346907164051],[10.5291724482586,45.3355635288536],[10.5274274335742,45.336619102413]],[[10.5352294356567,45.332199724255],[10.5362055723881,45.3315709767416],[10.5345803541846,45.3302000702187]],[[10.5345825567705,45.3302009191591],[10.5345810879466,45.3302003529046],[10.5321229651432,45.3292533018739],[10.5298961359469,45.3283993507134],[10.5292762913123,45.3288456869211],[10.527908640114,45.3276281149735],[10.5276673522441,45.3275423900751]],[[10.5345810879466,45.3302003529046],[10.5358800932735,45.3292663054892],[10.5342390203131,45.3279254255618],[10.5326604149963,45.3265546625327],[10.5325661826555,45.326472664829]],[[10.5353190415886,45.3461437511655],[10.5352126066583,45.346212680137],[10.5378565231187,45.3486108764313]],[[10.5358880756118,45.3292728267851],[10.5358877598805,45.3292611471647]],[[10.537123353055,45.3449240089995],[10.5353190415886,45.3461437511655],[10.5321250269685,45.3429184683251],[10.5316533593455,45.3431373174305]],[[10.5371502873821,45.3449042762913],[10.5361109784124,45.343880401218]],[[10.5378587401122,45.3486092596258],[10.5421040022934,45.3528543985267],[10.543023919658,45.3522788763945],[10.5459465024347,45.3558117675327],[10.5470834016571,45.3573978472006],[10.5493997034226,45.3574969330509],[10.5509715459119,45.3593953894088],[10.5501554495821,45.3596764573233],[10.549581417368,45.3590168584539],[10.5487818021755,45.3593027560412]],[[10.5401356518354,45.3417302496296],[10.5385116919467,45.3433373123502]],[[10.5472219375297,45.3523977796249],[10.5500883100009,45.3562182691472],[10.5487548228373,45.3566792401415],[10.5493997034226,45.3574969330509]],[[10.5509715459119,45.3593953894088],[10.5512831743627,45.3597154058879],[10.5515184466521,45.3597043009926],[10.5518770494343,45.3602035964878],[10.551379169389,45.3599518158168]],[[10.5519236341499,45.3602662315736],[10.5530196884872,45.3597352993424],[10.5525951228982,45.3593490761643],[10.552265099909,45.3594908772588]],[[10.5526328906005,45.3593332701781],[10.5530075132177,45.3591669204711]]]}},{"type":"Feature","properties":{"CODICE_CAN":"3015","NOME_COMPL":"Dispensatore H","COMUNI":"Solferino, Medole"},"geometry":{"type":"MultiLineString","coordinates":[[[10.5434492139204,45.3481549693881],[10.5402786254241,45.3451956145338]],[[10.548851014571,45.3484365302728],[10.5487679879671,45.3483748508758],[10.5484451034721,45.3478800802274],[10.5471405459558,45.3466512868023],[10.5461524815259,45.3459824765712],[10.5445858762559,45.3443556708399],[10.5430640236233,45.3432122135647]],[[10.547638416916,45.3500979009254],[10.5472143785277,45.3495195961066],[10.5476013103886,45.3491712298949]],[[10.5495784773208,45.3495602928765],[10.548756484655,45.3485027456258],[10.5491569498769,45.3482222312941],[10.5507616541329,45.3469858563271],[10.550805142703,45.3468202167187],[10.5509210087734,45.346739610284],[10.5516179094631,45.3462547787992],[10.5524967105865,45.3455969279955],[10.5526946755285,45.3454022271931],[10.5526465267566,45.3453618570244],[10.551875917527,45.3446977796841],[10.5475245705835,45.3409200276299],[10.5461892319692,45.339724596771],[10.545578728298,45.3392993556915],[10.5452690683766,45.3395036220611]],[[10.5526945501034,45.3454021217817],[10.5570043819383,45.3422707800914],[10.5494741775078,45.3382350841543]],[[10.5499155681513,45.350152486994],[10.5496827368964,45.3499145723052],[10.5495784773208,45.3495602928765],[10.5486665576236,45.3498082542136],[10.5477790605324,45.3502773469734],[10.547638416916,45.3500979009254],[10.546168226331,45.3508535649302],[10.5434802340165,45.3481824859871],[10.5436893372713,45.3482684707061],[10.5434845451314,45.3480907594527],[10.5450230959301,45.3467152061172],[10.5416576678737,45.3435526882738]],[[10.5506120136009,45.3513443484591],[10.5508263631785,45.351285037782]],[[10.5509927773543,45.3521062149996],[10.5499162375298,45.350152285295],[10.5502487725023,45.3500520842381]],[[10.5509316780717,45.3467479352284],[10.5509210087734,45.346739610284],[10.5498744128221,45.3459229647882],[10.549876042461,45.345775211453],[10.5503226353743,45.3454158472201],[10.5460560695942,45.3415813210015]],[[10.5512359079087,45.3525146311165],[10.5514187391414,45.3524726674386]],[[10.5513983103178,45.3528959435749],[10.5515889846742,45.3528482330903]],[[10.5517534115615,45.3535961162521],[10.5520234335741,45.3535247668449]],[[10.5528755036655,45.3554066921469],[10.5531758103055,45.3552969722415]],[[10.5532245265351,45.3572137587027],[10.5544516874405,45.3571192586764],[10.5536511388202,45.3560964165452]],[[10.555038624506,45.3584006573008],[10.5559617877012,45.3581435484437],[10.5552176984733,45.3570935780929]],[[10.5560916677642,45.3596761971237],[10.555038624506,45.3584006573008],[10.5542409295887,45.3586338211839],[10.5532245265351,45.3572137587027],[10.5521543536967,45.3572838810337],[10.5512680568698,45.3560065326736],[10.5528755036655,45.3554066921469],[10.5522277630282,45.3544929163692],[10.5515133400081,45.353157657344],[10.5510000139186,45.3521038086444],[10.5512226592351,45.3520297726751]],[[10.5561475268873,45.3597416357284],[10.5559965899324,45.3594180538521],[10.5578586364593,45.3588957735824]]]}},{"type":"Feature","properties":{"CODICE_CAN":"3016","NOME_COMPL":"Dispensatore I","COMUNI":"Solferino, Medole"},"geometry":{"type":"MultiLineString","coordinates":[[[10.5354254544987,45.3242828048372],[10.537770334294,45.3232588162102]],[[10.5369983247912,45.32597530144],[10.5372626072147,45.3258652964514],[10.5356329133172,45.3245325129675],[10.5339338403617,45.3225845231199],[10.5352170582336,45.3220817951999]],[[10.5373056547827,45.3212836362132],[10.537498534165,45.3212087937565]],[[10.5375051903163,45.3212062109792],[10.5410180289796,45.3196204965302]],[[10.5389564203547,45.3273892361571],[10.5415871515253,45.3262102954503]],[[10.5386890211858,45.3228576664768],[10.5388694362359,45.3227801477767],[10.5374989335389,45.321208638788]],[[10.5388694362359,45.3227801477767],[10.5430617758155,45.3209335629822]],[[10.5403871289023,45.328948798974],[10.5442861167036,45.3270853754214],[10.541372874763,45.3241200667899],[10.5409722865291,45.3242965908108],[10.5392946727858,45.322593785849]],[[10.5409184201393,45.3242412224997],[10.5447331449298,45.3225774533422]],[[10.5428632439058,45.3255896212635],[10.5462472086487,45.3239865948259]],[[10.5460095378532,45.3344410451172],[10.5501165183738,45.3316766866485],[10.544122581934,45.329355801323]],[[10.5442861167036,45.3270853754214],[10.5469158391165,45.3258618124037]],[[10.5507982684584,45.3358810844461],[10.5507966295487,45.3358797690913]],[[10.5529761495763,45.3485087436078],[10.55284865186,45.3482616089681]],[[10.5529614324321,45.3484832410077],[10.5544890424043,45.3478495441755],[10.5528329379947,45.3454413827678],[10.5526852503204,45.3454179728056]],[[10.5527659489363,45.3453522606414],[10.5570440471344,45.3422784818475],[10.5573882577824,45.3399147582223],[10.5516017835797,45.3367752854474],[10.5508828359111,45.3364159008064],[10.5503185974907,45.336295202256],[10.5502642044976,45.3360718413463],[10.5486941417703,45.3354367337156],[10.548330342702,45.3351978515176],[10.5481882373366,45.3347713666498],[10.5478268412394,45.3345049364364],[10.5471924876109,45.3346464628376],[10.5460095378532,45.3344410451172],[10.5375564371927,45.3312087734247],[10.5374316039295,45.3308084095734],[10.5403871289023,45.328948798974],[10.5389564203547,45.3273892361571],[10.5372626072147,45.3258652964514],[10.5379587937907,45.3255755100427]],[[10.5529614324321,45.3484832410077],[10.5532114094473,45.3489088793161],[10.554698145549,45.3509804551776],[10.555381853247,45.3517817693561],[10.5590558502881,45.3573578616467],[10.5598984042318,45.3572868208604],[10.5600410049011,45.357558754742]],[[10.5532114094473,45.3489088793161],[10.5535974859818,45.3487826969897]],[[10.5538169129885,45.3497231296194],[10.5542913364278,45.3495854126995]],[[10.5573881048838,45.3399146747941],[10.557512317011,45.3371976160004],[10.5536662078153,45.335162225279]],[[10.5540854948764,45.3501109472261],[10.5543990152498,45.3500125857868]]]}},{"type":"Feature","properties":{"CODICE_CAN":"3017","NOME_COMPL":"Dispensatore L - principale","COMUNI":"Solferino, Cavriana, Medole, Guidizzolo"},"geometry":{"type":"MultiLineString","coordinates":[[[10.5438274628048,45.3205906712297],[10.5456047339342,45.3198053285855]],[[10.5460104913047,45.3227901464554],[10.5427636256585,45.3195283152],[10.5407463267508,45.3173695226863]],[[10.5469298829883,45.3237135523284],[10.5460104919276,45.3227901462734],[10.5490866231566,45.3219495430093],[10.548804744738,45.3214114126751]],[[10.5490219790034,45.32598404742],[10.5490202695793,45.3259822193562],[10.5490202662776,45.3259822157614],[10.5483000241905,45.3251980335432],[10.5470987237487,45.3239147804415],[10.5469298838459,45.3237135521018],[10.5506748443716,45.3229294309165]],[[10.5490203084631,45.3259822616912],[10.5490186010784,45.3259804350556],[10.5490202662776,45.3259822157614],[10.5495694616596,45.3265694985364],[10.5496327360515,45.3265620877328],[10.5552458775152,45.3325621613222],[10.5554100895863,45.3325812106686],[10.5555870321319,45.3331022967829],[10.5575315788951,45.3351555987061],[10.5575161949189,45.3380079210795],[10.5573612019778,45.339483659262],[10.5574516548739,45.3398707317402],[10.5573371494872,45.3400120837306],[10.5570947308646,45.3422030114439],[10.55700490751,45.3422025646633]],[[10.5524941098528,45.3259443682043],[10.5514887526004,45.3239905035595],[10.552172587908,45.3239576517426],[10.5518739382543,45.3228071149657],[10.5515561036054,45.3227878681843],[10.5507563332552,45.3216323514358],[10.5503459909107,45.3200591893963],[10.5500798597212,45.3200981447213],[10.5490124226914,45.3186163622104],[10.5480503226099,45.3188532529111],[10.5471206816554,45.3172164244909],[10.5481299452328,45.3168728685854]],[[10.5490124226914,45.3186163622104],[10.5506553879408,45.318240626489]],[[10.5524941098528,45.3259443682043],[10.5496317511605,45.32656092641]],[[10.5524941098528,45.3259443682043],[10.5539503947376,45.325453306234]],[[10.5570947308646,45.3422030114439],[10.5618069751332,45.3487794666386],[10.5639754387805,45.3480429186065],[10.5624569737367,45.3459901759537]],[[10.5570947308646,45.3422030114439],[10.5583290597915,45.3417316895833],[10.5596360234113,45.3409806474478]],[[10.5651971520877,45.3534268424391],[10.5668298307257,45.3527870357631],[10.5639754387805,45.3480429186065]],[[10.5651971520877,45.3534268424391],[10.5645664818779,45.3525117411752]],[[10.5651971520877,45.3534268424391],[10.5655385671544,45.3538297169987],[10.5653073240285,45.3539007154025],[10.565048471869,45.3535046988386]],[[10.5655385671544,45.3538297169987],[10.5662612401689,45.3545855987136]]]}},{"type":"Feature","properties":{"CODICE_CAN":"3019","NOME_COMPL":"Dispensatore M - principale","COMUNI":"Cavriana, Guidizzolo"},"geometry":{"type":"MultiLineString","coordinates":[[[10.5518078027028,45.3193984013907],[10.5535926525163,45.3187711029555],[10.5529702520716,45.3173995582182],[10.5531127601952,45.3173843647559]],[[10.552215372336,45.3206740509973],[10.5536112282608,45.3202011216615]],[[10.5525309290439,45.3217611442005],[10.5529186390366,45.3216903338079]],[[10.5542751939834,45.3184507445622],[10.5541265566576,45.3173838348398]],[[10.5542751939834,45.3184507445622],[10.5556744778501,45.3187566000359],[10.5559163727411,45.3187888928986],[10.5562306124718,45.3178810558165]],[[10.5542751939834,45.3184507445622],[10.5542300408538,45.3189186236705],[10.5544679788809,45.3204456941519],[10.555078671196,45.3218506330502],[10.5555362927516,45.3242804755431],[10.5536140699588,45.3246804923273],[10.552745437297,45.3230473247033],[10.5523491461089,45.3218167874744],[10.5525309290439,45.3217611442005],[10.552215372336,45.3206740509973],[10.5520202383872,45.3207122919187],[10.5516542088907,45.3194182828754],[10.5518078027028,45.3193984013907],[10.5509732162179,45.3181673994224],[10.5510972174107,45.3181090721796]],[[10.5556744778501,45.3187566000359],[10.5557894624459,45.3184525304228]],[[10.5618588179288,45.3340965315323],[10.560237192971,45.3345497912224],[10.5595424930669,45.3334849500859],[10.5589554927446,45.3337499935685],[10.5575579630201,45.3322624840892],[10.5571305909851,45.3306491211146],[10.5567252071701,45.3277893812593],[10.5555362927516,45.3242804755431]],[[10.5561969561082,45.3260382397254],[10.5570331811953,45.3258992933239],[10.5568591711596,45.3252768890538],[10.5571005936576,45.3251984301756]],[[10.5618588179288,45.3340965315323],[10.5613895063394,45.3321488662348]],[[10.5618588179288,45.3340965315323],[10.5618722098932,45.3340927882942],[10.5622301402576,45.3349882665555],[10.5623383911176,45.3353606018959],[10.5622893533766,45.3358199689979],[10.5631726454376,45.3393944093921],[10.5632448817504,45.3394725060171],[10.5655755637069,45.3384915496512]],[[10.5694082570548,45.3466223065981],[10.5692676989704,45.3465075873205],[10.5673550577996,45.3471012935231],[10.5670438348899,45.3465934868518],[10.5674412475951,45.3464654500807],[10.5666535002086,45.3452553737825],[10.5672956288075,45.3450498426613],[10.5668116015689,45.3444771842161],[10.5651959233788,45.3450608480308],[10.5636780040302,45.3426794234462]],[[10.5643598576511,45.3413770370341],[10.5645681947192,45.3413069600718],[10.56415506887,45.3407231555972]],[[10.565941813059,45.3419901750949],[10.564993164581,45.3422817964562],[10.5643598576511,45.3413770370341],[10.5631005702142,45.3395258870911],[10.5632448817504,45.3394725060171]],[[10.565941813059,45.3419901750949],[10.5657826598412,45.3420376715204],[10.5657826598412,45.3420376715204],[10.5660092150624,45.3423232267255],[10.5662013241442,45.3425795968768],[10.5665185005995,45.343631651273],[10.5665205153018,45.343647261799],[10.5665345011138,45.3437556207413],[10.5663115903561,45.3438828666052],[10.5668116015689,45.3444771842161],[10.5667034387866,45.3442108604218],[10.5686656617729,45.3435690754108]],[[10.565941813059,45.3419901750949],[10.5664380810648,45.3418038603657],[10.5651536644647,45.3398655124121],[10.5663351330594,45.3395023248928],[10.5660981228604,45.3393899624549],[10.5660201980316,45.3391988876317]],[[10.5664380810648,45.3418038603657],[10.5695389179302,45.3407998218134],[10.56783134911,45.3383542355315]],[[10.5665205153018,45.343647261799],[10.5683697290041,45.3430252248359],[10.5683138732003,45.3428865513207]],[[10.5683697290041,45.3430252248359],[10.5684329099446,45.3429977162033]],[[10.5731058010694,45.3485793606735],[10.5720115716736,45.3475829738074],[10.5708517802058,45.3482276630831],[10.5702896237782,45.34746826659],[10.5694082570548,45.3466223065981],[10.5696167999454,45.3462724926444],[10.5696351483005,45.3455714604408]],[[10.5731058010694,45.3485793606735],[10.5718736250691,45.3492124121789]],[[10.5731058010694,45.3485793606735],[10.5735403934263,45.3490249967422],[10.572842820866,45.3494424532401]],[[10.5730771381199,45.348598386939],[10.573972004099,45.3481075892897]],[[10.5736110260649,45.3490487074113],[10.5739088244202,45.3488524545834],[10.5758647202727,45.3484136436343],[10.5752111963514,45.3479006969769],[10.5755805217601,45.3476702083195],[10.5749346021095,45.3470266641768]]]}},{"type":"Feature","properties":{"CODICE_CAN":"3018","NOME_COMPL":"Dispensatore L - ramo vic. Baita","COMUNI":"Solferino"},"geometry":{"type":"MultiLineString","coordinates":[[[10.5569052658928,45.3452578658471],[10.5550265767687,45.3458441494179],[10.5545543562641,45.345073006136]],[[10.5569052658928,45.3452578658471],[10.5567762081668,45.3450663127613]],[[10.5569052658928,45.3452578658471],[10.5596012798955,45.3493369436143],[10.5575406183709,45.3499797641027],[10.5571498193436,45.3491460233671],[10.5561990706005,45.3478361039933]],[[10.5614634112633,45.3553369072867],[10.5593969954256,45.3558980358467],[10.5586584045986,45.3531454998804],[10.5583501012722,45.3523646888543],[10.5579512355541,45.3513533261113],[10.5575374971926,45.349986818405]],[[10.5579136117402,45.3512131989551],[10.5580598732764,45.3511654199657],[10.5578491668211,45.3505855961612]],[[10.5583501012722,45.3523646888543],[10.558433521937,45.352304907463],[10.5582410804004,45.3517456458744]],[[10.5624692169296,45.3570527032914],[10.5611715186257,45.3548319883736],[10.5605950293532,45.3539209196897],[10.5601901242688,45.3531724436914],[10.5600033393447,45.352456332398]]]}},{"type":"Feature","properties":{"CODICE_CAN":"8101","NOME_COMPL":"Dugale TESTI MATTINA","COMUNI":"Asola"},"geometry":{"type":"MultiLineString","coordinates":[[[10.3736119243036,45.2397588918868],[10.3740365515965,45.2398002426632],[10.3741878319993,45.2390839292661],[10.3763329994536,45.2392724376083],[10.3765050113247,45.2380200006774],[10.3789142719604,45.2379790196555]],[[10.3755155165639,45.2392393861878],[10.3753856993578,45.2401459744414],[10.3781523692519,45.2402436030917],[10.3783898928854,45.2408542101379],[10.378563132496,45.2408337228594],[10.3787103087282,45.2413434092986],[10.3786760166547,45.2419086618364],[10.3795610786974,45.2420366400159],[10.3812843450581,45.24324235092],[10.3797543159426,45.2434037497306],[10.3797661343914,45.2438918434269],[10.3794567691808,45.2450387699504],[10.3796312104291,45.2459774107527],[10.3796341838159,45.2471443796716],[10.3804798688725,45.2479558237688],[10.3832251571776,45.2478511492554]],[[10.3804633045056,45.2479679321707],[10.3804651160007,45.2479723273338]]]}},{"type":"Feature","properties":{"CODICE_CAN":"8102","NOME_COMPL":"Dugale TESTI SERA","COMUNI":"Asola"},"geometry":{"type":"MultiLineString","coordinates":[[[10.3739258797462,45.239795003707],[10.3746773642107,45.2370179131371],[10.3749587358828,45.2354069143393],[10.3793007988976,45.2358427780066],[10.37960191723,45.2350531970041],[10.3798354106316,45.2339071850042],[10.3804813944146,45.2327442763929],[10.3825868674632,45.2326949826393],[10.3842712070398,45.2319600784909],[10.3844033908134,45.2318513014504],[10.3843346717945,45.2307565767676],[10.386454887623,45.2306236746874],[10.3892882091236,45.2307083142498],[10.3888593392851,45.2262884720837],[10.3900338653448,45.2262041449499],[10.3923569580115,45.2255723523347]],[[10.3749587358828,45.2354069143393],[10.3753918261838,45.2334487480201],[10.3757112729518,45.2327184971384],[10.3762144269538,45.232617167052],[10.3772276327283,45.232700215271]],[[10.3751151577992,45.2343741256816],[10.3751141416412,45.2343739875921]]]}},{"type":"Feature","properties":{"CODICE_CAN":"8216","NOME_COMPL":"Fosso CASINO PERNESTANO","COMUNI":"Castiglione d/Stiviere"},"geometry":{"type":"MultiLineString","coordinates":[[[10.4908783182324,45.3782686547832],[10.4908785088003,45.3782678915218],[10.4908880630987,45.3782296246772],[10.4901599173215,45.3773352444573],[10.4901125285867,45.3765942264193],[10.4866321110516,45.3765905472498],[10.4842980932385,45.3706225656461],[10.4832517452101,45.3674186977923]],[[10.4909713293267,45.3783958646208],[10.490926185633,45.3783296030698],[10.4908785088003,45.3782678915218],[10.4904006477567,45.3776493529458],[10.4900001062048,45.3776899316542],[10.4898070847328,45.3765946294461],[10.4861827047738,45.3765901434798]]]}},{"type":"Feature","properties":{"CODICE_CAN":"8231","NOME_COMPL":"Scolo GAMBOLO","COMUNI":"Casalromano, Canneto s/Oglio, Isola Dovarese"},"geometry":{"type":"MultiLineString","coordinates":[[[10.3159353396126,45.1868159541453],[10.3125799732086,45.1875458853612],[10.3116104855656,45.1875139983076],[10.3110034041133,45.187343133253]],[[10.3161122614602,45.1867935097924],[10.3196957232308,45.1860362146134]],[[10.327269820357,45.1912998262749],[10.3284915432059,45.1898256448934],[10.3291782836657,45.1895389964147],[10.3296644630387,45.1889385149227],[10.3300841193069,45.1888163527011],[10.3345958320691,45.1903412996932],[10.3331986424266,45.1926861709223],[10.333171172707,45.1933552521007]],[[10.3278904623062,45.1840297070496],[10.327833085131,45.184181106469],[10.329856342188,45.1859098117657],[10.3308786159716,45.1866183235236],[10.3304905024251,45.1872591977142],[10.3304414233905,45.1879389620613],[10.3301011088445,45.1880487902764],[10.3287541966846,45.1889479980318],[10.3272791918152,45.1888825443857],[10.3262680081876,45.1884146961448],[10.3260408662165,45.1887495779645],[10.3268607937544,45.1891669570164],[10.3284263855122,45.1893595236509],[10.3284915432059,45.1898256448934]],[[10.3297072497854,45.1790459228329],[10.3297829485403,45.179346321629],[10.3303308640879,45.1799745930129],[10.330022289499,45.1804519183019],[10.3299203014743,45.1809752855365],[10.3293488169402,45.1809496427577],[10.3291619548817,45.1810971675623],[10.3288824711895,45.1820075054647],[10.3290742842403,45.1827266325852],[10.3290172872284,45.1828941780751],[10.3278904623062,45.1840297070496],[10.3203036218222,45.1858154788728],[10.319873465105,45.1859229421283],[10.3198538183108,45.1860308465258]],[[10.3295616320904,45.1884549706194],[10.329928032403,45.1887579921655],[10.3301987480452,45.1887768868471],[10.3309218276597,45.1882620581175],[10.3311561753269,45.1878978840135],[10.33147712637,45.1869760604381],[10.3309932138647,45.1864298643822],[10.3308157253228,45.1864803994784]],[[10.3314913631209,45.1870666368067],[10.3331458648452,45.1855148536949],[10.3337964981185,45.1856135173529],[10.3343818680859,45.185579759526],[10.3347470079178,45.1854059170305],[10.3349774574218,45.1854947379738],[10.3354354531567,45.1848972193756],[10.3353616651267,45.1840206070169],[10.3348202997475,45.1825169269782],[10.3348104848638,45.1814457674535],[10.3350588032638,45.1805088627653],[10.3349187715744,45.1789143550133],[10.3343457402505,45.1778443969119]],[[10.3331394924401,45.1855135267249],[10.3332067290608,45.1854589086047]]]}},{"type":"Feature","properties":{"CODICE_CAN":"8238","NOME_COMPL":"Vaso PICENARDA","COMUNI":"Gambara, Fiesse, Volongo, Casalromano, Isola Dovarese"},"geometry":{"type":"MultiLineString","coordinates":[[[10.31486047322,45.2609390390785],[10.311928368812,45.2605821378225],[10.3110583000309,45.2527987696935],[10.3110911639811,45.2523012201413],[10.3108467055096,45.2519348687028],[10.3100648103097,45.252024222605],[10.3096685594401,45.2518382347032],[10.3097104744579,45.2512780629884],[10.3098701816257,45.2512583686962],[10.3099123573869,45.2510762830333],[10.3095519393631,45.2482313505523],[10.3110373189816,45.2479463695936],[10.3107020783197,45.2471136579445],[10.3140879172165,45.2466371145776],[10.3139580313249,45.2459389947989],[10.3140363217626,45.2447651232824],[10.3143216572887,45.2441634458093],[10.3156818089534,45.2422930596734],[10.3165503904724,45.2414018319764],[10.3177038100176,45.2415314283451],[10.3179829993106,45.2393906591159],[10.3191793458168,45.2393738679507],[10.3195423088987,45.2372142638092],[10.3199945178163,45.236908351705],[10.3194829303366,45.2321003123662],[10.3189320405323,45.2319637761736],[10.3189015963868,45.2308298565724],[10.3185795344667,45.2300208301925],[10.3182725806232,45.2295004061978],[10.3167411177228,45.2277675458703],[10.316880705054,45.2266971602418],[10.31653910089,45.2257692692136],[10.3168184194661,45.2254594080439],[10.3184572676144,45.2252797348726],[10.3185004995617,45.2251452665336],[10.3182273745428,45.2249936109417],[10.3181170074456,45.2245929773813],[10.3185383776824,45.2245970440528],[10.319495474061,45.2242674398665],[10.3192394863359,45.2228533008975],[10.3192823251196,45.2223377686875],[10.3187892756907,45.2199617879457],[10.316273727357,45.2155489837075],[10.3162526476311,45.2151830436619],[10.315777063377,45.21513374594],[10.3155345053344,45.2142010172327],[10.3151697521287,45.2139308493325],[10.3154664357626,45.2118334596595],[10.3157615680956,45.2113060898966],[10.3155860334425,45.2101229883328],[10.3159062757834,45.2086979114751],[10.3155437593986,45.2078218190835],[10.3149394422073,45.2048735887185],[10.3148045574229,45.2035814118551],[10.3145646830973,45.2028791953343],[10.3146380325909,45.2018513690557],[10.3143352145054,45.2012241850105],[10.3143558481171,45.2011839352305],[10.3144276785601,45.2011407761727],[10.3144754705563,45.2011120604666],[10.3153404208272,45.2006371959592],[10.3155728231171,45.2004306465987],[10.3159149742933,45.1999579888057],[10.3159344513853,45.199633855279],[10.3156958580419,45.1988144531171],[10.3147151146656,45.1987569886029],[10.3133786624437,45.1982645605301]],[[10.315302226327,45.1973085708968],[10.3123959258204,45.1950531974299],[10.3142158853992,45.1945653837351]],[[10.3142158853992,45.1945653837351],[10.3137547017084,45.1933525297997],[10.3146487449935,45.1931219344549]],[[10.3144276785601,45.2011407761727],[10.3137075537544,45.20055176429],[10.3136306393214,45.2002690500779],[10.3122732458948,45.2002787028356]],[[10.3156958580419,45.1988144531171],[10.3156521796922,45.1986120307201],[10.31584922497,45.1985087768718],[10.3157695592795,45.1980924236341],[10.3157535855495,45.1979840028494],[10.315744580916,45.1979440942932]],[[10.3157463334261,45.1979518614268],[10.3149418020152,45.1971299918073],[10.3121833257353,45.1950663156722],[10.3117192992516,45.1935187872443],[10.3135091299854,45.1929570941841],[10.3134386695921,45.1928226248161],[10.3140616198087,45.1920533179803],[10.3150687451776,45.1923461036888],[10.3153667409666,45.1916838967284],[10.316932032834,45.1919930993664],[10.3170244328082,45.1917934009726],[10.317151882322,45.1906601529276],[10.3165708772624,45.1887762688555],[10.3168356260875,45.1886017345337],[10.3155937900216,45.1858816308464],[10.3150022015407,45.1859322680689],[10.3141374780988,45.1835536254951],[10.3173963845185,45.1822644961486],[10.3217470271523,45.181299651374],[10.3226393052466,45.181002326017],[10.3241664579142,45.1800260719207],[10.3257605657451,45.1795807670105],[10.3270366747721,45.1793983042936],[10.3272380216629,45.1807215162912]],[[10.3157464506895,45.1979523811386],[10.315908383836,45.1979193843042],[10.3159770275379,45.1978576221174],[10.3160060641269,45.1977143863773],[10.3159965037629,45.1977138714646],[10.3158603587607,45.197706538727],[10.3157764000575,45.1976884526904],[10.315302226327,45.1973085708968]],[[10.3159965037629,45.1977138714646],[10.3176389511632,45.197089247191],[10.3183685995441,45.196258429525],[10.3184679636092,45.1956163706176],[10.31840312818,45.1955656747758],[10.3183501192705,45.1955019812545],[10.3180213414501,45.1950514660913],[10.3177227310992,45.1939698196451],[10.3169978473641,45.1941025474736]],[[10.317195319446,45.2171568604205],[10.317249619944,45.2170754450563],[10.3170753005142,45.2168984354567]],[[10.316828197223,45.1886109199934],[10.3170641635986,45.1884751588118],[10.3173170738638,45.188921464169],[10.3195074831936,45.1886668836194],[10.3195173923091,45.188485877198],[10.3202514861275,45.1884706258646],[10.3203917348878,45.1883412873328],[10.3202723204234,45.1882440684666],[10.3202078998264,45.187577419373],[10.3208537805153,45.1876344642499]],[[10.3184659573704,45.1956145555777],[10.3191133314194,45.1954142042639],[10.3195502260214,45.1949042390488],[10.3199575615388,45.1949268230119]],[[10.3197458873389,45.194436086087],[10.3199541389279,45.194924480888],[10.3206179296621,45.1948929520085],[10.3209440577441,45.1950120749101],[10.3212620247534,45.1954339880363],[10.3256590685921,45.1943113180836],[10.3259295147434,45.1941476181298],[10.3257962296359,45.1937604744081],[10.3259089770798,45.1936984323068],[10.3275924457869,45.1937831905451],[10.3268826390061,45.1917330802764],[10.326747000058,45.1915809054613],[10.3259330616858,45.1914770829671],[10.3250650342279,45.1897545307763],[10.3235219868396,45.1892534090007],[10.3232688636617,45.1890954037001],[10.321298879129,45.1886469863854]],[[10.3197493099117,45.1944384282178],[10.3191469298592,45.1930197447496],[10.3205102343923,45.192568031393]],[[10.3205068119028,45.1925656892833],[10.3230182722917,45.1911491555361]],[[10.3212654474481,45.1954363301199],[10.3214712360723,45.1958399523151]],[[10.3249668150633,45.1897219554205],[10.3251669022712,45.1895163937392]],[[10.3252315589124,45.1900736332452],[10.325585613889,45.1898373589195]],[[10.325585613889,45.1898373589195],[10.3253696255419,45.1895587945916],[10.3261561302737,45.188427352231],[10.3260213052798,45.1883755851468],[10.3258900831766,45.1886380255588],[10.3251741428707,45.1882540076736],[10.323051099582,45.1867175162824]],[[10.3261561302737,45.188427352231],[10.3280422410192,45.1867560788611],[10.3280033064968,45.1865099966851]]]}},{"type":"Feature","properties":{"CODICE_CAN":"8041","NOME_COMPL":"Fosso SENGA","COMUNI":"Goito"},"geometry":{"type":"LineString","coordinates":[[10.6011565818386,45.1384711202972],[10.6003424283063,45.137726255383],[10.6004582547502,45.1374363940977],[10.6021636049045,45.13637231502],[10.6030029485016,45.1359971023612],[10.6040239568854,45.1351556464626],[10.6045550211309,45.1345215818323]]}},{"type":"Feature","properties":{"CODICE_CAN":"3021","NOME_COMPL":"Dispensatore N","COMUNI":"Cavriana, Guidizzolo"},"geometry":{"type":"MultiLineString","coordinates":[[[10.5612075768597,45.3193562799901],[10.5630456982944,45.3191413284657],[10.5630112457217,45.3188056855581],[10.5647589559661,45.3185778600016]],[[10.5615955908161,45.3278527652501],[10.5627048854322,45.3272325068122]],[[10.5619513521761,45.3239186772052],[10.5651671180688,45.323311722965],[10.5644469849378,45.3214848255128],[10.5651591172181,45.3214496597247]],[[10.5622846496552,45.3284766814147],[10.5615955908161,45.3278527652501],[10.5605657604772,45.3280262198614],[10.5597770740471,45.3271736796373],[10.5588874176702,45.3236367470665],[10.5588194289613,45.3211609552062],[10.5591154484356,45.3200175505321],[10.5581576519571,45.3200313030501],[10.5582546014535,45.3190802719989]],[[10.564561932951,45.331665530142],[10.5645813555356,45.3315565213227],[10.5637287839736,45.330608589672]],[[10.5642531466864,45.3273734337669],[10.5660908313295,45.3263201314865],[10.5659288190222,45.3260779914694],[10.5670555773429,45.3255279022128],[10.5669482840961,45.3252960718125],[10.5687665658861,45.3246297801915],[10.5681146898446,45.3232000893067]],[[10.5675071682068,45.3319640085941],[10.56739342975,45.3312727915847],[10.56736038987,45.3309786922975]],[[10.569747781306,45.3334963676293],[10.5682492107684,45.3331521131771]],[[10.569747781306,45.3334963676293],[10.5693142059114,45.3345442794858],[10.5705843609745,45.3348589760764],[10.5703320449987,45.3360460472025],[10.5704133199532,45.3368271329975],[10.5705538263001,45.3373031394263],[10.5707388875146,45.3373045482546],[10.5707802468311,45.337786401049],[10.5706710153738,45.3384996732397],[10.5702150643008,45.3398543517413],[10.5713699621677,45.3417459741846],[10.5728251007696,45.3432512875319],[10.5726285460938,45.3433645772165],[10.5722520767842,45.3429410678468]],[[10.569747781306,45.3334963676293],[10.5701347986135,45.3324886369305],[10.5723653206641,45.3320872529636],[10.5724397804944,45.3318388217518],[10.5714330129852,45.3320140325549],[10.5682948755925,45.3321396437028],[10.5675260735705,45.3319380462562],[10.5658120504474,45.3317650462481],[10.564561932951,45.331665530142],[10.5625776087269,45.3314712611476],[10.5621804026366,45.3303068130206],[10.562795899324,45.3299300586945],[10.5623925600819,45.3285087596652],[10.5622871171983,45.3284754107974],[10.5642531466864,45.3273734337669],[10.5637386752418,45.3269099205208],[10.5628063968587,45.3247492166076],[10.5622264815088,45.3248494220938],[10.5613414100516,45.3220681277337],[10.5616849572417,45.3220214884676],[10.5613217540136,45.3209621367163],[10.5616671018962,45.3209396070396],[10.5612075768597,45.3193562799901],[10.5610457259266,45.3187693037864]],[[10.571837158369,45.3319224159445],[10.5724985737225,45.3309680890333],[10.5732178132906,45.3292210613923]],[[10.5746013075989,45.3431975942335],[10.5738811763176,45.3423929802219],[10.5734694374463,45.3419642512681],[10.5730877892516,45.341451274232],[10.5727441354934,45.3411313774645],[10.5723995429931,45.3406339301795],[10.5727088215508,45.3404635914775],[10.571853392645,45.3393365386527],[10.5718148411535,45.3391591269265],[10.5724496277067,45.3390001249519],[10.5723019581888,45.3387293133138],[10.5730704307753,45.3385388099873],[10.5725555438089,45.337307224828],[10.5727728097101,45.3372567812562],[10.5723560017084,45.336175095143]],[[10.5728251007696,45.3432512875319],[10.5732082504097,45.3438178443598],[10.5733500689711,45.3439780155995],[10.5767986003387,45.347309373536],[10.5787336736905,45.3487358309045],[10.5788840386871,45.3487989973926],[10.5790540781331,45.3486622010204],[10.5795580453372,45.3489379611993]],[[10.5746315332351,45.3431754289405],[10.5738234206295,45.3435562940462],[10.573234295304,45.3438471425785]],[[10.5746315332351,45.3431754289405],[10.5759619702574,45.342522414294],[10.5759943995259,45.3423776357515],[10.5743509113531,45.340233364275],[10.5737743233221,45.3390530526138]],[[10.5759943995259,45.3423776357515],[10.577510795134,45.3417007126992]],[[10.5790540781331,45.3486622010204],[10.5800592364322,45.3477032265894],[10.5805594311851,45.346937084391]]]}},{"type":"Feature","properties":{"CODICE_CAN":"3022","NOME_COMPL":"Dispensatore O - principale","COMUNI":"Cavriana"},"geometry":{"type":"MultiLineString","coordinates":[[[10.5745632238776,45.3352510144531],[10.5746713121471,45.335105192831],[10.5774594683589,45.3338547239955],[10.5764757721888,45.3324487226067],[10.5767835636723,45.3323278216484],[10.5766402985371,45.331811789145],[10.576208178347,45.3318968402932],[10.5759771803202,45.3313503836581]],[[10.5754071551206,45.330322449664],[10.5757914999132,45.3302535246322],[10.5752460482374,45.3288968525533]],[[10.5755876631272,45.3296626141298],[10.5783848474499,45.3290973857189],[10.5775708405035,45.3276034574782],[10.5768894898421,45.3271577843545],[10.5793989451549,45.3265188214148],[10.5788350303765,45.325276749287]],[[10.5756468873808,45.330947517238],[10.5804678478032,45.3299190579321],[10.5802526262095,45.3293345580672]],[[10.5799736377712,45.3416039578806],[10.5799553924871,45.3389450158064],[10.582615604049,45.3386261692475],[10.5824684476203,45.338508297059],[10.5823724410838,45.3384313942949],[10.5795993824656,45.337522392113],[10.5779177901171,45.3371343965394],[10.5767513982052,45.3367234462758]],[[10.5803450587067,45.3343980810869],[10.5812170618025,45.3341672755546]],[[10.5819935330329,45.3364378753519],[10.5819934832567,45.3364378241177],[10.5814815841157,45.3359521947515],[10.5808024255149,45.3352142004912],[10.5806507856408,45.3351095739146],[10.5797508456203,45.3333425381645],[10.5810397327521,45.3330655656715],[10.5797254784274,45.3306659055031],[10.5806858863218,45.3304272209419]],[[10.5824684476203,45.338508297059],[10.5826312127924,45.3378295507378],[10.5825574515475,45.337121814049],[10.5823210627753,45.3367821444655],[10.5819934832567,45.3364378241177],[10.5819203198811,45.3363609210417],[10.5836032138945,45.3362613661941],[10.5835626793558,45.3353893161184]],[[10.5851081009583,45.343674443508],[10.5845385954625,45.3439913652455],[10.5839468235533,45.3432808862487],[10.5831275797748,45.3435117092804],[10.5829987013063,45.3433138051922],[10.5818862017431,45.343635678283],[10.5807300897879,45.3414847463266],[10.5799736377712,45.3416039578806],[10.5794200066239,45.3416570909055],[10.5774246219053,45.3416846725638],[10.5771764420502,45.3406224237557],[10.5761991542979,45.3384412949578],[10.5759945388695,45.3382404739247],[10.5757053429282,45.3374160440084],[10.5742500545378,45.3376061500736],[10.5742457885655,45.3360745290401],[10.5745632238776,45.3352510144531],[10.5709160556318,45.3343344258391],[10.571457775723,45.3325356837021],[10.5724454243604,45.3321345554298],[10.5725970497801,45.3319191246186],[10.5724811601619,45.3315890532279],[10.5756468873808,45.330947517238],[10.5754071551206,45.330322449664],[10.5737640861899,45.3306480889161],[10.5732934237428,45.3290715348893],[10.5734518753894,45.3287358913631],[10.5737447027751,45.3286637297416],[10.5744660507236,45.3262621938574]],[[10.5866135710372,45.3455002128413],[10.5866757619323,45.3455054067946]],[[10.5866454436098,45.3455474229817],[10.5851081043154,45.3436744417511]]]}},{"type":"Feature","properties":{"CODICE_CAN":"3024","NOME_COMPL":"Dispensatore P - principale","COMUNI":"Cavriana, Guidizzolo"},"geometry":{"type":"MultiLineString","coordinates":[[[10.5835743862546,45.3287728091275],[10.5826202819773,45.328907529071],[10.5820926233732,45.3274195349501],[10.5816859141851,45.3274800473743],[10.5805270612904,45.3238736021297],[10.5809843779954,45.3238077304083],[10.5809952939854,45.3237146953914],[10.5808906028069,45.3233618122035],[10.5805660183923,45.3228741123349],[10.579931014229,45.3213722065652]],[[10.5805660183923,45.3228741123349],[10.5853167976817,45.3220305623466],[10.5850159787323,45.3213090259996],[10.585846325961,45.3211931700061],[10.5856912632245,45.3206267070564],[10.5848122067797,45.3207581211117],[10.5847644527444,45.3206369179838]],[[10.5835743862546,45.3287728091275],[10.5831470686869,45.3265269280257],[10.5832094924743,45.3256063438054]],[[10.5835573632141,45.3292398119632],[10.5855994003368,45.3288242308904],[10.5850728173462,45.3272409892828]],[[10.5835743862546,45.3287728091275],[10.5835201175997,45.3294437819778],[10.5835731500987,45.3299506287275],[10.5839728174736,45.3317284791956],[10.5840034252909,45.3328255304041],[10.5841403564465,45.3335507064428],[10.5844671194046,45.3341086238202],[10.5848460920622,45.3344463165661],[10.585715342145,45.3349280962762],[10.5858913297935,45.3353097613625],[10.5861127305188,45.3387088070694],[10.5870852763756,45.3397515871781],[10.5872519501002,45.3401470974961],[10.5871261932217,45.3405192396726],[10.5867598930936,45.3403677039026]],[[10.5840245530659,45.3325371490826],[10.5869544881599,45.3322906598344],[10.5865074102114,45.3302116739118],[10.586637176311,45.3301654290074]],[[10.5855994003368,45.3288242308904],[10.5874656543754,45.3283949219499],[10.58680654763,45.326997397219],[10.5864192867691,45.3270576562556],[10.5861101213878,45.3259382475894],[10.5860680326674,45.3256221010495],[10.5862803315794,45.3255642756405],[10.5861285532905,45.3250039295209],[10.5867273319136,45.3248584196418]],[[10.5866700697118,45.3455253139737],[10.5851383183718,45.3436586007977],[10.5868483768561,45.3428744567651]],[[10.5861101213878,45.3259382475894],[10.5891694815296,45.3252634237968],[10.5886267254032,45.3242832526465]],[[10.5865842308994,45.3342225487026],[10.5865475335821,45.3340538586026]],[[10.5884796206881,45.3339705245209],[10.5870750941365,45.3340465274703],[10.5871111629398,45.3341926661402],[10.5865842308994,45.3342225487026],[10.5848460920622,45.3344463165661]],[[10.5868624069972,45.3408247090731],[10.5866002580774,45.3418846579477],[10.5866716268839,45.3423500857717],[10.5868514370105,45.3428732431547],[10.587209162919,45.3427076969369]],[[10.5871261932217,45.3405192396726],[10.5868624069972,45.3408247090731],[10.5851752870996,45.3409001316414],[10.5847200543541,45.3406357305596]],[[10.5878777429735,45.3292783397035],[10.5881457409079,45.3298853901206],[10.5866786920469,45.3301574225531]],[[10.5870852763756,45.3397515871781],[10.5881100562808,45.3395315552374],[10.5882373312193,45.3388638456732]],[[10.58680654763,45.326997397219],[10.590612350392,45.3260938637845],[10.5902124264641,45.3257016023906],[10.5896365113527,45.3238850728678],[10.589191335184,45.3229172630302],[10.5888878671012,45.3224962170419],[10.5885758820957,45.3225162697825],[10.5878936110617,45.3211823881661]],[[10.5878777429735,45.3292783397035],[10.5877451204758,45.3289186427583]],[[10.5878777429735,45.3292783397035],[10.5898299685458,45.3289626157733],[10.591236828946,45.3289640864755]],[[10.5884796206881,45.3339705245209],[10.5891267500756,45.3342097538681],[10.5900402015841,45.3342759980884]],[[10.5884796206881,45.3339705245209],[10.5886042034572,45.3335572368261],[10.589632272622,45.333150584163]],[[10.5892395520391,45.3230209296381],[10.5906651211498,45.3227287346616],[10.590578691966,45.3224250418144],[10.592176528627,45.3222019647402]],[[10.5897848469676,45.3243376151082],[10.5910950606292,45.3242351424155],[10.5909630614737,45.323688244298]]]}},{"type":"Feature","properties":{"CODICE_CAN":"8239","NOME_COMPL":"Fosso BARCHE","COMUNI":"Solferino"},"geometry":{"type":"LineString","coordinates":[[10.5402533847927,45.3858717150395],[10.5404807481051,45.385559205022],[10.5423981492366,45.3846435499844],[10.544400426207,45.3834257946391]]}},{"type":"Feature","properties":{"CODICE_CAN":"8240","NOME_COMPL":"Fossa MORTARA","COMUNI":"Solferino"},"geometry":{"type":"LineString","coordinates":[[10.5523044443278,45.3790303763759],[10.5501214541603,45.3799997925368],[10.544400426207,45.3834257946391]]}},{"type":"Feature","properties":{"CODICE_CAN":"8241","NOME_COMPL":"Fosso PIOPPETTE","COMUNI":"Solferino"},"geometry":{"type":"LineString","coordinates":[[10.5537415572921,45.3716035167911],[10.552788660637,45.3707777209653],[10.552637815943,45.3705036490764],[10.552584034742,45.3696822245428],[10.5521457503532,45.3685465490585],[10.5522722533843,45.367922309069],[10.5520759698749,45.3672700832129],[10.5500098253027,45.3653753868819],[10.5490858011736,45.3650011333053],[10.5492493874425,45.3645561576235],[10.548747010226,45.3638104952069],[10.5478240046853,45.3611484298207],[10.5457629777658,45.3595442937782],[10.5447897783176,45.3581099496151],[10.5448030464695,45.3579019205145]]}},{"type":"Feature","properties":{"CODICE_CAN":"8242","NOME_COMPL":"Fosso VALLE SORDA","COMUNI":"Solferino"},"geometry":{"type":"LineString","coordinates":[[10.5633684544402,45.3668344129662],[10.5629917352433,45.3651716023976],[10.5619220118404,45.3631174208509],[10.560793933971,45.363443316209],[10.5600637072435,45.3624981710007],[10.5599482362591,45.3621874447181],[10.5601121529866,45.3620701794474],[10.5598934000676,45.3619554335441],[10.5595677426791,45.3611247159328],[10.5582008131662,45.3593704960553],[10.5577837009382,45.3592199507951],[10.5577785396776,45.3588507996059],[10.559172277903,45.3584563101253],[10.5591900327432,45.3581677822537],[10.5588115419194,45.3575272521668],[10.5590695292162,45.3574418277859],[10.5574657627021,45.355052526619],[10.5575603373866,45.3549804032186]]}},{"type":"Feature","properties":{"NOME_COMPL":"Scarico DISPENSATORI B-C-D","COMUNI":"Medole"},"geometry":{"type":"MultiLineString","coordinates":[[[10.5024726989188,45.3505370034787],[10.5033929961747,45.3494956774565],[10.5040387709875,45.34825931261],[10.5051303593471,45.3448778370357],[10.5059014613374,45.3429369634039],[10.506844177583,45.3420353857912],[10.5087321380075,45.3406617638562],[10.5049449506055,45.3378387404866],[10.507191975037,45.3308147077771],[10.5070631144051,45.3304041303414]],[[10.5066393719347,45.3478937196681],[10.5046523665097,45.3465523347408]],[[10.5091016423094,45.3442543036824],[10.510025235347,45.3435942911573],[10.5107115515335,45.3426484392966],[10.510895042043,45.3421707156731],[10.5087348752735,45.3406597722354]]]}},{"type":"Feature","properties":{"NOME_COMPL":"Scarico DISPENSATORE E","COMUNI":"Medole"},"geometry":{"type":"LineString","coordinates":[[10.5106758669665,45.3347524466832],[10.5105283247487,45.3347665246922],[10.5091987259356,45.3331423087528],[10.5085297551544,45.3326714890675],[10.507191975037,45.3308147077771]]}},{"type":"Feature","properties":{"NOME_COMPL":"Scarico DISPENSATORE G","COMUNI":"Medole"},"geometry":{"type":"LineString","coordinates":[[10.5309887969116,45.325032411889],[10.5340474352579,45.322889006321],[10.5326064939175,45.3213181778839],[10.532630046435,45.3211552025034],[10.5295992140783,45.3171860423366],[10.5308572240162,45.3164248942791],[10.5326000629962,45.315768130329],[10.5317588983612,45.3143672372473],[10.5309740052883,45.31258910592]]}},{"type":"Feature","properties":{"NOME_COMPL":"Scarico DISPENSATORI H-I-L","COMUNI":"Medole"},"geometry":{"type":"LineString","coordinates":[[10.5410180289961,45.31962049761],[10.5395042318939,45.3179207852143],[10.5407463267673,45.3173695237661],[10.5394822661122,45.3158180263384],[10.53846688215,45.3142371406027],[10.5379260908471,45.3126103605396],[10.5380018723063,45.3116614833737],[10.5393362658093,45.3112016634945],[10.5391518200998,45.3107203479086],[10.53910532137,45.3097780546],[10.5387920442822,45.3085431511468],[10.5387906722378,45.3079754427211],[10.5389546447381,45.3078300670291],[10.5386907848072,45.3070634888034]]}}]}