{"type":"FeatureCollection","features":[{"type":"Feature","properties":{"CODICE_CAN":"9001","NOME_COMPL":"Condotta CAMPOREGIO","COMUNI":"Asola"},"geometry":{"type":"MultiLineString","coordinates":[[[10.4142998964013,45.2069783648157],[10.4147139700931,45.2072066535601],[10.4147258016693,45.207334932732],[10.4144849828889,45.2073366862693]],[[10.4147258016693,45.207334932732],[10.4278782319393,45.2070144861382],[10.4359746454185,45.20661766691],[10.4430175781023,45.2069855063111]]]}},{"type":"Feature","properties":{"NOME_COMPL":"Condotta CASTIGLIONE SOLFERINO - BARCHE","COMUNI":"Castiglione d/Stiviere, Solferino"},"geometry":{"type":"MultiLineString","coordinates":[[[10.5266197084282,45.3842169810874],[10.5268885860905,45.3839635955915]],[[10.5267453749797,45.3850444672446],[10.5267981660996,45.3853594690395]],[[10.5282517653902,45.3852220683394],[10.528051724228,45.3840104851373]],[[10.5282421468288,45.384501198988],[10.5284978968372,45.3844902180794]],[[10.5284211358264,45.385270518672],[10.5286887568061,45.3863944158777],[10.5282541543213,45.3864712434142]],[[10.5284869321458,45.3844487330637],[10.5285870500983,45.3844506751993],[10.5281969403684,45.3838802454306],[10.5281756121557,45.3839034468698],[10.5282421468288,45.384501198988],[10.5282551881887,45.3846183618048],[10.5284090674464,45.3852130244558],[10.5282517653902,45.3852220683394],[10.5274978068004,45.3850135891409],[10.5267453749797,45.3850444672446],[10.5266197084282,45.3842169810874],[10.5246938975668,45.3847353528043]],[[10.5286887568061,45.3863944158777],[10.5286950850962,45.3864209914932],[10.5288386800716,45.3868056230821]],[[10.5288038102308,45.3867122217078],[10.5299941628339,45.3864262002359],[10.5302231569606,45.3869077049011]],[[10.5291946859305,45.3853391517801],[10.5288849636126,45.3853250539177],[10.5284836569465,45.3852641596523],[10.5284211358264,45.385270518672],[10.5286950850962,45.3864209914932],[10.5288038102308,45.3867122217078],[10.5288386800716,45.3868056230821],[10.5292675543884,45.3875976656631]],[[10.5291728729709,45.3853381589311],[10.5292364170424,45.3853746077017],[10.5291946859305,45.3853391517801],[10.5285870500983,45.3844506751993],[10.5286395333048,45.3844080671798],[10.529307939063,45.3842226434966],[10.529620475211,45.3850406851451]],[[10.529307939063,45.3842226434966],[10.5311574328501,45.3836150149783],[10.5311066541944,45.3834826373744],[10.5308926388678,45.382924702005],[10.5311574328501,45.3836150149783],[10.5312473706732,45.3838462531522],[10.5314399438043,45.3845965121126]],[[10.5310868601172,45.3865699730489],[10.5322789867065,45.3863148029355],[10.5325006563828,45.386524605582],[10.5329958752368,45.3874498297262],[10.533057540879,45.3875566847577]],[[10.5311066541944,45.3834826373744],[10.5315123855273,45.3834506666075],[10.5314878190611,45.3832559693837],[10.5323069297692,45.3833393977351],[10.5329565490329,45.3833306790539],[10.5328025809423,45.3829164279512],[10.532234473691,45.3828442578179],[10.5320699201667,45.3824023932001]],[[10.5314878190611,45.3832559693837],[10.5314560113772,45.3830038809445],[10.5315123855273,45.3834506666075],[10.5315498751742,45.3837450556164],[10.5319160258667,45.3838129999331],[10.5319633165603,45.3839233836076]],[[10.5323567072316,45.3856238774635],[10.5335256908805,45.3852698370749],[10.535780572868,45.3842989878786],[10.5351049174937,45.3840431479051]],[[10.5325006563828,45.386524605582],[10.5326108579758,45.3867304996065],[10.5318714201589,45.3869472131621],[10.5319530585981,45.3871407755027]],[[10.5325006563828,45.386524605582],[10.5326886013037,45.3864616288644],[10.5326886013037,45.3864616288644],[10.5326886013037,45.3864616288644],[10.5327452977839,45.3864426308798],[10.5327842829396,45.3864162597509],[10.532674148452,45.3864265338894],[10.5327452977839,45.3864426308798]],[[10.5325006563828,45.386524605582],[10.5326886013037,45.3864616288644]],[[10.5326108579758,45.3867304996065],[10.5329958752368,45.3874498297262]],[[10.532674148452,45.3864265338894],[10.5326886013037,45.3864616288644]],[[10.5327306185459,45.386401102868],[10.5302251375428,45.3856934215595],[10.5308721954669,45.3866194445533],[10.5310868601172,45.3865699730489],[10.5313573685285,45.3871192560244],[10.5308727611317,45.3872934903774]],[[10.5327897282568,45.3864177977154],[10.5339220697974,45.3861464345201],[10.5340595926549,45.3864637530428]],[[10.5329565490329,45.3833306790539],[10.5331458610639,45.3839595529535],[10.5328057681295,45.3841271762484],[10.5326016452043,45.3844074611526],[10.5328540464772,45.3851846692151],[10.5322217458334,45.3854707000801]],[[10.5328540464772,45.3851846692151],[10.5336101779448,45.3851086000685]],[[10.5339220697974,45.3861464345201],[10.5344714673801,45.3860458662928],[10.5346581255223,45.3863462160981]],[[10.5342026726593,45.385599060449],[10.5339421305827,45.3851770189172]],[[10.5342026726593,45.385599060449],[10.5341422259377,45.3856076510906]],[[10.5342026726593,45.385599060449],[10.5344714673801,45.3860458662928]],[[10.5342026726593,45.385599060449],[10.5355598130797,45.3853369925511],[10.5362876701097,45.3848682561871],[10.5361649353781,45.3846089832984],[10.535780572868,45.3842989878786],[10.5371652919254,45.3835394205397],[10.5366907560105,45.3833584197014],[10.5363966377894,45.3829150787998],[10.5361747496564,45.3823175243351],[10.5364481815501,45.3822144460689],[10.5363081651935,45.3818187311997],[10.5357653847252,45.3819585650607],[10.5355989139722,45.3816708880565],[10.5347100867768,45.3822709515335],[10.5328701551574,45.3829086288681]],[[10.5342300080205,45.3819046537795],[10.5341424439041,45.3819265384535]],[[10.5349628818421,45.3821002869454],[10.5351317401932,45.3822155841414]],[[10.5355989139722,45.3816708880565],[10.5349628818421,45.3821002869454],[10.5347100867768,45.3822709515335],[10.5342300080205,45.3819046537795],[10.5340057435338,45.3814355181797]],[[10.5352014338698,45.3878304050935],[10.5364039643468,45.387544926874],[10.536232571041,45.3873520838404],[10.5360376897644,45.3872122466807],[10.5358684123611,45.3870974341824],[10.5358106977617,45.3871138223134]],[[10.5361977515155,45.3888571137442],[10.5362395693171,45.3889467533092],[10.5352519096815,45.3897475696646],[10.5353894971578,45.3899191854331]],[[10.5355989139722,45.3816708880565],[10.5361046485184,45.3814652868667],[10.5356584049783,45.3808293324581]],[[10.5358684123611,45.3870974341824],[10.536955047281,45.3867260110829],[10.5342030460063,45.3870271791472],[10.5333267766365,45.3873685081228],[10.5327842829396,45.3864162597509],[10.5323567072316,45.3856238774635],[10.5301540260297,45.3855904207217],[10.5302251375428,45.3856934215595],[10.5292364170424,45.3853746077017],[10.5301540260297,45.3855904207217],[10.5294135256131,45.3854089470545]],[[10.5362297163615,45.3873530526748],[10.5360376897644,45.3872122466807]],[[10.5362403845338,45.3873608752201],[10.5362297163615,45.3873530526748],[10.5362297163615,45.3873530526748]],[[10.5362403845338,45.3873608752201],[10.536232571041,45.3873520838404],[10.5362297163615,45.3873530526748]],[[10.5364039643468,45.387544926874],[10.5362297163615,45.3873530526748]],[[10.5364039643468,45.387544926874],[10.5364801205933,45.3876980698283]],[[10.5363081651935,45.3818187311997],[10.5364657786721,45.3817793357722]],[[10.5365261165447,45.3831251858682],[10.5363966377894,45.3829150787998]],[[10.5366117996796,45.3832642241806],[10.5365261165447,45.3831251858682],[10.53535118991,45.3835918039713],[10.5350149636632,45.3835466242327]],[[10.5374096738681,45.3866595870264],[10.5371304119135,45.3862816437019],[10.5370988257105,45.386176363911],[10.537887446613,45.3852405956144],[10.5381905536123,45.3852827707218],[10.538767686261,45.3857468220999],[10.5389158166761,45.3858835985222],[10.5391189548843,45.3861121484084],[10.538665629848,45.3863402935325],[10.5386915815828,45.3864722809832],[10.536955047281,45.3867260110829],[10.5373334846655,45.3865878965071],[10.5370923178856,45.3862730502189],[10.53712479458,45.3862629206308]],[[10.5371652919254,45.3835394205397],[10.5377671706643,45.3832442283419],[10.5385733253052,45.3833963658784],[10.5380256188016,45.3823471245761],[10.539033634177,45.3817493983767],[10.5388173498708,45.3815609662895],[10.5385903370458,45.381370756541],[10.5383124795022,45.381137942573],[10.5381903398258,45.3810225214315],[10.5377940538488,45.3809157428379]],[[10.5374792139712,45.3883611026421],[10.5376662738095,45.3887228618108]],[[10.5380538708252,45.3823053275357],[10.5390478676152,45.3817413220167],[10.5392714179802,45.3816649239973],[10.5397497159843,45.3816567285642],[10.5401072561849,45.381858083738]],[[10.5385491409867,45.3832305275497],[10.5385698634075,45.3833726267871]],[[10.5385903370458,45.381370756541],[10.5386646753768,45.3813253961938]],[[10.538767686261,45.3857468220999],[10.5388937549385,45.3858632278415],[10.5383330583606,45.386062006975]],[[10.5388300439928,45.3871564024579],[10.5392581482775,45.3879071908051]],[[10.5388937549385,45.3858632278415],[10.5389158166761,45.3858835985222]],[[10.539033634177,45.3817493983767],[10.5390478676152,45.3817413220167]],[[10.5401189741125,45.3840749067792],[10.5401932710367,45.3842136854588]],[[10.5410878310142,45.3833329030154],[10.5405884133286,45.3838717167066],[10.5394340030519,45.3843357481114],[10.539217500265,45.3843169228693],[10.5386010593833,45.3833805401607],[10.5404248919202,45.3823397844891],[10.5404556879074,45.3823553571654],[10.5405185458529,45.382516785948],[10.5406328999202,45.3828320796205],[10.5406649684437,45.38303898843],[10.5410339289764,45.3832343623822],[10.5410878310142,45.3833329030154],[10.5409887080839,45.3833278375715]],[[10.5401733213583,45.3818257420396],[10.5404240145965,45.3820792805788],[10.5404248919202,45.3823397844891],[10.5404645059943,45.381999487061],[10.5421468116228,45.3820383284851],[10.5418925108591,45.3822591774853]],[[10.5404556879074,45.3823553571654],[10.5404871057115,45.382436042998],[10.5402148356546,45.3824958076292]],[[10.5404871057115,45.382436042998],[10.5405185458529,45.382516785948]],[[10.5406419767673,45.3829228146563],[10.5405155328868,45.3829774896875]],[[10.5406500832456,45.3829637756333],[10.5406649684437,45.38303898843]],[[10.5410878310142,45.3833329030154],[10.5414103262869,45.3833251672481],[10.5417281426938,45.3833415851385],[10.5420526224002,45.3833869037279],[10.5437333140296,45.3838114940978],[10.5420435620035,45.3847827626005]],[[10.5413956043339,45.3799304225242],[10.5418047066967,45.3795358430619],[10.5414860949153,45.3793677480209],[10.5417588737911,45.3790658663635],[10.5413458908839,45.378952627665]],[[10.5418184631329,45.3812711599556],[10.5418474210698,45.3812419391801]],[[10.5417588737911,45.3790658663635],[10.5418482460993,45.3788270322453]],[[10.5419997775313,45.3811176829681],[10.5426584742307,45.380540926942],[10.5430919457531,45.3807080490733]],[[10.5425559384011,45.381729513793],[10.5421468116228,45.3820383284851],[10.5442148857896,45.3821070221756],[10.5443460138501,45.3819545046386],[10.5431769886272,45.3819705542582],[10.5419997775313,45.3811176829681],[10.5415544359883,45.3809699368],[10.5409586536117,45.380395266697],[10.5413956043339,45.3799304225242],[10.5403091725947,45.3794861349684],[10.5392918097105,45.3796373042999]],[[10.5423002297647,45.38653414026],[10.541537906175,45.3864863536699],[10.5408267747438,45.3856230984286]],[[10.5422789658416,45.3865043036719],[10.5423281162935,45.3865279202218],[10.5423002297647,45.38653414026],[10.5415787925143,45.3865191939339],[10.5396399124097,45.386536563271],[10.5386915815828,45.3864722809832],[10.5388300439928,45.3871564024579],[10.5392953082399,45.3879723590855],[10.5374792139712,45.3883611026421],[10.5361977515155,45.3888571137442],[10.5358703745064,45.3887034828747],[10.5358055661856,45.3882535606851],[10.5352014338698,45.3878304050935],[10.5347563723101,45.3879632342531]],[[10.5423709242977,45.386603310626],[10.5433303558602,45.3863236726813]],[[10.5425565138946,45.386923536998],[10.5432477348526,45.3880254540309]],[[10.5431769886272,45.3819705542582],[10.542923484268,45.3819204666942],[10.5425806879154,45.3817431098049],[10.5425559384011,45.381729513793],[10.5425108413688,45.3817047399513],[10.5418184631329,45.3812711599556],[10.5417681962139,45.3813373608835]],[[10.5427076841937,45.3805567125626],[10.5427448291292,45.3805272994203]],[[10.543066163511,45.3806717049993],[10.5440039523536,45.3800562243356],[10.5447194678163,45.3805654840022]],[[10.5433621926754,45.3863737575846],[10.5442403577152,45.3861110181258],[10.5447047424817,45.3864099251864],[10.5444426845618,45.3867419543324],[10.5445524385391,45.3868872396019],[10.5441995170001,45.3878891145925],[10.5435595679877,45.3886712194042],[10.5442140642122,45.3891516029507]],[[10.5433690324265,45.381962358133],[10.5444381332915,45.3818473581945]],[[10.5440039523536,45.3800562243356],[10.5443594253277,45.379817284583],[10.5448578189998,45.3798192795241],[10.5454188826601,45.3799374906239],[10.5455929347168,45.3801378172004]],[[10.5440967633316,45.3820009364717],[10.5440899446347,45.3820327299237]],[[10.5450320929363,45.3857440056219],[10.5444480954588,45.3849185395561],[10.5445416155897,45.3848862313368]],[[10.5446728937273,45.3817625176455],[10.5446682534874,45.3818173033892],[10.5443460138501,45.3819545046386],[10.5446437924068,45.3818204981476]],[[10.5446682534875,45.3818173033892],[10.5446912096503,45.3818370190644],[10.5448124709024,45.3819411627912],[10.5456282239515,45.3825307474957],[10.5457541074131,45.3825965191571],[10.5457268279475,45.3826023305389],[10.5456655715858,45.3826451954781],[10.5455102725357,45.3827459693714],[10.5451516769711,45.3829786606614],[10.5449387522017,45.3831234530502],[10.544791439139,45.3831476043603]],[[10.5453275991899,45.380790773454],[10.5448536005308,45.3810295266841],[10.5447912067459,45.381571673114],[10.5446759951415,45.3817620131685],[10.5444090259671,45.3818054381152]],[[10.5446982424928,45.3817583944049],[10.5446741666305,45.3817696969195],[10.5446977599949,45.3818283209141],[10.5446912096503,45.3818370190644],[10.5446864640866,45.3818433206587],[10.5446747414692,45.3818426543977],[10.5446794316652,45.3818644489583],[10.5457268279475,45.3826023305389],[10.5462435833006,45.382830887013],[10.5476604419659,45.3832682142083],[10.548619708122,45.3839736499806],[10.5463761180065,45.3857887443103],[10.5463603164192,45.3857998333728],[10.5462935157781,45.3858467119134],[10.5462442249777,45.3858399642487],[10.5461251320823,45.3858880098214],[10.546082098107,45.3858902737532],[10.546087413985,45.3859029011909],[10.546717362584,45.3862760202415],[10.5467293187745,45.3862829070542],[10.5467376702583,45.3862838480999],[10.5467448762728,45.3862846600736],[10.5467693975406,45.3862991477037],[10.5467641127221,45.3863073137345],[10.5467575844004,45.3863093908001],[10.5467518622877,45.38631121136],[10.5467436517603,45.386308956069],[10.5459512836706,45.3866108199279],[10.5451390491714,45.3868787520255],[10.5459434376114,45.3873617868371]],[[10.5449702790492,45.3843450055548],[10.5451160889043,45.3842971361753]],[[10.5451424381117,45.3842376494622],[10.545608943114,45.384836051779],[10.5463603164192,45.3857998333728],[10.5467376702583,45.3862838480999],[10.5467575844004,45.3863093908001],[10.5472821261961,45.3869821799873],[10.5477449613438,45.3875758072102]],[[10.5458537079456,45.3855121336839],[10.545409355554,45.3849250915671],[10.5449702790492,45.3843450055548],[10.5443511092734,45.383526965689],[10.5431195434014,45.3843162491221]],[[10.545409355554,45.3849250915671],[10.5455630171331,45.3848417624631],[10.5455872293813,45.3848462068909],[10.545608943114,45.384836051779],[10.5456256792455,45.384828224594],[10.5464106249933,45.3843821053286],[10.5477702210674,45.3835713410832],[10.5482224152945,45.3839475864821]],[[10.5455102725357,45.3827459693714],[10.5454181611511,45.3827031373475]],[[10.5454613526764,45.3784529986035],[10.5461886164103,45.3777564802004],[10.5460675184029,45.3775886354853],[10.545641728745,45.3776118720579],[10.5442934108346,45.3781717648093],[10.5439409906029,45.3785224878413]],[[10.5459314481408,45.3795774953911],[10.5455902432367,45.379645998246]],[[10.5457541074131,45.3825965191571],[10.5462143477207,45.3828021148269],[10.5469524673242,45.3830306371557],[10.5476023985932,45.3831520488909],[10.5482960111077,45.3826748179292],[10.5487998825316,45.3830126320538],[10.5490615477409,45.3826526418607]],[[10.5457907685802,45.3826128963283],[10.5458772601744,45.3825310840464],[10.5468663552011,45.3819310733255],[10.5482113517948,45.3811784765507],[10.5500644121974,45.3800811694015],[10.5521896146099,45.379133927902],[10.5524170378147,45.3790672012403],[10.5527364314238,45.3792934710798],[10.5529857478612,45.3797079827823],[10.5528442349816,45.3797700422328],[10.5526394053341,45.3793721222982],[10.5515501666579,45.3801572747237],[10.5513742543745,45.3800105651511]],[[10.5461123760123,45.3858703449692],[10.5443850076118,45.3860168735258]],[[10.5461251320823,45.3858880098214],[10.5461123760123,45.3858703449692],[10.5458537079456,45.3855121336839],[10.5450320929363,45.3857440056219],[10.5444861543377,45.3859742216106],[10.5423281162935,45.3865279202218],[10.5423709242977,45.386603310626],[10.5425565138946,45.386923536998],[10.5418371661116,45.387096329229]],[[10.5463557748229,45.3879817191309],[10.5470342213292,45.3872231582946],[10.5472702998283,45.3869866500535],[10.5472758018287,45.386987444883],[10.5472821261961,45.3869821799873],[10.5472876284952,45.3869775994441],[10.5482389828049,45.3860193317162],[10.5484441633374,45.3857846172889],[10.5492983236984,45.3852097674201],[10.5499465703196,45.3843353272382],[10.5503257490791,45.3844461462888],[10.550399588134,45.3849950954961],[10.5495473825255,45.384926098051]],[[10.5461879498243,45.3777320275715],[10.5465463005024,45.377781340022]],[[10.5469633324341,45.3864449718965],[10.5467693975406,45.3862991477037],[10.5467693559574,45.3861514391503],[10.5474400245673,45.385785912159]],[[10.5466543766908,45.3797217745968],[10.5467964777364,45.3792352762857],[10.5466395247533,45.3786922568252]],[[10.5479823987936,45.381306202467],[10.5470721977994,45.3804868791815],[10.5466543766908,45.3797217745968],[10.5462363959145,45.3799183414094],[10.5459314481408,45.3795774953911],[10.5458208204404,45.3794528080186],[10.5455019846,45.3790342865251],[10.5454037692029,45.3787053834576],[10.5455315073269,45.378480005306],[10.5452862442232,45.3785776765836]],[[10.5467078724693,45.3797843324986],[10.5475830598995,45.3791481206663],[10.5470490095729,45.3788385203918]],[[10.5475503966519,45.3790413980012],[10.5486911979843,45.3789327449718],[10.5489888564602,45.3790591698862],[10.5488113189899,45.3782637770971]],[[10.5485771108878,45.3840692507504],[10.5492783057132,45.3851765314636]],[[10.548585388288,45.3839448419562],[10.5489591411855,45.3832784570512],[10.5495458303471,45.382770530814],[10.5495339202221,45.3827660693251],[10.5490382465246,45.3825803900426],[10.5491547938125,45.3823691378573],[10.5508816431969,45.3808407251104]],[[10.5489888564602,45.3790591698862],[10.5493995007584,45.3790862144713],[10.5498152860955,45.3789384617354],[10.5502181587931,45.378560244348],[10.5515142968526,45.3784242160222],[10.5514712354752,45.378139026843],[10.5512434886309,45.3781918207237]],[[10.5495339202221,45.3827660693251],[10.5500844945597,45.3828668921623],[10.5505377903827,45.3831228271037],[10.549931117707,45.3839981930902],[10.5491271806301,45.3837759967318],[10.548850742758,45.3842015515443]],[[10.549931117707,45.3839981930902],[10.5499084739873,45.3840469342176]],[[10.5498152860955,45.3789384617354],[10.550382238298,45.3787580781594],[10.5515798402763,45.3786719218773],[10.5515142968526,45.3784242160222]],[[10.5503257490791,45.3844461462888],[10.550531971921,45.384250069307],[10.5517802197438,45.3843325133607],[10.5516037152559,45.385041753548],[10.550399588134,45.3849950954961]],[[10.5505377903827,45.3831228271037],[10.5513970771091,45.3817238321441],[10.5514275646915,45.3814788015485],[10.55116273933,45.3813011694393]],[[10.5515033288473,45.3850381754904],[10.5512723636209,45.3861065178395],[10.5513657845232,45.3863703143351]],[[10.5516260077332,45.3849972730379],[10.5522942383474,45.3850331743517],[10.5522670156131,45.3851122357685]],[[10.5517802197438,45.3843325133607],[10.5525204160751,45.3839664884322],[10.5529430987575,45.3841098405443]],[[10.5517585171266,45.3813781298288],[10.5513393418943,45.3820961895024],[10.5520672493696,45.38235136425],[10.5523677435337,45.3822539199286],[10.5529577637135,45.3823918908511],[10.5525204160751,45.3839664884322]],[[10.5522942383474,45.3850331743517],[10.5528189287559,45.3851187549813]],[[10.5523677435337,45.3822539199286],[10.5524231540559,45.3821848293839]],[[10.5524170378147,45.3790672012403],[10.5523235724889,45.3786271456317]],[[10.5524674150876,45.379051521808],[10.5540944294034,45.3785914108497],[10.5551288912368,45.3784631734866],[10.5547811640675,45.3779577082226],[10.5547701505278,45.3777971101554],[10.5546679061585,45.3778054912338]],[[10.5526394053341,45.3793721222982],[10.5524956944099,45.3792746764624]],[[10.5528442349816,45.3797700422328],[10.5529321738645,45.3800985824714]],[[10.5529577637135,45.3823918908511],[10.5539934949051,45.3825486441033],[10.5532893098916,45.3804956813555],[10.5528375935274,45.380435730913],[10.5523564814226,45.3806079383529],[10.5517585171266,45.3813781298288],[10.5512601988987,45.3812081897418]],[[10.5529857478612,45.3797079827823],[10.5533676659238,45.3803346441206],[10.5532103737594,45.3804448475644]],[[10.5533780541166,45.3824482992113],[10.5533981289055,45.3823765826216]],[[10.5533676659238,45.3803346441206],[10.5541058099559,45.3806957965731],[10.5555261593753,45.3801800864483],[10.5554894407501,45.3803601212908]],[[10.5547240994457,45.377443625548],[10.5546702913534,45.3770483122372]],[[10.5547701505278,45.3777971101554],[10.5547240994457,45.377443625548],[10.5546218557043,45.3774520065772]],[[10.5549328619893,45.3781615865401],[10.5551664050844,45.3781434962673]],[[10.5551288912368,45.3784631734866],[10.5555867366195,45.3784033547968],[10.5557782531197,45.3787571869491]],[[10.5555261593753,45.3801800864483],[10.5559199076671,45.3799846142194]],[[10.5555867366195,45.3784033547968],[10.5582594306575,45.3779448544633],[10.5576835434741,45.3770363700075]]]}},{"type":"Feature","properties":{"NOME_COMPL":"Condotta CASTIGLIONE SOLFERINO - BERTASE","COMUNI":"Castiglione d/Stiviere, Solferino"},"geometry":{"type":"MultiLineString","coordinates":[[[10.5129457851687,45.391286950293],[10.5114446002016,45.392295072681],[10.5107846047484,45.3924598445964],[10.5112200305051,45.3927323517332],[10.5121060733822,45.3926009933339],[10.5129694503427,45.3928652257137],[10.5128301847544,45.3931791475872],[10.5130687598392,45.3932670091873],[10.5132140260081,45.3935927650216]],[[10.5129694503427,45.3928652257137],[10.5131999746884,45.3926515194114],[10.5132897085391,45.3926945412108]],[[10.5131999746884,45.3926515194114],[10.5133947797213,45.3924824969058],[10.5136543111551,45.3925258686731],[10.5136720549425,45.3926374610248]],[[10.513239091354,45.3935638258359],[10.5134283129253,45.3936003278616],[10.513432698468,45.3944558802871]],[[10.5132249999887,45.3913060870851],[10.5123343953346,45.3918549691793]],[[10.5132413053852,45.3912960378619],[10.5132249999887,45.3913060870851],[10.5144618775591,45.3914836704063],[10.5156036489341,45.3916687719229],[10.5171415468165,45.3918980121658]],[[10.5143078427521,45.3851584067773],[10.5148407931794,45.3843382060547],[10.5147133515358,45.3842936337363]],[[10.5146035528313,45.3892096680725],[10.5154538208253,45.3897804285539],[10.5158822789836,45.3896861703785],[10.5181175226117,45.3876572925069],[10.5175802847556,45.3873882185732]],[[10.5148407931794,45.3843382060547],[10.5150140495031,45.3843964051318]],[[10.5175747978184,45.3884011410451],[10.5159685755087,45.3898237138405],[10.5153316482002,45.3900119714509]],[[10.5157233966785,45.3860592705635],[10.5154459915015,45.3867596402817]],[[10.5156036489341,45.3916687719229],[10.5158448104123,45.3914393152097]],[[10.5159183834455,45.3861056913289],[10.5156190481445,45.3871879433425],[10.5156194197462,45.387390782916]],[[10.5156254567535,45.3871647733267],[10.5161243741944,45.3871990288453],[10.5160723455427,45.3877086101839]],[[10.5158283654571,45.382929644882],[10.5160171276296,45.3833790911955]],[[10.5175071232102,45.3816902806605],[10.5170874676902,45.3818595557978],[10.5167674223669,45.3825435147617],[10.5158283654571,45.382929644882],[10.5151503759501,45.3815578752622]],[[10.5159183834455,45.3861056913289],[10.5163634332562,45.3861433213942],[10.5172047126563,45.3858759225304],[10.5181522847903,45.3858063902934],[10.5193217830937,45.3855031778925],[10.5185705124343,45.3871388202746],[10.5181175226117,45.3876572925069]],[[10.5159939203331,45.3859136321362],[10.5159183834455,45.3861056913289],[10.5153237267306,45.3859641193073],[10.5152992485139,45.3858089744471],[10.5146345014966,45.3855010710645],[10.513291636646,45.384380459123]],[[10.5190417986247,45.3803531651447],[10.5171772934516,45.3814419969982],[10.5173888297498,45.3816100029545],[10.5177848569979,45.3818787582498]],[[10.5173888297498,45.3816100029545],[10.5174827428942,45.3815340227706]],[[10.5175747978184,45.3884011410451],[10.5178452774884,45.3884641961079],[10.517926844327,45.3883823497884],[10.5187257134758,45.3885829521893],[10.5186700058996,45.3886427115309]],[[10.5175747978184,45.3884011410451],[10.5184327738535,45.3875958278876],[10.5189007077832,45.3869352473628],[10.5218581140968,45.3880836738289],[10.5236516359584,45.388145393961],[10.5232352482296,45.3885276638428],[10.5239502213022,45.3887881254599],[10.5237717554592,45.3892765083349],[10.523112650073,45.3896015878175],[10.5226842631526,45.3894813003966],[10.521644533148,45.3903555188672],[10.5212045014591,45.3902773811806],[10.5214571889161,45.3899020138617]],[[10.5199008952491,45.3927937350922],[10.5196650350861,45.3922566993108],[10.5188503919053,45.3919294539919],[10.5182987924467,45.3915466930072]],[[10.5188330764754,45.3870307232722],[10.5186362374836,45.3869960844753],[10.5186362374836,45.3869960844753]],[[10.5187257134758,45.3885829521893],[10.5195551026589,45.3887707179371],[10.5194951554486,45.3888367465664]],[[10.5186259730313,45.3838233871403],[10.5185047938591,45.3837545740729],[10.5177101805432,45.3842075257311]],[[10.5186904809955,45.3833338786881],[10.52003648443,45.3825051177921],[10.5196618798166,45.3822654373613],[10.5193775417877,45.3820835093106]],[[10.5190417986247,45.3803531651447],[10.5197963354104,45.3811865326897]],[[10.5190417986247,45.3803531651447],[10.5201179353288,45.379808601817],[10.5201691707894,45.379647779178],[10.5199916286962,45.3792408942696],[10.5192327350021,45.3784324964869]],[[10.5195551026589,45.3887707179371],[10.51995662309,45.3889486422644],[10.5191299945307,45.390015761839],[10.5207449131338,45.3902334474592]],[[10.5197459253957,45.3888178783464],[10.5201850925266,45.3884268596948],[10.5204446803323,45.3885725030576]],[[10.5196618798165,45.3822654373613],[10.5196618798166,45.3822654373613],[10.5203250196109,45.381718589888]],[[10.5235679925572,45.3916729226013],[10.521477461565,45.3912132620858],[10.5200947307644,45.3908793677595],[10.5153316482002,45.3900119714509],[10.5132413053852,45.3912960378619],[10.5131150241025,45.3912665034864],[10.5129457851687,45.391286950293],[10.5124868375557,45.3909627483927]],[[10.5200947307644,45.3908793677595],[10.521443312237,45.3912232746582],[10.52134239137,45.3914275911164],[10.5210088310223,45.3919568356421],[10.5203852553941,45.3926182457809],[10.5199008952491,45.3927937350922],[10.5192752990575,45.3932084098923],[10.5170764202194,45.3927635677826]],[[10.52002745253,45.3858982137951],[10.5189007077832,45.3869352473628]],[[10.5200527786704,45.385877313111],[10.519668549868,45.3855414754663],[10.5197387607857,45.3854473539806],[10.5206658902492,45.385356854271],[10.5200527786704,45.385877313111]],[[10.5200780281563,45.385907479762],[10.5209393565747,45.3867394839719],[10.5210203916067,45.3866928465171],[10.5213754869256,45.3870028816139],[10.5220016083029,45.3873508495773]],[[10.52003648443,45.3825051177921],[10.5204278689708,45.3827885568586],[10.5195227444081,45.3834894820225],[10.5202042488485,45.3845624923843],[10.520095697468,45.3846081754283],[10.519759586492,45.3840441503286],[10.5190903469598,45.3840870847523],[10.5186259730313,45.3838233871403],[10.5189665768298,45.3836023044014],[10.5186253409339,45.3832705477829]],[[10.520095697468,45.3846081754283],[10.520198441655,45.3847830734422]],[[10.5202541883588,45.3845725854088],[10.5205775284715,45.3851598824233],[10.5187150305488,45.3855132674881],[10.5176191341353,45.3847461512476],[10.5159939203331,45.3859136321362],[10.5152992485139,45.3858089744471],[10.5129770765141,45.3864295409623],[10.5123936336991,45.3862664530545]],[[10.5202304151769,45.3845783674279],[10.5210036002997,45.384390313281],[10.5214412557743,45.3846407079259],[10.5220282383749,45.3844336000233],[10.5223320243988,45.3844627649863]],[[10.520129259362,45.3794774938286],[10.521101291711,45.3793827006305]],[[10.5205775284715,45.3851598824233],[10.5206658902492,45.385356854271],[10.5210146264254,45.3853138834114]],[[10.5205775284715,45.3851598824233],[10.5224191701237,45.3850357020578],[10.5235385482524,45.3848476993447],[10.5243889208401,45.3846677918713],[10.524609603162,45.3846129648704],[10.5247134949221,45.3845698784862],[10.5246515898997,45.384590084455],[10.5246048945162,45.3846058712206],[10.5245997588871,45.3846076074713],[10.5244738399547,45.3846361935814]],[[10.5210418498632,45.3919044466745],[10.5209574302449,45.3918788914996]],[[10.5210088310223,45.3919568356421],[10.5224296080467,45.3923443208812],[10.5219152328538,45.3929052356212],[10.523543453738,45.3935626594268]],[[10.5221268204445,45.3930023312827],[10.5211928489143,45.3937841676633]],[[10.52134239137,45.3914275911164],[10.521770750225,45.3915297695839]],[[10.5214379455992,45.3920727196025],[10.5214486382566,45.3920556797495]],[[10.5211956494579,45.3810222377026],[10.5201179353288,45.379808601817]],[[10.521214842175,45.3810362699191],[10.5199466282275,45.3822216963465],[10.5200381960894,45.3823723144838],[10.5205248547127,45.3826932339993],[10.5204278689708,45.3827885568586],[10.5205520595492,45.3827704927647],[10.521324313226,45.3838151328958]],[[10.5212095471985,45.3810793021311],[10.5213929815079,45.3809228812778],[10.521214842175,45.3810362699191],[10.5199998653033,45.3822116119699],[10.5202133199913,45.3824507607084]],[[10.5213754869256,45.3870028816139],[10.5225575411528,45.3865895291764],[10.5240427401526,45.3858656370371],[10.5232390711699,45.3850480299258],[10.5239290179907,45.3849145751883]],[[10.5213776215588,45.3837904016275],[10.5216480821812,45.3838128208949],[10.522017251737,45.3841261803468]],[[10.5213929815079,45.3809228812778],[10.5218523961159,45.3804894487797],[10.5223792737443,45.3803649895419],[10.5223982071939,45.3804035678142],[10.5213929815079,45.3809228812778]],[[10.5216160983223,45.388017951829],[10.5232352482296,45.3885276638428]],[[10.5220095790695,45.3791347507267],[10.5219096526235,45.3792214908505]],[[10.5229884572714,45.386394653594],[10.5232025067291,45.3865312282815],[10.5237916092404,45.3865813520598],[10.5248191100171,45.3871971673938]],[[10.5232782626861,45.3934712918567],[10.5227504804643,45.3939196269646],[10.5228768561397,45.3941154278383],[10.5230290075716,45.3942401798979],[10.5240963353444,45.3941674255555],[10.5264842650555,45.3924356670297],[10.5250171279835,45.3920800620326],[10.5254600620118,45.3913517570145],[10.5251999506471,45.3912869645356],[10.5255676232935,45.3907196645827],[10.5247956263904,45.3904699788528]],[[10.5231103538491,45.380035651995],[10.5230946076484,45.3800159091249],[10.5226742691043,45.3794888750703],[10.5220095790695,45.3791347507267],[10.5208482947856,45.3783388434549]],[[10.5230946076484,45.3800159091249],[10.5240961153447,45.3798318918008],[10.5240611178652,45.3796922358598]],[[10.5235266524585,45.3848201428657],[10.5245625383532,45.3845451175227]],[[10.5243088077757,45.3879602919514],[10.5242772918412,45.3879452577441],[10.5237478160639,45.3880688957276],[10.5236516359584,45.388145393961],[10.524169656076,45.3881334749523],[10.5260800882714,45.3890166420351],[10.5260056697326,45.3890973424577],[10.5254421412037,45.3897084311402],[10.5248011170629,45.3902863801172],[10.5235448915234,45.3916988969634],[10.5235978597626,45.3918027774715],[10.52460995635,45.3919940700696],[10.5244579670353,45.3922410203595]],[[10.5242323729788,45.3880376969298],[10.5242691070251,45.387996086723],[10.5243514505958,45.3879218445023],[10.5250643473355,45.3874117531237],[10.5243659752209,45.3870142192575]],[[10.5240961153447,45.3798318918008],[10.5231103538491,45.380035651995],[10.5223982071939,45.3804035678142],[10.5229714496693,45.3809798623797]],[[10.5261933582845,45.3794756180751],[10.5240886798851,45.3798579472891],[10.5243877838431,45.3813573412454],[10.5240457536603,45.3828562179305]],[[10.52460995635,45.3919940700696],[10.5250171279835,45.3920800620326]],[[10.5243498802393,45.3811096293382],[10.5244687076,45.3810920290315]],[[10.5243467939037,45.3780887522121],[10.5243536656098,45.378067693355]],[[10.5245342071755,45.3845080418431],[10.5245759159431,45.3845622144949],[10.5246048945162,45.3846058712206],[10.524609603162,45.3846129648704]],[[10.5245759159431,45.3845622144949],[10.5262357612622,45.3840024556647],[10.5263434371973,45.3837907720023],[10.5248204266513,45.38210812315],[10.5251997462302,45.3818304850433],[10.5249909744428,45.3816888330989]],[[10.5247107031378,45.3845810128269],[10.5257951989672,45.3841941096953],[10.5265233218714,45.3839468369621],[10.5281216669798,45.3833852819307],[10.5281969403684,45.3838802454306]],[[10.5247134949221,45.3845698784862],[10.5262357612622,45.3840024556647]],[[10.5250643473355,45.3874117531237],[10.5253516969159,45.3872410575805],[10.52619049627,45.3876732802555],[10.5269580740733,45.3879898773217],[10.5272244838266,45.3881257437088],[10.5274137869936,45.3885300701912]],[[10.5250204032229,45.3816767916967],[10.5250564412985,45.3816646620208]],[[10.5251624868999,45.3824937764735],[10.5251363833114,45.3825065500606]],[[10.5253516969159,45.3872410575805],[10.5262937926835,45.3865431765539]],[[10.525261430904,45.382593548794],[10.5269831182529,45.3815428064312],[10.5269750085794,45.3812173516643],[10.5263271593225,45.3810978802648]],[[10.5255676232935,45.3907196645827],[10.5260472961769,45.3908855479963],[10.5264815199449,45.3910318591022]],[[10.5256944850493,45.3874151607652],[10.525758325803,45.3873777633573]],[[10.5260472961769,45.3908855479963],[10.5259729157568,45.3907039891082],[10.5267206487779,45.38939875329],[10.5260508472212,45.3890998957745],[10.526030242645,45.3891077128101],[10.5260056697326,45.3890973424577],[10.5259859469557,45.3890890189711],[10.5245207708562,45.3883669972266]],[[10.5263689060381,45.3838472614255],[10.5264388333915,45.3839339701248],[10.5262357612622,45.3840024556647]],[[10.5261863213202,45.3794359383749],[10.5261479104903,45.3791699060619]],[[10.5364703805904,45.3744887334728],[10.5346938252485,45.3754058787513],[10.5342379035551,45.3760208707651],[10.5334626086928,45.3760208765277],[10.5323010279738,45.3767546180895],[10.5309707902105,45.3769858230886],[10.5300845272012,45.3762771130717],[10.5296141016628,45.3762365795004],[10.5294215668571,45.3763357571731],[10.5289009944323,45.3770657029075],[10.5282530712319,45.3767633906362],[10.5281143156929,45.3770527094286],[10.5270156179637,45.3780673960488],[10.5261479104903,45.3791699060619]],[[10.5262786406829,45.3837170883393],[10.5271959818421,45.3831253718485]],[[10.5267206487779,45.38939875329],[10.5268651437537,45.3894667263454]],[[10.5269580740733,45.3879898773217],[10.5272457707371,45.3877117434865],[10.5267068221471,45.3873326632073]],[[10.5269831182529,45.3815428064312],[10.5270831419615,45.3814858173765],[10.5269004178186,45.3808983673726],[10.5264487337629,45.3802985407481],[10.526236142979,45.3797168690793],[10.5261863213202,45.3794359383749],[10.5261767913444,45.3794366427524],[10.5261365097342,45.3791640761067],[10.5264490323445,45.378699471988],[10.5260540986462,45.3785167424476],[10.5262074758872,45.37834302431],[10.5257598407851,45.3781537496806],[10.525309713956,45.3782174225641],[10.5243467939037,45.3780887522121],[10.5235405486928,45.378308673332],[10.5228904210361,45.378841523399]],[[10.5270228078665,45.3795908685479],[10.5273342591083,45.3789484270787],[10.5276656356055,45.3779965909394]],[[10.5272457707371,45.3877117434865],[10.5277828777366,45.3876021012937],[10.5281279775394,45.3881890857799]],[[10.5279113963629,45.3834591593192],[10.5276941831854,45.383089683701],[10.5272404167025,45.3821322410691],[10.5271594635193,45.3818761095381],[10.5270831419615,45.3814858173765]],[[10.5271594635193,45.3818761095381],[10.5281967134574,45.3815990467762],[10.5291893567716,45.3817956022729],[10.5297447734121,45.3817605522806],[10.5303748342675,45.3824589523081]],[[10.5274055619482,45.3818105039174],[10.5274509218523,45.3822211265328],[10.5277397514119,45.3827981295427]],[[10.5275566281063,45.3775186457376],[10.5274911744603,45.3774731426193]],[[10.5277828777366,45.3876021012937],[10.528348512682,45.387344989007]],[[10.5281967134574,45.3815990467762],[10.5279786646183,45.3810779675876],[10.5282703699813,45.3810461079018],[10.5283889414354,45.3806618710612],[10.5280430730637,45.3800636949245],[10.5279044544578,45.3799799339514],[10.5277990436568,45.3799324209947],[10.5267276905665,45.3794610111371]],[[10.5283686740308,45.380553812197],[10.5284753574261,45.380648483611]],[[10.5297447734121,45.3817605522806],[10.5312552484802,45.3816906082251],[10.5327284187489,45.3814002567368]]]}},{"type":"Feature","properties":{"NOME_COMPL":"Condotta CASTIGLIONE SOLFERINO-BRONZINO","COMUNI":"Castiglione d/Stiviere, Solferino"},"geometry":{"type":"MultiLineString","coordinates":[[[10.510038037932,45.4040560900373],[10.5098907992515,45.4035094652909]],[[10.5102042895135,45.4040173201146],[10.5101914576627,45.4039687278908]],[[10.5114268951927,45.4041501398893],[10.5116125448839,45.4044781800487],[10.5111622202113,45.4044638225979]],[[10.5126232235665,45.4024712272755],[10.512414575478,45.4022179906433],[10.5123717395845,45.4019097323641]],[[10.5126232235665,45.4024712272755],[10.513527188505,45.40284121844]],[[10.5126232235665,45.4024712272755],[10.512178377365,45.4022292455823],[10.5119687792404,45.4017240840349],[10.5117423612641,45.4004800965066],[10.512169839483,45.4004500557464],[10.5126938688374,45.4001474961284]],[[10.5137968683593,45.4004520046998],[10.5126303022426,45.4001971000897]],[[10.5128407608738,45.403605776193],[10.5137240866417,45.4038406862702]],[[10.5149544567435,45.4007179282469],[10.5145234294603,45.4006200087153],[10.5137968683593,45.4004520046998],[10.5126232235665,45.4024712272755],[10.5122898892792,45.4029841745518],[10.5125489659461,45.4029655052432],[10.5125717279517,45.4030078704421],[10.5130577052805,45.4040879090866],[10.5109114731619,45.4041461244963],[10.5106020631418,45.404007995545],[10.5102042895135,45.4040173201146],[10.510038037932,45.4040560900373],[10.5089868614112,45.4044397628838],[10.5084328494435,45.4044308282242],[10.5074107929052,45.4037413397301]],[[10.5145234294603,45.4006200087153],[10.5145523171621,45.4005678160216]],[[10.5149544567435,45.4007179282469],[10.5148303227192,45.4010024679285],[10.5157532763427,45.4022984407259],[10.5155732027094,45.4026827992059],[10.5157244049558,45.4033756498835],[10.5163282215626,45.4039527769487],[10.5176131920365,45.4045204002538]],[[10.5149544567435,45.4007179282469],[10.5155541071886,45.4000754175269],[10.5146604482831,45.3994546098303],[10.5145476470977,45.3993762475246],[10.5143677401549,45.399281109512],[10.5131609790366,45.398315771621],[10.5126395349014,45.3982282035254],[10.5116782092477,45.3983536951888],[10.5112772804202,45.3982431921236]],[[10.5155541071886,45.4000754175269],[10.5163645089815,45.3993205881184],[10.5201114259143,45.3968744715981],[10.5197033276338,45.3970671517462],[10.5189914074153,45.3965606228666],[10.518715495529,45.3967065785386],[10.5171944194054,45.3976045130388],[10.5171425934258,45.3976363548334],[10.516779472419,45.397859454119],[10.5164444274299,45.3983119043466],[10.5166720036332,45.3984505965336],[10.5157317354333,45.3990802242017],[10.5155037923385,45.3989278207218],[10.5146735394407,45.3994256936963],[10.5146779709618,45.3994397599326],[10.5146604482831,45.3994546098303],[10.5146525403472,45.3994613115443],[10.5146293053097,45.3994625840083],[10.5137772576251,45.4004078649017]],[[10.5157317354333,45.3990802242017],[10.5160069197448,45.3993005715885]],[[10.5166720036332,45.3984505965336],[10.5169709827169,45.3986710065446]],[[10.5171425934258,45.3976363548334],[10.5169471048946,45.3975060841298]],[[10.5188597709377,45.3950513555912],[10.5185026684368,45.39544620059],[10.5185266587223,45.3958573108521]],[[10.5189914074153,45.3965606228666],[10.5187468362359,45.3963324468593]],[[10.5188597709377,45.3950513555912],[10.5211915135176,45.3963490826874],[10.52106815562,45.3964269164549]],[[10.5198010933323,45.3941824491204],[10.5188597709377,45.3950513555912],[10.5176401287541,45.3950584280123],[10.5172849855998,45.3947187656561],[10.5168702780472,45.3949010372145],[10.5163253703169,45.394582178107]],[[10.5189625579275,45.3949275508875],[10.5189030911684,45.3948923029256]],[[10.5196421217028,45.398950708434],[10.5197304834219,45.3988581038657]],[[10.5208766081092,45.3967496719158],[10.5205839558134,45.3974539788867],[10.5200345560683,45.3982597703938]],[[10.5205944963807,45.3995399363747],[10.5198281578907,45.3991128042637],[10.5196421217028,45.398950708434],[10.5194382173317,45.3987675166848],[10.5196603849074,45.3985024648588]],[[10.5208302275713,45.3996998450151],[10.5206336808637,45.3999523674141],[10.5207743529183,45.4000358275618],[10.5207352932531,45.4005148243694],[10.5217823164869,45.400519162242],[10.5225864703844,45.4009838722277],[10.5222580057518,45.4014789182612]],[[10.5212631293962,45.4005169368973],[10.5212702246912,45.4004589375616]],[[10.5211915135176,45.3963490826874],[10.5213999647933,45.3962183055348],[10.522300626532,45.3973796378603],[10.5233563436381,45.3973997172738],[10.523306089586,45.3968054672692],[10.5229053539078,45.3962195731094]],[[10.5217823164869,45.400519162242],[10.5218200918407,45.4004759921341]],[[10.5219916963135,45.3978146872273],[10.5219375574345,45.3988896630967],[10.5208302275713,45.3996998450151],[10.5205944963807,45.3995399363747],[10.5206938728575,45.3994548034564]],[[10.5220177410267,45.3977921741179],[10.5220069125706,45.3978181117529],[10.5219916963135,45.3978146872273],[10.5219212443686,45.3977988314896],[10.5216748301537,45.3976436388423],[10.5207739394382,45.3966346858721]],[[10.5223764467972,45.3978426762803],[10.5223152189578,45.3978533291928]],[[10.5224020837122,45.3978640336403],[10.5225481502005,45.39785472327],[10.5226596353818,45.3981138805686],[10.5229774949307,45.3983519279022],[10.5228913389425,45.3984056483863]],[[10.5225481502005,45.39785472327],[10.5244406279509,45.3977528385102],[10.5246191802754,45.3983298841666],[10.5251619144911,45.3985146371336],[10.5256272994716,45.3988992782937],[10.5256883985591,45.3996021771088],[10.5264010001049,45.3999195118397]],[[10.5229774949307,45.3983519279022],[10.5232664133294,45.3985995032618],[10.5233435495295,45.3989344747225],[10.5232368893207,45.3989496117918]],[[10.5233060523401,45.3977982894978],[10.5233563436381,45.3973997172738],[10.5233563436381,45.3973997172738]],[[10.5233437433184,45.3972407751644],[10.5244747511328,45.3973140633001],[10.525513739755,45.3968613306402],[10.5252580771031,45.3965234118176],[10.5246889081686,45.3957873922318],[10.5241319153549,45.395063817642],[10.5241106964455,45.3950362522908],[10.5239673293378,45.3948522605401],[10.5240166621712,45.3945956016895],[10.5212546949566,45.3940289987834],[10.5207563190065,45.394639066525],[10.5198010933323,45.3941824491204],[10.5188427811598,45.3936100549855],[10.5180330522826,45.3934166308802],[10.5180741709687,45.3931753218658]],[[10.5241319153549,45.395063817642],[10.5239759124695,45.3950106224798]],[[10.5254945386905,45.3936429996005],[10.5250290488547,45.3940949955933],[10.5251363900625,45.3945476581791]],[[10.525279008527,45.396551077835],[10.5255099467016,45.3965596665515]],[[10.5254340791211,45.4011898300969],[10.5254393359354,45.4011440455521]],[[10.5255028305225,45.3987410576667],[10.5251204388949,45.3984564506072],[10.5246464590363,45.3982947795445],[10.5244788806825,45.3977638732078],[10.5264173439931,45.3972858080772],[10.5267861064907,45.3981123830312],[10.5268698342401,45.3982095494161],[10.5276580872154,45.3986858650397],[10.5278345580559,45.4000396398213],[10.5261921148162,45.400301986639],[10.5258172098922,45.4005972824943],[10.5256289917504,45.4011986548656],[10.524267970763,45.4011414009804],[10.5238432313765,45.4013939268701]],[[10.5254600620118,45.3913517570145],[10.5266477598782,45.3916912640994],[10.5266870147766,45.39179973588],[10.5272612874325,45.3921288680946],[10.5277577183137,45.3924133814635],[10.5279098267455,45.3925005564944],[10.529217849497,45.3931501609551],[10.5274874326892,45.3925826419835],[10.5271320055111,45.3923717365415],[10.5270635019429,45.3922600545624],[10.527249226427,45.392152356259],[10.5272436407516,45.392139509873],[10.5272612874325,45.3921288680946],[10.5272874653287,45.3921130815801],[10.5273059961467,45.3921202172206],[10.5274935430819,45.391982960225],[10.5279166826686,45.3909639168374],[10.5272567790554,45.3908767590912]],[[10.5263032099674,45.3971871732999],[10.5264196002892,45.3972577996471],[10.524533465844,45.3977335052535],[10.5243563335678,45.3977419651057],[10.5232321197625,45.3978022539801],[10.5223764467972,45.3978426762803],[10.5216971232717,45.3976250497031],[10.5206324768032,45.3964780868966],[10.5201114259143,45.3968744715981]],[[10.5262870092575,45.3940659986982],[10.5262445893748,45.3940970419067]],[[10.5271030228839,45.3944299814428],[10.5267590077317,45.3942455943379],[10.5265878273877,45.3941534064578],[10.5262870092575,45.3940659986982],[10.5252732430991,45.3935248759339]],[[10.5264050107353,45.3972718658594],[10.5284272987759,45.3972825227646]],[[10.5264741919924,45.397356730817],[10.5266223566136,45.3973328568429]],[[10.5268421846348,45.4002247253263],[10.5267719292912,45.4009890939326]],[[10.5267299679393,45.3979554190832],[10.5268751131639,45.3979237641605]],[[10.5266912098782,45.3947798351187],[10.5265517489895,45.3945805562567],[10.5269048440537,45.3945209783362],[10.5273492092582,45.3943169402589]],[[10.527233046497,45.3921617387388],[10.5266894935485,45.3918292249521]],[[10.5269756129521,45.3950759576635],[10.5265432891493,45.394748288714]],[[10.5273758874146,45.3953070615021],[10.5269033857478,45.3951091894211]],[[10.5272283348927,45.3983898985792],[10.5272908603502,45.3983022051049]],[[10.5273758874146,45.3953070615021],[10.5283817901616,45.3953941746554]],[[10.5275337139704,45.398525242857],[10.5276854082773,45.3984957850209]],[[10.5275698541018,45.3985686761321],[10.5277255213181,45.3985559895514],[10.5278195943731,45.3987797044804],[10.5278339050536,45.3994309423654]],[[10.5274874326892,45.3925826419835],[10.5277029760564,45.3924148609635],[10.5277387037008,45.3924282270176],[10.5277577183137,45.3924133814635],[10.5277771910755,45.3923981782009],[10.528068529966,45.3921266290022]],[[10.5277408185176,45.3971610643346],[10.5284983664573,45.3971818292483]],[[10.5278345580559,45.4000396398213],[10.5280586679126,45.4004267932296],[10.5279064051942,45.4013463584739],[10.5278132440473,45.4013123634971]],[[10.5278851135055,45.4014508306289],[10.5282648017586,45.4015737500659],[10.5282918977076,45.401495673095]],[[10.5279064051942,45.4013463584739],[10.5276076375611,45.4021105432711]],[[10.5279166826686,45.3909639168374],[10.5283734885014,45.3901253164305],[10.5276823371884,45.3898076277128],[10.527495493007,45.3897217431649],[10.5279335345556,45.3892562612271]],[[10.5276823371884,45.3898076277128],[10.5277220970326,45.3897703962212]],[[10.5280491442967,45.4005549207885],[10.5301517602314,45.4001999089931]],[[10.5284211358264,45.385270518672],[10.5284090674464,45.3852130244558]],[[10.5290056542243,45.3973326020916],[10.5301362844753,45.3975117441039],[10.5304879266366,45.397598079576],[10.5307154216393,45.3976925543388]],[[10.5290133692022,45.39720490895],[10.5290180412,45.3972438249249],[10.5290483290895,45.3972483400941],[10.5290642615657,45.3972427830036],[10.5290655572734,45.3972349844839],[10.5290669109952,45.39722683679],[10.5290291694785,45.3971976903075]],[[10.5290180412,45.3972438249249],[10.5290056542243,45.3973326020916],[10.5287192672782,45.3972998647807],[10.528709914603,45.3976748476734],[10.5291902524181,45.3981621314773],[10.5284599912474,45.3982724795938]],[[10.5290202515843,45.3972279831249],[10.5290655572734,45.3972349844839],[10.5300733148891,45.3973907141755],[10.5304736394951,45.3974909988531]],[[10.5291760134803,45.3931531823425],[10.529323796665,45.3938403278814]],[[10.530707070634,45.3917624876258],[10.5302177818001,45.392040319655],[10.5297683783814,45.3926457698889],[10.5292196821848,45.3930886074291],[10.5311615937597,45.3939779133445],[10.529934392158,45.3952633438616],[10.5293207263969,45.3949971390401],[10.5290461209676,45.3950475782709]],[[10.529414263361,45.3878584041372],[10.5292675543884,45.3875976656631]],[[10.5293751388842,45.3877888704339],[10.5296124339665,45.3876878833175],[10.5301837738154,45.3875020588646],[10.5312127238996,45.3876009329412]],[[10.530005402665,45.389003350545],[10.5296560553771,45.3891023559356],[10.5294753497763,45.3893877522937]],[[10.5300729259401,45.4001904117922],[10.5303325064189,45.3998043436938]],[[10.5304879266366,45.397598079576],[10.5311229894226,45.3988482348664]],[[10.5304923475019,45.3974956853227],[10.5304826669729,45.3975092464687],[10.5325639572334,45.3982611215808],[10.5331914153151,45.3984667645202],[10.5357812051672,45.398090765885],[10.5364967615926,45.3993696597732],[10.5358966113258,45.3994183650341]],[[10.5309140175601,45.396723021881],[10.5308574106137,45.3969508233701]],[[10.5308638692503,45.3970333347289],[10.5310649624469,45.3968396231194],[10.5307182016708,45.3965684855917],[10.5308484730613,45.3961364707435]],[[10.5308788800451,45.3970430752066],[10.5304736394951,45.3974909988531],[10.5304923475019,45.3974956853227],[10.5305214233543,45.3975063584684],[10.5308205861661,45.3976184832921],[10.5319615986005,45.3980144688152],[10.5322815318783,45.3981326873354]],[[10.5315145299658,45.3970392896359],[10.5308891635775,45.3970497481691]],[[10.5311615937597,45.3939779133445],[10.5312630855675,45.3939669574032]],[[10.5311615937597,45.3939779133445],[10.5316202049593,45.3929728328733],[10.5329313181914,45.3935659977114],[10.5324347829333,45.3944579310359],[10.5324508957272,45.3944724817639],[10.532441239179,45.3944971597796],[10.5324312908982,45.3945225833168],[10.5323312710739,45.3946992830411],[10.5320352910936,45.3946211130888],[10.5318700391284,45.3945814902737],[10.5315609839131,45.3946496257911],[10.5310763223654,45.3957821049533],[10.529934392158,45.3952633438616],[10.5292210819827,45.3963022762231],[10.5290133692022,45.39720490895],[10.5289362382644,45.3972174991243],[10.5277408185176,45.3971610643346],[10.5267549810903,45.3971435920443],[10.5265419735126,45.3971398157274],[10.5264196002892,45.3972577996471],[10.5266607578482,45.3972274140323],[10.5266940575122,45.3971488615912],[10.5267456514659,45.3971492566386],[10.5267549810903,45.3971435920443],[10.526776709432,45.3971303994116],[10.527737859801,45.3971468765707],[10.5273758874146,45.3953070615021],[10.5263231258935,45.3955679949939]],[[10.5322685778308,45.3924588537728],[10.5315330066555,45.3930264993677],[10.5312425366039,45.3936530679443]],[[10.5315609839131,45.3946496257911],[10.5312826392223,45.3940268582326],[10.5322640852304,45.3944499705391],[10.532441239179,45.3944971597796],[10.5325420937706,45.3945240246813],[10.5332579871333,45.3946453583724],[10.5333733755236,45.3944685474528],[10.5344606278206,45.3946773312036],[10.5345581784673,45.3944542729848]],[[10.5314468465649,45.3895045647215],[10.5317763076765,45.3892404601837],[10.5327541002083,45.3889129224868],[10.5325200270359,45.3885073209797],[10.5329264788494,45.3883202020031],[10.5327618400316,45.3880988259933],[10.5331532309372,45.3879049212852],[10.5330503778151,45.3875848972724]],[[10.5317917176323,45.3895861709073],[10.5315336935485,45.3897828823885]],[[10.5316202049593,45.3929728328733],[10.5323514436341,45.3924732531056],[10.5315920870428,45.3923412995379],[10.530707070634,45.3917624876258],[10.5304231191072,45.3915918929115],[10.5292872510566,45.391227908983],[10.5289558671539,45.3912206786246],[10.5286105028055,45.3916161708433]],[[10.5319615986005,45.3980144688152],[10.5330062983789,45.3973747681984],[10.5332934073275,45.3969683775458]],[[10.5320352910936,45.3946211130888],[10.532022453656,45.3946631250133]],[[10.5320291938748,45.389633547767],[10.5314468465649,45.3895045647215],[10.5307526469603,45.3893182346969],[10.530005402665,45.389003350545],[10.529414263361,45.3878584041372],[10.5288806384829,45.3881100968745],[10.5282244879624,45.3887826505233]],[[10.5323514436341,45.3924732531056],[10.5334703409901,45.3909936019479],[10.5336853985136,45.3908789209121],[10.5340062733276,45.390277217469],[10.5335136143238,45.3902104702751],[10.5322882746108,45.3898181756823],[10.5323293888349,45.3896883633958],[10.5320291938748,45.389633547767],[10.533033395451,45.3891572140207],[10.5330451479822,45.3890417697504],[10.5327669861909,45.3888393853912],[10.5338205180448,45.3881964041525]],[[10.5323312710739,45.3946992830411],[10.5327792424658,45.3948123303932]],[[10.5329313181914,45.3935659977114],[10.5332464632283,45.3937025694594]],[[10.5329313181914,45.3935659977114],[10.5345413926595,45.3921365898389],[10.5346684381738,45.3921650021474]],[[10.5332579944636,45.3946453593186],[10.53621790281,45.3953657461195],[10.536993395812,45.3941365890929],[10.5391980987199,45.3924260661822],[10.5416739417701,45.390280607377],[10.5432859682422,45.3898098675865],[10.5437380497752,45.389852108973],[10.5442945663091,45.3893196362672],[10.5451090464681,45.3889010944413]],[[10.5332907079085,45.3901230095102],[10.5343237918609,45.389734948165]],[[10.5346272312705,45.3919986966178],[10.5342916861199,45.3919383730602],[10.5341717293019,45.391865602978],[10.5337882040062,45.3912319470929]],[[10.5344606278206,45.3946773312036],[10.5349434730542,45.3943908169308],[10.5357009476668,45.3932386550533],[10.5347035628231,45.3930989247472]],[[10.5345413926595,45.3921365898389],[10.5346752922948,45.3919214899107],[10.5351318759665,45.3912393543141],[10.5355605507459,45.3903869516384],[10.5355236438841,45.3900560116162],[10.5345207966009,45.3901712199703]],[[10.5351889770245,45.390080200509],[10.5351918038865,45.3898406095296],[10.534580191328,45.3896125587257]],[[10.5351918038865,45.3898406095296],[10.5352485842492,45.3898065926746]],[[10.5355209667587,45.3905438399902],[10.5355839709242,45.3905638402661]],[[10.5357812051672,45.398090765885],[10.5358075711834,45.39795681593],[10.535033676887,45.3976740915309]],[[10.5358075711834,45.39795681593],[10.5364256796164,45.3975073554823],[10.5366401033057,45.3976669977845]],[[10.5357009476668,45.3932386550533],[10.5363751778532,45.3933695986183]],[[10.5357009476668,45.3932386550533],[10.5361401281054,45.3927164515229],[10.5367260784438,45.3916604802714],[10.5357627568327,45.3916233030415]],[[10.5367260784438,45.3916604802714],[10.5367119413533,45.3902147825248],[10.5365196734536,45.38999422446],[10.5358782975055,45.389928470771]],[[10.5364256796164,45.3975073554823],[10.5368026261761,45.3971278897221],[10.5370271784573,45.3964457349747],[10.5362631731912,45.3955393800272]],[[10.5364967615926,45.3993696597732],[10.5371660537798,45.3992880956475],[10.5370302493546,45.4007477790599]],[[10.5363981122578,45.3932992837469],[10.5370785933637,45.3932026185425],[10.5374485274136,45.3933332758245]],[[10.5364318063964,45.3899852165757],[10.5365027543522,45.3898281870271],[10.5368480383595,45.389508512091],[10.5375466208228,45.3893940988208],[10.5380823051262,45.3889974746143],[10.5387528445703,45.3887652959164],[10.5400957197187,45.389053470879],[10.5402633779569,45.3895106263534],[10.5401394399562,45.3897485694138]],[[10.5368026261761,45.3971278897221],[10.5369230706418,45.3971639983448]],[[10.5367260784438,45.3916604802714],[10.5368214824458,45.3917359462458]],[[10.5368577403884,45.3916655608322],[10.5377126070043,45.3918508366117],[10.5379479160504,45.3914481779447],[10.5384466199557,45.392261312343]],[[10.5371660537798,45.3992880956475],[10.5375607363542,45.3984991679665],[10.5381613400203,45.3981658546646]],[[10.537751705665,45.3907739627175],[10.5394715631752,45.3905363957066],[10.5396841912024,45.3903628885849],[10.5412186625418,45.3899309017665],[10.5420795836775,45.3898492728336],[10.5425536427496,45.3894709614192],[10.5419000370277,45.3887272201282],[10.5400957197187,45.389053470879]],[[10.5379479160504,45.3914481779447],[10.5380333404915,45.391312718991],[10.5375379626535,45.3904486860524]],[[10.5380333404915,45.391312718991],[10.5387353765302,45.3923755574941]],[[10.5402375714687,45.3895601712552],[10.5403335598341,45.3895796860726]],[[10.5419000370277,45.3887272201282],[10.5414307608893,45.3879109806532]],[[10.5425536427496,45.3894709614192],[10.5428247231373,45.3896204382235]]]}},{"type":"Feature","properties":{"NOME_COMPL":"Condotta CASTIGLIONE SOLFERINO-GHISIOLA","COMUNI":"Castiglione d/Stiviere"},"geometry":{"type":"MultiLineString","coordinates":[[[10.4838570366503,45.4128451591178],[10.4838964185686,45.4130419840479]],[[10.4837742474517,45.4094193759015],[10.4839533458418,45.4092661162873],[10.4840091136911,45.4091468741563],[10.4838864071448,45.4089588407583]],[[10.4838913794224,45.4110268396143],[10.4838836285705,45.4110019405636]],[[10.4847612125423,45.4110826424432],[10.4838913794224,45.4110268396143],[10.4834539762658,45.4109950227402],[10.4823121454594,45.4108998506236],[10.4823251782386,45.4107196831432]],[[10.4848101021181,45.4107388850078],[10.4847689699819,45.4106930139858]],[[10.4853286817174,45.4120993903849],[10.4864943149087,45.4122482047133]],[[10.485503994449,45.4107894878331],[10.4855362555041,45.4107906159344],[10.4853937417411,45.4120930632099],[10.4847413096749,45.4120532340475]],[[10.4855362555041,45.4107906159344],[10.4866805543546,45.4108653558724],[10.487907662955,45.4115028245846],[10.4874866206432,45.4112848552762]],[[10.4855993245043,45.4107928212982],[10.4856073654465,45.4107259901569]],[[10.4862984007599,45.4098194754623],[10.4841042320883,45.4095663749501],[10.483917345977,45.4094976930838],[10.4829443200441,45.4089651524412],[10.483619833196,45.4084171240316],[10.4835245310248,45.4083116964123]],[[10.4863130601194,45.4098204397175],[10.4862984007599,45.4098194754623],[10.4863211559782,45.4098130158269],[10.4855414103227,45.4107362725296],[10.485503994449,45.4107894878331],[10.4855011847454,45.4108227090647],[10.4848101021181,45.4107388850078],[10.4847804163304,45.410825051427],[10.4847612125423,45.4110826424432],[10.4847259056124,45.4116399712203],[10.4846402658147,45.4121051426902],[10.4838570366503,45.4128451591178],[10.4819336787314,45.4122843327686]],[[10.487907662955,45.4115028245846],[10.4877148987373,45.4122285392887]],[[10.487907662955,45.4115028245846],[10.4900504922554,45.4117814258107]],[[10.4879210509753,45.4100790245739],[10.4881084360731,45.409739493153]],[[10.4881719370786,45.4050252315697],[10.4881361678715,45.4045753301207],[10.4885936616925,45.4039777057234]],[[10.4882932675837,45.4080296150958],[10.488892796249,45.4084698625105],[10.4895773943732,45.4088298203643],[10.4897277241682,45.4087878597509]],[[10.4882971803251,45.4080009298378],[10.489975387475,45.4072097815395]],[[10.4904873828273,45.4069535685968],[10.4904178422664,45.407487630502],[10.4914351206167,45.4083581548936],[10.491712935422,45.4088843001809],[10.4921631905595,45.4093674398581],[10.4926192743655,45.4097970147613],[10.4937431834151,45.4104572714041],[10.4944330318326,45.4107003978251],[10.4956686052329,45.4121579134638],[10.4944200026939,45.4126626541058]],[[10.4906831818509,45.4066534988698],[10.4907452168659,45.406446832198],[10.4907399467149,45.4062465120923],[10.4906107720687,45.4048996745332],[10.4884698638126,45.40496744294],[10.4881719370786,45.4050252315697],[10.4876884902214,45.4051135611618],[10.4872333158639,45.4051382397894],[10.4865072713628,45.4048570704258],[10.4870827513266,45.4044722373761]],[[10.490744021101,45.4066381158034],[10.4907455924535,45.4066529192668],[10.4907225168437,45.4066632728984],[10.4907128311017,45.4066633993344],[10.4907031526053,45.406663525675],[10.4906987713648,45.4066570570438],[10.4905486581082,45.4066227948618],[10.4902016329287,45.406578808621],[10.4899292519729,45.4065834173567]],[[10.4907290409316,45.4056229336497],[10.4907690287607,45.4056865847664],[10.4907935353987,45.4063155762453],[10.4908141593353,45.406364142818],[10.4907824902294,45.4064425823707],[10.4907128311017,45.4066633993344],[10.4906951857804,45.4067193341072],[10.4904873828273,45.4069535685968],[10.4885497043827,45.4078255751718],[10.4882971803251,45.4080009298378],[10.4863211559782,45.4098130158269],[10.4870172530897,45.4100037096634],[10.4877975276863,45.4100641662103],[10.4881139705932,45.410102230196]],[[10.4907185084964,45.4066454022583],[10.4908853069192,45.4065977641325],[10.491018332059,45.4066334798099],[10.4929050965666,45.4073991353829],[10.4938431805728,45.4078453014443],[10.4936932909519,45.4079906983143]],[[10.4907069096897,45.4056072808391],[10.4908244587578,45.4055492024457],[10.4907913252294,45.4056313234226],[10.49082321597,45.4063169195552],[10.4908053513576,45.4063434012364]],[[10.5022803179784,45.400078498144],[10.5020524896725,45.4010051146364],[10.5009078108362,45.401537908395],[10.497973420706,45.403281336792],[10.4951804852831,45.4039061398657],[10.4949952428569,45.4040072229555],[10.4917651022379,45.4044555494811],[10.4914563206852,45.4046905099263],[10.4908244587578,45.4055492024457],[10.4914159441078,45.4051386826423],[10.4913970766212,45.4048647044568]],[[10.4908853069192,45.4065977641325],[10.4909373569292,45.4065150068115]],[[10.4914159441078,45.4051386826423],[10.4916599923911,45.4051671354812]],[[10.4922041497121,45.4070876744977],[10.4926321359425,45.4066998189562],[10.4943172540639,45.4058996626816]],[[10.4938431805728,45.4078453014443],[10.4939305041576,45.4077499411943]],[[10.496958141805,45.4144053890563],[10.4972558250535,45.4149866928797],[10.4948445001632,45.4149154359037]],[[10.4954313298885,45.4038587314289],[10.4966294016277,45.4061260560145],[10.4963723943746,45.4062208287335]],[[10.495681619444,45.4098157456967],[10.4956078701243,45.4098706036864]],[[10.4970253222469,45.4084415758982],[10.4962269246279,45.4083914358575],[10.4957326681692,45.40836039329],[10.4957479445517,45.4082477047456]],[[10.4962269246279,45.4083914358575],[10.4962377768912,45.4083087810034]],[[10.4966294016277,45.4061260560145],[10.4978153780672,45.4080302958554],[10.4971027129767,45.4083522874408],[10.4970253222469,45.4084415758982],[10.4967617681009,45.4087456452864],[10.4970150991273,45.4088355293713],[10.4955402044462,45.4096583430583],[10.4955563479014,45.4097513363418],[10.4955889557878,45.4097766209392],[10.495681619444,45.4098157456967],[10.4958104450336,45.4098701386492],[10.4958570764686,45.4099080953028],[10.4944330318326,45.4107003978251]],[[10.4974358609884,45.4107485390684],[10.4970829798753,45.4110359937322],[10.4971845202936,45.4110796579002]],[[10.4978989010356,45.4140331983888],[10.4982139426857,45.4149938909315]],[[10.4978153780672,45.4080302958554],[10.4986277630056,45.4090804663472],[10.4983748986548,45.4094220024807],[10.4981289146908,45.4092676172212]],[[10.4980725511666,45.4145627339225],[10.4987038287204,45.4142353979332]],[[10.4981695801166,45.4097421251072],[10.4982497287617,45.4097965143293],[10.4984466221605,45.4098721022034],[10.4984986541663,45.4098920773308],[10.4987401646854,45.4099660429052],[10.4989449371293,45.4100742367213],[10.4996568400461,45.4108531125818],[10.4993588696412,45.4111028926969],[10.4990135565738,45.4120209924599],[10.4985230987132,45.412627635264],[10.4984303855981,45.4128747192751],[10.4982755770362,45.4134914190538],[10.4982524335383,45.413780978478],[10.4981844110038,45.4139264987853],[10.4974557838804,45.4141987961017],[10.496958141805,45.4144053890563],[10.495808929516,45.4121976269634],[10.4945629311284,45.4106526614884]],[[10.4984585066526,45.4127997758135],[10.498738657324,45.413050866935],[10.4996263662316,45.4132296398944],[10.5004407536002,45.4136118483946],[10.499833156379,45.4141532122602],[10.4995259921399,45.4147314722524],[10.4992958846053,45.414773060977]],[[10.4983748986548,45.4094220024807],[10.4981421924099,45.4096123192182],[10.4981695801166,45.4097421251072],[10.4978555543036,45.4098816950921],[10.4974358609884,45.4107485390684],[10.4970918405279,45.4103352354501]],[[10.4984466221605,45.4098721022034],[10.4985070936454,45.4097953578071],[10.4990230640239,45.4099814233652],[10.4996364292851,45.4106290171493],[10.4998761173238,45.4107201453374],[10.5013425005332,45.4100366590466],[10.5010702477327,45.4098645417817]],[[10.4989665929828,45.4120872952076],[10.4990673470979,45.4121149078851]],[[10.4992540308852,45.4115381529722],[10.4994859055419,45.4116080358874]],[[10.5004407536002,45.4136118483946],[10.5008566301426,45.4139726401974]],[[10.5004407536002,45.4136118483946],[10.5006372827004,45.413279032337],[10.5004571458503,45.4131970330377]],[[10.5006372827004,45.413279032337],[10.5024733690952,45.4123099877698]],[[10.5013425005332,45.4100366590466],[10.5021505125285,45.4106816801623],[10.5012738624441,45.4108903307661]]]}},{"type":"Feature","properties":{"NOME_COMPL":"Condotta CASTIGLIONE SOLFERINO - S.MARIA","COMUNI":"Castiglione d/Stiviere"},"geometry":{"type":"MultiLineString","coordinates":[[[10.4953853456139,45.403867422285],[10.4950340287536,45.4038887735697],[10.4950592585762,45.403634540561],[10.4957360498499,45.4021376151677],[10.4956031951511,45.4021168574839]],[[10.4957360498499,45.4021376151677],[10.4961505935436,45.4015954535872],[10.4966308020015,45.4014670306828]],[[10.4997491370841,45.4015792554579],[10.4993531979094,45.4010509526593],[10.4987281583435,45.4003542228681],[10.4985064529731,45.4004009624559],[10.4982801810941,45.4000788579263],[10.4979775160914,45.3999646360335],[10.4972887284433,45.3991669584364],[10.4969244261741,45.3989617556142],[10.4969964885677,45.3989265287294]],[[10.4979536408006,45.3999363987093],[10.4990048817939,45.3997688010425],[10.4987992943486,45.3997042292407],[10.4983862331319,45.3988054555041],[10.4983441311955,45.3981332187185],[10.4986301071614,45.3979066314969]],[[10.4990048817939,45.3997688010425],[10.4998470613021,45.3995319174351],[10.5003737265356,45.3989764830989]],[[10.5012165732633,45.4014274824141],[10.5011509650912,45.4012098125789],[10.4996338012377,45.4016096505128],[10.4999713429485,45.4022218619024],[10.4985508845313,45.4030558267887]],[[10.5022525788281,45.4000888433321],[10.5028439770154,45.4008891777559],[10.501415775295,45.4013360903386],[10.5012165732633,45.4014274824141],[10.5011115212477,45.401475679064],[10.500770844346,45.4017419939941]],[[10.5028439770154,45.4008891777559],[10.5029074848826,45.4010582800984],[10.5019174644948,45.40136960077],[10.5020981844054,45.4016040524513],[10.5019460337762,45.4016729442066]],[[10.5029074848826,45.4010582800984],[10.5034671190746,45.4017695348703],[10.5027383862308,45.401988034083],[10.5028198320543,45.4024786980594],[10.5016844865088,45.402819850267]],[[10.5034671190746,45.4017695348703],[10.5039566469118,45.4018209401836]],[[10.5055371836796,45.3988637924529],[10.504893083611,45.3991040323993],[10.5047298426394,45.3984006443347],[10.5049444556472,45.3982363146948]],[[10.505140489758,45.395826048675],[10.5050897924728,45.3957206560987]],[[10.505663504214,45.3944154221665],[10.5053497143166,45.3947738984667],[10.5050732848961,45.3947034200275]],[[10.5055371836796,45.3988637924529],[10.5056833206613,45.3993807387131],[10.5050719739274,45.3995515044421],[10.504893083611,45.3991040323993],[10.5013346836987,45.4003352037237],[10.5015417750215,45.401106813194],[10.5011509650912,45.4012098125789],[10.5006573139809,45.3999312142832],[10.5001222816977,45.3992443563413],[10.500453001423,45.3989840120822]],[[10.5055371836796,45.3988637924529],[10.5057189459972,45.3987927172855],[10.5060474125481,45.3987219811826],[10.5074612815132,45.3985840782993],[10.5070696913591,45.3985757947276],[10.5057951098772,45.398747338356]],[[10.5056833206613,45.3993807387131],[10.5058646464221,45.4000320372526],[10.5046974948905,45.400404171618]],[[10.5057607621096,45.3988971028057],[10.5057189459972,45.3987927172855]],[[10.5073006781548,45.3986266770652],[10.5057556753813,45.3988579782056]],[[10.5058646464221,45.4000320372526],[10.5059736242436,45.4001414817912],[10.504781824413,45.4004874268875]],[[10.5059736242436,45.4001414817912],[10.506764770125,45.4022471960281],[10.5055539373385,45.4024944561677]],[[10.5061441405207,45.3958536446436],[10.5059908541087,45.3956388730184],[10.505140489758,45.395826048675],[10.5042729858722,45.3958832782789],[10.5041692316899,45.396099176952]],[[10.5059908541087,45.3956388730184],[10.5068589150269,45.3953453967321],[10.5065033231588,45.394355147091],[10.5036824217112,45.3944089838914],[10.5031592444689,45.3946129277571]],[[10.5061441405207,45.3958536446436],[10.5060757915171,45.395873979116]],[[10.5061441405207,45.3958536446436],[10.5062549567055,45.3960159152118],[10.5069155313432,45.3958834840245],[10.5079303396207,45.3957655527352],[10.5078239756134,45.3956792600628]],[[10.5065033231588,45.394355147091],[10.5064696001639,45.3942612336091],[10.5061983230338,45.3942637410459]],[[10.5065876303979,45.4017291366059],[10.5066719294447,45.4017185831898]],[[10.506764770125,45.4022471960281],[10.5072189385022,45.40357540161]],[[10.5068589150269,45.3953453967321],[10.507534520283,45.3951484630646]],[[10.5071924376037,45.3972179350048],[10.5090997015331,45.3969751115673],[10.5104963322249,45.3971152020908],[10.510877998213,45.3972858496805],[10.5108634502062,45.3971108812255]],[[10.5075678241316,45.3985832659602],[10.5086968626407,45.3984360941361],[10.5080162674192,45.3985607203458],[10.5074983372945,45.3986128092322],[10.5074612815132,45.3985840782993],[10.5075678241316,45.3985832659602],[10.5074578972259,45.398558518887],[10.5069155313432,45.3958834840245]],[[10.5075429625894,45.3952086134225],[10.5080866543656,45.3950688587014]],[[10.5079303396207,45.3957655527352],[10.5086631631233,45.3955010504637],[10.5089671822137,45.3952688422518],[10.5092459439474,45.3947734220461],[10.5083431274988,45.3947885642805],[10.5081338360491,45.395234617323]],[[10.5083431274988,45.3947885642805],[10.5083645538038,45.3944762887561],[10.5080819738576,45.3941425547009],[10.5094121088578,45.3937296635802],[10.5098632831544,45.3931998230673]],[[10.5087240501953,45.3983933567196],[10.50917695528,45.3982694697682],[10.5097432133727,45.3982276004903],[10.5097376843663,45.3982498906379],[10.5086968626407,45.3984360941361],[10.5096342118061,45.4007656658392],[10.5081826115558,45.400941346684],[10.5064759821748,45.4012989442925],[10.5065666098364,45.4015648999892]],[[10.5087434468467,45.3984275637689],[10.5087306923707,45.3983917109372]],[[10.5094011335479,45.4008011639181],[10.5094674149642,45.4011517729133],[10.5092953672662,45.4018188121606],[10.5098868811768,45.4034614441083]],[[10.5092953672662,45.4018188121606],[10.5100052002309,45.4017731337093]],[[10.5092459439474,45.3947734220461],[10.5107464540624,45.3949335630209],[10.510877348376,45.3953946419835],[10.5116646746043,45.3956670512634],[10.5114056929755,45.3963904068587]],[[10.509847500995,45.4032946170234],[10.5115769987929,45.4030818695184],[10.5116446908901,45.4034344717634]],[[10.5112772804202,45.3982431921236],[10.5108518711659,45.3980946782831],[10.5097376843663,45.3982498906379],[10.5099654350753,45.3988688330882],[10.5101465730974,45.3993069037538],[10.5102636843046,45.3995901257843],[10.5101460982915,45.3996547189144],[10.5106046782215,45.4005827636671],[10.5096875130169,45.4007582844688]],[[10.5101465730974,45.3993069037538],[10.5109539940141,45.3992030840167],[10.5107555260271,45.3989459163961]],[[10.5100883751727,45.3970991710689],[10.5102673840493,45.397653890523]],[[10.5106046782215,45.4005827636671],[10.5112893860508,45.400510666137]],[[10.510877998213,45.3972858496805],[10.5127534350518,45.3969053427884],[10.5132368025952,45.3978379511825],[10.5133857223667,45.3981188063507],[10.5134983589473,45.3980658901945],[10.5139483307268,45.3984550792159],[10.5136394808086,45.3986686187459]],[[10.5109539940141,45.3992030840167],[10.511749519717,45.39961535653],[10.5113891714061,45.4004733692386]],[[10.5115769987929,45.4030818695184],[10.51221249268,45.403016148638]],[[10.5116646746043,45.3956670512634],[10.5138424636818,45.3955642810175],[10.5136405626604,45.3962033219739]],[[10.5128879829559,45.3971606773331],[10.5129445721344,45.397144393468]],[[10.5132368025952,45.3978379511825],[10.5133001327836,45.3978178281944]],[[10.5134983589473,45.3980658901945],[10.514329579795,45.3975888461466],[10.5140942275035,45.3968276920594]],[[10.5138424636818,45.3955642810175],[10.5158604797909,45.3951164821649],[10.5165655662537,45.3955538614116]],[[10.5139483307268,45.3984550792159],[10.5144723364112,45.3986024012024],[10.5148309320525,45.3989616260598],[10.5146604805026,45.3992410911426],[10.5142108704714,45.3991892024256]],[[10.514329579795,45.3975888461466],[10.5156117392927,45.397086528266],[10.5160104601747,45.3971551568783],[10.5165199999196,45.397444075866],[10.5166555317294,45.3968830465112]],[[10.515933957279,45.3951347905665],[10.5160986431838,45.3949815479959]],[[10.5165199999196,45.397444075866],[10.5169471048946,45.3975060841298]]]}},{"type":"Feature","properties":{"NOME_COMPL":"Condotta CASTIGLIONE SOLFERINO - SORGIVE","COMUNI":"Castiglione d/Stiviere, Solferino"},"geometry":{"type":"MultiLineString","coordinates":[[[10.5276505645917,45.3714617353364],[10.5275423162492,45.3714661628478]],[[10.527561595475,45.3704912421868],[10.5276269647,45.3711350932953],[10.5263280453106,45.3712928876275],[10.5259767734263,45.3718205825162]],[[10.5276269647,45.3711350932953],[10.5276945720998,45.3720708237424],[10.5297472713589,45.3711411035916],[10.5297264233257,45.3683598530321],[10.5279886415785,45.3685288305183],[10.5275801164064,45.3687112316319],[10.5274610960564,45.3689522070442],[10.527561595475,45.3704912421868],[10.5274446297779,45.3705344386369]],[[10.5297264233257,45.3683598530321],[10.5302685262597,45.3682936427932]],[[10.5311926202324,45.3769234341302],[10.5311011491536,45.3772276297239],[10.5307565311207,45.3773859297774],[10.5302679247017,45.37821137313]],[[10.5310630192351,45.3769690804021],[10.530880427559,45.3759622359766],[10.529751565733,45.3760448173273],[10.5293730160018,45.3763309026463]],[[10.5310610596217,45.3769582749358],[10.5310853470376,45.3769541931108],[10.5310970745833,45.3769913595842]],[[10.5328143607339,45.3743723804292],[10.5327200598197,45.3738796745376],[10.5332519225408,45.3738505803064],[10.5333317514486,45.3733467550314]],[[10.5334007718324,45.376057748619],[10.5335122693803,45.3766530054592],[10.5330107192109,45.3767673156678]],[[10.5333395145745,45.3756783594335],[10.5333075966758,45.3759488754547]],[[10.5341379281983,45.3746035043386],[10.5342614809655,45.3753300753816],[10.5333608067294,45.3755441523625],[10.5332772963841,45.3756813902788]],[[10.5333841782417,45.3759477974626],[10.5334007718324,45.376057748619],[10.532045943787,45.3761084621257],[10.5316043680319,45.3759058197747],[10.530880427559,45.3759622359766]],[[10.5335050060768,45.3766142289557],[10.5334212834511,45.3766206137232]],[[10.5336704184164,45.3710315392448],[10.5340416667116,45.3720037936144],[10.5335291564045,45.3720567813878],[10.5333958058298,45.3727698914648]],[[10.534414626143,45.3707161574181],[10.5336704184164,45.3710315392448],[10.5335099536639,45.3707126124998],[10.531904796603,45.3709613839582],[10.5319523859848,45.3722623613483],[10.5320784153051,45.3723155563056],[10.5320799838687,45.3724889742417],[10.5318585825395,45.3725951296645]],[[10.5361436618398,45.3764399376018],[10.5361215241148,45.3765426887374],[10.5353294629904,45.3765884675314]],[[10.5352339618775,45.369676805223],[10.5351349513863,45.3690392657915]],[[10.5351315683565,45.3688290510254],[10.5386309449181,45.3676689518887],[10.5403043546386,45.366940565255]],[[10.5352539433831,45.369675950242],[10.5352339618775,45.369676805223],[10.5352752633068,45.3703398189836],[10.534414626143,45.3707161574181],[10.5344989103813,45.3711800014711]],[[10.5352477419121,45.3696330334889],[10.5353658410829,45.3696232979616],[10.5368289100106,45.3693741596525],[10.536993690877,45.3692714089479],[10.5368361922819,45.3688764305368],[10.5366627874526,45.3689138910191]],[[10.5363193457402,45.3715920050203],[10.5355087853232,45.3715405133973]],[[10.5361436618398,45.3764399376018],[10.53604640866,45.3760694865368],[10.5379787395685,45.3758005172254],[10.5381321605824,45.3762466660794],[10.5371977642718,45.3764081894765]],[[10.5361436618398,45.3764399376018],[10.5362182372561,45.3764330799094]],[[10.5363418078218,45.3735756844513],[10.5364430095486,45.3735765083225],[10.5364075006884,45.3738755645185]],[[10.5364911745538,45.3744885270451],[10.5364420864454,45.3744890143508],[10.5364180566284,45.3744892528911],[10.5351579508186,45.3745431220695],[10.5342792500944,45.3746169899921],[10.5341379281983,45.3746035043386],[10.5331680167232,45.3745109455507],[10.5329791714679,45.3744900629143],[10.5328143607339,45.3743723804292],[10.5320754681377,45.3744635269974]],[[10.5364420864454,45.3744890143508],[10.5363473649868,45.3739554090579],[10.5363327171203,45.3729544901339],[10.5363193457402,45.3715920050203],[10.5354326299306,45.3715649012351],[10.5352539433831,45.369675950242],[10.5351315683565,45.3688290510254],[10.5297472713589,45.3711411035916]],[[10.5364430095486,45.3735765083225],[10.536410729073,45.3733047093444]],[[10.5364911745538,45.3744885270451],[10.5358494638636,45.3745395633445]],[[10.5364911745538,45.3744885270451],[10.5394396660276,45.3741534978715],[10.540207586404,45.3736713153481],[10.5407654940276,45.3734813262926],[10.5407433093011,45.3734515470717],[10.5407118683047,45.3734093428206],[10.5405481850719,45.3730915062346],[10.5405667246887,45.3729585545739],[10.5403069984345,45.3725331574501],[10.5399332390119,45.3719209765584],[10.5405643133182,45.3717609799022],[10.5404280726228,45.3714466758225],[10.5405296153084,45.3710567147806]],[[10.5364927465509,45.3745221279985],[10.5394034782374,45.3741902027229]],[[10.5368361922819,45.3688764305368],[10.5367225814205,45.3685149814627],[10.5368446634435,45.3684225940123],[10.5381871966631,45.3680064130278],[10.5392298870778,45.368478285436],[10.5398624722258,45.3685283018225],[10.5407489121491,45.370585904889]],[[10.536888845772,45.3703128664825],[10.5376297752466,45.3699634632439],[10.5383034160507,45.3704549488761],[10.5385544657501,45.371136541114]],[[10.5369502965885,45.3697617541638],[10.5368779940972,45.3702663077185],[10.5369296843513,45.3704880823656]],[[10.5369502965885,45.3697617541638],[10.5368289100106,45.3693741596525]],[[10.5369502965885,45.3697617541638],[10.5376297752466,45.3699634632439]],[[10.5372473697603,45.3718468778828],[10.5371072277725,45.3716582771483]],[[10.5379587407689,45.3727357455853],[10.5388395245532,45.3740872417583],[10.5407118683047,45.3734093428206]],[[10.5400352079238,45.3720879930024],[10.5379587407689,45.3727357455853],[10.5372473697603,45.3718468778828],[10.5374038360483,45.3717991826708]],[[10.5396734521059,45.3760645724024],[10.5381321605824,45.3762466660794],[10.5382669396297,45.3764728274408],[10.5380609599024,45.3768415067145]],[[10.5382669396297,45.3764728274408],[10.5383539704417,45.37646580057]],[[10.5394396660276,45.3741534978715],[10.5396209039092,45.3751620421427],[10.5396757435367,45.3758052952963],[10.5396835783863,45.376858995492],[10.5397606246422,45.3769957791846],[10.5399157095328,45.3769838138144],[10.5404641726247,45.3775689626667],[10.5405090261713,45.3779824920411],[10.5398244818613,45.3782639634476],[10.5398412964975,45.3781513330662]],[[10.5396518431416,45.3755249525804],[10.5398504805435,45.3755102153101],[10.5398229541496,45.3748021946516],[10.5412053649106,45.3744732580936],[10.5412549821874,45.3741593738108]],[[10.539985842642,45.3770794308972],[10.5397145373565,45.3773409110338]],[[10.5398244818613,45.3782639634476],[10.5391894168054,45.3784125727546]],[[10.5399157095328,45.3769838138144],[10.5402014289194,45.3761190059618]],[[10.5401213196126,45.3691013410644],[10.5402466334421,45.3690646606608]],[[10.5403069984344,45.3725331574501],[10.5403069984345,45.3725331574501],[10.5408195478312,45.3724425105664],[10.5423428184108,45.3722177718382],[10.5425998315346,45.3720474475233],[10.54243687968,45.3716676437654]],[[10.5405090261713,45.3779824920411],[10.5421007379252,45.3779974184529],[10.5421325569486,45.3770872208696],[10.5411779556063,45.3769914369307],[10.5412111228068,45.3769020340521]],[[10.5407433093011,45.3734515470717],[10.54141133038,45.3734729625022],[10.5425628565488,45.3736659789821],[10.5423428184108,45.3722177718382]],[[10.5421325569486,45.3770872208696],[10.5426359056549,45.3771538236699],[10.5429778945835,45.3768062504292],[10.5432289034249,45.3768409644145],[10.5429631547097,45.3775066449314]],[[10.5433479221624,45.3744311029215],[10.5432583895022,45.3744594248663]],[[10.5433138389453,45.3755718517443],[10.5432602826995,45.3763920818632],[10.5455116707305,45.3764223647581],[10.5453981465797,45.3765346463456],[10.5453121184363,45.3773073879463],[10.5454985218061,45.3774400018616],[10.5452473616051,45.3775119589504]],[[10.5432826094438,45.373918809782],[10.5432098887554,45.3741671413113],[10.543391680885,45.3745147822652],[10.5433957271777,45.3746634993026],[10.5433961503777,45.3746790534856],[10.5433138389453,45.3755718517443],[10.5423975455651,45.3752355546777],[10.5415410710337,45.3752774030809]],[[10.5433957271777,45.3746634993026],[10.544872043781,45.3731192707133],[10.5431615003274,45.3739321102166],[10.5414170378271,45.3734977203683],[10.5407654940276,45.3734813262926]],[[10.544872043781,45.3731192707133],[10.5452908400045,45.3728111266227],[10.5454065339162,45.3728503941922],[10.544872043781,45.3731192707133]],[[10.5454985218061,45.3774400018616],[10.5461102333878,45.377182333649],[10.546263996803,45.3772445553424]],[[10.5474348559249,45.3688449467044],[10.5478689003576,45.3688214316591],[10.5479321124662,45.3690973325919],[10.5477842601624,45.3701689363719],[10.5478021731949,45.3713066314994],[10.5462916152387,45.3724696594046],[10.5455114670023,45.3727976067675],[10.5454065339162,45.3728503941922],[10.546128805747,45.3731939841194]],[[10.5455116707305,45.3764223647581],[10.5456841624293,45.3758698765252],[10.5462718276606,45.3758583481666]],[[10.5462578359866,45.3724838592227],[10.5464589770994,45.3726466076657],[10.5467739258131,45.3729014381307],[10.5466002712258,45.3731280119752],[10.5467314465369,45.3734346617428],[10.5490884074095,45.3735053535925],[10.5509247372932,45.3739406835238],[10.551018748966,45.3736714746114]],[[10.5464589770994,45.3726466076657],[10.546952307114,45.3723731603917],[10.5473687800333,45.3726182028403],[10.5474983291756,45.3726944256257]],[[10.5473687800333,45.3726182028403],[10.5480494211179,45.3722725544941]],[[10.5478689003576,45.3688214316591],[10.5483552465635,45.3687680191863],[10.5488319269866,45.3689211437443],[10.5506056310398,45.3699032082223],[10.5497639545903,45.3706250289288],[10.5491424246269,45.3700685046814],[10.5495313724049,45.3698641751323],[10.5494196766411,45.3695758937881],[10.5491177396702,45.3693165384249]],[[10.5480899025402,45.3687860679011],[10.5484283825681,45.3687543056394]],[[10.5483203336259,45.3673745150318],[10.5461733692086,45.3676871719335]],[[10.548431974273,45.3673690080693],[10.5483165954737,45.3673804847677],[10.5474095739954,45.3688289355064]],[[10.5483816253887,45.3687619614273],[10.5487569654571,45.3688888993799],[10.5488387705915,45.3681843613585],[10.5498769114305,45.3682726530417]],[[10.5483813372448,45.3687456543623],[10.5484397188367,45.3674623317528],[10.5484339086185,45.3673684204139],[10.548432640357,45.3673479212822],[10.5483935671844,45.3670337798114],[10.5483944171679,45.3669193441603],[10.5483968932312,45.3665859869106],[10.5483455311435,45.3662020546159],[10.5483924070452,45.3658375250603],[10.5476603501878,45.3657933684238]],[[10.5483944171679,45.3669193441603],[10.5494013308628,45.3668200545017],[10.5497302316538,45.3666155352542]],[[10.5483804874617,45.3659302178759],[10.5485751564507,45.3658881393248]],[[10.5484313316872,45.3673683194586],[10.5484339086185,45.3673684204139],[10.5491230964675,45.3673954183095]],[[10.5488387705915,45.3681843613585],[10.5488390433419,45.3681724644725]],[[10.5497639545903,45.3706250289288],[10.5498861047759,45.370687770421]],[[10.549721978433,45.3666206673555],[10.5500315637968,45.3668479463127],[10.5500469899554,45.367450757381],[10.5507449178843,45.3676383607368],[10.5509391778543,45.3682187432105]],[[10.5501585470128,45.3680138240711],[10.5500469899554,45.367450757381]],[[10.5506056310398,45.3699032082223],[10.5517509536843,45.3701498890286],[10.5517094338275,45.3702385587421],[10.5510909268167,45.3711602609116],[10.5510364777233,45.3711434370363]],[[10.5510909268167,45.3711602609116],[10.5510570836315,45.371289519206],[10.5516905892443,45.3713716571768],[10.5516818963741,45.3715093556226],[10.5511819037343,45.3719054715629]],[[10.5513226554466,45.3700533858708],[10.5523979597337,45.3701847758546],[10.552416347831,45.3698449658451],[10.5526418410841,45.3697936341259]],[[10.5514018992791,45.3717501404515],[10.5510625668963,45.3722495797069]],[[10.5516455723363,45.370333098232],[10.551591123886,45.3703162746105]],[[10.5516905892443,45.3713716571768],[10.5520274997462,45.3713904965697],[10.5518466861278,45.3716124969778]],[[10.5520274997462,45.3713904965697],[10.5530572275649,45.3713823511266]],[[10.5526440760511,45.3698006276828],[10.553372221146,45.3697612717998]],[[10.5526440760511,45.3698006276828],[10.5533729461576,45.3697716445023],[10.553372221146,45.3697612717998]],[[10.5526494033429,45.3698172975944],[10.5533744162742,45.3697926773669],[10.5533729461576,45.3697716445023],[10.5533794408138,45.3697667047896],[10.5543168262517,45.3697324744875],[10.5560141477292,45.3695606803113],[10.556037436656,45.3687337207075]],[[10.5526494033429,45.3698172975944],[10.553367274137,45.3697978676841],[10.5533671394842,45.3697929496333],[10.5533744162742,45.3697926773669],[10.5533747967258,45.3697926898502],[10.553373206584,45.3697716341457],[10.5541310969355,45.3697464368699],[10.5550460977721,45.3696896909844],[10.5560244844493,45.3695595148313]],[[10.5530957924923,45.3714257352419],[10.5536310443338,45.3717111783326],[10.5539849995084,45.3728070045884],[10.5540956661876,45.3729050247112],[10.5545891440633,45.3728778170489],[10.5551656111431,45.3737569215142],[10.5541077414465,45.3738005958395],[10.5541428668001,45.3744763101702],[10.5548583234543,45.3745163338128]],[[10.5533764298359,45.3698214852343],[10.5533673894704,45.3698020801111],[10.5533747967258,45.3697926898502]],[[10.5533764298359,45.3698214852343],[10.5543080886357,45.3697723967245],[10.5559668681363,45.3695924206429]],[[10.5534052284526,45.3700711635536],[10.5533764298359,45.3698214852343],[10.5526610680254,45.3698562211188],[10.5526441001228,45.3698007030068]],[[10.5558738565901,45.3703019259134],[10.5554270446295,45.371289418387],[10.5552782694781,45.3712088000881]],[[10.5553782078509,45.3712900835836],[10.5557388348803,45.3715880040348],[10.5564211021263,45.3715513562092]],[[10.555879627214,45.3703020180187],[10.5559671713799,45.3703909948565]],[[10.5559668681363,45.3695924206429],[10.556558299874,45.3696073361305],[10.5566036305178,45.3701955209243],[10.5557883953014,45.3702419522971]],[[10.5565617288241,45.3695068861902],[10.5575228761169,45.3695080957368]],[[10.5566036305178,45.3701955209243],[10.5572858104852,45.370482404034],[10.5578213996575,45.3709503056912]],[[10.5574690577582,45.3694369878721],[10.5574292283779,45.3689707335598],[10.5571849612468,45.3686882703307]],[[10.557522981808,45.3694735130557],[10.557522981808,45.3694735130557]],[[10.557522981808,45.3694735130557],[10.5574653918155,45.3689123320145],[10.5568563674051,45.3683608058825],[10.5588564206854,45.3677517114266],[10.5589381681059,45.3676250497416]],[[10.5590738790696,45.3679069147227],[10.5591452335324,45.3687916703084],[10.560540618912,45.3691018815317],[10.5610914099399,45.3690564743541],[10.5611328038905,45.36896293317],[10.5630881797456,45.3690084985238]],[[10.5591397460646,45.3687904382285],[10.5590382798084,45.3695425129384],[10.5593014221804,45.3695182588619],[10.5597124490749,45.3702530042615],[10.5609933962117,45.3708209010019],[10.5609137045528,45.3708777033449]],[[10.5611300442979,45.3689691692494],[10.5609206494619,45.3685319486234],[10.5604528677484,45.3684189264756]],[[10.5609933962117,45.3708209010019],[10.5612859823469,45.3709787468642]]]}},{"type":"Feature","properties":{"NOME_COMPL":"Condotta CASTIGLIONE SOLFERINO - VALLE","COMUNI":"Castiglione d/Stiviere"},"geometry":{"type":"MultiLineString","coordinates":[[[10.4975956641095,45.4057173997375],[10.4990805866259,45.4080455655136],[10.5001343317612,45.4086261734209],[10.4993114697564,45.409027341378]],[[10.498024784943,45.4033903137612],[10.497973420706,45.403281336792]],[[10.4993802608904,45.4040584704421],[10.4991989996644,45.4036745974102],[10.4992492497113,45.4033644138999],[10.498788073335,45.4031348544033],[10.498078953941,45.4033770065326],[10.4970900761748,45.4036199305603],[10.4955531527439,45.403969517459],[10.4954667699448,45.4040117394352]],[[10.4992492497113,45.4033644138999],[10.4999038078864,45.4026819043077]],[[10.5001343317612,45.4086261734209],[10.5020780050894,45.4074199515109],[10.5022274348201,45.4070878906113],[10.5020003238605,45.4068826850562]],[[10.5008419002267,45.404804377805],[10.5020732110874,45.4042778434244]],[[10.5017573774398,45.4102620639562],[10.5020235250721,45.410472235206]],[[10.5029188359722,45.4090784173005],[10.5017573774398,45.4102620639562],[10.5015515812227,45.4101278011584]],[[10.5020780050894,45.4074199515109],[10.5023016932362,45.4080826783529],[10.5025199100826,45.4083354969636],[10.5026041662125,45.4084330060223],[10.5027170850812,45.4088780390398],[10.5028167013156,45.4088510450623]],[[10.5025343285273,45.4083521833626],[10.5027244933215,45.4083071219428],[10.5031055977489,45.4081596586103],[10.5036220055709,45.4078350922515],[10.5041749196182,45.4072744560081],[10.504048111825,45.4065994992891],[10.5035198734727,45.4064777044083],[10.5029241340947,45.4061568206863],[10.501847785647,45.4051628890498],[10.5007877932491,45.4047850929591],[10.5007014713862,45.4047560941808],[10.5003985842289,45.4046258444326],[10.4995683059929,45.4041107889338],[10.4993802608904,45.4040584704421],[10.4987041711167,45.4042537247162],[10.4992341221159,45.4053233453007],[10.4977527668408,45.4053345654396],[10.4975518469758,45.4053837698957],[10.4975956641095,45.4057173997375],[10.4965447178906,45.4059805463449]],[[10.5031831588424,45.4131973666561],[10.503312386778,45.4116326501711],[10.5048494333243,45.4116780850533]],[[10.503312386778,45.4116326501711],[10.5032701139007,45.4112628300056],[10.5037372723753,45.4106284486951],[10.5031871046279,45.4104816398977]],[[10.5037372723753,45.4106284486951],[10.5044958832937,45.4105551468115],[10.5052623638914,45.4103125414695],[10.5043617041156,45.4096074322368],[10.5038079861615,45.4095329090835],[10.5035204502383,45.4094840990547],[10.5027170850812,45.4088780390398]],[[10.5041555372007,45.4095796852197],[10.5041993105689,45.4094854645903]],[[10.5041689344818,45.4070489975526],[10.5045551385039,45.4070612255374]],[[10.5048097707176,45.4099445525575],[10.5049326406588,45.4098689987034]],[[10.5051560999742,45.4102198203662],[10.5052756046925,45.4101798686956]],[[10.5056053103493,45.4104358737929],[10.5052623638914,45.4103125414695]],[[10.507002305334,45.4074584128563],[10.5072403740985,45.4075573770485]],[[10.5072652572035,45.4109980058219],[10.5078881090333,45.4112339438831],[10.5077526800399,45.4116030750586],[10.5067534890391,45.4114701628566],[10.5063402026654,45.4115291851851],[10.5043168568623,45.4126662176956],[10.5031831588424,45.4131973666561],[10.5026551916624,45.4133650251967]],[[10.507254458879,45.4075317662777],[10.5076651682985,45.4076754269082],[10.5079062100484,45.4079784984657]],[[10.5077968390186,45.4115310018551],[10.5092070940421,45.4115822271099],[10.5090899860713,45.4111909402569],[10.5091513230867,45.4108979293136]],[[10.5088341548631,45.4070129470891],[10.5078454303086,45.405341466261]],[[10.5086164608582,45.4092386491226],[10.5085686697015,45.4091868577051]],[[10.5086788961645,45.4115634115811],[10.5088665271478,45.4120802786078]],[[10.5088341548631,45.4070129470891],[10.5090770482859,45.4075437287625]],[[10.5093597817696,45.408626520314],[10.5092789960022,45.4075585141269],[10.5088615951456,45.4070033632608],[10.5088341548631,45.4070129470891],[10.5085159466051,45.4071240841996],[10.5074139586594,45.4069249642025],[10.5067785677068,45.407161403062],[10.507002305334,45.4074584128563],[10.5055552557177,45.4081041328058],[10.5059063291134,45.4086744310861],[10.5062016933814,45.4088129835061]],[[10.5092070940421,45.4115822271099],[10.5118943788193,45.4121229776334]],[[10.5092070940421,45.4115822271099],[10.5095945305642,45.412221582933]],[[10.5093541506977,45.409941672461],[10.5098287414797,45.4083893027932],[10.5097045568362,45.4086023017289],[10.5093597817696,45.408626520314],[10.5092139513565,45.4092210811821],[10.5086164608582,45.4092386491226],[10.508017097392,45.4097871363303],[10.5072652572035,45.4109980058219],[10.5066702368767,45.4107750195039],[10.5063190420317,45.41094131717],[10.5056063540753,45.4104351199935],[10.5064988419358,45.4099411980454],[10.5063306033158,45.4097571395629]],[[10.5098863306844,45.4085237284524],[10.5098902172415,45.4084990838381],[10.5099057204253,45.4084561764429],[10.5099081982097,45.4083882522491],[10.5098071797385,45.4083598452468],[10.5099301128171,45.4077973090865],[10.5099648100102,45.4078298450641],[10.5099954340131,45.4078311638495],[10.5100299427387,45.4078326499159],[10.5113659444452,45.407285227008],[10.5114059915188,45.4073231908723],[10.5114516994239,45.4073267317031],[10.5114868297404,45.4073294531126],[10.5114993478181,45.407310957005],[10.5115328104309,45.4073545567495],[10.5127378072583,45.4069779882745],[10.5134012892536,45.407162736655],[10.5138648671407,45.4071626427634],[10.5157993962037,45.4078429974327],[10.5166067767453,45.4081708861299],[10.5169570175616,45.4084153572542],[10.516993284714,45.4084376657489],[10.517542961863,45.4087757771801],[10.5178354486274,45.4089556856962],[10.5179444653618,45.4088803718725]],[[10.5108884900746,45.4081936722408],[10.5098902172415,45.4084990838381]],[[10.5099081982097,45.4083882522491],[10.5099954340131,45.4078311638495],[10.5100001319797,45.4078011623164],[10.5113995289455,45.4072452456045],[10.5114516994239,45.4073267317031],[10.5114835254554,45.407376441279],[10.5115328104309,45.4073545567495]],[[10.5114541258899,45.410039902239],[10.5114662468448,45.4101672739565]],[[10.5113995289455,45.4072452456045],[10.5129285691972,45.4068657854424],[10.5113840088433,45.4057646428105]],[[10.5115034646837,45.4073675874569],[10.5117866144975,45.4079247504223],[10.5117038329502,45.4079483106645]],[[10.5116023542168,45.410046630245],[10.5122355197315,45.4100306097543]],[[10.5126877185946,45.40868159307],[10.5116023542168,45.410046630245],[10.5114541258899,45.410039902239],[10.5113256974124,45.4098504225641],[10.5093541506977,45.409941672461],[10.5093323773922,45.4100505849028]],[[10.5117866144975,45.4079247504223],[10.5121186448689,45.4085078842333]],[[10.512162133583,45.408452700301],[10.5133699783476,45.4089734281322],[10.5134380854407,45.4090433747174]],[[10.512357037372,45.4091216627573],[10.5125723660274,45.4091957808951]],[[10.5124346691012,45.4064795621144],[10.5137868410942,45.40583261002],[10.5136700620376,45.4056049780406]],[[10.5129546438926,45.4070223504098],[10.5130717470531,45.4069579620545],[10.5129285691972,45.4068657854424],[10.5133237130393,45.4070418568425],[10.513955326185,45.4070457732483],[10.5145472022517,45.4068683476956],[10.5152537214893,45.4064116844162],[10.5161408008759,45.4064021892306],[10.5157367853911,45.4064205226998]],[[10.5134012892536,45.407162736655],[10.5137360009658,45.4073819156435]],[[10.5136418869718,45.4070671316995],[10.5138648671407,45.4071626427634],[10.5152917122592,45.4076376293443],[10.5166629387678,45.40818276364],[10.5167689937241,45.4081122339019]],[[10.5139552411316,45.4071769224014],[10.5141152952072,45.4071074072463],[10.514073439529,45.4070316977145]],[[10.5141152952072,45.4071074072463],[10.514697098347,45.4069156566272],[10.5148714969717,45.4067977813239],[10.5148063775534,45.4067351248747]],[[10.5150554142664,45.4038383610604],[10.5155353116477,45.4026674760843],[10.5145713071407,45.4023413816678]],[[10.5148714969717,45.4067977813239],[10.5159117428075,45.4068012575677],[10.5164328471378,45.4063813399153],[10.5164234497085,45.4063558826197],[10.5164169776043,45.4063383499095],[10.5162886017646,45.4063118643677],[10.5161408008759,45.4064021892306],[10.5163561696067,45.4064093391568],[10.5164234497085,45.4063558826197],[10.5164802323738,45.406310766577],[10.5167985564679,45.4056970415024]],[[10.5156865141092,45.4041819307433],[10.5156873963092,45.4042149138086]],[[10.5157363746871,45.4052794483273],[10.5161688931933,45.4053649514724]],[[10.5165419404883,45.4041078831485],[10.5157363746871,45.4052794483273],[10.5151413035037,45.4051700304352]],[[10.5164169776043,45.4063383499095],[10.516767667617,45.4056925935772],[10.5167985564679,45.4056970415024],[10.5176131920365,45.4045204002538],[10.5177786013999,45.4042716527228],[10.5194877519338,45.4046237189961]],[[10.516767667617,45.4056925935772],[10.5175912872658,45.4044973846626],[10.5163724363282,45.4040402871103],[10.5156865141092,45.4041819307433],[10.5154702241396,45.4040729856416],[10.5148388329105,45.4037184203639],[10.5142611319266,45.4043936153808]],[[10.516993284714,45.4084376657489],[10.5170673325104,45.4083749741049],[10.5169106160712,45.4082814661861]],[[10.5170673325104,45.4083749741049],[10.5184335379445,45.4073058723001],[10.5186616360175,45.4077036643336],[10.5195630184219,45.4078480932075],[10.5198695736246,45.4077549869208],[10.5199703412021,45.4078557073951]],[[10.517542961863,45.4087757771801],[10.5176376590549,45.4087106501268]],[[10.5176213221786,45.4045081739593],[10.5175912872658,45.4044973846626],[10.5177786013999,45.4042716527228],[10.5184289886559,45.403344438498],[10.5186242351694,45.4030900491292],[10.5174567002872,45.402792730023],[10.5176522601016,45.4022643871897]],[[10.5177267133107,45.402280777664],[10.518020802262,45.4017467796183],[10.5179341348132,45.4017348966832]],[[10.518020802262,45.4017467796183],[10.5182089092926,45.4014010245135],[10.5181156113787,45.4013718498939]],[[10.5182089092926,45.4014010245135],[10.5184830962994,45.4008151498659]],[[10.5184335379445,45.4073058723001],[10.5187831715796,45.4068873626222]],[[10.5184289886559,45.403344438498],[10.5188350735153,45.4033236476233],[10.5185675014887,45.403263950926]],[[10.5184158451902,45.4009588511903],[10.5185681358284,45.4009965087711]],[[10.5187899779913,45.4033872860804],[10.5190312717647,45.4034159257389],[10.5192565221152,45.4034426606824],[10.5202775491733,45.4035863616626],[10.5203114326101,45.4035754395375],[10.5203904224622,45.4036078684114],[10.5206461136716,45.404325469208],[10.5214640134058,45.4041984253038]],[[10.5188103158525,45.403318124093],[10.5188328963582,45.4032998685417],[10.5190956514904,45.4033533527007],[10.5190781080838,45.4033952246779],[10.519040789697,45.4033957210927],[10.5190312717647,45.4034159257389],[10.5190231287916,45.4034332116128],[10.5190548147094,45.4034547051842]],[[10.5190956514904,45.4033533527007],[10.5203114326101,45.4035754395375],[10.5214293138333,45.4033086899257],[10.5220955393904,45.4029404049631],[10.5222778804199,45.402625319592],[10.5231127967405,45.4034411150208],[10.5234854935443,45.4032637450567],[10.5235536432466,45.403330042033]],[[10.5198695736246,45.4077549869208],[10.5201997254507,45.4074387938808],[10.5203394824128,45.4067851849978],[10.519701292342,45.4069663929681]],[[10.5200304271233,45.4052836835521],[10.5198854347771,45.4048268583354]],[[10.5208354531164,45.4050827297626],[10.5200304271233,45.4052836835521],[10.5197894738041,45.4065847483685],[10.5193200286189,45.4064039866337]],[[10.5203394824128,45.4067851849978],[10.5205352809388,45.4066685221318],[10.5207519975984,45.4061246851473],[10.5220988267202,45.4054582517936],[10.5223980186015,45.4054021236625],[10.523771436957,45.4048656657269]],[[10.52025676097,45.4035194442985],[10.5206139195836,45.4024751713429],[10.5212047676174,45.402853007264],[10.5214577498643,45.4032119659851]],[[10.5206461136716,45.404325469208],[10.5206850210497,45.4047899154794],[10.5210920589206,45.405582202325]],[[10.5210400074831,45.4059886421953],[10.5210534331204,45.4060570127593]],[[10.5212047676174,45.402853007264],[10.5218672424928,45.4026026278913]],[[10.5222646809875,45.4054271377905],[10.5221536947938,45.4052619958975],[10.5219025479145,45.4048677765963]],[[10.5234854935443,45.4032637450567],[10.5239521425685,45.4030325239737],[10.523714993389,45.4028516019918]],[[10.5239521425685,45.4030325239737],[10.5244828823825,45.4036419836305]],[[10.5245037509919,45.4035944015967],[10.5247922975741,45.4035794124716]],[[10.5247703862187,45.4035358749242],[10.5252670211048,45.4034941785931]],[[10.5252533237625,45.403447609419],[10.5256408122564,45.4033576950821],[10.5261884713133,45.4029003879435],[10.5260304722235,45.4028435722704],[10.5258927527756,45.402658404052],[10.5257610075542,45.4024212090301],[10.5256907506796,45.4022766966275],[10.5256152197158,45.4022101748586],[10.5253570824421,45.4022084284946]],[[10.5258697999929,45.4026170798592],[10.5259873226909,45.4026103882387],[10.5261323333073,45.4022448227101],[10.5256502914016,45.4022410632841]],[[10.5261323333073,45.4022448227101],[10.5263465222923,45.4022575441049]],[[10.5261884713133,45.4029003879435],[10.527646283698,45.4030644950361],[10.5258917075833,45.4050843335434],[10.5250630697656,45.4055317557972],[10.5246159053951,45.4056312308924],[10.5240737611729,45.4046670627378],[10.5244850060887,45.4043291140152],[10.5245280223383,45.4036238489732]],[[10.527646283698,45.4030644950361],[10.5278927861416,45.4027285753067]]]}},{"type":"Feature","properties":{"NOME_COMPL":"Condotta COLOMBAROLA","COMUNI":"Monzambano, Ponti sul Mincio"},"geometry":{"type":"MultiLineString","coordinates":[[[10.6750329980158,45.3951282259784],[10.6739131761562,45.3957804604788],[10.673767895692,45.396565347084],[10.6718496496682,45.3994169299817],[10.6712873294679,45.4030294302595],[10.6715816257601,45.4038616054559],[10.6718095253617,45.4038337121615]],[[10.6734434017123,45.3842377815185],[10.6732923159753,45.3841186814754]],[[10.6760887129222,45.3945333683472],[10.6759715895537,45.3940100825351],[10.6760558866438,45.3909964149426],[10.6758956800962,45.3880721062753],[10.6764906061355,45.3870471012977],[10.6753836346958,45.3865344146114],[10.6748051812912,45.3852004261524],[10.6734593445965,45.3842332674134],[10.6736146070412,45.3841893058921],[10.6737489688673,45.384344214695],[10.6771602319538,45.3838733065538],[10.6790815808315,45.3837906937787],[10.6833848393743,45.384076680803],[10.6842277281316,45.3843952286499],[10.6853867224025,45.3852522556657],[10.6858449650846,45.3857928352964]],[[10.6733966220766,45.3736351025201],[10.6733686706031,45.3735600510967]],[[10.6901067792656,45.3940840071874],[10.6877666174293,45.3937276136784],[10.6760887129222,45.3945333683472],[10.6753395507939,45.3949572109526]],[[10.6753560183691,45.3949688241621],[10.6760944387703,45.3945481861852],[10.6786332963658,45.394395402724]],[[10.6833628967052,45.3839278135858],[10.6833848393743,45.384076680803]],[[10.6833868429697,45.3839288905653],[10.6834129847561,45.3839298794156]],[[10.6845689135282,45.3671024907625],[10.6846841570049,45.3672766603303]],[[10.6845826881006,45.3656990363303],[10.6845836771794,45.3657464032065]],[[10.6849791884716,45.3698339554292],[10.6855347990843,45.3698051114796],[10.6853539742782,45.3686475926085],[10.6850857536939,45.3686887101322]],[[10.6853539742782,45.3686475926085],[10.6857547715958,45.3685343279928]],[[10.6855347990843,45.3698051114796],[10.6855946788601,45.3709333203675],[10.6852371298828,45.3708985751291]],[[10.6855347990843,45.3698051114796],[10.6863895928565,45.3695943090838]],[[10.6855946788601,45.3709333203675],[10.6869933081732,45.3708755068172],[10.6877188635489,45.3710087765443],[10.6882389640903,45.3699954717782]],[[10.6867671902214,45.372620397978],[10.6864114021211,45.372869251093],[10.6859832380077,45.3728972820678],[10.6850659736655,45.3727723463247],[10.6850202281653,45.3724525248089]],[[10.6862184147318,45.3654577484158],[10.6859780875322,45.3646700096409],[10.6853591399644,45.3647213183154]],[[10.6859780875322,45.3646700096409],[10.6860254626729,45.3636033992985]],[[10.6859780875322,45.3646700096409],[10.6879112982575,45.3644747678569],[10.6878392255197,45.363988508988]],[[10.6865569382818,45.3731587934798],[10.6862499631394,45.3734733726415]],[[10.6868621006643,45.3769351749958],[10.6864255394957,45.3767341522399]],[[10.6866182066924,45.3664482476614],[10.686329267146,45.3674568956639]],[[10.6865719009236,45.3682422840742],[10.6865799161905,45.3685119128513]],[[10.6866305288957,45.3682273432305],[10.6863757146832,45.3679479092064],[10.6860080330074,45.3671385920516],[10.6855120275882,45.3672670255919],[10.6845689135282,45.3671024907625],[10.684440809973,45.3667422957219]],[[10.6867671902214,45.372620397978],[10.6868901508745,45.3726185815594]],[[10.6867671902214,45.372620397978],[10.6865182900164,45.3723268022258],[10.6870442945438,45.3716955862272],[10.6880735178008,45.3714972568161],[10.6891121600708,45.3717106926807],[10.6878224596269,45.3709468619013]],[[10.6869933081732,45.3708755068172],[10.6870464942788,45.3710194406654],[10.6871864972797,45.3713983172482]],[[10.6870464942788,45.3710194406654],[10.6871118586022,45.371007508389]],[[10.6872079804566,45.3748437699533],[10.6873083516947,45.3748250738038]],[[10.688104434692,45.3767879204411],[10.6885613852512,45.3774891204914],[10.6876863017011,45.3779077097688],[10.6873377511735,45.3777115828796]],[[10.6873449147066,45.3743483725623],[10.6872184346956,45.374737827221],[10.6872035249372,45.3748181716383],[10.6872243903396,45.3749380495082],[10.6877093328446,45.375953336342]],[[10.6873624499817,45.3740128402811],[10.6873449147066,45.3743483725623],[10.6874692393078,45.3743349843051]],[[10.6872478362405,45.3689814574827],[10.6876859508309,45.3687566736426],[10.6881784310686,45.3693625180038],[10.6876764859441,45.3702106610404]],[[10.6872485768231,45.3627651950498],[10.6877114429366,45.3626279992758]],[[10.6878222317561,45.3778340560266],[10.6877877604159,45.3777769713117]],[[10.6879112982575,45.3644747678569],[10.6899369571415,45.3642359535346],[10.6898244276351,45.3637735005518]],[[10.6891076272149,45.3718013793325],[10.6881438215849,45.3715345377238]],[[10.6878891204458,45.3611013716258],[10.688569683218,45.3611119604739],[10.6886567053356,45.3607550212137],[10.6900191455545,45.3609298998452],[10.689973849568,45.3620319452263],[10.6908637340539,45.3620761347384],[10.6905841682519,45.3627433935799],[10.6916839933273,45.3628418315277],[10.6913420302757,45.3635995032314],[10.6906164245922,45.3632798361872],[10.6886262808134,45.3637796628984],[10.6872485768231,45.3627651950498],[10.6866734984391,45.362580950444],[10.6859526492829,45.3620913881604],[10.6865929501759,45.3616230262606],[10.6878891204458,45.3611013716258],[10.687895975065,45.3614718874633]],[[10.6902063847186,45.3937491495894],[10.6904266430319,45.3925111517378],[10.6887653107687,45.3897876630754],[10.6893291733589,45.3898482889073],[10.6905456916735,45.3919827628775],[10.6912339063452,45.3925902426454],[10.693004031202,45.3937095008097]],[[10.6887653107687,45.3897876630754],[10.6872493170466,45.3869094536556],[10.6871844045976,45.3863452443292],[10.6875875696995,45.3822851435166],[10.687947951712,45.3821780864963],[10.6882129211612,45.3799436358999],[10.6888727956717,45.3794812718874],[10.6891374717785,45.3788878434145]],[[10.6881784310686,45.3693625180038],[10.6882091078196,45.3693969010705]],[[10.6881784310686,45.3693625180038],[10.6891302795735,45.3685142125354],[10.6887915982935,45.3681558890735],[10.6884800667354,45.3675287921945],[10.6880386306756,45.3676046049494],[10.6878809410009,45.3678415024845],[10.6874545575346,45.3680173424948],[10.6866305288957,45.3682273432305],[10.6872478362405,45.3689814574827],[10.6867450431152,45.3693581536698]],[[10.6883629399163,45.3675417492041],[10.6881611509691,45.3670592994829]],[[10.6887028758441,45.3732604548905],[10.6887062905822,45.3731995283165]],[[10.6898663460447,45.4110293270205],[10.689982177191,45.4102603270505],[10.6902817119893,45.4102998781821]],[[10.68895703896,45.3784535298382],[10.6882895009127,45.3786120373632]],[[10.689022136817,45.3788689605075],[10.6890420042075,45.3788721502918],[10.6890629035442,45.3788920386508],[10.6891933380916,45.3784620927283],[10.6906512983974,45.3782609034028],[10.6906082963252,45.3782431700731],[10.6906049008492,45.378227264274],[10.6905988696267,45.3781990115356],[10.6906164516147,45.378169755651],[10.6904989111996,45.3778747319367],[10.690450710946,45.3773078999338]],[[10.689982177191,45.4102603270505],[10.6898462625637,45.4102397352945],[10.6899367419215,45.4097838894005],[10.6900369470389,45.4096541181498],[10.6901577840783,45.4096926488433]],[[10.6906164245922,45.3632798361872],[10.6896835925131,45.3629338350098],[10.6889814731177,45.3624791975274],[10.6886697268718,45.3620172536129],[10.688569683218,45.3611119604739]],[[10.6900369470389,45.4096541181498],[10.690469253798,45.4089696240748],[10.6905848881956,45.4090082313393]],[[10.6891100016453,45.3784472400258],[10.68895703896,45.3784535298382],[10.6890208952809,45.3788272717805],[10.6890232775346,45.3789072638388],[10.6889890723356,45.3790035702905]],[[10.6891100016453,45.3784472400258],[10.6893133921229,45.3778498931315],[10.6892829437605,45.3767897500935],[10.6887504158282,45.3766808263794],[10.6868621006643,45.3769351749958]],[[10.6891710816764,45.3784452901214],[10.6891776657352,45.3784085926875],[10.6892091067709,45.3782791707998],[10.6892394663778,45.3782379362219],[10.6892373532771,45.3782095916024],[10.689438272041,45.3778690291004],[10.6892829437605,45.3767897500935],[10.6893755657146,45.3763019788327],[10.68957333641,45.375909754101],[10.6906210393702,45.3745177127102],[10.6894261139896,45.3762783587308],[10.6905133559503,45.3766036660351],[10.6904698439155,45.3767192708603]],[[10.6891776657352,45.3784085926875],[10.6906049008492,45.378227264274],[10.6907216017359,45.3782124367366],[10.6911641519235,45.3782216827016],[10.691671526699,45.3782398347201],[10.6917637831391,45.3782431350752],[10.6918923492424,45.3786252064476],[10.6928552235464,45.3792839263216],[10.6930752775081,45.3795903219824]],[[10.6890305319379,45.371623866191],[10.6897424342944,45.3709837958203]],[[10.6891768467503,45.3717444252978],[10.6899840956039,45.3722590457795],[10.6913521996413,45.3727205989606],[10.6911668868211,45.3728512252164],[10.6899410099901,45.3722709614461],[10.6891768467503,45.3717444252978],[10.6881885448063,45.37255758836]],[[10.6891426990751,45.3626010934631],[10.6889118905352,45.3627173282399]],[[10.690469253798,45.4089696240748],[10.6906136453139,45.4087512290631],[10.6922851849068,45.4095444597091],[10.6930095976233,45.4093779687639],[10.693385055303,45.410361417184],[10.6909228768492,45.4110918816388],[10.6898663460447,45.4110293270205],[10.6897446251023,45.4113683429932],[10.6896262835309,45.4113554325893]],[[10.6894416090653,45.3732087255092],[10.6896134361585,45.373712528542]],[[10.6900993159285,45.3940828706468],[10.6901184777244,45.3940323652135],[10.6902066443799,45.3937483765488]],[[10.6925292525278,45.3940779008359],[10.6920711325786,45.3943722537125],[10.6901067792656,45.3940840071874]],[[10.6906136453139,45.4087512290631],[10.691251323865,45.4080614003014],[10.6908501862959,45.4078281747529]],[[10.6908121721567,45.4085364685789],[10.6909107047969,45.4085724875736]],[[10.6899369571415,45.3642359535346],[10.6902785625312,45.3656196262313],[10.6866182066924,45.3664482476614],[10.6862184147318,45.3654577484158],[10.6838023354649,45.3657849254844]],[[10.691251323865,45.4080614003014],[10.6913226085965,45.4080960819447]],[[10.6900191455545,45.3609298998452],[10.690021665638,45.3606866422101],[10.6912084010242,45.3607539695071]],[[10.6905133559503,45.3766036660351],[10.691805086994,45.3767412996816],[10.6920843129268,45.3768225119252],[10.6926488792994,45.3769412980224],[10.6934330515731,45.3770481155992],[10.6944935465053,45.3774695821541]],[[10.6906210393702,45.3745177127102],[10.6908443823556,45.3738812220664],[10.689655911943,45.3739988833357]],[[10.6906210393702,45.3745177127102],[10.6909296297746,45.3739511183593],[10.6912012028957,45.3738908697667],[10.6912196547031,45.3738803088049],[10.6912212675073,45.3738698157323],[10.6912230720685,45.3738580750643],[10.6914640892001,45.3736731795297],[10.691570309157,45.3736716060478],[10.6916869938562,45.3736859965446],[10.6916905644804,45.3736940337581],[10.6917004692089,45.3736970122892],[10.6917171281028,45.3737020219175],[10.6917333869789,45.3736938909169],[10.692347669905,45.3738830417622]],[[10.6907954459179,45.3786193274069],[10.6906512983974,45.3782609034028],[10.6917169261067,45.3783295995941],[10.6916686648567,45.3782583190379],[10.691671526699,45.3782398347201],[10.6916769540272,45.3782047801871],[10.6917421098798,45.3780691135557],[10.6913656475005,45.3778215447285]],[[10.6908343466418,45.3739103714129],[10.6911176539855,45.3739071790838],[10.6912212675073,45.3738698157323],[10.6917004692089,45.3736970122892],[10.6919249835986,45.3736160498031],[10.6925707373965,45.3738340788218],[10.6932453263695,45.3734479715893],[10.6962024845669,45.3743908611811],[10.6951291731539,45.3757197513078]],[[10.6908443823556,45.3738812220664],[10.6910121143311,45.3738255869212]],[[10.6909616301167,45.3730486218006],[10.6908675308222,45.3734833973597]],[[10.691012114331,45.3738255869212],[10.6914068516562,45.3728803302936],[10.6911884453428,45.3728581298934],[10.6909616301167,45.3730486218006],[10.6894416090653,45.3732087255092],[10.6887461488304,45.3732573331349],[10.6881691023935,45.3732989604552],[10.6881377136261,45.3735728916554],[10.6879103486912,45.3735727690929],[10.6873624499817,45.3740128402811],[10.6865241563698,45.374051094068],[10.6866552292206,45.3731399233928],[10.6859478162318,45.3731190173556],[10.6859832380077,45.3728972820678]],[[10.6915550746994,45.3694599117824],[10.6913919827713,45.370588203023],[10.6914712720586,45.3711846696678],[10.690936544493,45.3712266518069]],[[10.6910263986909,45.368531453274],[10.6897415222135,45.366559712103],[10.6913939410065,45.3663431495267],[10.6914071125753,45.3651577861723],[10.6901906629397,45.3651553587504]],[[10.6915172253963,45.368495547165],[10.6910263986909,45.368531453274],[10.6910401994969,45.3686014382074]],[[10.6921904076964,45.406999656423],[10.6923705636846,45.4075654055902],[10.6930078131655,45.4079316235688],[10.6925769324987,45.4080716240302]],[[10.6914508032668,45.3705769737146],[10.6928064080381,45.3704556875712],[10.6933740820009,45.3705365554405],[10.6930525286914,45.3713423071627],[10.6927325359985,45.3718734708092],[10.6924772217774,45.3721685797036],[10.6923912260674,45.372267978369],[10.6922090671606,45.3724785265077]],[[10.6917169261067,45.3783295995941],[10.6917683727797,45.3785076650291]],[[10.6914425777558,45.3685010081034],[10.6915094887676,45.3685656693211],[10.6915263691737,45.3685638790968],[10.6915524427567,45.3685611138998],[10.6915690343977,45.368543187822],[10.6927636847025,45.3683866656977],[10.6921686747658,45.3663431108628],[10.6942435205205,45.3662231100905],[10.6941064291165,45.3658266771084]],[[10.6915520054878,45.3720486536446],[10.6915786274575,45.3720450257746],[10.6916275301334,45.3720584434115],[10.6924772217774,45.3721685797036],[10.6926317372344,45.3721886071345],[10.6977067534916,45.3737262116631],[10.6978260935117,45.3738601718577],[10.6982745733365,45.373895445839],[10.6984871148309,45.3736205592636]],[[10.6917421098798,45.3780691135557],[10.692595351012,45.3780973699837],[10.6931514220534,45.3772964008716]],[[10.6913942756112,45.3663878892325],[10.6921686747658,45.3663431108628]],[[10.6915723326317,45.3720432986343],[10.6914508032668,45.3705769737146],[10.6916243583454,45.3694143030526],[10.6915263691737,45.3685638790968],[10.6915201593978,45.3685099850014],[10.6912329549263,45.3669444789723],[10.6913939410065,45.3663431495267],[10.6914226999869,45.3663198336979],[10.6921522458574,45.3662157303357],[10.6919936858438,45.3656125248186]],[[10.6916139044439,45.3725144026202],[10.6915791647011,45.3720521741223],[10.6916275301334,45.3720584434115],[10.6923912260674,45.372267978369],[10.6942568075016,45.3727798090045],[10.6930749236224,45.3726453861555]],[[10.6916139044439,45.3725144026202],[10.6916327969497,45.3725129622593],[10.6916282251782,45.3725525214918],[10.6915178294058,45.3728936001267],[10.6916139044439,45.3725144026202],[10.6913521996413,45.3727205989606]],[[10.6914071125753,45.3651577861723],[10.6913420302757,45.3635995032314]],[[10.6916310711097,45.3725278958428],[10.6917387680801,45.3722481914775]],[[10.6913761226642,45.3638059348957],[10.69197051501,45.362364421565],[10.6923315326625,45.3585545765442]],[[10.691380873356,45.3638832966567],[10.6913761226642,45.3638059348957]],[[10.6913777750731,45.3638328432713],[10.6915245206697,45.3636807900325],[10.6919450844634,45.3635791894103],[10.692206471647,45.3621329485403],[10.6922901707774,45.3621018792214],[10.6923235397733,45.3621024533957],[10.6923618138272,45.3621031119584],[10.6923723947943,45.3621304895105],[10.6930619774604,45.3621156780457],[10.6946357625965,45.3619546607157],[10.6945969628549,45.3615981971119],[10.6953428162237,45.3615920757685],[10.6953685054424,45.3615918648459],[10.6955119255798,45.3616248372044],[10.6968886408857,45.3619413335229],[10.697049604494,45.3612832790812],[10.6999177479365,45.3619306969502],[10.6996516767639,45.363044923862],[10.7000366814083,45.3630759049882]],[[10.6916182697086,45.3694456581976],[10.6915790299475,45.3694457801582],[10.6912173545187,45.3695705126516],[10.6906397349096,45.3698311477358],[10.6891302795735,45.3685142125354]],[[10.6919132500197,45.3770532261443],[10.6920843129268,45.3768225119252]],[[10.6916855053616,45.3636611170489],[10.6920035754799,45.3636143496029],[10.6920186680894,45.3635420050682],[10.6919450844634,45.3635791894103]],[[10.6930078131655,45.4079316235688],[10.6934574115886,45.4081899961607],[10.6928593806104,45.4083138615252]],[[10.6931543383996,45.4060968370332],[10.6934673901168,45.4058783338128],[10.6938068356684,45.4057410430893],[10.6948084014333,45.4048188849775],[10.6973511936683,45.4050913557718]],[[10.693385055303,45.410361417184],[10.6939010815625,45.4102735834719],[10.6938048644666,45.4100578370541]],[[10.6925318547323,45.3811523566971],[10.6920255292805,45.3814544469211],[10.6917427012967,45.3811427862011]],[[10.6925433681944,45.381174660446],[10.6925607007474,45.3811872011244]],[[10.6925433681944,45.381174660446],[10.6932955350537,45.3806123176186],[10.6932540219399,45.380399269088],[10.6934948001679,45.3802222898657],[10.6939343267874,45.3800795209387],[10.6941158784846,45.3804205481109]],[[10.6920186680894,45.3635420050682],[10.6922977309392,45.362204320832],[10.6923235397733,45.3621024533957],[10.692441103351,45.3616384256518],[10.6945969628549,45.3615981971119],[10.6945824096384,45.3608219540311]],[[10.6920186680894,45.3635420050682],[10.692611213424,45.3634807228844]],[[10.6921522458574,45.3662157303357],[10.6921686747658,45.3663431108628]],[[10.69212457948,45.3651669082213],[10.6958197264667,45.3646240875501],[10.6959029300988,45.3646033793245],[10.6958364658012,45.3643713326299]],[[10.6933753465807,45.4059425784399],[10.6963721343282,45.4062080686107],[10.6998911908448,45.4061519844069],[10.6998654617338,45.4051168297506],[10.6998587248164,45.4042375670717],[10.6997361940371,45.4036484590478],[10.6975284247975,45.4035567829347],[10.6973569029668,45.4050627595341],[10.697559552428,45.4050708470943]],[[10.6934574115886,45.4081899961607],[10.6935732874442,45.4081652780366],[10.6935334348808,45.4080804419595]],[[10.6922766260574,45.3587588941437],[10.6920257175,45.3586964568291]],[[10.6935732874442,45.4081652780366],[10.6944604367424,45.4078826931206]],[[10.692206471647,45.3621329485403],[10.6922795991167,45.3618565210706],[10.6921589505186,45.36184913092]],[[10.6922795991167,45.3618565210706],[10.6924688979573,45.3613282678147],[10.6923223604677,45.3613258506181]],[[10.6927325359985,45.3718734708092],[10.6948858026515,45.3721202229781],[10.6959725234079,45.3707241050315],[10.6964148907414,45.3698569393519]],[[10.6939010815625,45.4102735834719],[10.6939221484555,45.4103255026028]],[[10.6926652065872,45.3680370277515],[10.6940017299534,45.3678968215726],[10.6939375185113,45.3673156156294],[10.6949019410449,45.3672476304498]],[[10.6930752775081,45.3795903219823],[10.6935974153372,45.3794674894047],[10.6939343267874,45.3800795209387]],[[10.6928064080381,45.3704556875712],[10.6929383487093,45.3699217766988],[10.6937780766073,45.3697813183089],[10.6944729171764,45.3699169364392]],[[10.6927636847025,45.3683866656977],[10.6930026117734,45.3695887280981],[10.6928463905358,45.369849781232]],[[10.6938899221178,45.3791101403294],[10.6935304746177,45.3792857838855],[10.6935974153372,45.3794674894047]],[[10.6944949404645,45.4079446086374],[10.6951167674826,45.4078368097452],[10.6949124317008,45.4070874269042]],[[10.6938899221178,45.3791101403294],[10.6936411558146,45.3788722968899]],[[10.6938899221178,45.3791101403294],[10.6944098341369,45.3788639898484],[10.6945861602691,45.3791772246403],[10.6952038511354,45.3791154143694],[10.6952740952849,45.3791187242667],[10.6954148645035,45.3791253571668],[10.6959034645006,45.379148378133]],[[10.6935619803586,45.364974549611],[10.6935812841563,45.3650383147491]],[[10.6940842031792,45.3803610494632],[10.6943879530904,45.3802616821715]],[[10.6937780766073,45.3697813183089],[10.6939583594346,45.3697511621297],[10.6940828866404,45.3695077809437],[10.6944909749289,45.3694919199789],[10.6952858288901,45.3696287581285],[10.6973602228879,45.3700479790947],[10.69747060248,45.3700894532565]],[[10.6951167674826,45.4078368097452],[10.6952550365019,45.4082487501244],[10.6962604123146,45.4080202521814],[10.696408708905,45.4081508893159],[10.694917356213,45.4085730270553],[10.6930095976233,45.4093779687639]],[[10.6938982754508,45.365245233073],[10.693800377449,45.3649425324612]],[[10.6941064291165,45.3658266771083],[10.6939037234331,45.3652444290072],[10.6938982754508,45.365245233073],[10.6938643615696,45.3652502384046]],[[10.6943371093117,45.3773854227912],[10.695327809526,45.3759995792309],[10.693809412161,45.375005529775],[10.6924704919053,45.3751575037229],[10.6904981839277,45.3748223635924]],[[10.6941064291165,45.3658266771083],[10.6940621270994,45.3658325598662]],[[10.6941064291165,45.3658266771083],[10.6950234875662,45.3661684013263],[10.6950235241419,45.3661750219607],[10.6950314274917,45.3661745946329],[10.6950320190552,45.3661815950018],[10.6950327880371,45.3661906948791],[10.6950251116011,45.3662134394514]],[[10.6942435205205,45.3662231100905],[10.6947473565223,45.366193964476],[10.6950320190552,45.3661815950018],[10.6975952535619,45.3660701823024],[10.6994140404487,45.3661497159473],[10.6985266598754,45.3662348991206]],[[10.6954703628379,45.4028094333052],[10.6959592384376,45.4021601992656]],[[10.6947760912453,45.3791608573451],[10.6948664645884,45.3795635348954],[10.6950679193675,45.3796882785828],[10.6951570767287,45.3803558167024],[10.6952747269499,45.3804330329217],[10.6942261879284,45.3819581783182],[10.6911147015339,45.3826058120895]],[[10.6958083971629,45.3990393053914],[10.6955624193395,45.3995932320719]],[[10.6951776041599,45.3803810587631],[10.6950834322657,45.3805380599682]],[[10.6946357625965,45.3619546607157],[10.6948834711849,45.3636370819658]],[[10.6958083971629,45.3990393053914],[10.6963643637405,45.3978189544232]],[[10.6952044826547,45.3775562756788],[10.695490135655,45.3775582277663],[10.6956760637002,45.3777149409359],[10.6957493373961,45.3772632999856],[10.6975916234541,45.3775027485166]],[[10.6952740952849,45.3791187242667],[10.6956760637002,45.3777149409359]],[[10.6950234875662,45.3661684013264],[10.6951566021041,45.3661577161121],[10.6956587445353,45.3660927800833],[10.6960336679343,45.3658224535998],[10.696022483147,45.3656135999811],[10.6972549501989,45.3655952875215]],[[10.695327809526,45.3759995792309],[10.6955087985796,45.3761111659642]],[[10.6964122150368,45.4082313151259],[10.6981546134416,45.4074105370216],[10.6982034906524,45.4072586604356],[10.696408708905,45.4081508893159],[10.6963965674488,45.4082055121143],[10.6965584947816,45.4084725304452],[10.6965171219963,45.4084928590776]],[[10.6957493373961,45.3772632999856],[10.6959842314655,45.376841256623]],[[10.6953428162237,45.3615920757685],[10.6955860832229,45.3608461298098],[10.697501586299,45.3606361180069]],[[10.6966164830882,45.4030212790965],[10.6973076671949,45.4029809918925]],[[10.6955119255798,45.3616248372044],[10.6956495556855,45.360985424984]],[[10.6956587445353,45.3660927800833],[10.6956672468864,45.3661292322782]],[[10.6959029300988,45.3646033793246],[10.6964178941959,45.3646308789528],[10.6973043046183,45.3651872854869],[10.6996240702573,45.3653306306575],[10.6998553763614,45.3639237551374]],[[10.6962024845669,45.3743908611811],[10.6966745195552,45.3735250621978],[10.6942568075016,45.3727798090045],[10.6976586358044,45.3737442547228],[10.6978049757735,45.3738585108539],[10.6981560452165,45.3740526368848],[10.6981542070264,45.3740550746701],[10.6981541406092,45.3740551627517],[10.6977619714087,45.3749342310867],[10.697232200122,45.3748492090419]],[[10.6960224831469,45.3656135999811],[10.6960076839222,45.3651579632823]],[[10.6971240748396,45.4024100058141],[10.6971217521171,45.401852776754]],[[10.6965801806298,45.362791929708],[10.696041366823,45.3627693403262]],[[10.6966745195552,45.3735250621978],[10.6978049757735,45.3738585108539],[10.6978201628074,45.3738703682174],[10.6978201700686,45.3738703691551],[10.6981542070264,45.3740550746701],[10.6982759630591,45.3741223990379],[10.6985805424539,45.3742908133503]],[[10.6972768454361,45.3904019819465],[10.6980664186143,45.3900182874922],[10.6982602879111,45.3902052838463]],[[10.6965801806298,45.362791929708],[10.6996516767639,45.363044923862]],[[10.6965801806298,45.362791929708],[10.6968886408857,45.3619413335229]],[[10.6982893762545,45.4000575109866],[10.6984325001662,45.3992846904672],[10.6979872645964,45.3978609076922]],[[10.6987756300364,45.4208421601744],[10.699336993332,45.4214035241533],[10.6989231431148,45.4221291317853]],[[10.698444794867,45.4071490396276],[10.6984453379221,45.4070464334979],[10.6980314940167,45.4070378027299],[10.6973224129433,45.4070352020798],[10.6958751525034,45.4071487034532],[10.6949124317008,45.4070874269042],[10.6942309313394,45.4070712550275],[10.6935805957271,45.4070053319835],[10.6933723570934,45.4070609907763],[10.6926038920181,45.4069442433435],[10.6921904076964,45.406999656423],[10.6921692077436,45.4069145434395]],[[10.6978747942475,45.3746813354744],[10.6974719332754,45.3746017894958]],[[10.6984453379221,45.4070464334979],[10.6998180181251,45.4068830820187]],[[10.6995237438549,45.4001240300074],[10.6991064439155,45.4001625013369],[10.6985259397039,45.4000663235099],[10.6982893762545,45.4000575109866],[10.6976091733003,45.399992868205],[10.6967028515717,45.3997566343761],[10.6960540528709,45.3991327641166],[10.6958083971629,45.3990393053914],[10.695477174954,45.3989378683495],[10.6952080428021,45.3989372399307]],[[10.6982893762545,45.4000575109866],[10.6983708779315,45.4001487818316]],[[10.6977619714087,45.3749342310867],[10.6980993191676,45.3749756636186]],[[10.6999497380296,45.4203937479127],[10.6997924111948,45.4206809482128],[10.6991594715065,45.421190696099]],[[10.6994997889632,45.3932006656255],[10.69835412742,45.3940769082401]],[[10.6975426857526,45.366072467779],[10.6970752668949,45.3684309990536],[10.6989959302951,45.3685859391316],[10.6999331037282,45.3687512014404],[10.698520361041,45.3707876914405]],[[10.6981560452165,45.3740526368848],[10.6982759630591,45.3741223990379],[10.6984499640519,45.3742236235034]],[[10.6981560452165,45.3740526368848],[10.6982745733365,45.373895445839]],[[10.6992175145841,45.3950422892186],[10.7005606923427,45.3968216813569],[10.7008792028747,45.3974729013784],[10.6998192992189,45.3975972031972],[10.6993225438551,45.3976554573775],[10.6993274795458,45.3977104491415],[10.6993418426627,45.3977594581503],[10.6984012644063,45.3979643424982]],[[10.6993274795458,45.3977104491415],[10.6994022407359,45.3976847084023],[10.70085023196,45.3975134206375],[10.7009365305945,45.3974676498987],[10.7013820200576,45.3978771868456],[10.701654343697,45.3987953072898],[10.6997143458329,45.3990304603188],[10.6995136356126,45.4001820244691],[10.6997013703514,45.4014316629176],[10.69913004185,45.400756585107]],[[10.6992597602751,45.395026589971],[10.6983931163198,45.3940835175727],[10.6998814241364,45.3930137277559],[10.7006823627898,45.3939295864909],[10.7005543755733,45.3939840923702],[10.7008270722493,45.3944424547345],[10.6992820221077,45.3950162537057],[10.6990878651632,45.3948079602931]],[[10.6993659814061,45.3976971927223],[10.6997143458329,45.3990304603188]],[[10.7000492828594,45.4068707156068],[10.7000744008885,45.4072164354841],[10.6998542681733,45.4076012000954]],[[10.6997361940371,45.4036484590478],[10.6998198534937,45.4036408823161]],[[10.6997776956608,45.4014120088393],[10.6998012053385,45.4020961801313],[10.6998219544538,45.4020260909707],[10.6997776956608,45.4014120088393],[10.7002353793499,45.4013893664968]],[[10.6997928731589,45.4023924269449],[10.6998012053385,45.4020961801313],[10.699845465926,45.4023907799618],[10.6991302366361,45.4024401623615],[10.6975755847167,45.4024063391771],[10.6970572346878,45.4024105484602],[10.6966164830882,45.4030212790965],[10.6954703628379,45.4028094333052],[10.69529403031,45.403502410022]],[[10.699845465926,45.4023907799618],[10.6997133035761,45.4024108066974]],[[10.699845465926,45.4023907799618],[10.6998870685865,45.4023892814031],[10.699915096136,45.4044009663658],[10.6998607295914,45.404404264456]],[[10.699915096136,45.4044009663658],[10.6999162591526,45.4044443194242],[10.699966576129,45.4057323195426],[10.7000492828594,45.4068707156068],[10.6986593458631,45.407066829465],[10.698444794867,45.4071490396276],[10.6983684463728,45.4071766542047],[10.6982034906524,45.4072586604356],[10.6981623183455,45.4070405312507]],[[10.6999162591526,45.4044443194242],[10.7015638104013,45.4043125504607],[10.7019271052458,45.4034629477881],[10.7024422946575,45.4033400714689],[10.7041305100138,45.4035892508518],[10.7038609920554,45.404091344001]],[[10.6998870685865,45.4023892814031],[10.7008072187018,45.4025177922977],[10.7008799417756,45.4014596923617],[10.7010019406455,45.4008331752853]],[[10.7004324503839,45.4198898847569],[10.7009663978839,45.4202288752516]],[[10.7007169619226,45.4188302109768],[10.7009033314577,45.4195103647707],[10.7004324503839,45.4198898847569],[10.6999497380296,45.4203937479127],[10.6984266646534,45.4194084513693]],[[10.7000492828594,45.4068707156068],[10.7033737304132,45.4062420128051],[10.7058490514323,45.4056719061361],[10.7058622357071,45.4056837248187],[10.7050693568462,45.4060915895872]],[[10.6998480481689,45.397628368385],[10.6998206169897,45.3976111329773],[10.6998192992189,45.3975972031972],[10.6998175762155,45.3975789898059],[10.6998421353065,45.3975669193317],[10.699683067896,45.3969025150098]],[[10.6989959302951,45.3685859391316],[10.6989806282041,45.3688138806738]],[[10.6998814241364,45.3930137277559],[10.6994997889632,45.3932006656255],[10.6994969932021,45.3928656274766],[10.6981588241745,45.3916375705321],[10.6982902153994,45.3914507601688],[10.6972768454361,45.3904019819465]],[[10.6998274157944,45.3929605544119],[10.7003385025226,45.3927576529214],[10.7009318748738,45.3922060736246],[10.7016654862659,45.3929530405938],[10.7022801144392,45.3926323646446]],[[10.6991376367487,45.3686109283793],[10.6992052100781,45.3680983237942]],[[10.6994283199008,45.3661633525174],[10.6995929428814,45.3661540498904],[10.6995954027451,45.3661469485383],[10.699598699762,45.3661374304156],[10.6995933672762,45.3661160158616],[10.7005371391028,45.3661020700735],[10.7010846555075,45.3661247923253],[10.7018137604037,45.3661550464963],[10.7021979594443,45.3656732193181]],[[10.6994140404487,45.3661497159473],[10.6996240702573,45.3653306306575]],[[10.6994140404487,45.3661497159473],[10.6995954027451,45.3661469485383],[10.6998085604721,45.3661436955941],[10.6998130498897,45.3661610573133],[10.6995136326591,45.3668364907726],[10.7014307151307,45.3671516629642],[10.7016558462191,45.367517576345],[10.7015588160466,45.3677977151969]],[[10.6999784508731,45.359692487773],[10.6992132717799,45.3587825023158]],[[10.6995933672762,45.3661160158616],[10.6996191858869,45.3654555742377]],[[10.7008126889624,45.4024382026594],[10.7016718992519,45.4025713548187],[10.7016593067865,45.402684100971]],[[10.7013097016719,45.3719219082378],[10.69996011022,45.3731315728621]],[[10.6998345900906,45.3661124657165],[10.6998085604721,45.3661436955941],[10.7023945471861,45.3662067848048],[10.7023065957439,45.3663818859035],[10.7014618759903,45.3683917639828],[10.7013256905239,45.3685294339842],[10.7013647456688,45.3685993239598],[10.7002766565929,45.3699141518533],[10.701104361158,45.3709505348099],[10.7003517852707,45.3713947497708],[10.6994630276962,45.3719374968748],[10.6993772736145,45.371861358481]],[[10.7006823627898,45.3939295864909],[10.701071399147,45.3937711945652],[10.7007727648574,45.39344270373]],[[10.7009975527433,45.4009024695235],[10.7040615322437,45.4011611112866],[10.7044584407518,45.4013092519684],[10.7045132150808,45.4023999002037],[10.7051956325027,45.402378455829],[10.7056966125543,45.4021683682621]],[[10.7009365305945,45.3974676498987],[10.7006875128339,45.3967808788407],[10.701361639764,45.3966078352835],[10.7016829340765,45.3959961275646],[10.7011916444648,45.3953722508494],[10.7010463225292,45.394835557279]],[[10.7009476822601,45.3945753934053],[10.7010049185591,45.3945630599222]],[[10.7009318748738,45.3922060736246],[10.701237620062,45.3916296648586],[10.7011104842215,45.3915483240897]],[[10.7003517852707,45.3713947497708],[10.7009535869728,45.3718316952212],[10.7006767156304,45.3719751655613]],[[10.701071399147,45.3937711945652],[10.7015051059655,45.3935705182934],[10.7021799853934,45.3939399848649],[10.7008270722493,45.3944424547345],[10.7009100117503,45.3944760366911],[10.7010463225292,45.394835557279],[10.7014494893587,45.3948607637362]],[[10.7016718992519,45.4025713548187],[10.702379885833,45.402668384519],[10.7023792641694,45.4027611796655]],[[10.701654343697,45.3987953072898],[10.7023051082886,45.3986783825929],[10.7023569302553,45.399115983064],[10.703089787371,45.3989923965704],[10.7035319745767,45.3986537815978],[10.7028792979989,45.3983398260504],[10.7025117594544,45.3974667175391],[10.7023087963224,45.3974836159083],[10.7023010221861,45.3972247792511]],[[10.7016582809299,45.3961014812518],[10.7033099481606,45.3961909389723],[10.7031728362385,45.3953342451384],[10.7031644987019,45.3952821501602],[10.7031775461866,45.3948426608803],[10.7029135525065,45.3943574780964]],[[10.7009535869728,45.3718316952212],[10.7015423723838,45.3719808489554],[10.7014908828369,45.3720218718202]],[[10.7018919770499,45.4009423209633],[10.7018931976629,45.4008832095433]],[[10.7020373963296,45.4056525006282],[10.7020876776585,45.4057305420673]],[[10.701104361158,45.3709505348099],[10.7020160514788,45.3706850936002],[10.7019845477256,45.3706112450976]],[[10.7010846555075,45.3661247923253],[10.7010859118222,45.3653948411895]],[[10.7019971021865,45.3927800242406],[10.7031698205369,45.3936456798109],[10.7021799853934,45.3939399848649],[10.7024755843315,45.3943612343157],[10.7046654904805,45.3943424358573]],[[10.7019100639015,45.3640353748759],[10.7011694699885,45.3624284883935],[10.7004837610072,45.3625946896785]],[[10.702379885833,45.402668384519],[10.7036292884142,45.402662231109],[10.7035112161743,45.4029866602924]],[[10.7013647456688,45.3685993239598],[10.7015082029695,45.3688560420703],[10.7031535998759,45.3703337009033],[10.7020160514788,45.3706850936002]],[[10.7026453638491,45.4009901831508],[10.7026525726152,45.4009309824351]],[[10.7018921986568,45.3673680447355],[10.7019269933917,45.3673712231844],[10.7025104457509,45.3675454177443],[10.702910340894,45.3676962194507],[10.7032115861459,45.3672771707564],[10.7037661539038,45.3665813222638],[10.703901785771,45.3666094944957],[10.703527617239,45.3671244007868]],[[10.7019269933917,45.3673712231844],[10.7016170941587,45.3681268610612],[10.7023412070397,45.3683218943633],[10.702910340894,45.3676962194507]],[[10.7019269933917,45.3673712231844],[10.7024085729652,45.3662554710847],[10.7037661539038,45.3665813222638],[10.7038007178395,45.3665382548432],[10.7024145087084,45.3662422167183],[10.7024515330827,45.366131058438]],[[10.7018799987896,45.3640389624443],[10.7022789867472,45.3645996910098],[10.7025644026394,45.3647789086535]],[[10.7022385572253,45.3662012972327],[10.7023938699513,45.3659031906383],[10.7022430705553,45.3655988764726],[10.7015610274928,45.3649378562809],[10.7012958514408,45.3641150180938],[10.7018799987896,45.3640389624443],[10.7036592632005,45.3638266344596],[10.7037457287274,45.3631220313432],[10.7011694699885,45.3624284883935],[10.7007485582624,45.3614635869489],[10.7004079516938,45.3610908754621]],[[10.7031728362385,45.3953342451384],[10.7048069603526,45.3950735180844],[10.7077811945379,45.3951434073829],[10.7078797150268,45.3953735692727],[10.708095371547,45.3953425986502],[10.7085496481336,45.396477968478]],[[10.7023764219293,45.3662428701758],[10.7024145087084,45.3662422167183]],[[10.7036292884142,45.402662231109],[10.7038495882505,45.4027264792741]],[[10.7035319745767,45.3986537815978],[10.7039537502293,45.3991468969365]],[[10.7038526566664,45.4026513944904],[10.7039946145383,45.4024129033575],[10.7045132150808,45.4023999002037]],[[10.7038240169507,45.4011329984208],[10.7041612149927,45.400391411676],[10.7040429755346,45.3998465637845]],[[10.7027608322964,45.3656696599867],[10.7025804583709,45.3658756994057],[10.7037782087108,45.3661019505267],[10.7045692449439,45.3665664694274],[10.7043973548234,45.3667286000861]],[[10.7039796377657,45.4035535138352],[10.7040860608747,45.4034063031611]],[[10.702979730323,45.367599695551],[10.7036528885294,45.3680625075833]],[[10.7041305100138,45.4035892508518],[10.7049386325337,45.4033640301866],[10.7047539313921,45.4032992526759]],[[10.7038739321949,45.3936494118724],[10.7038564634162,45.3936172926677]],[[10.7039265494772,45.3936471340928],[10.703904916809,45.393615410794],[10.7037690427841,45.3936206879316],[10.7031698205369,45.3936456798109],[10.7032324407624,45.3937475983742]],[[10.7039686714751,45.3936436004084],[10.7039485988259,45.3936137142173]],[[10.7040038099388,45.3936115698352],[10.7041251477808,45.3936068570175],[10.7041762078873,45.3936055291557],[10.7041778842731,45.3936222015168],[10.7041792121401,45.3936354077046]],[[10.7040218504389,45.3936422708933],[10.7040038099388,45.3936115698352],[10.703904916809,45.393615410794]],[[10.7041095308137,45.3936362390759],[10.7040911739555,45.3936081765896]],[[10.7041964672763,45.3936068705303],[10.7041765344117,45.3936087765789]],[[10.7041976973768,45.3936219197076],[10.7041778842731,45.3936222015168]],[[10.7041992585037,45.3936350462582],[10.7041795359439,45.393638628066]],[[10.703700091528,45.368031610581],[10.7044615642159,45.3686014707533],[10.7048970065484,45.3689479810917],[10.7039993055093,45.3695559256257],[10.7043623830915,45.3697966855676]],[[10.7038007178395,45.3665382548432],[10.7039459417617,45.3665723854397],[10.7039116442791,45.3666176443848],[10.7051813139598,45.3669170122006],[10.7062473395983,45.3673067410967],[10.7082090735978,45.3662214742106],[10.7092365706116,45.3673735123612],[10.7080732015686,45.367836829305]],[[10.7038007178395,45.3665382548432],[10.7039164922083,45.3663939969019]],[[10.7049386325337,45.4033640301866],[10.7058029062132,45.4036285652798],[10.705899755484,45.404141102648],[10.7056121456606,45.4047384413735],[10.7049549774603,45.405566766397],[10.7046704468917,45.4056695029801],[10.7043278803576,45.4051709173758],[10.702772607979,45.4056584234521],[10.7020373963296,45.4056525006282],[10.7015310584074,45.4051535336251],[10.7015638104013,45.4043125504607]],[[10.7053072222889,45.415484710652],[10.7055129847975,45.4155372666961],[10.7046319577654,45.4163085806797]],[[10.7052039275945,45.4052109521717],[10.7051374730286,45.4051929502848]],[[10.7055129847975,45.4155372666961],[10.7065807030389,45.4156613287183],[10.7068354830176,45.4151681483582],[10.7079146543445,45.4151885328986],[10.7076760695545,45.4167775396413],[10.7070217874568,45.4173926465691],[10.7084761742394,45.4175160640708],[10.7084563122722,45.4177601343323]],[[10.7044434536446,45.368587917615],[10.7044009462371,45.3686156973535]],[[10.7056977131592,45.4022049333374],[10.7060795482741,45.4024159041865]],[[10.705963923602,45.4101910370673],[10.7068292252829,45.4101288039588],[10.7068643525302,45.410391225465]],[[10.7058029062132,45.4036285652798],[10.7060206047767,45.403677103942],[10.7066663304106,45.4032326976541]],[[10.7058713410171,45.4056918870209],[10.7062242350438,45.4060082266519],[10.7066644629224,45.4072482087782],[10.7066932742343,45.4073293590504],[10.7068585851217,45.4077564148102],[10.7075805152081,45.4085637000471],[10.708292755964,45.4092411372863],[10.7085121139282,45.409739471732],[10.7085856279506,45.4099064777531],[10.7087169508732,45.4108716366208],[10.7087402641793,45.411042974106],[10.7087041486841,45.4115747708467],[10.7076303235198,45.4133513268436],[10.7067909835786,45.4142568378433],[10.7053072222889,45.415484710652],[10.7039244251221,45.4162885785041],[10.7022730749445,45.4170140131922],[10.7028668223983,45.4182394107741],[10.7023862566744,45.4186409955141],[10.7007169619226,45.4188302109768],[10.7003647631245,45.4179808807634]],[[10.7059043119233,45.4056700429062],[10.7064860814853,45.4052846005851],[10.7062200737177,45.4049501215435]],[[10.7048970065484,45.3689479810917],[10.7058313334989,45.3683534169298]],[[10.7064118064085,45.4065365627846],[10.7066767531528,45.4065000252564],[10.7084361105851,45.4057677432353],[10.7085672454527,45.4057609118142],[10.7088162831205,45.4057669240728],[10.7090600261693,45.4058265782609]],[[10.7068634996995,45.413457453543],[10.7067071478221,45.4137197097008]],[[10.7064860814853,45.4052846005851],[10.7065788406867,45.4052470410714]],[[10.7065297288982,45.40521296325],[10.7070911239569,45.4043117631784],[10.7072564859375,45.4038142513286],[10.7079817980507,45.4037376915939],[10.7089591785974,45.4039771594479],[10.7095092554764,45.4036578830547],[10.7102114389902,45.4026090994946],[10.708730326596,45.4021625180139],[10.7092357074474,45.401697414468]],[[10.7067558457295,45.4013067207731],[10.7064785141149,45.4012739019282],[10.7060674282261,45.4012135099038]],[[10.7064785141149,45.4012739019282],[10.7064849136214,45.4012540923156]],[[10.7066644629224,45.4072482087782],[10.7067385853873,45.4072354293187]],[[10.7068634996995,45.413457453543],[10.707239039737,45.4135611123199]],[[10.7073417488776,45.4126552482734],[10.7068634996995,45.413457453543],[10.7065294417102,45.4133717703506]],[[10.7068292252829,45.4101288039588],[10.7083251325729,45.4097427964858],[10.7085726329111,45.4101712071099],[10.7086867281915,45.4108597346183],[10.7087051495641,45.4108721751123],[10.7087169508732,45.4108716366208],[10.7087334103035,45.4108708855781],[10.7087428251052,45.4108611441646],[10.7093016137508,45.4108751833296]],[[10.7067558457295,45.4013067207731],[10.7067396988129,45.4013513185616]],[[10.7067558457295,45.4013067207731],[10.7070342163924,45.4013740228692],[10.7076864772793,45.4015441602846]],[[10.7083672701075,45.4121299445208],[10.7074647453744,45.4118613237111]],[[10.7075545626804,45.402781638211],[10.7072564859375,45.4038142513286]],[[10.7077370513028,45.416550844749],[10.7078153965653,45.4165560772708]],[[10.7075805152081,45.4085637000471],[10.7113683280793,45.4081107209373],[10.7113683280793,45.4081107209374],[10.7114226306616,45.4082319794964],[10.7118124020476,45.4087361067914],[10.7120997808257,45.4090953788778],[10.7120375802036,45.4096678551476],[10.7134961217157,45.4109205385285],[10.7133960483214,45.4109769390397]],[[10.7079146543445,45.4151885328986],[10.708026599065,45.4149458243445],[10.7083807035976,45.4148236621397],[10.7101430289976,45.4149725802644],[10.7099776727556,45.4154639724622],[10.7106578644756,45.4155797798148],[10.7109598023666,45.4156480833479],[10.7109985402527,45.4156568464524],[10.7112839674922,45.4157073498105],[10.711496612699,45.4159232848076],[10.7114580727761,45.4163210209611],[10.711583639457,45.4163314885328],[10.7116530191771,45.4163372721494],[10.711949450443,45.4163656967005],[10.7122855003706,45.4164181776229],[10.7125083209799,45.4164559215652],[10.7133305549318,45.4168955265433],[10.7134579382018,45.4171209541751]],[[10.7075545626804,45.402781638211],[10.7069472495842,45.4023191294466],[10.7070342163924,45.4013740228692],[10.7074939417337,45.400610625558],[10.7070982824776,45.400249368382]],[[10.7075545626804,45.402781638211],[10.7080754112708,45.4026102904977],[10.7079989981262,45.4015838425928],[10.7086384518636,45.4006329336962]],[[10.7084761742394,45.4175160640708],[10.7106530495337,45.4178669369769],[10.7107123594177,45.4169977779508],[10.710182268492,45.4169591547348],[10.7095185123973,45.4171306960184],[10.7089584951507,45.4170454952267]],[[10.7083251325729,45.4097427964858],[10.7084292532674,45.4097138484817],[10.7084730824686,45.4097488000825],[10.7085121139282,45.409739471732],[10.7085464381748,45.4097312683716],[10.7086822378736,45.4095922850581],[10.7091402325782,45.4095256533727],[10.7091723939766,45.4097273789508]],[[10.7087041486841,45.4115747708467],[10.7097913433244,45.4117940223594],[10.7082551473175,45.4143678190066]],[[10.7086867281915,45.4108597346183],[10.7085588279446,45.4117764831796],[10.7083672701075,45.4121299445208],[10.70743491761,45.4126779994298],[10.7073417488776,45.4126552482734],[10.7058547926979,45.4122921310599],[10.7058359522228,45.4122691307912],[10.705963923602,45.4101910370673],[10.7056690110137,45.4102118767517]],[[10.7087402641793,45.411042974106],[10.7086940956182,45.4110616917741]],[[10.7085672454527,45.4057609118142],[10.7088741407727,45.4072268734039],[10.7088733042229,45.4077428909161],[10.7088730829614,45.4078793865664],[10.708445689936,45.4081487284586],[10.7081815142015,45.407870256412],[10.7085484796992,45.4076602522479]],[[10.7086524543784,45.4057629689864],[10.7085627232441,45.405620494353],[10.7099909075402,45.4057493400876],[10.7101677851717,45.4047387285248],[10.709389964488,45.4046189015673]],[[10.7088733042229,45.4077428909161],[10.7106583153215,45.4077065747357],[10.7108040065139,45.4079527305931]],[[10.7087441430896,45.401263705378],[10.7093686583921,45.3999902159166],[10.7089397939828,45.3998287531231],[10.709358129509,45.3990602176142],[10.7089325607517,45.3989702079139]],[[10.7091402325782,45.4095256533727],[10.7101302313065,45.4093816159153],[10.7105775471955,45.4097720748739],[10.7107223505802,45.410188976732]],[[10.7092639932211,45.4017120617656],[10.7100424493025,45.4013367933064],[10.7107139098992,45.4005075105553],[10.7093220481517,45.3998963316758],[10.7100273424889,45.398420673721],[10.7106539220014,45.3985777623712],[10.7114562620449,45.3983773616882],[10.7118077710051,45.3980741925121]],[[10.709358129509,45.3990602176142],[10.7094935683058,45.3986025779936],[10.7093892402546,45.3982361454141],[10.709539272957,45.398073131443],[10.7085007140794,45.3976404998777],[10.7082741269489,45.3963121003067]],[[10.7097913433244,45.4117940223594],[10.710855411559,45.411579293375],[10.7108267468253,45.4110253063469]],[[10.7105837195234,45.3974879734294],[10.7099029115566,45.3980063529006],[10.709539272957,45.398073131443],[10.7099217367086,45.3976920032935],[10.7088729833534,45.3976130249311]],[[10.7101430289976,45.4149725802644],[10.7103384232953,45.4143073804237]],[[10.7099909075402,45.4057493400876],[10.7111464180296,45.4060144547376]],[[10.7099217367086,45.3976920032935],[10.710525653497,45.3969486708187],[10.7103472662824,45.3966008719316]],[[10.7102114389902,45.4026090994946],[10.7106807025677,45.4027611055462],[10.7112835291412,45.4021299875737],[10.7127597448994,45.4015909106473]],[[10.7107123594177,45.4169977779508],[10.7118378158524,45.417090016116]],[[10.7092365706116,45.3673735123612],[10.7097793704935,45.3678470452679]],[[10.7104384082028,45.4059179357174],[10.710256826424,45.4070016587185],[10.7106583153215,45.4077065747357],[10.7111533210119,45.4076163785412],[10.7108885487801,45.4070895831179]],[[10.7109598023666,45.4156480833479],[10.7111959648977,45.4151115612492],[10.7124809958439,45.415166250853]],[[10.710855411559,45.411579293375],[10.7116569322205,45.4115011601003],[10.7122024534735,45.4124379456735]],[[10.7112967236509,45.4170456716654],[10.711583639457,45.4163314885328]],[[10.7110074414767,45.4073261354222],[10.7114530870749,45.4072418129672],[10.7119686694411,45.4071464354424],[10.7126608177984,45.4071750114861]],[[10.7113683280793,45.4081107209374],[10.7122697568853,45.407913386106],[10.7147189724851,45.4065910220404]],[[10.7115158179247,45.4083525081428],[10.71138154295,45.4083846695917]],[[10.7139503002071,45.4069441294817],[10.7131155562875,45.405645700002],[10.7113332431253,45.4046539627592]],[[10.7116569322205,45.4115011601003],[10.7119654875231,45.4109021658346]],[[10.7118124020476,45.4087361067914],[10.7128269415122,45.4083376323857],[10.71320913097,45.4088030117101],[10.7125925124693,45.4079576846557],[10.7136763698973,45.4072804052618],[10.7144355066383,45.4070097154641]],[[10.7120409093302,45.4096372150984],[10.712920568386,45.4095225988112]],[[10.7123579248173,45.4164304457702],[10.7123499857392,45.4164857707857]],[[10.7120021895132,45.4049769569198],[10.7137414291882,45.4037121405792],[10.7150565326354,45.4034842297822],[10.715368033164,45.4047547212463],[10.7144789278042,45.4048411148399]],[[10.7123842922969,45.4151621357565],[10.7122911071246,45.4155744740529],[10.712713169827,45.4156420980662]],[[10.7127655096608,45.4102930542841],[10.712582416953,45.4104331221147]],[[10.7134961217157,45.4109205385285],[10.7138758654812,45.4104473790216],[10.7147601769936,45.4098570812643],[10.7140414977324,45.4094571910497],[10.7140060434135,45.4094374631573],[10.71320913097,45.4088030117101]],[[10.7140414977324,45.4094571910497],[10.7145852471629,45.4090453039095]],[[10.7146000810662,45.4100493911514],[10.714315272624,45.4108974059086]],[[10.7147189724851,45.4065910220404],[10.7151572140455,45.4064392904646],[10.7160383484905,45.406404929587],[10.7156873596452,45.4071984352278],[10.715870977785,45.4076120085136],[10.715705359872,45.4089913150198]],[[10.7158850171626,45.4019774898167],[10.7151380192914,45.4021248752261]],[[10.715368033164,45.4047547212463],[10.7158089089745,45.4047042730216]],[[10.7160383484905,45.406404929587],[10.7161864661186,45.4061523168134],[10.7154977161129,45.4060149807659]],[[10.7161864661186,45.4061523168134],[10.7164703628967,45.4061756621198]],[[10.7161864661186,45.4061523168134],[10.7166388891858,45.4051213416212],[10.7161821231451,45.4032778407477],[10.715322299975,45.403417364099]],[[10.7161821231451,45.4032778407477],[10.7162932487679,45.4032901739169],[10.7158068401667,45.4016132805318]],[[10.7162932487679,45.4032901739169],[10.7170812074529,45.403293540919]],[[10.7165084139078,45.405550936866],[10.7169585384141,45.4056326906101]]]}},{"type":"Feature","properties":{"NOME_COMPL":"Condotta COLOMBAROLA - CASTELLARO ALTA","COMUNI":"Monzambano"},"geometry":{"type":"MultiLineString","coordinates":[[[10.6183685296222,45.3778613519289],[10.6170956482057,45.377690839039],[10.6168004978348,45.3768504371581],[10.6167738576436,45.3759158343997],[10.6192327286559,45.3753980070641],[10.621007144402,45.3752953474426],[10.6210886176111,45.3763067140796],[10.6206518258647,45.3768397502068],[10.6186443862456,45.37699736393],[10.6183685296222,45.3778613519289],[10.6189029527746,45.377967420538]],[[10.621139229387,45.3763062967815],[10.6210886176111,45.3763067140796]],[[10.6213359017061,45.3753020168882],[10.6221231625841,45.3754399940155],[10.6233336033737,45.3749985649662],[10.6238183548931,45.3750342892216],[10.6233374864235,45.3762866902125],[10.6229337060233,45.3761994482032]],[[10.6234869041076,45.3781207266859],[10.6218790531332,45.3775723487894],[10.621591302921,45.3774098436976],[10.6205607459281,45.3772230139233],[10.6210992197,45.3765412554769],[10.621139229387,45.3763062967815],[10.6219651836811,45.3764128192484],[10.6211547300572,45.3762914101992],[10.6213359017061,45.3753020168882],[10.620243743563,45.3751702980064],[10.6191771943333,45.3753578292874]],[[10.6218790531332,45.3775723487894],[10.6226156399595,45.3772829402595]],[[10.6233374864235,45.3762866902125],[10.6237823370652,45.3764643911064],[10.6237135336889,45.3766532694402],[10.6219799017125,45.3763892774289]],[[10.6237448971459,45.3766794050168],[10.6236920535161,45.3766912360854]],[[10.6241443176638,45.3778534857197],[10.6246140683738,45.3780043553]],[[10.6241177513942,45.3766952371708],[10.6241159562204,45.3767227043666],[10.624112583861,45.3767297493792],[10.6241104173611,45.3767342752952],[10.6240949780842,45.3767468297917]],[[10.6244429879628,45.3767647364329],[10.6238751250153,45.3766433900242],[10.6238741730271,45.376354127992]],[[10.6251623352446,45.3756513554306],[10.6244264028743,45.3759304399031]],[[10.6251103684837,45.3769073444119],[10.624416986924,45.3768157992877]],[[10.6251623352446,45.3756513554306],[10.6249367851981,45.3749417074365],[10.6252055303328,45.374472975566],[10.6244072262816,45.374876922932]],[[10.6251623352446,45.3756513554306],[10.6266053944941,45.375367361257],[10.6271181543751,45.3751017742084],[10.6270517341994,45.374958082797],[10.6274847890916,45.3747246235557]],[[10.6252055303328,45.374472975566],[10.6260186231777,45.3740739776389]],[[10.6265308893618,45.3770110632384],[10.6276772765938,45.3779771674779],[10.6275886654836,45.3783374420637],[10.6277435714654,45.3786270923487]],[[10.6271184567156,45.3766453264485],[10.6266053944941,45.375367361257]],[[10.6271879453919,45.3767708759876],[10.6271184567156,45.3766453264485],[10.6259308972649,45.3767665232102],[10.6254864245623,45.3768580840432],[10.6253114723523,45.3768938945838],[10.6252423191727,45.3769080492932],[10.6251103684837,45.3769073444119],[10.623857018783,45.3780590313504]],[[10.6277220405573,45.3767221283752],[10.6276982335514,45.3766961142272],[10.6274423394807,45.3767911429945],[10.6254039816361,45.3769065598801],[10.6253114723523,45.3768938945838],[10.6245765228418,45.3767932709598],[10.624112583861,45.3767297493792],[10.6237448971459,45.3766794050168],[10.623681680412,45.3766699362142],[10.6235143428653,45.3772321506116],[10.6234851019218,45.378179088089]],[[10.6276772765938,45.3779771674779],[10.6285265149949,45.3775595569756]],[[10.6338869112532,45.3762694276369],[10.6333603791134,45.3759463362781],[10.6320180490986,45.376115298678],[10.630966907326,45.37637157342],[10.6290509951474,45.3770919606869],[10.6273916623961,45.3767966455143],[10.6265308893618,45.3770110632384],[10.6248929085638,45.3775922713681]],[[10.6276625684086,45.3768086876692],[10.6276967352139,45.3767268480428],[10.6280557258631,45.3766598925555],[10.6286104952904,45.3764107273722],[10.6287860731183,45.3762291477478],[10.630100146345,45.3757076080309],[10.6302655795087,45.3758533278746]],[[10.630100146345,45.3757076080309],[10.6318948862728,45.374910571837],[10.6321971082656,45.3748855898382],[10.6324170623823,45.3750580773301]],[[10.6385401507711,45.3782849753908],[10.6375457971394,45.3777344952443],[10.6338869112532,45.3762694276369]]]}},{"type":"Feature","properties":{"NOME_COMPL":"Condotta COLOMBAROLA - CASTELLARO BASSA","COMUNI":"Monzambano"},"geometry":{"type":"MultiLineString","coordinates":[[[10.614426067132,45.3820685193953],[10.6152598077579,45.3814456707097],[10.6156996593941,45.3807072790168],[10.6155755766727,45.3799163101028],[10.6159885555752,45.3796746103444]],[[10.6160271918904,45.3797391022794],[10.617015213108,45.3794500255248],[10.6170449502522,45.3799450572907],[10.6181461622646,45.3804854660704],[10.6181983933129,45.3809471485204],[10.6176814663956,45.3808994223783],[10.6175524898256,45.3810333701767],[10.6174808400817,45.381260091345],[10.6176659022439,45.3819364618077],[10.6165065002554,45.3820879446791],[10.614426067132,45.3820685193953],[10.6135367078738,45.3826591176558]],[[10.6161319223748,45.3821015041702],[10.6161678481277,45.3827282249992]],[[10.6167904192016,45.3736668632219],[10.6166981850646,45.3736976784114]],[[10.617015213108,45.3794500255248],[10.6170904345838,45.3790746181294],[10.6173141666332,45.3787026124053],[10.6174453356419,45.378645704229],[10.617157302401,45.378132310568],[10.616629613793,45.377980136421]],[[10.6173613318697,45.3786821496172],[10.6173810923084,45.3787383073777]],[[10.6174453356419,45.378645704229],[10.6183200453456,45.3789140678479]],[[10.6177133599557,45.3819302609039],[10.6176659022439,45.3819364618077]],[[10.6175859164615,45.3750807560015],[10.616658606267,45.3734325753262],[10.6175792458239,45.3733024139362],[10.619313186275,45.3725567955469],[10.619745099856,45.3727702768669],[10.6212170222292,45.3723065146799],[10.6211856075175,45.3730243435685],[10.6216213242979,45.3730071764417],[10.6215740559362,45.3733518986365]],[[10.6187617711247,45.3821385858151],[10.6184603156232,45.3820190407604],[10.6183393409424,45.3819953227084],[10.6177339628963,45.3819275688827],[10.6177133599557,45.3819302609039],[10.6180073604575,45.3820426174208],[10.6182807881105,45.3831649057017]],[[10.6202717561991,45.3819146832356],[10.6193243914698,45.3821711062521],[10.618768812914,45.3821257231413],[10.6188410564906,45.3819937612185],[10.6186198615809,45.3817635646941],[10.6186055745424,45.3814169503042],[10.6202862557192,45.380108034447],[10.6225310286661,45.3802462441304]],[[10.6203362578562,45.374013649803],[10.6202575222942,45.3736159922838]],[[10.6206325302074,45.3800783479103],[10.6207983096902,45.3797291780017],[10.6221940078354,45.3787525158691],[10.6223839828148,45.3786352434368],[10.6228280236826,45.3786444167122]],[[10.6206344271159,45.3744861865153],[10.621338429791,45.3745557624655],[10.6213397743922,45.3745364097123],[10.6213242270008,45.3745280396566],[10.6213233976247,45.3745166731768],[10.6213222010597,45.3745002744183],[10.6213789030209,45.373973229385]],[[10.6209399888565,45.3818737216335],[10.6202717561991,45.3819146832356],[10.6193157975575,45.3821947427685],[10.6191492122044,45.3822036367926],[10.6181463662183,45.3820517665733]],[[10.6216213242979,45.3730071764417],[10.622282467301,45.3727013161923],[10.6230164888346,45.3733094454514]],[[10.6224129136395,45.3817510992427],[10.6219971299129,45.3817796212915]],[[10.6224152514775,45.3818036017739],[10.6224137650989,45.381770221102],[10.6202742331376,45.381899985929],[10.6203106110265,45.3816841311489]],[[10.6223839828148,45.3786352434368],[10.623626014358,45.3795063090627],[10.6230710715189,45.3800746792331],[10.6235033528149,45.3804401237561],[10.6235261496312,45.3806224978683],[10.6232535023238,45.3810753780288],[10.6232468684696,45.3816111806176],[10.6231671005987,45.3817348354203],[10.6224137650989,45.381770221102],[10.6224129136395,45.3817510992427],[10.6224091143439,45.3816657754251]],[[10.6228464776019,45.3786751202628],[10.6234414057675,45.3785830560968],[10.6241715415096,45.378916393994]],[[10.6227265536868,45.3729768352739],[10.6234915664825,45.3724901461837],[10.6245283999235,45.3729731763031],[10.6240243536181,45.3733243969385],[10.6243043929583,45.3734924393339],[10.6242177194068,45.373548573933],[10.6229451204692,45.374445095786],[10.621660800986,45.3745335598183],[10.6216513017498,45.37453985307],[10.6216378349708,45.3745487748183],[10.621338429791,45.3745557624655]],[[10.6231500983152,45.3817611919969],[10.6232111206989,45.3823579644011]],[[10.6236682764264,45.3707170583559],[10.6237704397004,45.370842222861],[10.6248197444231,45.3711469283228],[10.6248731543642,45.3715584462741],[10.624678297071,45.3718684971212]],[[10.6238247504215,45.3708539582599],[10.6239422464555,45.3706452215228]],[[10.6242539739288,45.3735250935151],[10.6249012812815,45.3740256445351]],[[10.6245283999235,45.3729731763031],[10.6249214912466,45.3727369959743],[10.6258965755397,45.372876841355]],[[10.6248160279,45.3711701428878],[10.624741795367,45.3711789196788]],[[10.6248305365321,45.3710462951952],[10.6248197444231,45.3711469283228]],[[10.6248821357937,45.3705651434786],[10.6251784707232,45.3704253553428]],[[10.6260906117715,45.3824962417195],[10.6252964975184,45.3825901226429]],[[10.6256409729498,45.3702195814947],[10.6260500885134,45.3699615322636],[10.6256037030883,45.3696462836541]],[[10.6258591975841,45.3730727108069],[10.6258783171186,45.3731128681348]],[[10.6261435938696,45.380610831453],[10.6264625941353,45.3805877087871]],[[10.6261546711445,45.3801926353762],[10.6266227703895,45.3801975805547]],[[10.6271862791885,45.3793929567752],[10.6262229444512,45.3795855074708],[10.6261116492672,45.3804162018069],[10.6262003628863,45.3809816126197],[10.6260294651256,45.380997980864]],[[10.6262003628863,45.3809816126197],[10.6268738705728,45.3809093134352]],[[10.6260500885134,45.3699615322636],[10.6265885687446,45.3694077811958],[10.6290587769728,45.3692602761771],[10.6290705166759,45.3696691269736],[10.6281837363658,45.3699809892836],[10.6280090720436,45.370137204578],[10.6279480566547,45.3704030417579]],[[10.6266472341955,45.383722816798],[10.6273525655252,45.3835971616165],[10.627736678606,45.3837114213025],[10.6289118846372,45.3834221643727],[10.6299081533707,45.3842460890685],[10.6284319444442,45.3846635122098]],[[10.6267361931942,45.3692082891914],[10.6265988417792,45.3691718145457]],[[10.6267545570046,45.3723611848097],[10.6266311807185,45.3716178246236],[10.6264531218364,45.37123019124],[10.6262241875897,45.3710600430466],[10.6268715034914,45.3708061923553],[10.6268511394442,45.3705556590871],[10.625965978691,45.3704815620064],[10.6255073653722,45.370268233764],[10.6250240862738,45.3704206517538],[10.6250048398894,45.3703996207287],[10.6247247676163,45.3700935762882],[10.6240501977183,45.3695488834122]],[[10.627002199096,45.3688421476205],[10.6267361931942,45.3692082891914],[10.6265885687446,45.3694077811958]],[[10.6269113745458,45.3724262992879],[10.6271225988659,45.3724260390403]],[[10.627610097252,45.3734660841761],[10.6269113745458,45.3724262992879],[10.6267545570046,45.3723611848097],[10.6266779435743,45.3723293729057],[10.6261566784089,45.3723832460577]],[[10.6268715034914,45.3708061923553],[10.627486039219,45.37078814565],[10.6280352634351,45.3723724771889],[10.6286387764104,45.3721739473531],[10.62902065876,45.3718051675442],[10.6291113335366,45.3719029646629],[10.6290432727039,45.3721846926318],[10.6298634850223,45.3728005629222],[10.6291008280345,45.3733729598226],[10.6284870648163,45.3734188734432]],[[10.6271118210492,45.3727245926683],[10.6269599386501,45.3727287253644]],[[10.6279735333822,45.3702920428139],[10.6277452195198,45.3701711619901],[10.6273620176574,45.3699817224568],[10.6269184576958,45.3697245143717]],[[10.6274511930761,45.3813366198622],[10.625346790441,45.3816563361694]],[[10.6274864777212,45.3813572789925],[10.6281350383656,45.3817370060189],[10.6284561578287,45.3821393707737],[10.6260906117715,45.3824962417195],[10.6261032745477,45.3829378400125],[10.6252673881923,45.383209852746]],[[10.6282643482372,45.3795239029667],[10.6282740717625,45.3798625818461],[10.6280040307361,45.3800986756368]],[[10.6281211542577,45.3739506798272],[10.6281124574741,45.3738630268639],[10.6276249676621,45.3737929488672],[10.627610097252,45.3734660841761],[10.6258591975841,45.3730727108069],[10.6253183600728,45.3733499867912]],[[10.6284561578287,45.3821393707737],[10.629082411457,45.3830357559387],[10.6285585948294,45.3833611430811]],[[10.6281423169732,45.370513268375],[10.6275151997877,45.3703380307454],[10.6260321238614,45.3704147469199],[10.6255207565607,45.3702290134218],[10.625031726982,45.3703641351247],[10.6250323901481,45.3703872873727],[10.6250048398894,45.3703996207287],[10.6249718278693,45.3704143991222],[10.6249275901647,45.3703995875089],[10.624885474425,45.3704588630764],[10.6248305365321,45.3710462951952],[10.6244752895692,45.3708229331611]],[[10.6284607857627,45.3794531064915],[10.6284706959669,45.3796154366136]],[[10.6286828991581,45.3822215746765],[10.629592187286,45.3818785484765]],[[10.6287499643553,45.3832923533205],[10.6289118846372,45.3834221643727]],[[10.6299081533707,45.3842460890685],[10.6302913690821,45.384125013],[10.630924552495,45.3855651699149],[10.630925462025,45.3858004968271],[10.629071846051,45.3863389233378],[10.6290662730488,45.3861449506624],[10.6288811542938,45.3860237283402]],[[10.6285591083762,45.3734797776719],[10.6286719729919,45.3737382809947],[10.6281124574741,45.3738630268639]],[[10.6287908457789,45.3783695677589],[10.6285312183923,45.3787105654083],[10.6284016829696,45.3793638559187],[10.6284292806386,45.3794644610353],[10.6282643482372,45.3795239029667],[10.6271862791885,45.3793929567752],[10.6270284194883,45.3789446536046],[10.6253596303677,45.3788987457688]],[[10.6286719729919,45.3737382809947],[10.6289976323064,45.373655188944]],[[10.6287310043217,45.3711004725479],[10.6288108229587,45.3712369856087]],[[10.6290587769728,45.3692602761771],[10.6292065479388,45.3692526777749],[10.629196666616,45.3690441919726]],[[10.6293025210489,45.3683156013802],[10.6292453913363,45.3693857708976],[10.6295878115849,45.3700910350965],[10.6296743878763,45.3708618814729],[10.6292606319552,45.3711402851467],[10.629820092043,45.3716601433934]],[[10.6296140213519,45.3742421370596],[10.6291570713542,45.3740607601954]],[[10.6298840509876,45.3743615926865],[10.6296140213519,45.3742421370596],[10.6296521778964,45.3742046538744],[10.6292987700801,45.3740610609281]],[[10.6304438758196,45.3730634850429],[10.6299269859338,45.37252326851],[10.6297574218323,45.3716727363358],[10.6295620434897,45.3716643715619],[10.629370422758,45.3713788694297],[10.6288598859217,45.3710464569768],[10.6287310043217,45.3711004725479],[10.6285356993907,45.3707836268372],[10.6281423169732,45.370513268375],[10.6279300030099,45.3706017783072]],[[10.6297574218323,45.3716727363358],[10.629820092043,45.3716601433934],[10.6306579308254,45.3714917843758],[10.6309671601993,45.3722265654516]],[[10.6303653257937,45.3741387355649],[10.6307343260375,45.3743537023976],[10.6306353569794,45.3744342879219]],[[10.6306497900134,45.376624450011],[10.6302148793077,45.3772573655515],[10.6293294008799,45.3778379983489],[10.6288247635896,45.3783770529779],[10.629209302974,45.3784619149637]],[[10.6315860906778,45.3773425511645],[10.6311587564091,45.3766326652324],[10.6307922833631,45.3764845132072],[10.6307630563161,45.3764726976661],[10.6305837828609,45.3766485625054],[10.6294589063811,45.3770199519077],[10.6288058719141,45.37777477066]],[[10.6307343260375,45.3743537023976],[10.631143687537,45.3745921789582],[10.6310344477932,45.3746639285505]],[[10.6306579308254,45.3714917843758],[10.63140176642,45.3710436550055],[10.6314495983825,45.3702626321646],[10.6309263507697,45.3701957886203]],[[10.6307773679173,45.3717749645222],[10.6324690514292,45.3719365877507],[10.6323448554855,45.3714883262199]],[[10.6310489536888,45.3701816511314],[10.6312523484909,45.3689029524074],[10.6316555160768,45.3688682908112],[10.6313589282482,45.3683316579585],[10.6292992734337,45.3684064809165]],[[10.6312240147185,45.3733741940044],[10.6304183788393,45.3727339192563],[10.6320357395313,45.3723945463975],[10.6331464170516,45.3728776339948]],[[10.6313924545184,45.3708207769304],[10.6311615037136,45.3708365195308]],[[10.6315163144508,45.3735387809269],[10.6304438758196,45.3730634850429],[10.6291143765149,45.3737818574731],[10.6281211542577,45.3739506798272],[10.6259054471698,45.3737661308151],[10.624260525559,45.3746727698898],[10.6235906310367,45.3748430558408],[10.6224910508484,45.3746108474176],[10.621681261131,45.3745419708827],[10.6216513017498,45.37453985307],[10.6213233976247,45.3745166731768],[10.6211289271464,45.3745029253961],[10.6206819149227,45.3744874600176],[10.6204326905471,45.3744807762322],[10.6203362578562,45.374013649803],[10.616468661809,45.3755142099585]],[[10.6315277102976,45.3735311457706],[10.6321334994221,45.3739787752193],[10.6324036747071,45.3738634362514]],[[10.6319616749587,45.3823193410022],[10.6318740326554,45.3822379006566]],[[10.6315377426907,45.3686428906233],[10.6316657223524,45.3686121605181]],[[10.6335355935707,45.3817933252681],[10.6327989399171,45.3812180157548],[10.6322860132711,45.3804827281231],[10.6285291863338,45.3817616919114],[10.6286828991581,45.3822215746765],[10.6290286197933,45.3828437449937],[10.6304416859637,45.3841396661255],[10.6327267654057,45.38359130787],[10.6344169339438,45.3829193989003],[10.6346977311879,45.3818963390495],[10.6342823381655,45.3814156802248],[10.6335355935707,45.3817933252681],[10.6311755459801,45.382582059664],[10.6311024744071,45.3824840873688]],[[10.6322860132711,45.3804827281231],[10.6323902780905,45.3804441066358]],[[10.6326313222557,45.3820955435328],[10.6325703391899,45.3820216642939]],[[10.6323793491521,45.3738196576772],[10.6327294416288,45.3737333671618],[10.6339818646365,45.3742008422325],[10.6338238279095,45.3746629461425]],[[10.6324690514292,45.3719365877507],[10.6324896277253,45.3720389407107]],[[10.6334188634317,45.3780768862959],[10.6339839420471,45.3776806793259],[10.6346590756277,45.3775256771599],[10.6342414815995,45.3766150244615],[10.6338880460692,45.3767109193202]],[[10.6333904509565,45.3759094690151],[10.6320091583528,45.3760724326169],[10.6309033517634,45.37641461664],[10.6307922833631,45.3764845132072],[10.6307205378769,45.3765296632841],[10.6306497900134,45.376624450011],[10.6305837828609,45.3766485625054],[10.6301738040329,45.3772525397218],[10.6292125625722,45.3779083151106],[10.6287908457789,45.3783695677589],[10.6285663961485,45.3787047605359],[10.6284362653329,45.3793396055712],[10.6284607857627,45.3794531064915],[10.6284687828595,45.3794945632936],[10.6285746297941,45.3798293292522],[10.6285853703495,45.3800637211459],[10.6281680602655,45.3806122341023],[10.6279506320178,45.3812794073434],[10.6274511930761,45.3813366198622],[10.6271074064714,45.3813790267223],[10.624966675063,45.3816779650332],[10.6231671005987,45.3817348354203],[10.6231500983152,45.3817611919969],[10.6209217145052,45.3818897826345],[10.6212690134795,45.3832315837099]],[[10.6333984899195,45.3759232439229],[10.6333580307772,45.3757311543735],[10.6337388023767,45.3748136303215],[10.6326657942511,45.3744135774872],[10.6311914487833,45.3733948050914],[10.6303653257937,45.3741387355649],[10.6298840509876,45.3743615926865],[10.6297549987889,45.3749161747201],[10.6293078410888,45.3755240670089]],[[10.6334554519555,45.3759237622977],[10.6336786124218,45.3760635619988],[10.633668070601,45.3761020288287],[10.6336582738148,45.3761405652997],[10.6334727362472,45.3768703831781],[10.6315860906778,45.3773425511645],[10.6313570385377,45.3773970511913],[10.6305009202882,45.3777767397347],[10.6302574928347,45.378275668353]],[[10.6339027439973,45.3762249143197],[10.6336967563266,45.376172757525],[10.6336582738148,45.3761405652997],[10.6333984899195,45.3759232439229],[10.6333904509565,45.3759094690151],[10.6333282567617,45.3758028978903],[10.6333580307772,45.3757311543735],[10.6331937898453,45.3755137212085]],[[10.6337453325642,45.374111329087],[10.6339441792089,45.3740364884058]],[[10.6343597776683,45.381376516815],[10.6342823381655,45.3814156802248]],[[10.6342414815995,45.3766150244615],[10.6343964755485,45.3764047746933],[10.6339027439973,45.3762249143198]],[[10.6343386186882,45.3763474569457],[10.6344186965771,45.3762590488027]],[[10.6362043385302,45.3784696315151],[10.6355580817561,45.3791747574888],[10.6351210420324,45.3793336962321]],[[10.6362043385302,45.3784696315151],[10.6357813901179,45.3781057359909]],[[10.6359355537504,45.3773389352981],[10.6361395956162,45.3772633421818]],[[10.6362043385302,45.3784696315151],[10.6372300863057,45.3781397221091],[10.636145578279,45.3776332115622],[10.6359355537504,45.3773389352981],[10.6350305567937,45.37764918238],[10.6346590756277,45.3775256771599],[10.6343168027778,45.3780904637157],[10.6344990923303,45.3783983525967]],[[10.6374107099121,45.3783097740334],[10.6372300863057,45.3781397221091],[10.6375455932559,45.3779582735943]],[[10.6377852466287,45.3786623853237],[10.6373746963356,45.3783224723214]],[[10.63835239558,45.3781210712065],[10.6382161989622,45.3784914579426],[10.6377852466287,45.3786623853237],[10.6376977856383,45.3786974691612],[10.6379311214011,45.3792754803448],[10.6378670317029,45.3793644841416],[10.6362753010483,45.3796456849369]],[[10.6383644177626,45.3781295832162],[10.63835239558,45.3781210712065],[10.6380808853056,45.3779593783451],[10.6378267370257,45.3778279131302],[10.6343964755485,45.3764047746933],[10.6343914322486,45.3763700952687],[10.6342870333904,45.3763253450711]],[[10.6384966954654,45.3782916988983],[10.6383644177626,45.3781295832162],[10.6384683987461,45.3780530952274],[10.6383313881236,45.37797108847],[10.6398720043872,45.3773103097126],[10.6394255417138,45.3765657995833],[10.6390782363764,45.3763894314598],[10.6390164732484,45.3763580667638],[10.6388666694555,45.3761730908792],[10.638626579804,45.3758766281281],[10.6380849915854,45.3755878472188]],[[10.6388666694555,45.3761730908792],[10.6377396018246,45.3767555176716]],[[10.6390782363764,45.3763894314598],[10.6407357397093,45.3759168099241]]]}},{"type":"Feature","properties":{"NOME_COMPL":"Condotta COLOMBAROLA - CASTELLETTI","COMUNI":"Monzambano"},"geometry":{"type":"MultiLineString","coordinates":[[[10.6434041721462,45.3923764148162],[10.6427540113696,45.3925543201042]],[[10.6428055327476,45.3912232129632],[10.6429320822262,45.3914954391873],[10.6432013897171,45.3920303682175],[10.6434175439926,45.3923992335995],[10.6437261553794,45.3930388791807]],[[10.6429320822262,45.3914954391873],[10.6431978810244,45.3914544557817],[10.6431233083082,45.391269734347],[10.644326019771,45.3911432676347],[10.6444140493734,45.3914508833618]],[[10.6438462831517,45.395421322218],[10.6439686974419,45.3953989161127]],[[10.6444140785728,45.3970151073401],[10.6440449976667,45.3970319370701]],[[10.6456386484656,45.3951371351557],[10.6450830156797,45.3938728678541]],[[10.6453873071716,45.3937543152476],[10.6451265938053,45.3935760427328],[10.6451606401687,45.3915689719594]],[[10.6451484271089,45.3928139709352],[10.6457702714156,45.392736885713]],[[10.6457399343185,45.3945970067465],[10.6466848822597,45.3942657941765]],[[10.6461792104342,45.3911699829799],[10.6461746009457,45.3915787973448],[10.6459804957998,45.3918184833769]],[[10.6462347627212,45.3970217998062],[10.6459376018193,45.3962607182123]],[[10.6461792104342,45.3911699829799],[10.6462022483854,45.3908282534355]],[[10.6469829513215,45.3969252000818],[10.6469638730223,45.3956318758056],[10.6459591363288,45.3957571962676],[10.6457345574603,45.3955317984702],[10.6456386484656,45.3951371351557]],[[10.6495879467161,45.3965121447704],[10.6476778045012,45.3969626528665],[10.6477124282172,45.397061564108]],[[10.647750067059,45.3912355790719],[10.6477340097137,45.3913635445008]],[[10.6484079050074,45.391528000798],[10.6480718646938,45.3917604494897]],[[10.6492810183499,45.3958448887216],[10.6485896216265,45.3959872510662],[10.6485701221148,45.3960115398121],[10.6479332705485,45.3968047940949],[10.6478975437314,45.3968131534152],[10.6470829465477,45.3969122891568],[10.6462347627212,45.3970217998062],[10.6462144760197,45.3970244189793],[10.6462837484708,45.397128880756],[10.646195859621,45.3971385910739],[10.6452819530437,45.3971592979557],[10.6444140785728,45.3970151073401],[10.6438462831517,45.395421322218],[10.6431843570705,45.3954308490794],[10.6430811820603,45.3951061613271],[10.6437041284352,45.3949650756963],[10.6432564112353,45.3940755774649],[10.6425941395457,45.393870410105]],[[10.6496210112962,45.3964345206345],[10.6495887633637,45.3963895489717],[10.6495753163665,45.3963707963085],[10.6492810183499,45.3958448887216]],[[10.6496220000911,45.3964542186562],[10.6476460691954,45.3968719927589],[10.6476778045012,45.3969626528665],[10.6462837484708,45.397128880756],[10.6462493240319,45.397964113285],[10.6459645551611,45.3979960874663]],[[10.6496220000911,45.3964542186562],[10.6497415336139,45.3964000323408],[10.6495887633637,45.3963895489717],[10.6495258078024,45.3963852287872],[10.6492140345005,45.3959174337651],[10.6485833855274,45.3960265678743],[10.6485701221148,45.3960115398121],[10.6480852684793,45.3954621714564],[10.6469634413948,45.3956026142909]],[[10.6494639608459,45.3904966597672],[10.6494787620474,45.3913578100222]],[[10.6499929793257,45.391912480035],[10.6495503771084,45.3922207905698],[10.6492042120139,45.3926716973348],[10.6481047327752,45.3928602053003],[10.6477322609246,45.3933138096582],[10.6482985673333,45.3938583751438],[10.6491937486379,45.3936968145332],[10.6491350441182,45.3931518911599],[10.6499996314603,45.3926191770994],[10.6502277347447,45.3923023527154],[10.6499009106962,45.3919766141723]],[[10.6502305591844,45.3904112660163],[10.6502645311657,45.3903705195806]],[[10.6505022985551,45.3953166930598],[10.6513335235025,45.3948355452434],[10.6513416801656,45.3940427044267],[10.6502358471699,45.3941687911698],[10.6486693374472,45.3940372783238],[10.6484825969334,45.3946014863223],[10.6479023276769,45.395336524256],[10.6460835034856,45.395665533384],[10.64589843252,45.3954810304223],[10.6457399343185,45.3945970067465],[10.6453873071716,45.3937543152476],[10.6451241854157,45.3937959341792]],[[10.6511819321847,45.3958874316195],[10.6506285618912,45.396098443506],[10.6506714030294,45.3961011584865],[10.6506759287575,45.3961072213429],[10.6507079864697,45.3961501671637],[10.6507029650493,45.3961866783995],[10.649747779228,45.3964292965115],[10.6500508254399,45.3963366012229],[10.6506759287575,45.3961072213429],[10.6511374190917,45.3959378754166],[10.6511634218421,45.3959297741331],[10.6511915215496,45.3959409475759],[10.6514663766919,45.3963908038697],[10.6514735831329,45.3964025985667],[10.65149242447,45.3964270018887],[10.6502702208366,45.3967930359073],[10.6506959480503,45.3976020552391],[10.6509109700881,45.3986463621996],[10.6512181833081,45.3991207276404]],[[10.6511889516346,45.3958947767205],[10.6511634218421,45.3959297741331],[10.6512168816518,45.3959131184433],[10.6504818697421,45.3953728991651],[10.6504638429744,45.3952939056014],[10.6496026036583,45.3954898222524]],[[10.6512168816518,45.3959131184433],[10.6520665688265,45.3956219375623],[10.6528342921671,45.395486970749],[10.6521316161569,45.3935679233644],[10.6513143033812,45.3937734658305]],[[10.6513416801656,45.3940427044267],[10.6520682690054,45.3938835544226]],[[10.6514663766919,45.3963908038697],[10.6516865829287,45.3963317301518],[10.6518254253079,45.3965634664981]],[[10.6516865829287,45.3963317301518],[10.6527169514757,45.3960553106666],[10.6525793270549,45.3955405597563]],[[10.6521316161569,45.3935679233644],[10.6519149419918,45.3930327033559],[10.651228143899,45.3932297146997]],[[10.6519149419918,45.3930327033559],[10.6513608437942,45.392202829578],[10.6518807301357,45.392096219711],[10.6529765270575,45.3922008483612],[10.6535526142395,45.3926108260602]],[[10.6519149419918,45.3930327033559],[10.6524578019091,45.3928960763424]],[[10.6520327249282,45.3902518157397],[10.6502305591844,45.3904112660163],[10.6494639608459,45.3904966597672],[10.649384219451,45.3905251646724],[10.6478921846218,45.3906003799991]],[[10.6520327249282,45.3902518157397],[10.6525147127017,45.3909758727575],[10.6541662549694,45.3912461351302],[10.6541529251904,45.3909210910385],[10.6541932337332,45.390523371307],[10.6544950928335,45.390024320117],[10.6551185595409,45.3894491922552],[10.6551318834413,45.3890588305139],[10.6530336386854,45.389583902243],[10.6533550688007,45.3900948286468],[10.6520327249282,45.3902518157397]],[[10.6524688654484,45.3971813966393],[10.6521482703125,45.3972458009253]],[[10.6526352421705,45.3976280950557],[10.6531154462996,45.3975909527],[10.6543992443615,45.3984316589941],[10.6543460129667,45.3988667243687],[10.6543897021037,45.3995984400941],[10.6527318039924,45.3996085129149]],[[10.6527169514757,45.3960553106666],[10.6529068313215,45.3960043698354]],[[10.6528342921671,45.395486970749],[10.653027496343,45.3959316888635],[10.6524528435614,45.3971383796943],[10.6524688654484,45.3971813966393],[10.6526352421705,45.3976280950557],[10.6527272668545,45.3978954003713],[10.6520240949935,45.398086724901]],[[10.6528856507528,45.395481167476],[10.6544993787533,45.3946189101087],[10.6549421192245,45.3945862906949],[10.65503984548,45.3946979366137],[10.6558020338003,45.3951745975289],[10.6571880504148,45.3952276480083],[10.6574797056454,45.3942294148629]],[[10.6531154462996,45.3975909527],[10.6539452911477,45.3973352102006],[10.6551844228092,45.3968218042899],[10.6559485671053,45.3962987588709],[10.6566584708514,45.397003125114],[10.6568732377542,45.3976967378954],[10.6575826020288,45.397605158036],[10.6578551116003,45.3974548889558]],[[10.6543460129667,45.3988667243687],[10.6563794307382,45.3989603358207],[10.656918050752,45.3985530639519],[10.6568668177436,45.3979776525529],[10.656371334174,45.3979387374949]],[[10.6548728140985,45.3917018535061],[10.6546476963091,45.3911873890876],[10.6541529251904,45.3909210910385]],[[10.6543992443615,45.3984316589941],[10.6550008837386,45.3979694460088]],[[10.6544993787533,45.3946189101087],[10.6545044505566,45.3946697012407]],[[10.6544993787533,45.3946189101087],[10.6545946425848,45.3916983489083],[10.6534539849361,45.3914586616104],[10.6528395058635,45.3914750930339],[10.6499929793257,45.391912480035],[10.6487670464413,45.3916366149661],[10.6484079050074,45.391528000798],[10.647750067059,45.3912355790719],[10.6465712254817,45.3912758077192],[10.646489050268,45.3911701607667],[10.6462450377059,45.3911667115626],[10.6461792104342,45.3911699829799],[10.644326019771,45.3911432676347]],[[10.6547256817416,45.3969940699971],[10.6546821046636,45.3969166914185]],[[10.6546615159695,45.3940577595276],[10.6549421192245,45.3945862906949],[10.6560512273685,45.3943073108757]],[[10.6546615159695,45.3940577595276],[10.6547965827525,45.3917379215098],[10.6555576477548,45.3918954114083],[10.6555789090256,45.3917187435291]],[[10.6546615159695,45.3940577595276],[10.654689240351,45.394054745055]],[[10.6548728140985,45.3917018535061],[10.6545946425848,45.3916983489083]],[[10.6548728140985,45.3917018535061],[10.6567374910792,45.3915862720619],[10.6578777143172,45.3913229334242],[10.6578184076592,45.3912320556262],[10.6553930971267,45.3916377934413],[10.6552813969192,45.3905215489444],[10.6578941877788,45.3899990304802],[10.6595116642785,45.3898062559123]],[[10.65503984548,45.3946979366137],[10.6551961370919,45.3946411909327]],[[10.6555576477548,45.3918954114083],[10.6562815935311,45.3916389895082],[10.6566852162551,45.3916037411648],[10.6571888173925,45.3915160921633],[10.6579065303932,45.391332253798],[10.6589081243849,45.3907069261099],[10.6599393107334,45.3912249389116],[10.6600840127621,45.391945401834],[10.66001723832,45.3921414567986],[10.6595854252419,45.39259131771],[10.6594360063879,45.3927792836692],[10.6587057456634,45.3936190014036],[10.6585353973689,45.3937677888442],[10.6580869237592,45.3936488904556]],[[10.6562732404828,45.3965674517071],[10.6573273164327,45.3963152702675]],[[10.6568668177436,45.3979776525529],[10.6568732377542,45.3976967378954]],[[10.656918050752,45.3985530639519],[10.6570046068522,45.3985819995605]],[[10.6569957669029,45.3985411761318],[10.6578479962063,45.3984513143166]],[[10.6571880504148,45.3952276480083],[10.657411888929,45.395204744294],[10.6573557523365,45.3957020864071]],[[10.657411888929,45.395204744294],[10.6586691703905,45.3950760876466]],[[10.6576792847019,45.3974812269185],[10.65761658038,45.3971889499707],[10.6577939027836,45.3971654739254]],[[10.6578184076592,45.3912320556262],[10.6583946934654,45.3908835765391],[10.6578941877788,45.3899990304802]],[[10.6578777143172,45.3913229334242],[10.659011331919,45.3905905899371],[10.6597844732401,45.3902622106885],[10.6598896666623,45.3908999309901],[10.6616932480254,45.3906960335788],[10.6616332213331,45.3905035646175]],[[10.6585353973689,45.3937677888442],[10.6582053976676,45.394093076784],[10.6582477206328,45.3941876818383]],[[10.6593498327073,45.3928757555965],[10.65931647688,45.3928623057127]],[[10.6595946768786,45.3927929819112],[10.6594422255686,45.3931043336224]],[[10.6594360063879,45.3927792836692],[10.6606858253068,45.3927982731555]],[[10.6597329076916,45.3924498283169],[10.6598230904047,45.3924903212572]],[[10.6600840127621,45.391945401834],[10.6602157350187,45.391941164369]],[[10.6616520519959,45.39056394321],[10.6642647119945,45.3906658292603]],[[10.6638855249149,45.391438931888],[10.6637674974521,45.3915123273325]],[[10.6642647119945,45.3906658292603],[10.6638855249149,45.391438931888],[10.6647264478304,45.3915535276162],[10.6645910942734,45.3921191850295]],[[10.6643378236059,45.3906752148127],[10.6644855296923,45.390180067909]],[[10.6645040374091,45.3903156151408],[10.6649150786694,45.3903047945529]],[[10.6646077009602,45.3920497844388],[10.6646550807253,45.3920532241822]],[[10.6647264478304,45.3915535276162],[10.666550608545,45.3917995256418]]]}},{"type":"Feature","properties":{"NOME_COMPL":"Condotta COLOMBAROLA - CAVALLARA","COMUNI":"Volta Mantovana, Monzambano"},"geometry":{"type":"LineString","coordinates":[[10.6599396300789,45.3537350364195],[10.6613669037403,45.3536537045909],[10.6617761834028,45.3556959582675],[10.6621562255122,45.3570267124581],[10.6623057760451,45.3570582175764],[10.6622379135635,45.3581957720413],[10.6620650554493,45.3585121517403],[10.6601310154261,45.3597291630983],[10.6595969014869,45.3610137805682],[10.6587858664293,45.3614535769027]]}},{"type":"Feature","properties":{"NOME_COMPL":"Condotta COLOMBAROLA - FESTONI","COMUNI":"Monzambano"},"geometry":{"type":"MultiLineString","coordinates":[[[10.6579127457209,45.3651482754645],[10.6579640008109,45.3649378921539],[10.6586480410366,45.3648995471333],[10.659181811874,45.3644837065609],[10.6582838499521,45.3639720069813],[10.6587127661178,45.3636041820453]],[[10.6586404394663,45.3636662075357],[10.6587310378112,45.3637278921545],[10.6590505571166,45.3634615241828]],[[10.6602639831978,45.3651656245526],[10.6605112741599,45.3649658796494]],[[10.6609553743682,45.3663608980107],[10.6606113657946,45.366729033994]],[[10.6607812970775,45.3665471851151],[10.6608966625929,45.3666284592943]],[[10.6607736638313,45.3631347511231],[10.6608327506224,45.3629404887173],[10.6607296780252,45.3629239080588]],[[10.661755114657,45.3646100280449],[10.6612132611529,45.3647997522022]],[[10.6627405181827,45.3634875361064],[10.6618901897568,45.363342712537],[10.6618666222214,45.3633386985342],[10.6605440747932,45.3630919079951],[10.660367006534,45.3635516425886],[10.6604465953901,45.363516908588]],[[10.6618901897568,45.3633427125369],[10.6618901897568,45.363342712537],[10.6617459687596,45.3637227123134]],[[10.6620394458054,45.3669930898269],[10.6627049961117,45.3663197538566]],[[10.6621132485275,45.3643785696113],[10.6620833446335,45.3643583422984]],[[10.6629414154582,45.3638363756631],[10.6626698392143,45.3641173499179],[10.6621132485275,45.3643785696113],[10.661755114657,45.3646100280449],[10.6617161342171,45.3645806438204]],[[10.6627392021263,45.3656092116337],[10.6634640503955,45.3659628325713],[10.6634128666652,45.3666014891851],[10.664268208232,45.3672681412119],[10.6637670996047,45.3677829721916],[10.6630753396461,45.3678090304689],[10.661802943228,45.3673626469473],[10.6620394458054,45.3669930898269],[10.6609553743682,45.3663608980107],[10.6614202989232,45.3659793023026],[10.6602941247109,45.3651829810205],[10.6601935019872,45.3651250390954],[10.659181811874,45.3644837065609]],[[10.6627405181827,45.3634875361064],[10.6630358017537,45.3639777138319],[10.6634588791896,45.3642866558203],[10.6635249698872,45.3645413925148],[10.6633646770212,45.3654477156296],[10.6628654512597,45.365416244324],[10.6627392021263,45.3656092116337],[10.6625972119127,45.365890223959]],[[10.6627405181827,45.3634875361064],[10.6627200756789,45.3630809061808],[10.6638708170074,45.3629659969178]],[[10.6630753396461,45.3678090304689],[10.6629327839309,45.368080611891]],[[10.6634640503955,45.3659628325713],[10.6634859031956,45.365833373094]],[[10.6634930519963,45.3648115248002],[10.6638797086269,45.364768678132],[10.6645873282138,45.3650347270445],[10.664185695212,45.3653324401445]],[[10.6638797086269,45.364768678132],[10.6640975677019,45.3643264234861],[10.6644271590642,45.3640710859315],[10.6643501055961,45.3636925339981]],[[10.6641828734378,45.3673871413936],[10.6652710622969,45.3679656888163],[10.6665157003946,45.3683310798798],[10.6662582797982,45.3691416453459]],[[10.664268208232,45.3672681412119],[10.6637797980588,45.3678111493333]],[[10.6643045594811,45.367234903597],[10.6653376127832,45.3678478934061],[10.6670594547127,45.3683105421009],[10.6676525947295,45.3678798875612],[10.6688862375341,45.3675658807513],[10.667773520738,45.3666422218653],[10.6650225785855,45.3676259584282],[10.664163509447,45.3671529110229]],[[10.6644271590642,45.3640710859315],[10.6657446918413,45.3640208799107],[10.6657732617837,45.3646196781441]],[[10.6657446918413,45.3640208799107],[10.6657515453226,45.3633130536909],[10.665752870629,45.3631761772829],[10.6658700636201,45.3631744676398]],[[10.6657515453226,45.3633130536909],[10.6662635953886,45.3632255479341]],[[10.6663210895546,45.3651961939598],[10.6662499819015,45.3647710657912]],[[10.6662762735635,45.3649282553989],[10.6665434046975,45.3649062562064],[10.666688838692,45.3648679740293]],[[10.6663210895546,45.3651961939598],[10.6663937675537,45.3657995139073]],[[10.6663210895546,45.3651961939598],[10.6679372937114,45.3650847817184],[10.6681248327414,45.3661048400357]],[[10.6665157003946,45.3683310798798],[10.6671576349544,45.3685732116788],[10.6667953042456,45.3692112923869],[10.6672528813573,45.369819323726],[10.6668411515119,45.3701481872079],[10.666691836039,45.3700548023297],[10.6664771536498,45.3702309846164]],[[10.6670118413601,45.3700118517037],[10.6669803314839,45.3699933923839]],[[10.6671576349544,45.3685732116788],[10.6687380713344,45.3689866231617],[10.668621460151,45.369218110904],[10.6686855516025,45.369452533915]],[[10.667773520738,45.3666422218653],[10.6677860266443,45.3666203542643]],[[10.6679052064495,45.3648657104484],[10.6679112829159,45.3646661703486]],[[10.6679779532444,45.3653059395914],[10.668046291943,45.3653027294947]],[[10.6687380713344,45.3689866231617],[10.6690241719871,45.368747405013],[10.6688543777467,45.3675995672096],[10.6698996149954,45.3673080650674]],[[10.6689109285674,45.3675863761428],[10.670664258167,45.3671257909153],[10.6711908015095,45.3669391477909],[10.6712674933495,45.3670721374073],[10.6712836461749,45.3670932011756],[10.6712857684945,45.3670959687426],[10.6712932787969,45.3671048023464],[10.6712957327122,45.3671076886364],[10.6713037040954,45.3671151134592],[10.6712950265388,45.3671179827972],[10.6713003110836,45.3671221070656],[10.6713037040954,45.3671151134592]],[[10.6689649174095,45.3682877774881],[10.6690221138924,45.3682817133477]],[[10.6696490539916,45.3650458020114],[10.6702692234012,45.3652650699801],[10.670656692166,45.3651095979597]],[[10.669845255166,45.3661276580692],[10.669903193543,45.3666470679174]],[[10.6699689665221,45.3666409403833],[10.6700117465166,45.3668495233429]],[[10.6711908015095,45.3669391477909],[10.6716558612062,45.3665336538284],[10.6716447057087,45.3656551328916],[10.6711028473786,45.3659083604024],[10.669845255166,45.3661276580692],[10.6696119246324,45.3652898768665],[10.6696490539916,45.3650458020114],[10.6690120233507,45.3647513909657],[10.6679052064495,45.3648657104484],[10.6679372937114,45.3650847817184]],[[10.6711931716116,45.3658661493685],[10.671336430962,45.3660449640422]],[[10.671256346158,45.3670528073535],[10.6713125361301,45.3670317396148],[10.6713370515505,45.3670223883529],[10.6713562824703,45.3670146786451],[10.6713611841829,45.3670173047693],[10.6714650107803,45.3669710891848],[10.6714744587657,45.3673617641719],[10.6715380610352,45.3674218523256],[10.6717123140509,45.3675731048716],[10.6719235962875,45.3677487105142],[10.6703240599141,45.3682341216382]],[[10.6712984737971,45.3671001404019],[10.6712957327122,45.3671076886364]],[[10.6713096657883,45.3671106608878],[10.6713037040954,45.3671151134592]],[[10.6713795626954,45.3671396046088],[10.6713271633312,45.3671232378858],[10.6713096657883,45.3671106608878],[10.6712984737971,45.3671001404019],[10.6712876380238,45.367088518876],[10.6712851473334,45.3670922877862],[10.6712836461749,45.3670932011756],[10.6712819696562,45.367094221264],[10.6712801221231,45.3670938033165],[10.6712743960221,45.3670978293452],[10.6712857684945,45.3670959687426]],[[10.6713777285178,45.3671230725668],[10.6713727087083,45.367074955126]],[[10.6715380610352,45.3674218523256],[10.6733456059284,45.3669089199919],[10.6735323717402,45.3672781093313],[10.6739092011289,45.3674759831833]],[[10.6716447057087,45.3656551328916],[10.671760845404,45.3655442658608],[10.6720426100967,45.3655241591533],[10.6726083701647,45.365489722328],[10.6724905224307,45.3648478412593],[10.673165336134,45.3647377095885],[10.6738371561633,45.3643864466778],[10.6740587438407,45.3643526886992],[10.6742725217382,45.3646363285082],[10.6739345051165,45.3648530756485],[10.6741827726578,45.3650715587085]],[[10.6719235962875,45.3677487105142],[10.6722184548789,45.3678228460926]],[[10.6720859007952,45.3655215242246],[10.6720815511444,45.3660063346621]],[[10.6722966019462,45.363730301037],[10.6719710803006,45.3641224914011],[10.6724905224307,45.3648478412593]],[[10.6726083701647,45.365489722328],[10.6726116455691,45.3655930679796]],[[10.6733456059284,45.3669089199919],[10.673306533259,45.36670222107],[10.6759718656896,45.3659483362208],[10.6757340469435,45.3654326791054]],[[10.6740587438407,45.3643526886992],[10.6745254391955,45.3642441470714],[10.6741948995408,45.3635655141351]],[[10.6743972566606,45.3639511005861],[10.6747677560471,45.3637023974659],[10.6747863930427,45.3634260848317]],[[10.6745254391955,45.3642441470714],[10.6755249659282,45.363824143142],[10.6758557472462,45.3642544947546],[10.6760586471188,45.3652626920726]],[[10.6755249659282,45.363824143142],[10.6756996800797,45.363724415567]],[[10.6757623612833,45.364093147393],[10.6769114789417,45.3637995120851],[10.6769671002507,45.3635739895782],[10.6769633617551,45.3634474861152],[10.6789728091515,45.3635031908927],[10.6789688456251,45.3636168934187]],[[10.6759718656896,45.3659483362208],[10.6761490317902,45.3662711714293],[10.6770006104427,45.3657956970949]],[[10.6759366421204,45.3645511393163],[10.6761667277326,45.3644562333185]],[[10.6767632303307,45.3642381862855],[10.6769114789417,45.3637995120851]],[[10.6769274759503,45.3637346506901],[10.6767807046204,45.3637136164945]],[[10.6769561137221,45.3632022242904],[10.6769633617551,45.3634474861152]],[[10.6789728091515,45.3635031908927],[10.6789916465776,45.3632730425871]]]}},{"type":"Feature","properties":{"NOME_COMPL":"Condotta COLOMBAROLA - MERLOTTA","COMUNI":"Monzambano, Ponti sul Mincio"},"geometry":{"type":"MultiLineString","coordinates":[[[10.6440798456989,45.3984831954141],[10.6441594976382,45.3984431282419]],[[10.6445925126439,45.3989756961862],[10.6451050260365,45.3987639400862],[10.6440670894291,45.3970757739519]],[[10.6449676878997,45.3993749076158],[10.6454285255087,45.3992228649659]],[[10.6455815001822,45.400035958609],[10.6456378089522,45.4000072780094]],[[10.6468019900177,45.4042501845824],[10.6457499648248,45.4045126220285]],[[10.6473738625876,45.4053409564743],[10.646829151344,45.4061387285025],[10.646280085872,45.4064183693849]],[[10.6469436003739,45.3986603981926],[10.646647065361,45.3989461848608]],[[10.6469436003739,45.3986603981926],[10.6469646347238,45.3986814930557]],[[10.6469436003739,45.3986603981926],[10.6462493240319,45.397964113285],[10.6473532481617,45.3978367165591]],[[10.648483911283,45.4016666187525],[10.6471410609832,45.4008293081774],[10.6466742996401,45.4011200642668]],[[10.6471410609832,45.4008293081774],[10.6475588203725,45.4005499231407],[10.647648584212,45.4006136559721]],[[10.6471072315327,45.3987749700601],[10.6470076023646,45.3987111250068]],[[10.6475247124758,45.4041508590866],[10.6473738625876,45.4053409564743],[10.6461163022491,45.4054336994999]],[[10.6475666225763,45.4041403142956],[10.6475331483099,45.4040905188839]],[[10.648215160972,45.3992705689971],[10.6482343996169,45.3995631644468],[10.6480588660451,45.3997920258448],[10.6475061834307,45.3999165942]],[[10.6475588203725,45.4005499231407],[10.6478867115762,45.4003377216174],[10.6477079784698,45.4000863819571]],[[10.6476870395276,45.399146521983],[10.6476582027476,45.3991658531608]],[[10.6477577808425,45.400438672391],[10.6482673766486,45.4005799532935]],[[10.6480838927667,45.4025230217089],[10.6482132302071,45.4026476953396]],[[10.6484003371221,45.4057325089854],[10.6486254606839,45.4053112223341],[10.6486994158224,45.4043780874986]],[[10.648449378026,45.4016822855934],[10.6492360433818,45.4023315282972]],[[10.648574032773,45.4038803508511],[10.6485981803943,45.4047290366425]],[[10.6487914373906,45.3990876933433],[10.6494416817878,45.4004039964233],[10.649852657384,45.400386062716],[10.650237061108,45.4008377552166],[10.64964380213,45.4010821935376],[10.648975766048,45.401443474974],[10.648449378026,45.4016822855934],[10.6480787804128,45.4019544559788],[10.6480567723767,45.402406872792],[10.6483948671738,45.4038547998697]],[[10.6493026691502,45.4098146584179],[10.6519603124474,45.4103960718189]],[[10.6494151536113,45.4086951733122],[10.6494224049912,45.4092462573874],[10.6496663022895,45.4096205152786],[10.6493026691502,45.4098146584179],[10.648549432903,45.4090085577216]],[[10.649628483027,45.4086537415446],[10.6490872455423,45.4087571956958]],[[10.6496663022895,45.4096205152786],[10.6497941004654,45.4096310552468]],[[10.6494802142178,45.3977333574774],[10.6494561029802,45.3975125185849],[10.6494376411921,45.3974949648372],[10.6494141481161,45.3974726272442],[10.6494457922858,45.3973493717222],[10.649262467457,45.3966356711553],[10.6482501300619,45.396888723916]],[[10.6494802142178,45.3977333574774],[10.6497393394363,45.3977265175782]],[[10.6495469133911,45.3990442235203],[10.649852657384,45.400386062716],[10.6501080361105,45.4003515676869]],[[10.6495508279084,45.3990614038595],[10.6496257353058,45.399062326275],[10.6496679669943,45.399062887278],[10.6498184789982,45.3990648865424],[10.6500603680415,45.3991178329542],[10.6516341775848,45.3998172744832]],[[10.6496799180052,45.398554160703],[10.6495776610792,45.3985840581666],[10.6495469133911,45.3990442235203],[10.6491213585353,45.3990190215332],[10.6488448373252,45.3990749426913],[10.6485216483537,45.3991521121706],[10.6482302952579,45.3992719312988],[10.6476870395276,45.399146521983],[10.6470987146857,45.3987809125339]],[[10.6496220000911,45.3964542186562],[10.6495879467161,45.3965121447704],[10.6494376411921,45.3974949648372],[10.6494048044361,45.3977096741618],[10.6494136484672,45.3977490213466],[10.6476450159447,45.3978357179553]],[[10.6495834834734,45.3965413295406],[10.6520993706512,45.395640625319],[10.6531219237425,45.395433602652],[10.6544979222564,45.3946697958286],[10.657150320144,45.3941670665742],[10.6570820515744,45.3938075251489]],[[10.6496679669943,45.399062887278],[10.6496799180052,45.398554160703],[10.6494802142178,45.3977333574774],[10.6495776610792,45.3985840581666],[10.6479079689526,45.3987240569713]],[[10.6496799180052,45.398554160703],[10.6506416292963,45.3983730483001]],[[10.6503300213158,45.4054259458774],[10.6510468976028,45.4060410898865],[10.651050336156,45.4067625404436]],[[10.650237061108,45.4008377552166],[10.6516188289336,45.4028346267207],[10.6510125504914,45.4027642555971],[10.6509399435921,45.402308948395]],[[10.6516050250179,45.4001406834864],[10.6507534048617,45.4008326949545]],[[10.6511484273952,45.4083585323529],[10.651132510867,45.4070553228076],[10.6483067826807,45.4073392263399],[10.6481434048194,45.4069617389188],[10.6481172580248,45.4062643564106]],[[10.6513745622957,45.4094145783867],[10.6513883424879,45.4094631500228]],[[10.6517597381628,45.4040479128128],[10.6512301629069,45.4037314964893]],[[10.6510665107851,45.3903574125757],[10.6510555930526,45.3903115678896]],[[10.6513608437942,45.392202829578],[10.6512725353096,45.3922390290911]],[[10.6516670700146,45.4029085720842],[10.6516794995699,45.4029276244405],[10.6523179688102,45.4039763615605],[10.6523241192919,45.4039864640095],[10.6523686240012,45.4040471847139],[10.6524327394953,45.4041346614366],[10.652706558121,45.4045828321312],[10.6538214701208,45.4053974854508],[10.6524569098993,45.4056532937451],[10.6522465001716,45.4056927367113],[10.6523351465135,45.4061644801199],[10.651132510867,45.4070553228076]],[[10.6516794995699,45.4029276244405],[10.6517641608231,45.4029036665302],[10.6506012100514,45.4028086243686],[10.6498722886225,45.4032960178554],[10.6486344209426,45.4038626013381],[10.648420672409,45.403925426901],[10.6475247124758,45.4041508590866],[10.6468064415107,45.4042796635706],[10.6467972556595,45.404218832347],[10.6463106573068,45.4031963362913],[10.6454982413064,45.4020127702317],[10.6459329484871,45.4018454836622],[10.6457654227956,45.4015258549405],[10.6458766501979,45.4008151372661],[10.6455815001822,45.400035958609],[10.6453045903137,45.3997333882253],[10.6445925126439,45.3989756961862],[10.6437922244817,45.3982068831595],[10.6435257358862,45.3979598966539]],[[10.6516050250179,45.4001406834864],[10.6526878195511,45.4004935092969],[10.6530644598764,45.4010901544434],[10.6521296121279,45.40139907618]],[[10.6516050250179,45.4001406834864],[10.6524603778369,45.3997783963873],[10.6549644746557,45.3997328424776],[10.6561886149224,45.399807991682],[10.6565548173811,45.4012460688625],[10.6543038084299,45.4014251884936],[10.6540466648539,45.4014937675868]],[[10.6523476713129,45.4040185976008],[10.6520653034667,45.4040121397028],[10.6517597381628,45.4040479128128],[10.6512821746848,45.4041210088328],[10.6501858034243,45.4046248576404],[10.6504630820723,45.4053156428842],[10.6503300213158,45.4054259458774],[10.6492497500794,45.4057666927717],[10.6484003371221,45.4057325089854],[10.6481567685765,45.4064265593418],[10.6482073907833,45.4068067064963]],[[10.6517641608231,45.4029036665302],[10.6528931757196,45.4030684792292],[10.6533453222361,45.4027460835425],[10.6530250623769,45.4022401731134]],[[10.6523351465135,45.4061644801199],[10.6532467208786,45.4066715095401],[10.6532579327403,45.4077923045892],[10.6526654091511,45.4078416530102],[10.6526495499919,45.4092069523411],[10.6524860956475,45.4092299616007],[10.6513745622957,45.4094145783867],[10.6511484273952,45.4083585323529],[10.649628483027,45.4086537415445],[10.6496491130832,45.4080459875257]],[[10.6522995249343,45.4040174965178],[10.6522878769217,45.4039992184396],[10.6523021734693,45.4039807224657],[10.6523179688102,45.4039763615605],[10.652337127252,45.4039710721395],[10.6523487063835,45.4039865809708],[10.6525047477522,45.4039320683507],[10.6525277744242,45.4039426466129],[10.6525461003637,45.4039510653914],[10.6525978516298,45.4039450909913],[10.6528520117007,45.4038212268831],[10.6529243692732,45.4037587803718],[10.6529365657106,45.4037367465123],[10.6529455089631,45.4037205897855],[10.6529283686517,45.4037051615126],[10.6533621176441,45.4034441409563]],[[10.6524860956475,45.4092299616007],[10.6525057195056,45.4092998664559]],[[10.6523686240012,45.4040471847139],[10.6525277744242,45.4039426466129],[10.652771382698,45.4037826311301],[10.6529365657106,45.4037367465123],[10.6536399296968,45.4035413622342],[10.6546896625528,45.4031638573252],[10.6558373133021,45.4028659175607],[10.6555701510021,45.4021846751937],[10.6543038084299,45.4014251884936]],[[10.6526495499919,45.4092069523411],[10.6538509925991,45.4089996353389]],[[10.6575005256196,45.406008712214],[10.6538211590865,45.4053148864598],[10.6527066351766,45.4044804983588],[10.6526450393989,45.4043781708664],[10.6527972041213,45.4041695306331]],[[10.6531950854478,45.4066427896905],[10.6542505593236,45.4065738805158]],[[10.6532579327403,45.4077923045892],[10.6541354059283,45.4077491476763]],[[10.6530644598764,45.4010901544434],[10.6532407708097,45.4013169342908],[10.6541832022112,45.4012826725058]],[[10.6533453222361,45.4027460835425],[10.6536294017308,45.4029157650512]],[[10.6538646345512,45.4099968693936],[10.652731886029,45.4101519673567]],[[10.655598840682,45.4097285084651],[10.6539710828934,45.4099822936761],[10.6538646345512,45.4099968693936],[10.6538179019708,45.4095540895805]],[[10.6535937142555,45.399767709242],[10.6536443795629,45.4000848482532]],[[10.6542486049696,45.4014398948816],[10.6539623729001,45.4007518116186]],[[10.6558387381786,45.4065411678228],[10.655062442355,45.4087350458878]],[[10.6552097077807,45.405527473196],[10.6554313922418,45.4044575452051],[10.6552780287788,45.403621630408],[10.6561929464919,45.4032409048759]],[[10.6550580296698,45.3968662496603],[10.6551016401428,45.3969043131065]],[[10.6558269225663,45.4091508072545],[10.6556037930074,45.4091375274813]],[[10.6578419191786,45.4127335843444],[10.6559084841824,45.4121650086253]],[[10.6558269225663,45.4091508072545],[10.6568666611448,45.408750039741],[10.6566460618017,45.4083983309566]],[[10.657188761526,45.4067218747277],[10.6558387381786,45.4065411678228],[10.6524698912113,45.4056786472021],[10.6524569098993,45.4056532937451],[10.6524442784525,45.4056286235765],[10.6524729475237,45.4056009568744],[10.6517798220649,45.4047385177107],[10.6512107859191,45.4042422759449]],[[10.65571043418,45.3964005562174],[10.6556850181903,45.3963796076885]],[[10.6568666611448,45.408750039741],[10.6572649138543,45.4092656795876]],[[10.6572961511537,45.412834653185],[10.6576162313893,45.4133794750901]],[[10.6570973205564,45.4009397018286],[10.6570953738086,45.4005562513242]],[[10.6572851034496,45.406980124327],[10.6574509445345,45.4071114418123],[10.6573015138284,45.4072304041983],[10.6594317851378,45.4088784822173]],[[10.657185462069,45.4013398515196],[10.6574271282909,45.4022371110842],[10.6557980093303,45.4022933817421]],[[10.6574042503013,45.4061258993503],[10.6538214701208,45.4053974854508]],[[10.6574509445345,45.4071114418122],[10.6579036356878,45.406912016711],[10.6577430881056,45.4066859512333]],[[10.6575991998155,45.4105167908919],[10.656036117913,45.410849280695],[10.6562754691689,45.4113271684614],[10.6568033546217,45.4114782567224],[10.6573573670097,45.411528253458],[10.6587257923782,45.4113342756114],[10.6599705967118,45.4113878788646],[10.6597413937627,45.4105129860575],[10.6593619957826,45.4101361436039],[10.6575991998155,45.4105167908919],[10.6573328471404,45.409944562134]],[[10.657150320144,45.3941670665742],[10.6602782490361,45.3939975665683],[10.6614873218413,45.3935234526596],[10.6612476670923,45.3933232950853]],[[10.6575016797076,45.4061011083376],[10.6575434510177,45.4050947961408],[10.6574736312981,45.405096263393]],[[10.6574271282909,45.4022371110842],[10.6579684891478,45.4021346064334]],[[10.6575434510177,45.4050947961408],[10.6575147757587,45.4043989382324]],[[10.6575895678016,45.4044013933292],[10.6575330869402,45.4038227106112]],[[10.6576120872136,45.4038184672951],[10.6583648095989,45.4035536195595],[10.6584691327327,45.4027624792463],[10.6590034581933,45.4023454543607]],[[10.6579036356878,45.406912016711],[10.6581264198209,45.4072502228852],[10.6587270810653,45.4077421255324],[10.6597860047516,45.4073299292118]],[[10.6593619957826,45.4101361436039],[10.6589355546208,45.4098077778388]],[[10.658718545253,45.4005359486457],[10.6588997089791,45.4011280363942],[10.6593452199354,45.4011541999031]],[[10.6589956376136,45.3970061633412],[10.6604225453414,45.3965183591881]],[[10.6594953801444,45.4124808488217],[10.6599991106851,45.4132374826453],[10.6606837086663,45.413773058145],[10.6621709758208,45.4131676434918]],[[10.6594317851378,45.4088784822173],[10.6601835955097,45.4087152902996],[10.6620858949332,45.407688672531]],[[10.6595733587299,45.406597853768],[10.6595322031332,45.4066164019375]],[[10.6595733587299,45.406597853768],[10.6601728789307,45.4072403272157]],[[10.6600501934645,45.4060312075096],[10.6595733587299,45.406597853768],[10.6594483604839,45.4064430153216]],[[10.6598564785693,45.4030951820916],[10.6597291618538,45.4037185795923],[10.659782501134,45.4044960438787]],[[10.6602045417132,45.4195686299216],[10.6603369020175,45.4198979595125]],[[10.6601519931329,45.4124302579612],[10.6603204620544,45.4124226588215]],[[10.6601798133012,45.4122118582098],[10.6599705967118,45.4113878788646]],[[10.6601473304673,45.4120292069966],[10.6632276894146,45.410551027674]],[[10.6599731489345,45.4017235834846],[10.6598790881757,45.4017252157214]],[[10.6613281995868,45.4207328428402],[10.6615154088883,45.4202608238115],[10.6609224115486,45.4200894211213],[10.6613389690777,45.4194748623466]],[[10.6608613413543,45.4044597099637],[10.6612238391878,45.4049746682579],[10.6607540818282,45.4053078658622],[10.6603244057485,45.4058232429449],[10.6600501934645,45.4060312075096],[10.6590856642697,45.406002797802]],[[10.6609963975097,45.4064964737405],[10.6609023119623,45.406553782718]],[[10.6607486247615,45.3941428575017],[10.6606701824326,45.3940562373228]],[[10.6632940830025,45.3946319708057],[10.6630914171286,45.3941975932204],[10.6623598050938,45.3943649015208],[10.661620005403,45.3952977413499],[10.6611227548601,45.3953310851104],[10.6608301078307,45.3956722232396]],[[10.6610823812771,45.3979629697395],[10.6609599081469,45.3973519959699],[10.6597974632421,45.3974501270006]],[[10.6609599081469,45.3973519959699],[10.6621792069031,45.3972269163293]],[[10.6612238391878,45.4049746682579],[10.6619208423735,45.4047722431273],[10.6619746974705,45.4054851100787],[10.6617873076054,45.405835959544],[10.6609963975097,45.4064964737405],[10.6621430050771,45.4067300984849]],[[10.6614414290694,45.4017702541355],[10.6614108750404,45.4017704843088]],[[10.6614414290694,45.4017702541355],[10.6614731388534,45.4017718854269]],[[10.6617933261331,45.4008462919394],[10.6614467525121,45.4016937874238],[10.6614414290694,45.4017702541355],[10.6614098815512,45.4022234039307],[10.661503065457,45.4030187441651],[10.6611626426781,45.4036204498197],[10.660764608055,45.4040445816499],[10.6597291618538,45.4037185795923],[10.6592584836721,45.4037500281226]],[[10.6616799114154,45.3936428910449],[10.6614873218413,45.3935234526596],[10.6623845080189,45.3932245604327],[10.6622381505206,45.3934470552647],[10.6618535106029,45.3935452903163],[10.6616799114154,45.3936428910449],[10.6607486247615,45.3941428575017],[10.6598105257722,45.3945418226047]],[[10.6617112489156,45.4002996046783],[10.6617230573973,45.4004809679444],[10.6619179964133,45.4005283175745]],[[10.6617230573973,45.4004809679444],[10.6617933261331,45.4008462919394],[10.66021627279,45.4008200147379],[10.6599755216203,45.4016940360848],[10.6599731489345,45.4017235834846],[10.6599243304142,45.4023315219082],[10.6598564785693,45.4030951820916],[10.6591737403601,45.402850458579]],[[10.6617648290103,45.4001789529053],[10.6618060412512,45.400056894987],[10.6619044307026,45.4001462282703]],[[10.6618060412512,45.400056894987],[10.6620059987521,45.3994646752996],[10.6605874435133,45.3993963483398],[10.6605118045887,45.3996256619974],[10.6602104069532,45.3996455164974],[10.6599961407808,45.3996408954289],[10.6599189056267,45.3994408806503],[10.6589042714504,45.3994788333743],[10.6592655785809,45.3986922419737]],[[10.6619746974705,45.4054851100787],[10.6627708115984,45.4055286397898],[10.6624705638474,45.40624376104]],[[10.661859675113,45.4004996172234],[10.6618906563244,45.4004335502533]],[[10.6620080323615,45.4019891331151],[10.6635014346508,45.4021514879021],[10.6641293053581,45.4012600222524],[10.6649102686253,45.4009365520085],[10.6642177395667,45.4004852486204],[10.6629290870644,45.4008540485229],[10.6626005396824,45.4010840243645],[10.6620080323615,45.4019891331151],[10.6615638712767,45.403273315067]],[[10.6620059987521,45.3994646752996],[10.6622005784547,45.3986108765859],[10.6621235868853,45.3978577314036],[10.6610506544206,45.3979661763304],[10.6599154401648,45.398104043254]],[[10.6619083092973,45.3921785187571],[10.6612905065029,45.3915715463352],[10.6604139971797,45.3916501155619]],[[10.6626002619941,45.415411617551],[10.6624296171982,45.4160249419538],[10.6619565114469,45.4166799345614],[10.6639378199305,45.4173403240336],[10.6636021944239,45.4179508930368],[10.6635409093681,45.4179531360686],[10.663529883125,45.4179688553657],[10.6635122027984,45.4179940608761],[10.6635498063353,45.4180210575739],[10.6632008825222,45.418387009088],[10.6626301824564,45.418173523644]],[[10.6622005784547,45.3986108765859],[10.6627854149712,45.3986872437799]],[[10.6631054515556,45.421351984767],[10.6618026403199,45.4208147351199],[10.6614875224666,45.4207734588467],[10.6607660122603,45.420589522785],[10.6606133953786,45.4210588725235],[10.6607953024565,45.4216827290281]],[[10.6640110924134,45.4220916588746],[10.6631054515557,45.421351984767],[10.6634248310114,45.4208631281551]],[[10.6623095456587,45.3932010221455],[10.6625221910297,45.3931040652362],[10.6619083092973,45.3921785187571],[10.6613823842491,45.3923454319677]],[[10.6623845080189,45.3932245604327],[10.6627070622522,45.393325842127],[10.6625262413587,45.3931833162374],[10.6627438801094,45.3932343513549],[10.6629815539688,45.3933168363952],[10.6630833264599,45.3933521564516],[10.6636493522032,45.3938852351469],[10.6640852963809,45.3948857187367],[10.6644383425807,45.3953626678902],[10.663861767304,45.3955956342559],[10.6634495491009,45.3945978855785],[10.6632940830025,45.3946319708057],[10.6635489204828,45.3951866150662],[10.6621061923686,45.3960104822026],[10.6610190261502,45.3960067193923],[10.6608301078307,45.3956722232396],[10.6603038069736,45.3956276583016],[10.6586901570227,45.3957838307743],[10.6586222753813,45.3963135283154],[10.6589956376136,45.3970061633412],[10.6588244231417,45.3977687186656]],[[10.6631722984065,45.4122939828526],[10.6632974861944,45.4122704466895],[10.6630561154682,45.4118655242951],[10.6642089514135,45.4115722034546]],[[10.662934482927,45.402872096883],[10.6630095546945,45.403316024641],[10.6635007026258,45.4040544329669],[10.6618768765685,45.40429275225]],[[10.662934482927,45.402872096883],[10.6631075391481,45.4028018464652],[10.6621779307554,45.4030991631612],[10.6615829149645,45.4034795769041],[10.6608613413543,45.4044597099637],[10.6593284023738,45.4055012756584],[10.6585533784597,45.4058855449428],[10.6576566842273,45.4060878960892],[10.6575016797076,45.4061011083376],[10.6574042503013,45.4061258993503],[10.6572847447978,45.4063506753229],[10.6572038151198,45.406669756016],[10.657188761526,45.4067218747277],[10.6571546372965,45.4068400196503],[10.6572394620763,45.4070655616924],[10.656637849433,45.4075461715381],[10.6558524867487,45.4085213174508],[10.6558269225663,45.4091508072545],[10.6556169387319,45.4095873711921],[10.655588296184,45.4098107392262]],[[10.6627070622522,45.393325842127],[10.6627708343438,45.3934417377055]],[[10.6632974861944,45.4122704466895],[10.6634380221483,45.4122440247798]],[[10.6627827406798,45.3933496048886],[10.6629475320896,45.3933319011613],[10.6629815539688,45.3933168363952],[10.6630158445176,45.393301652645],[10.6637689468774,45.3929079468421]],[[10.6638370393138,45.4245261776602],[10.6632368864454,45.4244593245647]],[[10.663166195652,45.398825671178],[10.663220125158,45.3988249557938]],[[10.6650554689632,45.4266406690602],[10.6639968579541,45.4267004180483]],[[10.6635007026258,45.4040544329669],[10.6637231833474,45.4047590405368],[10.6634655643482,45.4055228607337]],[[10.663755854011,45.4151225820633],[10.6638372436549,45.41468230426]],[[10.663401803465,45.4021406571664],[10.663378568594,45.4021992644719]],[[10.6643281376101,45.422186103851],[10.6628601318041,45.4219061836141]],[[10.6635007026258,45.4040544329669],[10.6636113362543,45.4040354151192]],[[10.6636857987148,45.4092466906551],[10.6638751440883,45.4089540411303],[10.6639834388141,45.4088714755382],[10.6640193511942,45.4088524950446],[10.6644797877867,45.4086091419299],[10.6635735753051,45.407654495694]],[[10.6639378199305,45.4173403240336],[10.6644210435004,45.4162473441753],[10.6643592923026,45.4153811322746],[10.6643903270928,45.4151846278247],[10.663755854011,45.4151225820633],[10.6627383716826,45.4150223632091],[10.6626002619941,45.415411617551],[10.6633185207167,45.4155064749171]],[[10.6634495491009,45.3945978855785],[10.66337781579,45.3945124437297]],[[10.6644865839244,45.410401681046],[10.6644635662249,45.4101327991107],[10.6644271709562,45.4100011029802],[10.6641031186912,45.4095888033741],[10.6639998460167,45.4089315130294],[10.6640220125975,45.4088799120607],[10.6640193511942,45.4088524950446],[10.6640189596413,45.4088484613757],[10.6639355171342,45.4085220762458]],[[10.6641418433568,45.4000963142397],[10.6637945940386,45.3996052520915],[10.6632061128621,45.3993375025678],[10.6630515887041,45.3976265784766],[10.6631972625703,45.3970129453396],[10.6626111470938,45.3969300984223],[10.6630813298089,45.3966404018503],[10.6639451667329,45.396836530114]],[[10.6637945940386,45.3996052520915],[10.6641177080146,45.3988563912953],[10.6641154070691,45.3983105491018],[10.6652407107678,45.3979844904245],[10.6646615387882,45.3961669222348],[10.6646770251584,45.3956689895942],[10.6646580247978,45.395652948322],[10.6646538904887,45.3956257355616],[10.6646508917146,45.395605997077],[10.6646653806774,45.3956002784459],[10.6646206306113,45.3954837835475]],[[10.6636493522032,45.3938852351469],[10.6650756244817,45.3931631932811],[10.6650811569761,45.3931750750379],[10.6651128186224,45.3932430724684],[10.6652862429098,45.3934145757177],[10.6652216764465,45.3934545221885]],[[10.6646582485214,45.4263701640968],[10.6653920569111,45.4265436620177],[10.6653822489972,45.4266337109555],[10.6661424776917,45.4268932685994]],[[10.6647337385578,45.4236088568299],[10.6646217267321,45.4235615032015]],[[10.6644174235377,45.4161899563769],[10.6648451389576,45.416142448474],[10.6648302219942,45.4159803183944],[10.6644090795576,45.4160576774899]],[[10.664014222092,45.3999158399444],[10.6649418545952,45.3994061525687]],[[10.663934047142,45.3968629625215],[10.6644119500035,45.3968364158352],[10.6645404462722,45.3974533874805],[10.6643940114874,45.3978887413613],[10.6640727904216,45.3981680530353],[10.6641154070691,45.3983105491018]],[[10.6650554689632,45.4266406690602],[10.6648607365691,45.4276434372379]],[[10.6648001929943,45.4185752081993],[10.6648363205491,45.4198476063161],[10.6644242475121,45.4202136746789],[10.6649623543318,45.4217481703379],[10.6651233641421,45.4218864859801],[10.6655140015344,45.4221505822612],[10.6656147144561,45.4222186701196],[10.6655245461033,45.4222163882217],[10.6655055474611,45.4221743389105],[10.6655140015344,45.4221505822612],[10.6655214863855,45.4221295491901],[10.6655499962586,45.4221210320458],[10.6656938786261,45.4216348795919],[10.6666446342337,45.4219196933265],[10.6674895198397,45.4217885397042]],[[10.6648001929943,45.4185752081993],[10.6649190501999,45.4168173411468],[10.6648451389576,45.416142448474],[10.6658887276409,45.4158096241753]],[[10.6648028783651,45.4185488832625],[10.6668263028385,45.4191231194079],[10.6667746763402,45.4191994965034],[10.6667690913617,45.4192077589994],[10.6665363379807,45.4194293516702]],[[10.6650554689632,45.4266406690602],[10.6653822489972,45.4266337109555]],[[10.6648302219942,45.4159803183944],[10.6648066323615,45.4143499763458],[10.6642410118634,45.4145504534733]],[[10.6648066323615,45.4143499763458],[10.6647990728608,45.4138274796078],[10.6648530134001,45.4134921420835],[10.6648317437631,45.4143246369722],[10.6648066323615,45.4143499763458]],[[10.6648317437631,45.4143246369722],[10.6650699325402,45.4146449471853],[10.6665755689732,45.4149427154701],[10.6668860294119,45.4143058886866],[10.6681152214163,45.4144760119904],[10.6685914758481,45.4147418652518],[10.6693849567924,45.4145402701908]],[[10.6648778881618,45.4132138289883],[10.6648530134001,45.4134921420835],[10.6649215909421,45.4125635382763]],[[10.6648975649832,45.4132151710605],[10.6652668580154,45.411580371094],[10.6655937496616,45.4109235372074],[10.6601798133012,45.4122118582098],[10.6601519931329,45.4124302579612],[10.6592889731666,45.4124655952482],[10.6562969969383,45.4130196753422],[10.6557672363989,45.4142973262727]],[[10.6644383425807,45.3953626678902],[10.664609941551,45.3955901937057],[10.6646538904887,45.3956257355616],[10.6649154125646,45.3958372292522],[10.6657116316822,45.3963298059563],[10.6671466299963,45.3987715279118],[10.6664328373033,45.3994484386075],[10.6641418433568,45.4000963142397],[10.6631675010221,45.4002302786054],[10.6617648290103,45.4001789529053],[10.6617112489156,45.4002996046783],[10.6608375353098,45.4002238447107],[10.6601797171164,45.4007578564536],[10.6587785061828,45.4005269185264],[10.658718545253,45.4005359486457],[10.6570973205564,45.4009397018286],[10.657185462069,45.4013398515196],[10.6568604681975,45.4013951540402]],[[10.6655245461033,45.4222163882218],[10.6643281376101,45.422186103851],[10.6636467526665,45.4233266340376]],[[10.6649102686253,45.4009365520085],[10.6654601206719,45.4012026803264],[10.6653978818364,45.4012721246815]],[[10.6652668580154,45.411580371094],[10.6665565618971,45.4114145833604],[10.665850029385,45.4133249246885],[10.6673716473057,45.4136109274903]],[[10.6656147144561,45.4222186701196],[10.6656264128519,45.4223637292078],[10.66572801499,45.4227908542357],[10.6653549089409,45.4229512559857],[10.6652700765679,45.4230314349392],[10.6646450981916,45.4237042857552],[10.6639477595193,45.424234837665],[10.6638451776634,45.4244176061282],[10.6638370393138,45.4245261776602],[10.6638315667482,45.424599185495],[10.6638028709561,45.4248147588538],[10.6638103844816,45.4248585059286],[10.6645199132974,45.4250542915196],[10.6648136172324,45.4257232079497],[10.6646582485214,45.4263701640968],[10.6644862717852,45.4263463570554],[10.664541568368,45.426108725725],[10.6640806403207,45.4260014165529],[10.6640494091303,45.4258787192696]],[[10.6656264128519,45.4223637292078],[10.6662772820409,45.4223117387627],[10.6678702993504,45.4225671403967],[10.6694655405168,45.4225042679245],[10.670252721364,45.4223910270809],[10.6709318237289,45.4220508732872],[10.6709039268931,45.4217962224482],[10.670385135332,45.421802708274],[10.6687054104395,45.4214539253544],[10.668835647762,45.421084891637],[10.6669433509038,45.4201336563851]],[[10.6656938786261,45.4216348795919],[10.6658673585494,45.4213945477423]],[[10.66572801499,45.4227908542357],[10.6678841488955,45.422849170042],[10.6678698698362,45.423404670343],[10.6679827528272,45.4235307399843],[10.6671506062127,45.4239356046318],[10.6661113285175,45.4249224035555],[10.665774211044,45.4255862285908]],[[10.6655937496616,45.4109235372074],[10.6658093585875,45.4104902986459],[10.6644221291474,45.4103973625811],[10.6643864893963,45.4100336910276],[10.6636857987148,45.4092466906551],[10.662535594197,45.4097806964798],[10.6620648147823,45.4092169705072],[10.6614795352057,45.4094597851832],[10.6612575337987,45.4092470481879]],[[10.6650756244817,45.3931631932811],[10.6651108990671,45.3931498807865],[10.6650811569761,45.3931750750379]],[[10.6662295338336,45.4070726538947],[10.6659224021241,45.4067896343299],[10.6656672176389,45.4065701811427],[10.6651584438754,45.4068114420964]],[[10.6656672176389,45.4065701811427],[10.6671660947014,45.4056470843088],[10.6676200414814,45.4063395867349],[10.6675585331383,45.4064741435556],[10.6679755495184,45.4065868002979]],[[10.6652862429098,45.3934145757177],[10.6656308837031,45.3937215882686],[10.6648875870938,45.394095660898]],[[10.6658093585875,45.4104902986459],[10.6658927950138,45.4101083918011],[10.6659008704959,45.4100833994465],[10.6650122796057,45.4102985209964]],[[10.6653503904154,45.3947842316896],[10.6664568237613,45.3949820721068],[10.6671705908656,45.3955254414188]],[[10.6658927950138,45.4101083918011],[10.66649778822,45.4082788826382],[10.665991301388,45.4072018992751],[10.6665251486695,45.4069122760391],[10.6667822920399,45.4067752100117],[10.6671106150859,45.4066131079198],[10.6675585331383,45.4064741435556]],[[10.6672613458278,45.4177189220983],[10.6661288083599,45.4175121603699]],[[10.6659292584002,45.4101053536633],[10.6660913435482,45.4100918485466],[10.6671076602263,45.4101543371045],[10.6686896566609,45.4101445615051],[10.6686323881382,45.4098281136996]],[[10.667299395919,45.4028364663518],[10.666376445895,45.4025541530814],[10.6657339784582,45.4019981871758],[10.6645217170896,45.4025909104939],[10.6631143258421,45.4028357476006],[10.6643278650401,45.4030234010065],[10.6645684640022,45.4037487753699]],[[10.6660728230659,45.4100933917059],[10.6661822827221,45.4106526576237]],[[10.6656308837031,45.3937215882686],[10.6656057930417,45.3938097152461]],[[10.6656710040525,45.3937916994077],[10.6657927339431,45.3944018128372],[10.6648914814326,45.3951706761772]],[[10.6657425163674,45.3939881184902],[10.6670903594915,45.3939342745743],[10.6671049370786,45.3934887559442],[10.666863643515,45.3932842523368],[10.6667842514428,45.3929376175941],[10.6669024033737,45.3924451829074],[10.6669114659437,45.3924224229807],[10.6669265683451,45.3923844944555],[10.6669704486079,45.3923765404739],[10.6670206876474,45.3921436060346],[10.6655487404478,45.392475905214],[10.6651940675637,45.3928577188341],[10.6651108990671,45.3931498807865],[10.6661633090236,45.3927674909176],[10.6663204881487,45.3925887590621],[10.6669114659437,45.3924224229807],[10.6671841571486,45.3923456702057],[10.6682267180846,45.3921684603172],[10.6682134883479,45.3919684940209]],[[10.6668489623125,45.4228211770019],[10.6668651071311,45.4232225211677]],[[10.6665565618971,45.4114145833604],[10.6666967989805,45.4111770578771],[10.6674744812308,45.4113385328985],[10.6673145502426,45.4117405338757]],[[10.66649778822,45.4082788826382],[10.667123311451,45.4080233475002],[10.666902971103,45.4074430744428],[10.6668066436856,45.4074711431245]],[[10.6668263028385,45.4191231194079],[10.6670868216876,45.4184340353674],[10.6676398635913,45.4186722403998]],[[10.6671506062127,45.4239356046318],[10.6679729667291,45.424326148472],[10.6682835079949,45.4246528037389],[10.6683150770305,45.4252275195625],[10.6677059721274,45.4262568123209]],[[10.6681641321751,45.4158279141976],[10.6669162364033,45.4154260732865]],[[10.6665231479721,45.3996000010103],[10.6668588418982,45.3995284939451]],[[10.6670868216876,45.4184340353674],[10.6673212769567,45.4174733500946],[10.6673357829027,45.417379973063],[10.6679014992782,45.4165931300534],[10.6667440483272,45.4160183891438]],[[10.6668879626584,45.4112109936054],[10.6669257380083,45.4110354534004]],[[10.6667811825807,45.4045646259573],[10.6669942455804,45.4041136979832]],[[10.6671076602263,45.4101543371045],[10.6671329056778,45.4103288583669]],[[10.6671076602263,45.4101543371045],[10.6670901000728,45.4097719854967],[10.6673155506708,45.4090292517172],[10.6672465731661,45.4084432376675],[10.6664946151553,45.4087021761363]],[[10.6668108731324,45.4000111569349],[10.6670623514561,45.4003705109213],[10.6675058264235,45.4002066817216],[10.6682302162666,45.4008412917689],[10.6677515948188,45.4011157954302],[10.6670714558581,45.4015089536437],[10.6669488219622,45.4015798418656],[10.6668945538014,45.4016112113448],[10.6657339784582,45.4019981871758],[10.6656500785241,45.4017905940411],[10.6657293436785,45.4017485539023]],[[10.6668945538014,45.4016112113448],[10.6678883403252,45.4020112621971],[10.6674577333552,45.4024583350717],[10.667299395919,45.4028364663518],[10.666895220514,45.4036072915424],[10.6659514296797,45.4035999631879],[10.6655611780537,45.4039960312109]],[[10.6669481282127,45.4016239122596],[10.6670021142359,45.4015839561894],[10.6669636727004,45.401587244363],[10.6669488219622,45.4015798418656],[10.6669308983202,45.4015709076437],[10.6669261934893,45.4015541611673],[10.666674397347,45.4014905759116]],[[10.6670021142359,45.4015839561894],[10.6670856539586,45.4015387754214],[10.6670714558581,45.4015089536437],[10.6670590486809,45.4014828935041],[10.6673094339343,45.4011697510748],[10.6679225638339,45.4006297458013]],[[10.6669505549199,45.3984329552845],[10.6669951046252,45.3984358982326],[10.6669972578927,45.3984400034649],[10.6670003454643,45.3984458899589],[10.6669976896045,45.3984561931472],[10.6671503830186,45.3987320463875],[10.6671466299963,45.3987715279118],[10.6673661836403,45.3991716166556],[10.6664328373033,45.3994484386075],[10.6664676534566,45.3994605249473],[10.6665231479721,45.3996000010103],[10.6668108731324,45.4000111569349],[10.6665339619388,45.4001252907808],[10.6667390652877,45.4004046029353]],[[10.6672002885905,45.4056240483987],[10.6671660947015,45.4056470843089]],[[10.666981092282,45.3984698673019],[10.6669972578927,45.3984400034649],[10.6670042136825,45.3984271535489],[10.6670561199361,45.3984079343904],[10.6688085206897,45.3978289674038],[10.6687609032172,45.3977741962459]],[[10.6669804009802,45.3984249596343],[10.6679121010171,45.3967498975458],[10.6681978692458,45.3965216085022],[10.6680410160798,45.3964800696898],[10.6682326717121,45.3960555297303]],[[10.6709043387931,45.4044122089708],[10.6702513401129,45.4050880925851],[10.6672002885905,45.4056240483987]],[[10.6674744812308,45.4113385328985],[10.6686923884851,45.4116588375875],[10.668223449596,45.4125384726932],[10.6670046998045,45.4122595821417]],[[10.6674600385397,45.4043700038495],[10.6673833351763,45.4041795018463]],[[10.6673661836403,45.3991716166556],[10.6676474973321,45.3995608395567],[10.667364509964,45.4000312348913],[10.6675058264235,45.4002066817216],[10.6676230126014,45.3999804775077]],[[10.6679014992782,45.4165931300534],[10.6681342646664,45.4159038177625],[10.6682991741317,45.415484723804]],[[10.668055442868,45.4114855935459],[10.6680700254314,45.4109391706967]],[[10.6678883403252,45.4020112621971],[10.6685570269745,45.40183204734],[10.6690589002383,45.4018370219983],[10.6692576682641,45.4018903868779],[10.6693005107314,45.4018925639165],[10.6693651638632,45.4018958492324],[10.6699064410045,45.401882659632]],[[10.668223449596,45.4125384726932],[10.6687050430985,45.4126437745384]],[[10.6685553923224,45.4209415154361],[10.6687539792594,45.4207255361069]],[[10.6683968988354,45.415236367426],[10.6685914758481,45.4147418652518]],[[10.6695054394127,45.4260758726277],[10.669159781185,45.4259500633241],[10.6688688645165,45.425663800909]],[[10.6692257779743,45.4086409551636],[10.6683970658703,45.4087783802365]],[[10.6682302162666,45.4008412917689],[10.6693759982404,45.4002452879892],[10.6707299590746,45.3999240686776]],[[10.6682302162666,45.4008412917689],[10.6693005107314,45.4018925639165],[10.6701420994456,45.4027191599377],[10.6707984658707,45.4032829050892],[10.671349009591,45.4033074895888],[10.6719059154749,45.4032916195316]],[[10.6683316173128,45.4041318718271],[10.6683941392908,45.4044074292086]],[[10.6681978692458,45.3965216085022],[10.6690831319336,45.3958143907876],[10.6706236766033,45.3958411726363],[10.6713071948273,45.3956142511257],[10.6710495064453,45.3951465780157],[10.6713673777069,45.3948807015203],[10.6713922951343,45.3946931133726],[10.6711201654922,45.3940067097151],[10.6709612026857,45.3932152864413],[10.6706322988268,45.3932318003317],[10.6699522679787,45.3935440352384]],[[10.6686896566609,45.4101445615051],[10.6687089417131,45.4103709115803]],[[10.6686896566609,45.4101445615051],[10.6696814024201,45.4100154156502],[10.6694180444153,45.4092567163724],[10.6692257779743,45.4086409551636],[10.6691034065565,45.4082561364418],[10.668313791612,45.4084356495745],[10.6672465731661,45.4084432376675],[10.667123311451,45.4080233475002],[10.6705265898384,45.407233119776],[10.6720748742395,45.4067139553089],[10.6718567624283,45.4066541653029],[10.671380262543,45.4068190656459]],[[10.6684332654825,45.3931504630809],[10.6689316566471,45.3929676579858]],[[10.6688085206897,45.3978289674038],[10.6694269094053,45.397591404897],[10.6696081835019,45.3969305849544],[10.6711045368768,45.396427126685]],[[10.6688476870027,45.3938640276028],[10.6684332654825,45.3931504630809],[10.6682267180846,45.3921684603172],[10.6693821798029,45.3920624113142],[10.6703264685558,45.3920295281358],[10.6708105394797,45.392073311429],[10.6718944677657,45.3918031208652],[10.6730936889906,45.3920764412314],[10.6734578243724,45.392107664697],[10.6736960236963,45.3920772980561],[10.6744339622475,45.3920838179868],[10.6763971598236,45.3922202623462],[10.6753769601002,45.3922953122811]],[[10.6701348919008,45.4175581873303],[10.6695481793787,45.417399464771]],[[10.6700029516797,45.4186449170935],[10.6699664452964,45.4183408095221],[10.6696919164167,45.4183156584535],[10.6685063193894,45.4182070316679],[10.6681629952139,45.4188066807127],[10.6674398435041,45.4193903308827],[10.6667942355392,45.419206030533],[10.6667746763402,45.4191994965034],[10.6667517580471,45.4191918403143],[10.6667370979794,45.4191733317624],[10.6653864395764,45.4187562481983],[10.6653561359197,45.4187667561837],[10.6648001929943,45.4185752081993],[10.6635908151988,45.4179739770218],[10.663529883125,45.4179688553657],[10.6620220801961,45.4178421060455],[10.6604788221784,45.4195279312578],[10.6602045417132,45.4195686299216],[10.6595830605853,45.4197159262723],[10.6593401609214,45.4199412522821],[10.6579010629364,45.4198238923154],[10.6570551520401,45.4209681949311],[10.657058427695,45.4216392966385],[10.658933967996,45.4217133616165],[10.6591275004947,45.4205007529387],[10.6593401609214,45.4199412522821]],[[10.6715040497682,45.4161307914944],[10.6699053234061,45.4177975121306],[10.6696969728218,45.4182911676034],[10.6696919164167,45.4183156584535],[10.6696869031192,45.4183399404902],[10.6697169268381,45.4184475584846],[10.6683584349049,45.4186443576133]],[[10.6697169268381,45.4184475584846],[10.6698407897718,45.4186154868223],[10.6708724758711,45.419086652172],[10.670305437592,45.4196298297999],[10.6695708103014,45.4196934008],[10.6693647334887,45.419874107295]],[[10.6706873097862,45.4169822824992],[10.6698267237173,45.4166702092838]],[[10.6696814024201,45.4100154156502],[10.6697864474094,45.4103258317963]],[[10.6695184267616,45.3957979057257],[10.6693083861658,45.3948786407316],[10.6701256850337,45.394113173427],[10.6701433415558,45.3938216786919]],[[10.6701011364317,45.3999504540016],[10.6698227081706,45.3997392317386],[10.6695912815265,45.3995199156629],[10.6693836050372,45.3985925302967],[10.6696380397764,45.3984519568506],[10.6699706163244,45.3987695304873]],[[10.6696380397764,45.3984519568506],[10.6699711013007,45.398259453731],[10.6702549011034,45.3985012294211],[10.6710804029348,45.3990493176702],[10.6712327135599,45.3995377270155],[10.6707299590746,45.3999240686776],[10.6701486819245,45.3999421356999],[10.669944163482,45.3999779169808],[10.6697557968253,45.4000353218393],[10.6682330152091,45.400813119031],[10.6679169460789,45.4005513158819]],[[10.6706968089795,45.4248833046023],[10.6707289631986,45.4244614573521],[10.6704322928349,45.4244841182301],[10.6704243759191,45.4238377739103],[10.6725987073181,45.4238399709454],[10.6724793423951,45.4242028994133],[10.6717661566415,45.4248467164816],[10.6715017627734,45.4248296488999],[10.6706968089795,45.4248833046023],[10.6697435311428,45.4252008482539],[10.6695892824196,45.4258940567818],[10.6695054394127,45.4260758726277],[10.6694229199723,45.4261765344119],[10.6686442453011,45.4263658882514]],[[10.6704243759191,45.4238377739103],[10.6707251316397,45.4225889243723],[10.66950318067,45.4227679653283]],[[10.670786865217,45.413274920736],[10.6701718388246,45.4131050911861]],[[10.6701185587935,45.402755551882],[10.6707010992992,45.4035907818492],[10.6682202034974,45.4041520648188],[10.6667811825807,45.4045646259573],[10.6655723536245,45.4052197803916],[10.6644872543016,45.4063541880193]],[[10.6701420994456,45.4027191599377],[10.6689895458122,45.4030388626567]],[[10.6707124859585,45.4222197179761],[10.6707354799553,45.4225879830359],[10.6706646158558,45.4222522402792]],[[10.67071640941,45.4222405339351],[10.6720361591028,45.4219589073696],[10.6740489117838,45.4220373797876],[10.6734356250285,45.4228609874073],[10.6709703014724,45.4226787123651]],[[10.6709039268931,45.4217962224482],[10.6708983969095,45.4214499089869],[10.6716034619948,45.4214134175721]],[[10.6713127604495,45.4199062113551],[10.670661454829,45.4205046230548],[10.671066086965,45.4209927081976],[10.6708983969095,45.4214499089869]],[[10.6702549011034,45.3985012294211],[10.6710859123125,45.3979207079004]],[[10.6708724758711,45.419086652172],[10.6717807947978,45.4194785716045],[10.6728115132724,45.4192809809035],[10.6728555315458,45.4193859917835],[10.6725260091207,45.4198267255703],[10.672794303941,45.4198527343626]],[[10.6708724758711,45.419086652172],[10.6712125838845,45.4178793841917]],[[10.6708289896678,45.4125939738214],[10.6707608805017,45.4125807027247]],[[10.6705530119005,45.4032927241418],[10.6707984658707,45.4032829050892],[10.6714146407012,45.4038121162663],[10.671463294434,45.4047516124111],[10.6709043387931,45.4044122089709]],[[10.6703264685558,45.3920295281358],[10.6705117477613,45.3925323656049],[10.6706621144313,45.3931819808867],[10.6694574980655,45.3936230545682],[10.6688476870027,45.3938640276028],[10.6688117604053,45.3938782241984],[10.6686510423856,45.3939663836189]],[[10.6705883702908,45.3928633928781],[10.6703563159253,45.3929571382011]],[[10.6715017627734,45.4248296488999],[10.671384250732,45.4251297351093]],[[10.6705781842161,45.3958376997275],[10.6705600719084,45.395764138558]],[[10.6709133879272,45.4013767723096],[10.6708227234978,45.4025122218576]],[[10.6707543497687,45.3999387139956],[10.6709963745423,45.4003374440772],[10.6704868617716,45.4003339687763]],[[10.670788235365,45.3999311185146],[10.6715362871532,45.3996181771965],[10.6718496012923,45.3997204621557],[10.6746733452937,45.4000104799994],[10.675775810714,45.4003634428705],[10.6752742147008,45.4005385504927]],[[10.6708699644869,45.4019205969516],[10.6736553759574,45.4022326680428],[10.6739231414163,45.4015802263721]],[[10.6706621144313,45.3931819808867],[10.671550421291,45.3931520337727]],[[10.6709963745423,45.4003374440772],[10.6709133879272,45.4013767723096],[10.6699922813605,45.4015110678939]],[[10.6709963745423,45.4003374440772],[10.6717024752253,45.4004271229617],[10.6727312499816,45.4004138791783],[10.6726666016311,45.4009394690764],[10.6717044967278,45.4007586385421]],[[10.6715040497682,45.4161307914944],[10.671904881329,45.4162319763522],[10.6721392940025,45.4153179299662],[10.6720759801501,45.4150210998506]],[[10.6715040497682,45.4161307914944],[10.6705812226717,45.4158978286917],[10.6711782741724,45.4148709549504],[10.6720862250605,45.4146751672412]],[[10.6712798220358,45.4032932606351],[10.6714126867612,45.4027056570798],[10.6712961789681,45.4027050177499]],[[10.6717949071678,45.4119015492721],[10.6716129164302,45.4123268946816],[10.6708586978872,45.4123565123454],[10.6707946587883,45.4128683825779],[10.670786865217,45.413274920736],[10.6707875808161,45.4137463622195],[10.6700939928741,45.4135962610894],[10.6692223191794,45.4137808656291],[10.6682454979083,45.4135303840915]],[[10.6716129164302,45.4123268946816],[10.6728581106731,45.4124040405449],[10.6729071698448,45.4128091653945]],[[10.6711201654922,45.3940067097151],[10.6712383346555,45.3939776768828]],[[10.6714646777945,45.4048219974832],[10.671560543146,45.4048284823328],[10.671463294434,45.4047516124111],[10.6714642370829,45.404815558851],[10.6714646777945,45.4048219974832],[10.6714959268292,45.4052785296696],[10.6724348275753,45.406462935733],[10.6724348275753,45.406462935733],[10.6725022103216,45.4065712143701]],[[10.671560543146,45.4048284823328],[10.671560543146,45.4048284823328],[10.6723436264394,45.4048225829138],[10.673200722122,45.4048772713629],[10.6732163231431,45.4048782667519],[10.6744191876644,45.4049571419647]],[[10.6713071948273,45.3956142511257],[10.6719430719994,45.3968700818872],[10.6736507645515,45.3965798324436]],[[10.6746457662783,45.4125260216646],[10.6739088198982,45.4124427686256],[10.6717949071678,45.4119015492721],[10.6696404055625,45.4114082035988]],[[10.6716530921784,45.4038545576205],[10.6716599802058,45.4038394350245],[10.6716651916957,45.4038788329396],[10.6716775955018,45.4038779331771],[10.6716659793549,45.4038648249878]],[[10.6716580681492,45.4038537172203],[10.6716621289154,45.4038643175106],[10.6714238555224,45.4038801093044]],[[10.6717124256753,45.4038469827496],[10.6716739174749,45.4038631233408]],[[10.6717205955567,45.4038461518248],[10.6717031641931,45.4038597603722]],[[10.6724402969329,45.4161858918879],[10.6721113048498,45.4168526007412]],[[10.6717706157086,45.4038386516235],[10.6717353576533,45.403855341157]],[[10.6718567624283,45.4066541653029],[10.6722192158945,45.4065350592181]],[[10.6717771293875,45.4038380550428],[10.6717583583417,45.4038521719629]],[[10.6718173461117,45.4038706575717],[10.6718119444025,45.4038451343657],[10.6717782208526,45.4038501068395],[10.6717837020902,45.4038655855404]],[[10.6717837020902,45.4038655855404],[10.6717902716461,45.4038488539057]],[[10.6717420501548,45.4003926508493],[10.6717548994923,45.4002976995533]],[[10.67153321698,45.3931318080445],[10.6716649241065,45.3928110150104],[10.6720057892962,45.3934347345921],[10.6724826117666,45.3932717322544],[10.6726317543232,45.3928853495424],[10.6729233748572,45.3926372969776]],[[10.6725987073181,45.4238399709454],[10.6732447459002,45.4238174202132]],[[10.6725260091207,45.4198267255703],[10.6722997778924,45.4206571978771],[10.6732139155732,45.4206678196714],[10.6731602156805,45.4211584647062]],[[10.6724402969329,45.4161858918879],[10.672154814084,45.4160746356405],[10.671904881329,45.4162319763522]],[[10.6724402969329,45.4161858918879],[10.6734777850329,45.4165902042177],[10.6733341436118,45.4172100351906],[10.6726793304899,45.4171832728097]],[[10.6723062374163,45.404822864709],[10.6724229733872,45.4043369947165]],[[10.6724348275753,45.406462935733],[10.6738795867367,45.4059865089033],[10.6754648939787,45.4061915761351],[10.6781520532643,45.4061108258785]],[[10.6728905446706,45.4109368714],[10.6714746543452,45.410945865578],[10.6714178134581,45.409642648912],[10.6716920780369,45.4089650195246],[10.6731374645445,45.40850341038],[10.6723262338037,45.4078114526319]],[[10.6726666016311,45.4009394690764],[10.673278322761,45.4009888005899],[10.6732688977412,45.4010199072014]],[[10.6727312499816,45.4004138791783],[10.6728130082111,45.40011756985]],[[10.672788988919,45.4009493391215],[10.6727852356496,45.4009725708283]],[[10.6736534327182,45.4099777474946],[10.6731374645445,45.40850341038]],[[10.6757107825553,45.4173882963038],[10.6734777850329,45.4165902042177],[10.6738330419861,45.4153273352517],[10.6734526976977,45.4152794797449]],[[10.6732007221219,45.4048772713628],[10.673200722122,45.4048772713629],[10.6735293095704,45.4049596886797],[10.674165800416,45.4051003359061],[10.6747160120469,45.4051942307006],[10.6767012700697,45.4050913806175],[10.6788830023806,45.4054312679142]],[[10.6732387847973,45.4048797397441],[10.6733504811477,45.40438339766]],[[10.6737740184107,45.4224423305412],[10.6748491571606,45.4226467307339],[10.6748269523774,45.4228678867216],[10.6753766412852,45.4230751327989],[10.6749201143339,45.4234554010991],[10.6744985174648,45.424634131494],[10.6728652249977,45.4249009834296],[10.6722541672927,45.4252117348188]],[[10.6731721573343,45.3983728202013],[10.6730467041807,45.3971352949379]],[[10.6742345285895,45.3987457325772],[10.6741080853517,45.3983557233379],[10.6738168859652,45.3983016984655],[10.6731721573343,45.3983728202013],[10.6725980829522,45.3984361446733],[10.6725668739158,45.3984689871778],[10.6723976984394,45.3984584349397]],[[10.6739863798007,45.4221437667535],[10.6744805572986,45.4221414662435],[10.6758495867048,45.4226023023537],[10.6761793814464,45.4223833090056],[10.6767496818629,45.4215865309165],[10.6777110804872,45.4219369416367],[10.6783101696725,45.4219591709546],[10.6783105366662,45.4211779781583],[10.6777787061601,45.4211649405338],[10.677641730576,45.4211615822265]],[[10.6740558417282,45.4028974569929],[10.673552441881,45.4028833529547],[10.6734425262709,45.4030449222751]],[[10.6738330419861,45.4153273352517],[10.6739343603122,45.4149671583992]],[[10.6740489117838,45.4220373797876],[10.6758680718986,45.4213797914169],[10.6757446003767,45.4217110086877]],[[10.6738864680408,45.4124374097558],[10.6738641885928,45.4124729047388]],[[10.6741116732138,45.4179863211188],[10.6745369737132,45.4188441172273],[10.6728115132724,45.4192809809035],[10.6730187306902,45.4186776285513]],[[10.6738957666593,45.4106452461613],[10.6739106303896,45.4106814617546]],[[10.6741632303388,45.4099105636983],[10.6741632303388,45.4099105636984],[10.6743769002983,45.4105896143835],[10.6738957666593,45.4106452461613],[10.6733240701952,45.4109038015936],[10.6728905446706,45.4109368714],[10.6729011594036,45.4112963277794],[10.6741098865239,45.4115376960248]],[[10.6736960236963,45.3920772980561],[10.6744285815461,45.3921332761769]],[[10.6737203182293,45.3921415876489],[10.6740329667234,45.3930359855824],[10.6738768134539,45.394267831628],[10.6729587814427,45.3945816226889]],[[10.674347874149,45.4036317072558],[10.6745877655979,45.4030475827221],[10.6740558417282,45.4028974569929]],[[10.6739080273745,45.3957421473906],[10.6745294096283,45.3954410494834],[10.6749113721517,45.3955661327126]],[[10.6739455559368,45.3961400985821],[10.674209781703,45.3961013502925]],[[10.6743769002983,45.4105896143835],[10.6748133666292,45.4105394935061]],[[10.6740329667234,45.3930359855824],[10.6742881943388,45.393013752436],[10.6750788676084,45.3935707612734],[10.6748483306041,45.3937972291418]],[[10.674573829036,45.4097844985742],[10.6760160538542,45.4095479366156],[10.676184665038,45.4099115293522]],[[10.6750852621695,45.4084550800517],[10.674564246266,45.4086557118989]],[[10.6746077555289,45.4098519798631],[10.6750803727902,45.4108254407671],[10.6747705503609,45.4105444103178]],[[10.6748742708464,45.4113794158408],[10.6753027276966,45.4116397284255]],[[10.6745294096283,45.3954410494834],[10.6744856232277,45.3953733092568],[10.674957304876,45.3951385861957]],[[10.6746733452937,45.4000104799994],[10.6727704802723,45.3997752906001]],[[10.6746793168894,45.3999421154527],[10.6746487234487,45.399539577712],[10.6742345285895,45.3987457325772],[10.6724963045232,45.3990303233933]],[[10.6746850937684,45.3998369897284],[10.6754919979256,45.399763620848],[10.6757336183784,45.3998507543835]],[[10.6753766412852,45.4230751327989],[10.6760727142744,45.4233130455773],[10.6769057839012,45.42379400267],[10.6757975809232,45.4246126211557]],[[10.6750803727902,45.4108254407671],[10.6752824154753,45.4112712981039],[10.6750843338733,45.4112475793296],[10.6745864262072,45.4115600668369]],[[10.6756693345708,45.4123647104331],[10.6757049882941,45.4122802410483],[10.6754071091194,45.411173483879],[10.6752824154753,45.4112712981039],[10.6755096359835,45.4119939444463],[10.6758084092607,45.4126875904216],[10.6757169887606,45.4126822452998]],[[10.6756435235139,45.4185639363334],[10.6760942889254,45.4194383547626],[10.6760130163138,45.4211983415673]],[[10.6757107825553,45.4173882963038],[10.6754521922728,45.4160233683087],[10.6755831172106,45.4158389509227]],[[10.6757107825553,45.4173882963038],[10.6758913964658,45.4185005839681],[10.6745369737132,45.4188441172273],[10.6753126880797,45.4201658660909],[10.6744246817589,45.4205775007457]],[[10.6758680718986,45.4213797914169],[10.6762091632702,45.4214263121749]],[[10.6750788676084,45.3935707612734],[10.6754973705285,45.3937449106679],[10.6757546399411,45.3931813069465]],[[10.6758084092607,45.4126875904216],[10.6759849330052,45.4147126627602],[10.6767655450723,45.4148139330541],[10.676260572387,45.4156042991994],[10.6772309825651,45.4157208714208],[10.6784086961762,45.4156322859657],[10.6786915549806,45.4163336782332]],[[10.6757657122609,45.4082541122554],[10.6765782772558,45.4080811633831]],[[10.6756954980823,45.4051018733167],[10.6758506353728,45.4045492021993]],[[10.6754581873511,45.3969165798838],[10.6756786829748,45.3969058682881]],[[10.6765600474859,45.4147872740147],[10.6759371711878,45.4147764356969],[10.6758797474224,45.4163714645982],[10.676401440316,45.4172881668683],[10.6769912762645,45.4179359355761],[10.67705487244,45.4182974790966],[10.6758913964658,45.4185005839681]],[[10.6757612615164,45.4037108387628],[10.6762565033159,45.4037469916393],[10.6761963231879,45.4040658488175]],[[10.6763605180714,45.4014280961172],[10.6755929930689,45.4029260051417],[10.6758875167698,45.4032979162627],[10.6757612615164,45.4037108387628],[10.674347874149,45.4036317072558],[10.67420520478,45.4038242381126],[10.6739932004287,45.4037901873782],[10.6734062231757,45.403338950149]],[[10.6783834071633,45.3988469932572],[10.678165198707,45.3987316397532],[10.6775169802991,45.3984428040234],[10.6772718795921,45.3983593826806],[10.6761599334045,45.3983508466108],[10.6755016326618,45.3971235556677],[10.6754040782684,45.3966587990241],[10.6739835152516,45.3963564090403],[10.6738473970668,45.3957803311975],[10.6738647709793,45.395472392378]],[[10.6756023147114,45.3972463951226],[10.6760683618136,45.396801156292],[10.6775126874216,45.3959937003721],[10.678590821689,45.3959123710807],[10.677981792635,45.3952972000712],[10.6778428231433,45.3958182648609]],[[10.6760826251515,45.4094927381689],[10.6760160538542,45.4095479366156],[10.6757657122609,45.4082541122554],[10.6750852621695,45.4084550800517],[10.6746689192287,45.4075677655731],[10.6734893730098,45.4068973297744],[10.6727037231548,45.4067532383662],[10.6726271047779,45.406749308634],[10.672598058498,45.4067478188459],[10.6725493098302,45.4067717571347],[10.6720837399475,45.4067483838202],[10.6720748742395,45.4067139553089],[10.6725022103216,45.40657121437],[10.6726271047779,45.406749308634],[10.6728764864772,45.4071049126324],[10.6740063590916,45.408655749642],[10.674573829036,45.4097844985742],[10.6746077555289,45.4098519798631],[10.6741632303388,45.4099105636984],[10.6736534327182,45.4099777474946],[10.672682564605,45.4098493426417]],[[10.6760934981276,45.4095352331942],[10.6783677661775,45.409278726104],[10.6783989433456,45.409451032288],[10.6773120528403,45.410490065119],[10.6769621111099,45.4104778647046],[10.6752815074963,45.4109221620063],[10.6754071091194,45.411173483879]],[[10.6757960530438,45.3931950371058],[10.676282869366,45.3925730590641]],[[10.67705487244,45.4182974790966],[10.6767496818629,45.4215865309165]],[[10.6762565033159,45.4037469916393],[10.6776581155454,45.4038492980505],[10.6777198901962,45.4034117741407],[10.6776028046515,45.4031688653202]],[[10.6769057839012,45.42379400267],[10.6784230053234,45.4249028539389],[10.6777989191644,45.4252432705526]],[[10.6763914056427,45.406163741237],[10.6765549759614,45.4067900884514],[10.6748519536148,45.4069195222778]],[[10.6767973704814,45.4177063852069],[10.6770205779026,45.4176856351186],[10.6766586186148,45.4172163915516]],[[10.6763605180714,45.4014280961172],[10.676621400049,45.401495648378]],[[10.677575699183,45.4147663099674],[10.6767655450723,45.4148139330541]],[[10.6765549759614,45.4067900884514],[10.6779591406212,45.4066894057492],[10.6780954597358,45.4075762842864]],[[10.6763823537577,45.3983525549305],[10.6763830761809,45.3984264677498]],[[10.6770106276588,45.4156944016706],[10.6769678526671,45.4160791663595]],[[10.6770205779026,45.4176856351186],[10.679422775729,45.4176185560353],[10.6802580598237,45.4177311342885],[10.6793196099234,45.4187460798111]],[[10.676946351363,45.4117751313333],[10.6769303746097,45.4125660717687]],[[10.6769621111099,45.4104778647046],[10.6770768540146,45.4108611285572],[10.676946351363,45.4117751313333],[10.6764922265355,45.4117367153373]],[[10.6766321179283,45.4000787122263],[10.6762712696836,45.3999541433107],[10.6757811083536,45.4003236364798],[10.6768024014701,45.4006921002277],[10.6763605180714,45.4014280961172],[10.6752114809313,45.4010859177069]],[[10.6768024014701,45.4006921002277],[10.6780400227404,45.4010703618934]],[[10.6765657998118,45.3922319813998],[10.6765953727284,45.3921960058442],[10.6763971598236,45.3922202623462],[10.6765657998118,45.3922319813998],[10.6787593967092,45.3923109295984],[10.6789794044535,45.3923779192528],[10.6791374126332,45.3924260304393],[10.6791843485463,45.3924403216819],[10.6795777916765,45.3925214299061],[10.6802271424851,45.3926109233491],[10.6800233684944,45.3936553190134],[10.6793307554513,45.3936406260975]],[[10.6765953727284,45.3921960058442],[10.6770092323318,45.3916925386943],[10.6772604325775,45.3910170017976],[10.6783196272017,45.3917979095895],[10.6787337715056,45.3908279673327],[10.6781149506047,45.3900367401123]],[[10.6768481610073,45.4007059355358],[10.6771712341405,45.4002648180944],[10.6768481610073,45.4007059355358]],[[10.6768804981977,45.4007157126078],[10.677238052434,45.4002894361873],[10.6772005216052,45.4002749281786],[10.6766321179283,45.4000787122263],[10.6763122240239,45.4005080581934]],[[10.6776477798982,45.4229020914125],[10.6778083717085,45.4226128188454],[10.6768964350575,45.4221606684108]],[[10.6776859026789,45.4204694581177],[10.6785358994011,45.4203175677614],[10.677995540147,45.4194104433111],[10.6777076533064,45.4194174336941]],[[10.6777787061601,45.4211649405338],[10.6776467225457,45.4204700337384]],[[10.6779312546176,45.4011051660826],[10.6780439751865,45.4010917524019],[10.6782076364559,45.4006642340264],[10.6772353629912,45.4002286374772],[10.6779233741414,45.3992942735053],[10.6783480605082,45.3988871107822],[10.6784035453805,45.3988241368797],[10.6784750662803,45.398713582622],[10.6785667476552,45.398735061554]],[[10.677995540147,45.4194104433111],[10.67850564175,45.4192966718119]],[[10.6779312546176,45.4011051660826],[10.6775500622152,45.4017033487732]],[[10.6772604325775,45.3910170017976],[10.6783432153454,45.3903600635227]],[[10.6776581155454,45.4038492980505],[10.6782911107862,45.4038492862098]],[[10.6786318083633,45.4220400796413],[10.6782724738597,45.4219815266117],[10.678645741111,45.4220111693368],[10.6786318083633,45.4220400796413],[10.6782146711233,45.4229056209486],[10.6780503241236,45.4228859531132],[10.6781122823206,45.4227427297506],[10.6778083717085,45.4226128188454],[10.6779471877966,45.4225018334831]],[[10.6778014889064,45.4051849320925],[10.6778647725247,45.4048863192654]],[[10.6784230053234,45.4249028539389],[10.6789989047402,45.4245827717606]],[[10.6779591406212,45.4066894057492],[10.6783442284746,45.4066617907528]],[[10.6778012734847,45.3994729969579],[10.6778700567758,45.3994912011548]],[[10.678434671214,45.4200761422458],[10.6790276645685,45.4199156037484]],[[10.6779312546176,45.4011051660826],[10.6791058276006,45.4012485111139],[10.679432224122,45.4016942622119],[10.6791792627727,45.4020579586315],[10.6777423217771,45.4027409717934]],[[10.6784086961762,45.4156322859657],[10.679105054716,45.4155370768821],[10.6790623225905,45.4153517695065],[10.6799039085657,45.4146534897687],[10.6797951931449,45.4138381987176],[10.6781025542874,45.4137737753234],[10.6775047999929,45.4135711906596],[10.6765874883625,45.4135848927589]],[[10.678343074318,45.4111618241869],[10.6783043909828,45.4113899343792]],[[10.6786318083633,45.4220400796413],[10.6801189001702,45.4222603975393],[10.6810255199904,45.4231274064639],[10.6806831998658,45.4228524575343],[10.6802762872673,45.4234282219917],[10.6795188960362,45.4231746854574]],[[10.678645741111,45.4220111693368],[10.6789081534921,45.422038820008],[10.6797596972474,45.4221285437239],[10.68036981461,45.4222974514745]],[[10.678343074318,45.4111618241869],[10.6795343498982,45.4108263755834],[10.6806863003876,45.4109114177237]],[[10.6783677661775,45.409278726104],[10.6785078903493,45.4092553102485],[10.6784370606189,45.4092234619017],[10.6783709059423,45.4087354448817],[10.6783313654609,45.4083978950643]],[[10.6783778369678,45.4093343842493],[10.6784548288228,45.409324640015],[10.6785078903493,45.4092553102485],[10.6801991451827,45.4089726731837],[10.680275773326,45.4092088161153]],[[10.677981792635,45.3952972000712],[10.6786835239774,45.3937817026758],[10.6783083369518,45.3935891984454]],[[10.6784332893589,45.4091956419132],[10.6790248567142,45.4091211844033]],[[10.6788855775927,45.4220650212461],[10.6789081534921,45.422038820008],[10.6793638847487,45.4215098993474]],[[10.6782108023398,45.3917787063904],[10.6785675140997,45.3920265618319]],[[10.6784750662803,45.398713582622],[10.6788136010025,45.3980722083794],[10.6778650798429,45.3977722496274],[10.678590821689,45.3959123710807]],[[10.679105054716,45.4155370768821],[10.6791405238028,45.4156512971215]],[[10.6786735219044,45.3984068151028],[10.6787668578658,45.3984135482593]],[[10.6787443649711,45.3980503136696],[10.6801089451652,45.3976534341746]],[[10.6786835239774,45.3937817026758],[10.6791374126332,45.3924260304393]],[[10.6787337715056,45.3908279673327],[10.6790884180404,45.3908400885429],[10.6793094524966,45.3909928577896]],[[10.6791058276006,45.4012485111139],[10.6792342372979,45.4006757669776],[10.6796936332256,45.4004553469634]],[[10.6797596972474,45.4221285437239],[10.680713347462,45.421067712612],[10.6812324196501,45.4212754970992]],[[10.6788344021681,45.3886017307776],[10.6795922483467,45.3888353353106],[10.6791908597659,45.389244491697],[10.6794222742718,45.3895744132804],[10.6813542473413,45.3902017546914],[10.6813983824599,45.3899485860367],[10.6819431658591,45.3900244769435]],[[10.6796102808391,45.3947420540661],[10.6790376748418,45.3946007944283]],[[10.6789794044535,45.3923779192528],[10.6791660568539,45.3920528191849],[10.6791374126332,45.3924260304393]],[[10.6798202290389,45.4182575836001],[10.6801655097779,45.4184580913903]],[[10.6791326846145,45.3920488659975],[10.6792184896261,45.3917381479617]],[[10.6797951931449,45.4138381987176],[10.6809239343559,45.4137720515649]],[[10.6799782914511,45.4196088186125],[10.6802253704721,45.4202820193074],[10.6805633463592,45.4202469126984],[10.6806515198159,45.4205562177976],[10.6808210618345,45.4209454527422],[10.6811121234699,45.4211789805315],[10.6813303259688,45.4207414385069],[10.682073134078,45.4211281692152],[10.6827551071394,45.4203263971273],[10.6832970961421,45.4206325188453]],[[10.680275773326,45.4092088161153],[10.6799643674356,45.4107975949865]],[[10.6802580598237,45.4177311342885],[10.6803705416962,45.41722356216],[10.6796414151467,45.4167813501532]],[[10.6803029958817,45.4177864974259],[10.6808741801802,45.4184902095673],[10.6811115139504,45.419410603141],[10.6813109290874,45.4197318381655]],[[10.6800294374966,45.4080997775989],[10.6799094351223,45.407585094025],[10.6800951881957,45.4072004492574],[10.6796651648898,45.4059959408546]],[[10.6803705416962,45.41722356216],[10.6807025412126,45.4172519937633],[10.6812800354445,45.4170651984832],[10.6814754139683,45.4170569188392],[10.6819863106936,45.4170818118217],[10.6823707311956,45.4168519304987],[10.6825714193,45.4171515332919],[10.6832016203153,45.416931534544]],[[10.6803705416962,45.41722356216],[10.6809328106167,45.4165237217698],[10.6811141476747,45.416098296783],[10.6802959920673,45.4160036146493]],[[10.680120616116,45.4084590189521],[10.6808652355644,45.4083912262154]],[[10.6800951881957,45.4072004492574],[10.6811996575952,45.4076702635204],[10.6813346718092,45.4080675471937]],[[10.6801991451827,45.4089726731837],[10.6802458118997,45.4089710104415],[10.6801271069238,45.4084845923759],[10.6800294374966,45.4080997775989],[10.6795436803439,45.4081329626978]],[[10.6798461693118,45.3957528455586],[10.6800163874735,45.397194290082]],[[10.6800233684944,45.3936553190134],[10.6798366567566,45.394371488989],[10.6796208480099,45.3946971966929],[10.6795999502315,45.3947859071687],[10.6795976755384,45.3949737971932],[10.6798461693118,45.3957528455586],[10.6801245465875,45.3955517167733]],[[10.6802458118997,45.4089710104415],[10.6833222197553,45.4083283578188],[10.6833414434686,45.4075868174514],[10.686307263045,45.4070938777778],[10.6859877180375,45.4083901257507]],[[10.6806213926611,45.420450534672],[10.6809062043504,45.420376306344]],[[10.679980084515,45.3964877653301],[10.6808180330997,45.3964586930144]],[[10.680713347462,45.421067712612],[10.6808210618345,45.4209454527422],[10.6811776237571,45.420316680367]],[[10.6802715275662,45.4045413201362],[10.6800527014053,45.4048939964129],[10.6814819610355,45.4055748088382],[10.6812479919582,45.4064005043707],[10.6826273855052,45.4070849730898],[10.6829125964054,45.4058796970727],[10.6838684719831,45.4059669186276]],[[10.6807780938508,45.4037703465116],[10.6802715275662,45.4045413201362],[10.6795809089687,45.4042968109159]],[[10.6800233684944,45.3936553190134],[10.6808837443358,45.393655103975],[10.6810941515861,45.3937219348086]],[[10.6800511374251,45.3935129980164],[10.6803039417112,45.3935150397336]],[[10.6805597314692,45.4009437913061],[10.6803336489391,45.3998323559989],[10.6800062837205,45.3990866830323]],[[10.6802439824839,45.3995396238972],[10.6819626729619,45.3997249851994],[10.6823163851071,45.4003078776855],[10.6829627309066,45.4004651289933],[10.6827273823148,45.4007577114307],[10.6815527548234,45.4005380181827]],[[10.680305988804,45.4014039409626],[10.679649600974,45.4021860539063]],[[10.6803202074924,45.4013781562884],[10.6805597314692,45.4009437913061],[10.6800784149753,45.4008894303216]],[[10.6810688214861,45.4231767583082],[10.6810655140666,45.4237016281464],[10.6811732631521,45.4236907207837]],[[10.6810746178469,45.4231636045457],[10.6811509612319,45.4236541625903],[10.6822060020588,45.4241611484683],[10.6834271352632,45.4230076055898],[10.683036857493,45.4227347110905],[10.6832726795068,45.4221609682562],[10.6837563424681,45.4222501658782]],[[10.6810805039487,45.4231502471261],[10.6816426005161,45.4220987441462]],[[10.6802271424851,45.3926109233491],[10.682408972587,45.3929046530872],[10.6824416189056,45.3928228558796],[10.6821099431483,45.3925713386344],[10.6821694423715,45.3923466917329],[10.6810312198662,45.3921807471693],[10.6810004818818,45.3921765680365],[10.6804221143167,45.3920979315857]],[[10.6811732631521,45.4236907207837],[10.6824885626327,45.4244089345838],[10.6838410957737,45.4239722183933],[10.6842537762423,45.4232069970566],[10.6856226601982,45.4224404643926],[10.6854048510536,45.4221674135654],[10.6853329708062,45.4211158064748],[10.6851284460562,45.421061666388]],[[10.6805597314692,45.4009437913061],[10.6821719978917,45.4013911360262],[10.6827273823148,45.4007577114307]],[[10.6813066551125,45.4156472248778],[10.6810738466272,45.4155892033235]],[[10.6811141476747,45.416098296783],[10.6823909421161,45.4165423194641]],[[10.6811141476747,45.416098296783],[10.6812734814324,45.4157244871962],[10.681517439894,45.4151562969352],[10.6812599453051,45.415096154604],[10.6811826661583,45.4146893769452]],[[10.6807233361242,45.3995281806486],[10.680858975857,45.3988503044514]],[[10.6814754139683,45.4170569188392],[10.6816856819119,45.4180668570107]],[[10.681517439894,45.4151562969352],[10.6822191057757,45.4152337588014],[10.6836284189535,45.4157885509791],[10.6841384373903,45.4151296862202],[10.6845595717816,45.4153611999209],[10.6851575315482,45.416092568025],[10.6840623596132,45.4166418059966]],[[10.681517439894,45.4151562969352],[10.681536308794,45.4143275815448],[10.6821514680673,45.4141186156914],[10.6821006704476,45.4134413057591]],[[10.6810076975626,45.3926599116636],[10.6810452214641,45.3922628753564],[10.6810018677897,45.3922233048326],[10.6810004818818,45.3921765680365],[10.680999484175,45.3921429224271],[10.6811716780652,45.3905898252409],[10.6813542473413,45.3902017546914]],[[10.6811068101928,45.3936903813893],[10.681419728085,45.3937398679091]],[[10.6822179813041,45.4014100136313],[10.6814512149632,45.4029423963744]],[[10.6816931710383,45.410830595026],[10.6817079669781,45.4112357024378]],[[10.681488473619,45.4029846230637],[10.681521164519,45.4029930024899],[10.6823157114727,45.4028227225883],[10.6826073868745,45.4029324022895],[10.6827869120716,45.4027397948315],[10.6835009700227,45.4028597653879],[10.683725896838,45.4026169317824],[10.6841400181547,45.4027600515756],[10.6848236392551,45.4029457411572]],[[10.6817720838654,45.4025016810081],[10.681488473619,45.4029846230637],[10.6807780938508,45.4037703465116],[10.6792321139689,45.4033118136491],[10.6795017155538,45.4028438642602]],[[10.6810766414489,45.3888041682313],[10.6811023153384,45.3885543793399],[10.6818545493076,45.3883754745235]],[[10.6815931926572,45.3996602055943],[10.6824227781024,45.3985357224663]],[[10.6813983824599,45.3899485860367],[10.6816859882531,45.3891611539795],[10.6814781821843,45.3887353206508],[10.6810766414489,45.3888041682313],[10.6806272876061,45.3888224373664]],[[10.6821637564807,45.414015780442],[10.6827105583957,45.4139590984421],[10.682820186572,45.4142924598717]],[[10.6815509654316,45.3922622531368],[10.6815414377296,45.392317461942]],[[10.6814781821843,45.3887353206508],[10.681550374685,45.3887156100238]],[[10.6821720048066,45.4014796004411],[10.6819625823785,45.4013870770746]],[[10.6823831922261,45.4108644591448],[10.6824825278308,45.4110582913451]],[[10.6844402585005,45.410601949767],[10.6839322943628,45.4105096227921],[10.683792777631,45.4104799445466],[10.6835535927104,45.410478588784],[10.6823831922261,45.4108644591448],[10.6818274437712,45.4108238217299],[10.6807338605512,45.4108789821527]],[[10.6827551071394,45.4203263971273],[10.6838598998859,45.4193260105522],[10.6835500131612,45.4189079193303]],[[10.6822179813041,45.4014100136313],[10.6822540451915,45.4013906619937],[10.6829562319093,45.4015410362186],[10.6839715477357,45.4020593103296],[10.6846671824482,45.4021971725566]],[[10.6822340975805,45.4016537146899],[10.6823615805759,45.4014136911741]],[[10.6829421099511,45.4204320191734],[10.6835356886988,45.420022282987],[10.6842348123947,45.4197077450997],[10.6842818107604,45.4197939743337],[10.6853756022887,45.4194512008865],[10.685413493343,45.418899553361],[10.6848002123694,45.4187799582424],[10.6838598998859,45.4193260105522]],[[10.6829870097213,45.4212850504047],[10.6835705701612,45.4208930103323]],[[10.6821694423715,45.3923466917329],[10.6826330189114,45.3923608401553],[10.6828380974801,45.3922482637841],[10.6830792893307,45.391123525881],[10.6829503877934,45.3899016808996],[10.6826737015499,45.3890503023755]],[[10.6832726795068,45.4221609682562],[10.6835781218449,45.4214882994719],[10.6829870097213,45.4212850504047],[10.6829302405822,45.4217645890248]],[[10.6829125964054,45.4058796970727],[10.683168166425,45.4050981899134],[10.6822904370292,45.4050504626547]],[[10.6835781218449,45.4214882994719],[10.684266172993,45.4214257579171]],[[10.6829627309066,45.4004651289933],[10.68354301772,45.4005317337967],[10.68391073716,45.4000128188684],[10.6840673679808,45.4000308977815],[10.6854532427859,45.4001908507177]],[[10.683168166425,45.4050981899134],[10.6847014160642,45.4051911144747]],[[10.683168166425,45.4050981899134],[10.6835679536251,45.40408408866],[10.6836525838559,45.4033780544491],[10.6860284311553,45.4042083207415]],[[10.6828528626669,45.3921939179804],[10.6829550539721,45.3922323898905]],[[10.6837280241647,45.4191480880908],[10.6847106484607,45.4186089800417],[10.6846459650691,45.4185091042814]],[[10.6829674897846,45.3930359836009],[10.6836215232438,45.3925715663326],[10.6841429019281,45.3917102351518],[10.6848939005822,45.3908579452891],[10.6849280161556,45.3904629622543],[10.6841799589935,45.3903376376539]],[[10.6839173839721,45.4238307610463],[10.6843109760051,45.4239266869227],[10.685027856571,45.4238375179688]],[[10.6830666474136,45.3931477623988],[10.683789610809,45.3926583660854]],[[10.6836525838559,45.4033780544491],[10.6841400181547,45.4027600515756]],[[10.6858639379876,45.3892336375155],[10.6855312892484,45.388385767999],[10.6833827832546,45.3887158222932]],[[10.6843239460409,45.4111316410949],[10.6841340127686,45.411054626552],[10.6844642620997,45.4105664685398],[10.6851704301619,45.4098095160947],[10.6854841988508,45.4099001494733],[10.6854101415133,45.4095408464973],[10.6855670759167,45.4094662549159]],[[10.6840673679808,45.4000308977815],[10.684095790346,45.3999508406354]],[[10.6839058028203,45.3938064852539],[10.6830666474136,45.3931477623988],[10.6822727887291,45.3938347053583]],[[10.6839069243127,45.3938225186289],[10.6842009260517,45.3943936788424],[10.6840182115414,45.3953096277447]],[[10.6847987033182,45.4107796148861],[10.6843239460409,45.4111316410949],[10.6844337665127,45.4112504535659]],[[10.684106019989,45.3959332896646],[10.6857008017278,45.3952224640992],[10.6860654905131,45.395212404409],[10.6867035046877,45.3954671461176],[10.6860311409344,45.3967347770189],[10.6856101027037,45.3961892875445]],[[10.6840855583272,45.3941228206122],[10.6851406320696,45.3939395764555],[10.685272158615,45.3944112846024]],[[10.6850023292236,45.4161704045769],[10.6849911855058,45.4162743674098]],[[10.6851575315482,45.416092568025],[10.686622550277,45.4160565312517]],[[10.6856226601982,45.4224404643926],[10.6859610787189,45.422902262249]],[[10.6851156058281,45.4022740638458],[10.6853972131753,45.4014774164138],[10.685707958879,45.4009912565365]],[[10.6849280161556,45.3904629622543],[10.6854770669478,45.3894024387163],[10.6843982610144,45.3894426054717],[10.6836579678788,45.3896648618952]],[[10.6851406320696,45.3939395764555],[10.6853469180978,45.3939037476311]],[[10.685420673755,45.4001870919155],[10.6857196205177,45.400035504067]],[[10.6852611135199,45.3937922224896],[10.6857468140748,45.3934333952228],[10.6865355485085,45.3931872704183],[10.688066516603,45.391802593659],[10.6881152584417,45.3901841918916],[10.6894748192256,45.390073176665],[10.689264355536,45.3896589220926],[10.6903881144894,45.389292650717]],[[10.6855614823448,45.4012476479802],[10.6862119201413,45.4015947721987],[10.6866550866388,45.4008752186832]],[[10.6854770669478,45.3894024387163],[10.6856998353843,45.389301250748],[10.6858934669422,45.3892214710118],[10.6864716117961,45.3892234230499]],[[10.686307263045,45.4070938777778],[10.6867717225849,45.406789824599],[10.688390237015,45.4066755807874],[10.6889791443142,45.4068566524381],[10.6891110541967,45.4070963799666],[10.6889697504581,45.4074070104278]],[[10.6864601144145,45.4011917904881],[10.6875022274825,45.4019100071093],[10.6868386030518,45.4028079897985],[10.6879773499524,45.4029817184391]],[[10.6865498995139,45.3988066539537],[10.6862287712737,45.3992754713298],[10.6863471573064,45.3995230947754],[10.6867876018769,45.4001992076542],[10.6877581802583,45.4006991676967]],[[10.6868386030518,45.4028079897985],[10.6867553994409,45.402907564409],[10.6869442839633,45.4036249507767],[10.6869969392417,45.4038249328535]],[[10.6867678518929,45.3985433875006],[10.6865498995139,45.3988066539537],[10.6840493862861,45.3990262527851]],[[10.6869442839633,45.4036249507767],[10.687141572344,45.4034691743605]],[[10.6869085884742,45.398432335149],[10.6867678518929,45.3985433875006],[10.6885519804535,45.3995719439167]],[[10.6868723696725,45.3984297521492],[10.6871026265184,45.3978880871659],[10.687767888111,45.3978309171765]],[[10.6875022274825,45.4019100071093],[10.6877943757399,45.4020901039876],[10.6885340493242,45.4025460724568]],[[10.6874549626556,45.394875928319],[10.6873871720402,45.394835182994],[10.686709244463,45.394318876135],[10.6863606187099,45.3944783157395]],[[10.687599595449,45.3946900462454],[10.6873871720402,45.394835182994],[10.6873675115587,45.3948486158179],[10.687131332892,45.3950391243837],[10.6869144261873,45.3953074021335],[10.6867761712099,45.3953445105057],[10.6867035046877,45.3954671461176]],[[10.6877943757399,45.4020901039876],[10.6886985345518,45.4011717381658],[10.6883180936283,45.4009905606279]],[[10.687599595449,45.3946900462454],[10.6877080337163,45.3947004648515],[10.6879369177107,45.3946812018725],[10.6887426713256,45.3945798700965]],[[10.6878666094694,45.3957088196229],[10.688101722276,45.3963216390523],[10.6885633204702,45.3970644477591],[10.6873790466562,45.3970356131619]],[[10.6883050122578,45.4037611593465],[10.6883260197607,45.4049588793964]],[[10.6883116629191,45.40375333456],[10.6890067024495,45.4039200853945],[10.6891461718943,45.4033765252014],[10.6906255467007,45.4021053233307],[10.6905777676441,45.4019802852798],[10.6908275121247,45.4021282788462]],[[10.688101722276,45.3963216390523],[10.6894101920303,45.3960377343777],[10.6896163019942,45.3956088300988],[10.6899364483585,45.3956346969364]],[[10.6878787702725,45.3882331781495],[10.6881641798868,45.3881285618934]],[[10.6885633204702,45.3970644477591],[10.6887225049751,45.3978039347831],[10.689566924141,45.3976905585406],[10.6897294591779,45.3983376270529]],[[10.6886985345518,45.4011717381658],[10.6889841367113,45.4008718333763],[10.6898638177943,45.4012715259156]],[[10.6889841367113,45.4008718333763],[10.6895155394281,45.4002761691806],[10.6894370129315,45.4001825158764]],[[10.6895155394281,45.4002761691806],[10.6907034046362,45.3990291925691],[10.6919639944445,45.3987206422092]],[[10.689566924141,45.3976905585406],[10.690675502347,45.3975332966684],[10.6905654795958,45.3971078994315],[10.6901755555439,45.3966430076406],[10.6902121196571,45.3960888129003],[10.6914113002251,45.3959483254823],[10.6915238191501,45.395716002237],[10.6913288837438,45.3954103086674]],[[10.6896163019942,45.3956088300988],[10.6897643947564,45.3953006525236]],[[10.6901397176331,45.4045573857783],[10.6898557801086,45.4046293135745],[10.6902491672493,45.4055144540916],[10.6875777062754,45.4060871669516],[10.6852005286267,45.4057412485797]],[[10.6899364483585,45.3956346969364],[10.6902121196571,45.3960888129003]],[[10.6902491672493,45.4055144540916],[10.6908736401109,45.405658975591],[10.6914285417882,45.4056272646543],[10.6913327527618,45.4053976702005],[10.691919064238,45.40511490096],[10.6912708617567,45.4042552668148],[10.6930471290138,45.4037702171287],[10.6930781438578,45.4039410765402]],[[10.6905777676441,45.4019802852798],[10.6917226677466,45.400506616604],[10.6915273469702,45.4000361607061]],[[10.6904266430319,45.3925111517378],[10.6910621640721,45.3924603302099],[10.6918200136362,45.3920636118459]],[[10.690675502347,45.3975332966684],[10.6915971642025,45.3974323715429],[10.6916154024868,45.3964128490578]],[[10.6924728983495,45.4034352243175],[10.6929967281365,45.4035706189073],[10.6930471290138,45.4037702171287],[10.6939847826393,45.4034112593639],[10.6944794221431,45.4028753305049],[10.6935902461116,45.4024149931431]],[[10.6939875818078,45.4025836387888],[10.6943215112213,45.4021251671072]]]}},{"type":"Feature","properties":{"NOME_COMPL":"Condotta COLOMBAROLA - MONDIRONE","COMUNI":"Monzambano, Ponti sul Mincio"},"geometry":{"type":"MultiLineString","coordinates":[[[10.6780400227404,45.4010703618934],[10.6822116560096,45.4016961761183],[10.6817720838654,45.4025016810081]],[[10.6822116560096,45.4016961761183],[10.6866936583661,45.4028060963053],[10.6883050122578,45.4037611593465],[10.6901882075222,45.4045691518486]],[[10.6822116560096,45.4016961761183],[10.6822340975805,45.4016537146899]],[[10.682408972587,45.3929046530872],[10.6829674897846,45.3930359836009],[10.6839058028203,45.3938064852539],[10.6852611135199,45.3937922224896]],[[10.6848493026485,45.4023050709977],[10.6854760212249,45.4012393528466]],[[10.6852391972123,45.3938045961533],[10.6856656821174,45.3937549524604],[10.6857458391305,45.3940327965583],[10.6865159357982,45.3951142300493],[10.6870142972507,45.3954347098497],[10.6878666094694,45.3957088196229],[10.6869085884742,45.398432335149],[10.6858811077254,45.3996868900752],[10.6854760212249,45.4012393528466],[10.6855614823448,45.4012476479802]],[[10.6857095954479,45.3938567931703],[10.6857366335501,45.3935706549945],[10.6856656821174,45.3937549524604]],[[10.6878834515287,45.3957111739094],[10.6877080337163,45.3947004648515]]]}},{"type":"Feature","properties":{"NOME_COMPL":"Condotta COLOMBAROLA - PELOIA","COMUNI":"Monzambano"},"geometry":{"type":"MultiLineString","coordinates":[[[10.6736070225636,45.3553861537069],[10.6735132994447,45.3545328488801]],[[10.6736070225636,45.3553861537069],[10.6755953798821,45.3550924840348],[10.6762300971177,45.3552916359459],[10.6795564103938,45.3548316956139]],[[10.6737457343506,45.3568368988565],[10.6737076719346,45.3570290413306]],[[10.6737457343506,45.3568368988565],[10.6737078656855,45.3564131920763],[10.6724693780748,45.356629214962]],[[10.6744255892528,45.3564834006574],[10.6747936569196,45.3567840976911]],[[10.6765869137505,45.3565860163667],[10.6761854788336,45.3566481982268],[10.6756169036689,45.3566678464767],[10.6752443129946,45.3565376722823],[10.6747308397299,45.3562513152836],[10.6746071389274,45.3562708903996],[10.6746152570542,45.3564541937881],[10.6744255892528,45.3564834006574],[10.6737457343506,45.3568368988565],[10.6732396288523,45.3568333055435]],[[10.6766542392553,45.3566028080702],[10.6766414745751,45.3565650291361],[10.6755982785174,45.3566157706318],[10.6747048975205,45.3562106457475],[10.6737078656855,45.3564131920763],[10.6736070225636,45.3553861537069],[10.6724031860366,45.3554417066177]],[[10.6785643331437,45.354968884298],[10.6788811564398,45.3560312610503],[10.6788313193479,45.3560359086701],[10.6785934658462,45.3560668096262],[10.6782234456271,45.3561348865777],[10.6782650748172,45.3562282319386],[10.677895671714,45.3563524528593],[10.6766414745751,45.3565650291361]],[[10.6786535949991,45.3560589979419],[10.6786700056326,45.3561340270401],[10.6778833739601,45.3563771768691],[10.6766542392553,45.3566028080702],[10.676584690461,45.3566106794489],[10.6765639108062,45.3568411885134]],[[10.6795159277777,45.3561191705862],[10.6798283743786,45.3561268453722],[10.6807061801843,45.3562317039698],[10.6812828312142,45.3562807145023]],[[10.679741324031,45.3538811584246],[10.6801257436791,45.3553631588053],[10.6800523477947,45.355371089758]],[[10.6800072244448,45.3549062567511],[10.6799223616955,45.3549189979965]],[[10.6802127031947,45.3557519804491],[10.6801257436791,45.3553631588053]],[[10.6808166737652,45.3561966915093],[10.6807516765617,45.3561908750269],[10.6807212048489,45.3561824724339],[10.6804890053603,45.3561184429343],[10.6799386301544,45.3560756760387],[10.6786700056326,45.3561340270401],[10.6788430454753,45.3569251487496]],[[10.6807485807191,45.356153224504],[10.6807256305172,45.3561738252602],[10.6807212048489,45.3561824724339],[10.6807151205569,45.3561943603354],[10.6807203457508,45.3562054848425],[10.6807061801843,45.3562317039698],[10.6806745656221,45.3562902194507],[10.6817849308005,45.3571858246902],[10.6816687939541,45.3575883212236],[10.6821338701032,45.3584204791501]],[[10.6820387418036,45.3560406422633],[10.6808166737652,45.3561966915093],[10.6801388085141,45.3557595932177]],[[10.6817313305892,45.365125724813],[10.6814675079167,45.3645099836515],[10.6817884877396,45.364401375756],[10.6815364247904,45.3638519222491],[10.681108510866,45.3634101488021],[10.6807803202808,45.3636256245938]],[[10.6813095980705,45.3649060518336],[10.6812474069545,45.3649703296496]],[[10.6817884877396,45.364401375756],[10.6824503182665,45.3642332078894]],[[10.6820324033422,45.3653431345459],[10.6820770058249,45.3653251442092]],[[10.6820446735706,45.362860725125],[10.6822761460533,45.3629763963906]],[[10.6825681336589,45.3625628533018],[10.681618063235,45.3630793462555],[10.681108510866,45.3634101488021]],[[10.6820320808525,45.3582935248242],[10.6819808743619,45.3583170310682]],[[10.682196344115,45.3654835200755],[10.6820800421676,45.3655371737839],[10.6823720638985,45.3658185440408],[10.6826906363846,45.3661254924975]],[[10.6820387418036,45.3560406422633],[10.6840001488885,45.3559357937047],[10.6841115978401,45.3559465213136],[10.6841661917066,45.3559517762491],[10.6841081940269,45.3559742314082]],[[10.6823720638985,45.3658185440408],[10.6824780112412,45.3657884157972]],[[10.684185746144,45.3559233584688],[10.6839187765728,45.3557180461878],[10.6837899924248,45.3556709562161],[10.6829753939185,45.3555376310047],[10.682961300856,45.355921586495]],[[10.6829753939185,45.3555376310047],[10.6829827914841,45.3552403215511]],[[10.6838294116928,45.3600015526915],[10.6833612758195,45.3593221610642],[10.6839509767404,45.3590270313723]],[[10.6835827788198,45.3586453866819],[10.6834684495024,45.3586780382207],[10.6833612758195,45.3593221610642]],[[10.6834580272544,45.3618460397137],[10.6843130588312,45.3625719676606],[10.6847189411554,45.3627053265711]],[[10.685322491282,45.3607386291127],[10.6846015334514,45.3609698714348],[10.6842746267102,45.3613880886837],[10.6834580272544,45.3618460397137],[10.6832270479841,45.3621667485391]],[[10.6837513438882,45.3640669506842],[10.6840470830999,45.3639136093783]],[[10.6836909886002,45.3600720941395],[10.6840685428621,45.3602136145814]],[[10.6841115978401,45.3559465213136],[10.6836306684101,45.3564341160261],[10.6835677223792,45.3567716908884],[10.6829491318855,45.3570588226204],[10.6840995451803,45.3579904122227],[10.6852210357104,45.3573810986728]],[[10.6841432729269,45.3559495702041],[10.6850508743876,45.355389448386],[10.6864400873755,45.3545165293435]],[[10.6841661917066,45.3559517762491],[10.6852307278408,45.3560542378028],[10.684621952411,45.3556916507778],[10.6841661917066,45.3559517762491]],[[10.6850749316998,45.3594176524208],[10.6851725834566,45.3594889812288]],[[10.6852620371683,45.3607326294659],[10.6863359386312,45.3603375606627],[10.6874250832004,45.3597481268744],[10.6845692564374,45.3609520494324],[10.6842397593925,45.3613751362687],[10.6834144263722,45.3618394433177],[10.6825402339799,45.3625472605144],[10.683285788174,45.3629639362181],[10.6833274492788,45.3630022774048],[10.6837444456631,45.3640193561508],[10.6837765517055,45.3649771837881],[10.6836647968465,45.3651839963401],[10.682196344115,45.3654835200755],[10.6817775807179,45.3651520756657],[10.681466547447,45.3649748646793],[10.6808991942371,45.3647261126483]],[[10.6852210357104,45.3573810986728],[10.6863876562775,45.357122195865],[10.6865253995587,45.356769073173],[10.6852307278408,45.3560542378028],[10.6865681067401,45.3561829458255],[10.6878715438457,45.3564431578323],[10.687920848735,45.3564557150884],[10.6912441717916,45.3573020559699],[10.6915202910577,45.3577802453276],[10.6911863085885,45.3582770591143],[10.6914119516628,45.3584960175726],[10.6921429883766,45.3587124410383],[10.6922707684348,45.358741822348],[10.6930013104494,45.3588720610822],[10.6955619422445,45.3589773964528],[10.6953289947059,45.3583266786639],[10.694636428904,45.3581855199156],[10.6941812029688,45.3578997220663],[10.6930035827601,45.3583542966725],[10.6923221749019,45.3582597095462],[10.6913400154885,45.3573013796975],[10.6911328422301,45.3567927673305],[10.6918837306086,45.356653150202],[10.692048389021,45.3562812905449],[10.693411762652,45.3562725522827],[10.6940264860833,45.3563689826965],[10.6938822451178,45.3569883518923]],[[10.6861651416036,45.3588937178027],[10.6862755911261,45.3589153112195]],[[10.6866360955353,45.3582984098963],[10.6864212311464,45.3580886926824],[10.6863735888672,45.3575939414841],[10.6862703540218,45.3576303027283]],[[10.6866360955353,45.3582984098963],[10.6867214040903,45.3583977890407]],[[10.6878761086677,45.3564600193515],[10.6878077508644,45.3564573435316]],[[10.6878395218925,45.3564358709869],[10.688887088525,45.3557696867072],[10.6892827052626,45.3551016258634],[10.6878655108041,45.3549457512221],[10.6875507006637,45.3558058382261]],[[10.6878715438457,45.3564431578323],[10.6878813178739,45.3564792610806],[10.6881424849453,45.3574439401345],[10.6878139046169,45.3574720218371],[10.687023948881,45.3578630281321],[10.6866360955353,45.3582984098963],[10.6862184121605,45.3588387408011],[10.6858429876899,45.3591384603627],[10.685402939512,45.3592959151651],[10.6847078219263,45.359553900306],[10.6836909886002,45.3600720941395],[10.6831702116451,45.3602849209672]],[[10.6878813178739,45.3564792610806],[10.687920848735,45.3564557150884],[10.6883285635865,45.3562128636465]],[[10.6878655108041,45.3549457512221],[10.6880984592155,45.3541023564435]],[[10.6881424849453,45.3574439401345],[10.6882184302414,45.357597646973]],[[10.6881424849453,45.3574439401345],[10.6901290404312,45.3572287580443],[10.690606365198,45.3572178212283]],[[10.6882753053543,45.3575671792194],[10.6885490051222,45.357821132768]],[[10.6911863085885,45.3582770591143],[10.690235112873,45.3588186359268],[10.6892474819602,45.3591453320075],[10.6888262133224,45.3588785421696]],[[10.6892827052626,45.3551016258634],[10.6889187505624,45.3557938371868]],[[10.6892827052626,45.3551016258634],[10.689389495591,45.3550088543111],[10.6893452689187,45.3550915640924],[10.6901299301883,45.3555378657886],[10.6899536205969,45.3558394901161]],[[10.6893386447274,45.3549960986142],[10.689716477254,45.3542923311254],[10.6954773245391,45.3556012653374],[10.6962451620111,45.3562195024098]],[[10.6896826608189,45.3593723342572],[10.6903726237908,45.3589536384317],[10.6907107743046,45.3585640680193],[10.6912585246536,45.3584201478877],[10.6914128989239,45.3585223712931],[10.6917768668202,45.3586136980102],[10.6916233040208,45.3600093683668],[10.6911289153962,45.3600012084457],[10.6902201257228,45.36027400367],[10.689347049947,45.3597179250533],[10.6893541103041,45.3595862154498],[10.6896826608189,45.3593723342572],[10.6892474819602,45.3591453320075],[10.6874250832004,45.3597481268744],[10.6876032216346,45.3596104928967],[10.6875134956732,45.3593876180599],[10.6878730008213,45.3588200590513],[10.6883159126802,45.3584325698034],[10.6896577318671,45.3587949561128],[10.690235112873,45.3588186359268]],[[10.6904144264437,45.3572222193104],[10.6904313028204,45.3576074871034]],[[10.6904189311557,45.3573250572613],[10.6908790717968,45.3573415177803]],[[10.6916233040208,45.3600093683668],[10.6919525888872,45.3600044897095]],[[10.6917768668202,45.3586136980102],[10.6920257175,45.3586964568291]],[[10.6922876092261,45.358576453354],[10.692295465173,45.3585851294822]],[[10.6923144406423,45.3585834468794],[10.6922707684348,45.358741822348]],[[10.6922990900016,45.3585608425432],[10.6922957617815,45.3585665067836],[10.692306341403,45.3585689525476]],[[10.6923233120911,45.3585666990647],[10.6922982571349,45.358580976814],[10.6922876092261,45.358576453354]],[[10.6923156219947,45.3585564028026],[10.6922990900016,45.3585608425433]],[[10.6923315326625,45.3585545765442],[10.6923156219947,45.3585564028026]],[[10.6925428688833,45.3562781231597],[10.6925443586984,45.3563244198042]],[[10.6933010690396,45.3562732623579],[10.6933024587257,45.3563177693575]],[[10.6935394558001,45.3595576770598],[10.6931577828722,45.3595683991916]],[[10.6939438590081,45.3563266123554],[10.6940293225398,45.3560858332219]],[[10.6940264860833,45.3563689826965],[10.6950923264458,45.3565321389638],[10.6950186350166,45.3562441217019]],[[10.6950788786965,45.3562385980868],[10.6950736282824,45.3561239896254]],[[10.6950923264458,45.3565321389638],[10.6950525369708,45.3567254704069]],[[10.6951064611247,45.3567272017181],[10.6951421534506,45.3572197591751],[10.6957186851769,45.3579982236424],[10.6952054878945,45.3582692539232]],[[10.6955715225613,45.3590186077209],[10.695600523942,45.3595535679004],[10.6935394558001,45.3595576770598],[10.6936176546263,45.3601459201068]],[[10.6955715225613,45.3590186077209],[10.6962036798175,45.3591201426521]],[[10.6956221062136,45.3589798706904],[10.6980136967305,45.3594456972895],[10.6988516955838,45.3599920199971],[10.6987884731853,45.3600045597344],[10.6988000446494,45.3600334683617],[10.6990740274973,45.360717941828],[10.698052047822,45.3605595137031]],[[10.6957186851769,45.3579982236424],[10.6959690497995,45.3584258774717]],[[10.6975425330169,45.3603052111152],[10.6974789205828,45.3607646430556],[10.6972891638984,45.3609153723869],[10.6959732410829,45.3608253628978]],[[10.6978144748207,45.3604409398444],[10.6975425330169,45.3603052111153],[10.6975561361852,45.3601105364359],[10.697538705764,45.3597875878175],[10.6979385670371,45.3596683214335]],[[10.6988000446494,45.3600334683617],[10.700315908271,45.3610646802249],[10.7011171553509,45.3623838281274],[10.7035004082093,45.3631442709686],[10.704228434144,45.364334803012],[10.7035375255859,45.3647557476652]],[[10.6988516955839,45.3599920199971],[10.6989007111746,45.3600353525067]],[[10.6989007111746,45.3600353525067],[10.6999784508731,45.359692487773],[10.7006576405903,45.3610134661943],[10.7009180864573,45.3610178040572]],[[10.700315908271,45.3610646802249],[10.7015391969533,45.3610247068463],[10.7008252115378,45.3610910826061]],[[10.701025403201,45.3592704012379],[10.7015062113464,45.3591920160695],[10.7014437544124,45.3590133443793],[10.7022859617166,45.3589760191924]],[[10.7015391969533,45.3610247068463],[10.7022915187078,45.3606656555888],[10.701025403201,45.3592704012379],[10.7006684522138,45.3593779056709]],[[10.7022915187078,45.3606656555888],[10.7026174854369,45.360510082572],[10.7026321597112,45.3605302008881],[10.7035452162867,45.36178196174]],[[10.7031797294026,45.365072745676],[10.7027608322964,45.3656696599867]],[[10.7026174854369,45.360510082572],[10.7026281618927,45.3604246918443]],[[10.7026321597112,45.3605302008881],[10.703748385033,45.3601554170479]],[[10.7033132402091,45.3614639387107],[10.7044826333442,45.361100026458],[10.7053706840764,45.362933711349]],[[10.704228434144,45.364334803012],[10.7046892015593,45.3649112539735],[10.7052328741406,45.3652179561464],[10.7047591686029,45.3655718602143]],[[10.7052328741406,45.3652179561464],[10.7058055729912,45.3650287678265],[10.7076818016305,45.3656111713851],[10.7086440854643,45.365564842659],[10.7095109755092,45.365769596513],[10.7100105390206,45.3660843551611],[10.7104377505841,45.3667311433279],[10.7092210527643,45.3668543558099]],[[10.7058055729912,45.3650287678265],[10.706328802191,45.3644119543183],[10.7057871476861,45.3641723199595],[10.7055786492284,45.3642992980245]],[[10.706328802191,45.3644119543183],[10.7069222912144,45.3645948468567]],[[10.7067198535154,45.3643299855548],[10.7063907598988,45.3644310477158]],[[10.7104377505841,45.3667311433279],[10.7107552076305,45.3667581565446],[10.7107258871469,45.3668627864769]],[[10.7107552076305,45.3667581565446],[10.7112997877861,45.3667753639831],[10.7115633158036,45.3671366716445],[10.7121970841685,45.3675761755471]],[[10.7112997877861,45.3667753639831],[10.7121386555702,45.366731779779],[10.7129107343202,45.3668416448076],[10.7133845107816,45.3667106731797],[10.71348552387,45.3666007768184],[10.713488675678,45.3665233148037],[10.7116299112046,45.3653396518714],[10.7109586917825,45.3647497470983],[10.7067198535154,45.3643299855548],[10.7063434346357,45.3637420981063]],[[10.7121386555702,45.366731779779],[10.7121636896191,45.3668334950668]],[[10.7129621016949,45.3668354230291],[10.7131439457938,45.3669271730964]],[[10.71348552387,45.3666007768184],[10.7133915156859,45.3665789630503]]]}},{"type":"Feature","properties":{"NOME_COMPL":"Condotta COLOMBAROLA - S. NICOLO'","COMUNI":"Ponti sul Mincio"},"geometry":{"type":"MultiLineString","coordinates":[[[10.6868550765088,45.4192634482782],[10.6867619981263,45.4193213155474],[10.6869634203756,45.4195956661012],[10.6867468822367,45.4196707641739],[10.687143028326,45.4204840507119]],[[10.6870222947977,45.4201032273166],[10.6871993545531,45.4200492546999],[10.6873143308413,45.4208487197542]],[[10.6873749316552,45.4213371975401],[10.6874118437562,45.4213947403926]],[[10.6880404353308,45.4168899441735],[10.687547877045,45.4164361228647]],[[10.687817136071,45.4195471458051],[10.6878118487911,45.4196870747493]],[[10.6884217701967,45.4155018385577],[10.688207687517,45.4156083149691]],[[10.6884535239183,45.4210633438849],[10.6885198719253,45.4212143502469],[10.6883293197855,45.4215878985741],[10.6891398414928,45.4224016306932],[10.6889549915062,45.4225078806121],[10.6895399370109,45.4233225386059],[10.6895810720827,45.4235554421863]],[[10.6895620940556,45.4194365578225],[10.6889073975075,45.4190020075562]],[[10.6891398414928,45.4224016306932],[10.6900254469701,45.4219503908358],[10.6909421103819,45.4214144716534],[10.6910266798939,45.42136502796],[10.6910503509287,45.4212419029167],[10.6904632002781,45.4206969075066],[10.6898850362869,45.4204526939884],[10.6883997499023,45.4210837225201],[10.6873749316552,45.4213371975401],[10.6871384868713,45.4213987794688]],[[10.6898850362869,45.4204526939884],[10.6891959296594,45.4200416046721]],[[10.6897567873688,45.4155634902778],[10.6891474530098,45.4140258695644],[10.6891130113725,45.4118528483725],[10.6886336837432,45.411721274415],[10.6887747422781,45.4099306042899]],[[10.689164275777,45.4127352355799],[10.6900961381975,45.4125449703021]],[[10.6897311175751,45.4167019345376],[10.6897567873688,45.4155634902778],[10.6884217701967,45.4155018385577],[10.688488544728,45.4148828860358],[10.6881011598246,45.4151077354015]],[[10.6897597276992,45.4156620516347],[10.6899050730167,45.415667204836]],[[10.6909173267302,45.4204194249687],[10.6904471623907,45.4198160571692]],[[10.690437731199,45.417717273025],[10.6912784081758,45.4184309458223],[10.6895620940556,45.4194365578225],[10.689359679261,45.419496044887],[10.6884977377119,45.4195704212993],[10.6879833080489,45.4195600519535],[10.687817136071,45.4195471458051],[10.6877055505716,45.4195384791082],[10.6875554320651,45.4195175872037],[10.6868550765088,45.4192634482782],[10.687004174913,45.4191277183286],[10.6866340326502,45.418819910315]],[[10.6909421103819,45.4214144716534],[10.6908742634806,45.4213403137886]],[[10.6918777747674,45.4198175454858],[10.6912373334648,45.4193758498135]],[[10.6912706158248,45.4121667420921],[10.691222790709,45.4127347973973],[10.6907874309136,45.413946415509],[10.6913458609061,45.4151471682179],[10.6915477564409,45.4151929665216]],[[10.6912784081758,45.4184309458223],[10.6921472139431,45.4189463406659]],[[10.6919581435084,45.41715641686],[10.690437731199,45.417717273025],[10.6901072950573,45.4177221641847]],[[10.6919703900398,45.4171797021697],[10.6926770223793,45.4181804278595],[10.6925174057536,45.4194081703475],[10.6918777747674,45.4198175454858],[10.6913595615826,45.4201492041854],[10.6909173267302,45.4204194249687],[10.6904632002781,45.4206969075066]],[[10.6925174057536,45.4194081703475],[10.693002951693,45.4197210711504],[10.6934439929664,45.420218869921],[10.6937057025325,45.4211971846345],[10.6948357514156,45.4208819073689]],[[10.6925483601444,45.412359084032],[10.6925736934293,45.4124582676763]],[[10.6927184976047,45.4123997873537],[10.6925377056076,45.411953176509],[10.6924705105092,45.4117871823716]],[[10.6925377056076,45.411953176509],[10.694390730619,45.4115070577692],[10.6946451807281,45.412091316497]],[[10.6928153539407,45.4167355196],[10.6927417761265,45.416469555514]],[[10.6934855023929,45.4130560524394],[10.6928993630427,45.412474141224],[10.6927184976047,45.4123997873537],[10.6925483601444,45.412359084032],[10.6921723854701,45.4123030280807],[10.6918633115405,45.4122083180984],[10.6912706158248,45.4121667420921],[10.6909767479344,45.4121461268859],[10.690782787478,45.4124879533681]],[[10.693002951693,45.4197210711504],[10.6961437388227,45.4176815826367],[10.6979086979873,45.4189360602925],[10.6980835815614,45.4188403758309]],[[10.6937642641696,45.4184070824094],[10.6946254973546,45.417819609259],[10.6939896831385,45.417343012906]],[[10.6942048404915,45.4163810942843],[10.6941309901881,45.4162281198559]],[[10.6948940270948,45.4149250820397],[10.6942732317589,45.4152578418583]],[[10.694390730619,45.4115070577692],[10.6956706340883,45.4112719327569]],[[10.6946254973546,45.417819609259],[10.6956962050701,45.4170892214208],[10.6970497347186,45.416851825628],[10.6981400585835,45.417094751046],[10.699189254102,45.4177136839937]],[[10.694797576001,45.4208246977228],[10.6960627328569,45.4201511161014],[10.6971730758292,45.4210044724307]],[[10.6955858122408,45.4156547827372],[10.6948940270948,45.4149250820397],[10.6948369813987,45.4148463258356],[10.6943126755791,45.4137730476332],[10.6934855023929,45.4130560524394],[10.6925389617744,45.4134681006175],[10.691147703903,45.4146159932971]],[[10.6949120958637,45.4103702908293],[10.6953261723484,45.4106928271716],[10.6944572911008,45.4109394539341],[10.6947104367714,45.4114287219611],[10.6966137723431,45.4110860411631],[10.697214162414,45.4119481294084]],[[10.6960627328569,45.4201511161014],[10.6967908377117,45.4199605510131],[10.697273730511,45.4196484443511],[10.6971395715089,45.4192781024647],[10.6961326700741,45.4195947833333]],[[10.6961109214561,45.4149252226719],[10.6955858122408,45.4156547827372],[10.6945676082702,45.4163502401279],[10.6942048404915,45.4163810942843],[10.6937660911511,45.4164620701998],[10.6928153539407,45.4167355196],[10.6927364460465,45.4169094466852],[10.6919581435084,45.41715641686],[10.6916811075512,45.4172258590337],[10.6914998193407,45.4170798188175],[10.6897338129434,45.4167922824313],[10.6897311175751,45.4167019345376],[10.6888590300925,45.4166710114541],[10.6886026235244,45.4172020653762],[10.6880404353308,45.4168899441735],[10.6870633363528,45.417403766734]],[[10.6966856174413,45.414204660251],[10.6961264388535,45.4149419625497],[10.6964754410304,45.4152560537752],[10.6954630442123,45.4162699778248],[10.6945676082702,45.4163502401279],[10.6942926287117,45.4165380532288],[10.6927364460465,45.4169094466852],[10.6923154777165,45.4175774750891],[10.6926849891692,45.4179854196299],[10.6932372312803,45.4180414281137],[10.6937642641696,45.4184070824094],[10.6940489358774,45.4186045840081]],[[10.6964754410304,45.4152560537752],[10.6977917376166,45.4157219858387],[10.6970497347186,45.416851825628]],[[10.696853442211,45.4113818562735],[10.6975698082357,45.4112608254144],[10.6981884268173,45.4108818587286],[10.698317049719,45.4106971158234],[10.6979373754811,45.410485009366]],[[10.6971395715089,45.4192781024647],[10.6979086979873,45.4189360602925]],[[10.697934169215,45.4126685773119],[10.697968688143,45.4126802374092],[10.6966572784215,45.4141922542982],[10.6961109214561,45.4149252226719],[10.6959500506405,45.4148265035014]],[[10.697968688143,45.4126802374092],[10.6985949542135,45.4128917802199],[10.6981651691819,45.4134733678212],[10.6978998099336,45.4133780240946]],[[10.6981651691819,45.4134733678212],[10.6985198380224,45.4136290106002]],[[10.6988817290202,45.4081910390884],[10.6980601348442,45.408515750712]],[[10.6983348816263,45.4093948285985],[10.6980927136134,45.4095617445524]],[[10.698317049719,45.4106971158234],[10.6985948362007,45.4101765082605],[10.6985930799324,45.4115157750378],[10.6978564591179,45.4126595526354]],[[10.6985383503939,45.4135979212049],[10.699150718763,45.4139174938366]],[[10.6985913794476,45.4098034749832],[10.6987235099687,45.4098281114737],[10.6987543913818,45.4098381923351],[10.6987877053135,45.409849067249],[10.6988393323699,45.4098778016984],[10.7001440754886,45.4102689011303],[10.6995143136421,45.4115783146285],[10.6991860021143,45.4114907583434]],[[10.698636569829,45.409466541361],[10.6983853107311,45.4093772356874],[10.6986431998051,45.4094171088163],[10.6986332224579,45.4094914990498],[10.6985913794476,45.4098034749832],[10.6985948362007,45.4101765082605],[10.6987863394678,45.4099159964717],[10.6986702946662,45.4099304335848]],[[10.6997063070038,45.4078440483866],[10.6988139169746,45.4086525910592],[10.6986431998051,45.4094171088163],[10.6990029621677,45.4095520512449],[10.6989736459169,45.4095956271028]],[[10.6987179648161,45.4098788812595],[10.6987543913818,45.4098381923351],[10.6988878121614,45.4096891590848],[10.6989273623679,45.4096205004397],[10.6986661169052,45.4094992915926],[10.6986332224579,45.4094914990498],[10.6986110417668,45.4094862445398],[10.6985895473233,45.4094988898948],[10.6983348816263,45.4093948285985],[10.6979014760242,45.4091655462419],[10.6971624624407,45.4089892655748],[10.6949120958637,45.4103702908293],[10.6939005460633,45.4094868998899]],[[10.6997063070038,45.4078440483866],[10.6988817290202,45.4081910390884],[10.6986045728166,45.4079291606514],[10.6977955280792,45.4083484473311],[10.6980601348442,45.408515750712],[10.6978835669116,45.4086571666255],[10.6979945867299,45.4087285565555],[10.6975375708142,45.4090494265289]],[[10.6989273623679,45.4096205004397],[10.6989596403303,45.4095679156198]],[[10.6990029621677,45.4095520512449],[10.6993663628133,45.4089057114001],[10.6998799384641,45.408599170911],[10.7008739071098,45.4084842242769],[10.7012733372777,45.4078003646943],[10.7043727595284,45.4079467333861],[10.7043139610653,45.4084741915195],[10.7040161296431,45.4085251973295]],[[10.6991739872214,45.4138829097878],[10.6994256979414,45.4140092677],[10.6985547195771,45.4157649309779],[10.69928332175,45.4160690786714],[10.6995490040394,45.4161746856778],[10.6991589003156,45.416783076346],[10.7006899453726,45.4169348968773],[10.7006850565548,45.417095887329]],[[10.69928332175,45.4160690786714],[10.6993067963185,45.4160413391007]],[[10.6994256979414,45.4140092677],[10.6996690220087,45.4141396016402]],[[10.6995143136421,45.4115783146285],[10.7030780968627,45.4128947315047],[10.7040798537964,45.4120991641877],[10.7048827215684,45.4120270260756]],[[10.699697020894,45.4141006673493],[10.7004083000973,45.4143545650123]],[[10.6997063070038,45.4078440483866],[10.6998380037753,45.4076603472582]],[[10.6998228483691,45.4076532387289],[10.699822048763,45.4076545202662]],[[10.6998284895161,45.4076441975992],[10.6998100681482,45.4076537344929],[10.6998380037753,45.4076603472582],[10.6998435901757,45.4076517838846]],[[10.6998350670251,45.4076337019025],[10.6998350417307,45.4076336962871],[10.6998309375176,45.407632785148],[10.6998229550003,45.4076308622502],[10.6998310564441,45.4076400835536],[10.6998284895161,45.4076441975992],[10.6998252001466,45.407649469509],[10.6998491739849,45.4076432244805]],[[10.6998542681733,45.4076012000954],[10.6998488804549,45.4076120096324],[10.6998424194238,45.4076218719661],[10.6998350417307,45.4076336962871],[10.6998310564441,45.4076400835536],[10.699857730421,45.40763010834]],[[10.7000003467823,45.4083557754716],[10.6999097998332,45.4083187770651]],[[10.7000454542206,45.4104739605655],[10.7015924209788,45.411013256772],[10.7033415253072,45.4113090148814],[10.7038170251026,45.411603213878],[10.7040798537964,45.4120991641877]],[[10.7001440754886,45.4102689011303],[10.7006332351978,45.4098045420427],[10.701517602987,45.4099967947456],[10.7019655087196,45.4094945270625],[10.7036579566522,45.409887846694],[10.7038647989369,45.4099772026802],[10.7044366447845,45.4102023417832],[10.7049621908539,45.4105848074063],[10.7053431014696,45.4106433153613],[10.7046188772611,45.4119821761211]],[[10.7004325772418,45.4143131181267],[10.7009019516302,45.4145243936578]],[[10.7004091625458,45.4077251902164],[10.7005037599749,45.4077676059664]],[[10.7006899453726,45.4169348968773],[10.7010103601434,45.4162727586289],[10.7012878208074,45.4164466617303]],[[10.7009370842689,45.4144802171337],[10.7016918866699,45.4147651969404],[10.7021482405161,45.4143825668858],[10.70271126998,45.4141918565081]],[[10.7010103601434,45.4162727586289],[10.7010987522243,45.4162213691026],[10.7005343005751,45.4160012390287]],[[10.7010987522243,45.4162213691026],[10.701714290042,45.4160786703455],[10.7014267949852,45.4154897844177],[10.7016918866699,45.4147651969404]],[[10.7018011691424,45.4073474588317],[10.7020167850559,45.4071091603093]],[[10.7023250852273,45.4095713379373],[10.7023488962589,45.4095144905327]],[[10.702794907635,45.4096773178053],[10.7028228250863,45.4096358160945]],[[10.7038647989369,45.4099772026802],[10.7039039564945,45.4099458043397]],[[10.7043139607196,45.4084741946201],[10.7042989459502,45.4086195815949]],[[10.7045592137908,45.4102775473403],[10.7045986800751,45.4102564155046]],[[10.7048894208905,45.4089565344018],[10.704886217921,45.409077154993]],[[10.7053431014696,45.4106433153613],[10.7053493851029,45.4106098396335]],[[10.7052663767647,45.4069652618132],[10.7067854376973,45.4067227707097],[10.707101139306,45.4074973906049]],[[10.7060132367639,45.4090361638404],[10.7067309160194,45.4089715153689],[10.707850233361,45.4085162575084],[10.7074686492695,45.4081342700598],[10.7072669694385,45.4079323743894],[10.7068780441007,45.4079299715191],[10.7055530078269,45.4077032576074],[10.7052663767647,45.4069652618132],[10.7038533403046,45.4070438743982],[10.703672193391,45.407356087358],[10.7030285380014,45.4075464644934],[10.7021829721227,45.4074878574063],[10.7018677550767,45.4073501263316],[10.7007742630934,45.4073225938658],[10.7004091625458,45.4077251902164],[10.7003941084369,45.4077418485533],[10.7004163360577,45.407834644504],[10.7000003467823,45.4083557754716],[10.6999326840925,45.4084334755455],[10.6998799384641,45.408599170911]],[[10.7071705553639,45.4079236566867],[10.707198909334,45.407829752184]],[[10.7074686492695,45.4081342700598],[10.7084122485845,45.4077047835681]],[[10.707850233361,45.4085162575084],[10.7085379667679,45.4082020658547]]]}},{"type":"Feature","properties":{"NOME_COMPL":"Condotta COLOMBAROLA - SIGNORELLI ALTO","COMUNI":"Monzambano"},"geometry":{"type":"MultiLineString","coordinates":[[[10.6446659823819,45.3782588226276],[10.6447155957749,45.3782445475713]],[[10.64469107658,45.3778089053691],[10.6446217706503,45.3777810761088]],[[10.6447253330721,45.3783149217684],[10.6453393382715,45.3789190096018],[10.6450539814413,45.379031604635]],[[10.6453393382715,45.3789190096018],[10.6457856192708,45.379975719071],[10.6460778449985,45.3807238938064],[10.6464308316989,45.3807258041241],[10.6472960498656,45.3807024774907],[10.6478476842256,45.3806647364205]],[[10.6455208291603,45.3801341244142],[10.6454847136917,45.3800831150715],[10.6457856192708,45.379975719071],[10.64589230592,45.3799389241686]],[[10.6460778449985,45.3807238938064],[10.6461033104405,45.3808444338637]],[[10.646784403519,45.3790048657148],[10.6463683280986,45.3792650376418]],[[10.6470444711845,45.3787538511477],[10.646784403519,45.3790048657148],[10.6468149690672,45.3790227957146]],[[10.6471731808413,45.382196710798],[10.6471247630785,45.3814007006113]],[[10.647207972133,45.3823345256478],[10.6471731808413,45.382196710798],[10.6468738301085,45.3822254373115]],[[10.647207972133,45.3823345256478],[10.6473790655021,45.3834548636224],[10.648030717392,45.3840859663161],[10.6477308489285,45.3845386928434]],[[10.647207972133,45.3823345256478],[10.6480152741962,45.3823038927301],[10.6480162983835,45.38233913515]],[[10.6480152741962,45.3823038927301],[10.6483224761085,45.3822804740773],[10.648623417445,45.3824388551749],[10.6488896114693,45.3828580980802],[10.6492691984488,45.3828092228011],[10.6491903509856,45.3826123788468],[10.6480672744527,45.3816847003902]],[[10.6493241611715,45.3829166115431],[10.6484274622182,45.3833201445714]],[[10.6486903641789,45.3850062395369],[10.648642581099,45.3850100935287]],[[10.6489438740549,45.384253589821],[10.6489619253029,45.3843908095302],[10.6487127560954,45.3844232686122]],[[10.6489619253029,45.3843908095302],[10.6489965769913,45.3846542183011]],[[10.6492691984488,45.3828092228011],[10.6493096307477,45.382890855396],[10.6500153256304,45.3841417166483],[10.6489438740549,45.384253589821],[10.648030717392,45.3840859663161],[10.64822532678,45.385131832829],[10.648642581099,45.3850100935287],[10.6488176017471,45.3859700574759]],[[10.6493096307477,45.382890855396],[10.6494915589375,45.3828740516186],[10.6484331553129,45.381908210678],[10.6480017538252,45.3816163992961],[10.6477582899343,45.379775353999],[10.6471007191377,45.3788060763337],[10.6470444711845,45.3787538511477],[10.64469107658,45.3778089053691],[10.6446376835301,45.3778579909386],[10.6446349072418,45.3782341079878],[10.6447253330721,45.3783149217684],[10.64467964489,45.3783318523882]],[[10.6500153256304,45.3841417166483],[10.6502234067707,45.3845105337775]],[[10.6505651730658,45.3595222132871],[10.650514563356,45.3599168878964]],[[10.6516654872798,45.3593054695285],[10.652131172424,45.3599965012076],[10.6519270523539,45.3601359182544]],[[10.6526444219901,45.3590595744333],[10.6525317873106,45.3587033084856],[10.6528232687974,45.3584287366665]],[[10.652903711571,45.3598604745615],[10.6525649815106,45.3596062299281],[10.6526978979149,45.3593909485784],[10.6526444219901,45.3590595744333],[10.6505651730658,45.3595222132871],[10.6502732611527,45.3589033328657]],[[10.652903711571,45.3598604745615],[10.652957704868,45.3599010006413],[10.653318199917,45.3596169640811],[10.6533712247681,45.3592356479865],[10.6536613946874,45.3590060212897],[10.6545161881136,45.3586078510171],[10.65543713865,45.3583782208206],[10.6571748991273,45.3586057733119],[10.6572247031003,45.3591440402581]],[[10.6535504812148,45.3594407714889],[10.6535366105393,45.3596698069361],[10.6530097852593,45.3599500813886],[10.6530012489081,45.3599546227401]],[[10.6540912547714,45.3836860993927],[10.6541659898576,45.3840681344227],[10.6529092758097,45.3841297258006],[10.6517196510115,45.3839842139701]],[[10.654160877517,45.3840248150125],[10.6557610167404,45.3837304149749]],[[10.6541659898576,45.3840681344227],[10.6545824469194,45.3842275384364],[10.6548981513947,45.3846270651818],[10.6550734962521,45.385096427771],[10.654691080906,45.3851806205047]],[[10.6537101078916,45.3589833305717],[10.6541018119855,45.3596138139662]],[[10.6539938405463,45.3607686069099],[10.6534418238028,45.3603792631615],[10.6527196247614,45.3597223027588],[10.6521873960954,45.3601107977339]],[[10.6548981513947,45.3846270651818],[10.65549959585,45.3846016508699]],[[10.6549376224572,45.385583861367],[10.6552892223329,45.3855383456008],[10.655577004571,45.3861278596947]],[[10.6550734962521,45.385096427771],[10.6552892223329,45.3855383456008],[10.6554893926136,45.3854999247852]],[[10.6544142111783,45.3610636418228],[10.6539938405463,45.3607686069099],[10.6537588928995,45.3608779718187]],[[10.6550694894694,45.3615217299428],[10.6541050630183,45.3620820885603]],[[10.65543713865,45.3583782208206],[10.6555753983404,45.3586942031279],[10.6559569036753,45.3589186859236],[10.6555482449851,45.3594327037551]],[[10.65543713865,45.3583782208206],[10.6557408035898,45.3578541391978]],[[10.6555753983404,45.3586942031279],[10.6557485257648,45.3586195987172]],[[10.65574747644,45.3592512961685],[10.65666315626,45.3595916197335],[10.6577929531265,45.3604266205508]],[[10.6559417686063,45.3628776844794],[10.6559107347171,45.3628495969485]],[[10.65595725432,45.362143037803],[10.6559640015133,45.3621355317122],[10.6544288199098,45.3610554683582],[10.6547829341572,45.3608573430821]],[[10.6563489112364,45.3624054289815],[10.6565383956395,45.3625154560981],[10.656082281471,45.3628142805569],[10.6556577962783,45.3630058209712]],[[10.6563588140326,45.362388910709],[10.6562972434455,45.3623855640151],[10.6561625879879,45.3622910590188],[10.6559321596807,45.3621249474655],[10.6555231937019,45.3618388962027],[10.6550694894694,45.3615217299428],[10.6544142111783,45.3610636418228],[10.6534577833391,45.3603722718059],[10.6530097852593,45.3599500813886],[10.652957704868,45.3599010006413]],[[10.6563614904222,45.3624126577112],[10.6565813126409,45.3621267542543],[10.6571521966239,45.3618892742002]],[[10.6565383956395,45.3625154560981],[10.6575379112159,45.3628979843729],[10.6567664672393,45.3631965264419]],[[10.65666315626,45.3595916197335],[10.65691442494,45.359357959307]],[[10.6571748991273,45.3586057733119],[10.657345376019,45.3582737257464],[10.6577746263012,45.3579653858069],[10.6583632839244,45.3579465390525],[10.6589536154755,45.3568187876745]],[[10.6574861758454,45.3628523891183],[10.6580455122413,45.3626449800387]],[[10.6579611284036,45.3616486367111],[10.6578161986718,45.3617275624337],[10.6573387998018,45.3618420301567]],[[10.657962343555,45.3616667836272],[10.6582022884862,45.3615701846032],[10.6581890390091,45.3615590954358],[10.6570819423944,45.3606324883265],[10.6560734210115,45.3612727935168],[10.654312974541,45.3600817228856]],[[10.6579962060321,45.3625965762203],[10.6586074201593,45.36237573589],[10.6589191949617,45.3623959248747]],[[10.6591402555771,45.3851556639128],[10.659455281457,45.3852677061945]],[[10.6592359397182,45.3839947697083],[10.6591402555771,45.3851556639128],[10.6587073987525,45.3850941500589]],[[10.6592691713212,45.3826091550198],[10.6590116510736,45.3827846427389],[10.6588163976817,45.3828813007605],[10.6584681533961,45.3829653064209]],[[10.6593816050955,45.3825217946143],[10.6592691713212,45.3826091550198],[10.6597601879731,45.3834150690223],[10.6593512523941,45.3837184947957],[10.6592359397182,45.3839947697083],[10.65851911726,45.3839121245804]],[[10.6593453956284,45.3826979731793],[10.6593892141834,45.3826904368856]],[[10.6593625458605,45.3825126260565],[10.6613979026344,45.3833456701817],[10.6613610250517,45.3834462594557]],[[10.6587614810792,45.3614365857772],[10.658631885146,45.3614221236364]],[[10.6587883746777,45.3614237659304],[10.6589157998548,45.3615441111258],[10.6584835492076,45.361443387499],[10.6581890390091,45.3615590954358],[10.6577068025744,45.3617485551069],[10.6568190594442,45.3619592489672],[10.65657116527,45.3621182674248],[10.6563588140326,45.362388910709],[10.6559640015133,45.3621355317122],[10.6562046570858,45.3618678066209]],[[10.6588069418717,45.3614149151709],[10.6595097626263,45.3610658272946],[10.6596729638818,45.3607266727041],[10.6598849850782,45.3604084364529],[10.6588455268191,45.3601578232098],[10.659107240251,45.3598319145355],[10.6596703179878,45.3585713532093],[10.6580024284398,45.3580188295459]],[[10.6593360770391,45.3592419002692],[10.6592684687594,45.3592171147646]],[[10.6596417472103,45.36080439365],[10.6598081690966,45.3608992783134],[10.6597991589219,45.3612655445469],[10.6603021105424,45.3615285857636]],[[10.6596703179878,45.3585713532093],[10.6598674699871,45.3582678822553],[10.6602151145157,45.3584126661964]],[[10.6604493528442,45.3829360473062],[10.6605085880974,45.3827425396841],[10.6603964425541,45.3827062888167]],[[10.6605085880974,45.3827425396841],[10.6605459898802,45.3824247686751]],[[10.6598247946083,45.3582535538064],[10.6599389215788,45.358031892129]],[[10.6600033225189,45.3580587659343],[10.6600990142868,45.3579114676372]],[[10.6613979026344,45.3833456701817],[10.6618761939801,45.383427875951],[10.6622855222831,45.3820306145805]],[[10.661230945235,45.3702650356386],[10.6629049956032,45.3709439005902],[10.6624661135235,45.3714931765267]],[[10.6619331202387,45.3610723736879],[10.6616067713022,45.3609700116999]],[[10.6633292644262,45.3703398600288],[10.6618458089364,45.3696215770771],[10.6620553342811,45.3693413581197]],[[10.6619331202387,45.3610723736879],[10.6619031885119,45.3604493665784]],[[10.6619331202387,45.3610723736879],[10.6622845356419,45.3614984501802],[10.6624408594281,45.3596533105621],[10.6623590844292,45.3596545010758],[10.6619148413559,45.3596499817463],[10.6616882012932,45.358961176079],[10.6606821065147,45.359192781629]],[[10.6626987072303,45.3627365589479],[10.6624359634512,45.3622789820288],[10.6622845356419,45.3614984501802],[10.663786237322,45.3614271434739]],[[10.6623590844292,45.3596545010758],[10.662360807356,45.3595803219971]],[[10.6634635769641,45.381838394608],[10.6629851534085,45.3814690601668]],[[10.6630335446679,45.38144598065],[10.6629292732899,45.3811383205755],[10.6632744215533,45.3808017403072],[10.6639260559769,45.3806803729581],[10.6641284337495,45.3803967221388],[10.663379732452,45.380259143672]],[[10.6624408594281,45.3596533105621],[10.6630725798721,45.3596743226313],[10.6637295417036,45.3589616627685],[10.6646843470383,45.3591070409877],[10.6645308997847,45.358922519671],[10.6645478005215,45.3584361525845],[10.665566218284,45.3584927098899],[10.665313275864,45.3577054229015]],[[10.6627026112234,45.362880009117],[10.6626987072303,45.3627365589479],[10.6601749412367,45.3623640595956],[10.6603884371433,45.3619380031569]],[[10.6634635769641,45.381838394608],[10.6634035257002,45.3818575760184]],[[10.6634635769641,45.381838394608],[10.6645148621381,45.3817544959001],[10.6649040397164,45.3812027875579],[10.6657083498673,45.3811585126267],[10.6668508467326,45.3817963595197]],[[10.6633292644262,45.3703398600288],[10.6633040154684,45.3703654250328]],[[10.6636669007963,45.3821439985401],[10.663830405408,45.3828962560288],[10.6632716929924,45.3828296999739]],[[10.6635850395916,45.3710737545656],[10.6635834597557,45.3714723224248],[10.6633698543673,45.371835067131]],[[10.6633292644262,45.3703398600288],[10.6643423828579,45.3708656928399],[10.6650175701345,45.3702854763672]],[[10.6633292644262,45.3703398600288],[10.6633982566628,45.3699219555806],[10.6635032125121,45.3699547864794],[10.6637787144215,45.3693758178512]],[[10.6640649290262,45.3846804462548],[10.6640369338338,45.3856499748852],[10.663485176061,45.3857339526133],[10.6638757219346,45.3859271492728]],[[10.663830405408,45.3828962560288],[10.664180938919,45.383529845685],[10.6641791206562,45.384156365435],[10.6640649290262,45.3846804462548],[10.6636454847944,45.3847263352994]],[[10.6636129580642,45.3709267165531],[10.6636150650702,45.3708877447032]],[[10.6635577087735,45.3615182714982],[10.6635658867436,45.3628107420444],[10.6627026112234,45.362880009117],[10.6601371607353,45.3623951018405],[10.6589157998548,45.3615441111258],[10.6593701924887,45.3621419724323]],[[10.6641284337495,45.3803967221388],[10.6642123817783,45.3802083642469],[10.6647650586444,45.3804525328302]],[[10.6645184505741,45.3818757362329],[10.6645148621381,45.3817544959001]],[[10.6642212010406,45.3710552928371],[10.6643423828579,45.3708656928399]],[[10.6638604717759,45.3568665952541],[10.6642806221764,45.3568030540978],[10.6640209242759,45.3562865265059],[10.6620918017819,45.3565392389967],[10.6621643153057,45.3576011963597],[10.6638319162017,45.3576604274609],[10.6638604717759,45.3568665952541],[10.6635505646956,45.3569024296189]],[[10.6645052643376,45.3779386478486],[10.6649723776718,45.3781981970353],[10.6654137113235,45.3786781560651]],[[10.6640209242759,45.3562865265059],[10.6659245352636,45.356016536615],[10.666430923408,45.3569126291648]],[[10.6644067703609,45.3615614958088],[10.6643817523204,45.3620529677545],[10.6650611075861,45.3621357253664],[10.6650896127585,45.3625904079438],[10.6646645087101,45.3625898758565],[10.6635447959465,45.3628713211081]],[[10.6652029032246,45.3845831343633],[10.665481117159,45.3847087303123]],[[10.6653243507079,45.3824722976291],[10.6650030230508,45.3836619509617],[10.66550424494,45.384419496585],[10.6652227529834,45.3844623078539],[10.6650842394162,45.3853054371911]],[[10.665045951697,45.3711417679251],[10.6638860720333,45.3710418513582],[10.6636129580642,45.3709267165531],[10.6635850395916,45.3710737545656],[10.6629049956032,45.3709439005902]],[[10.66550424494,45.384419496585],[10.6662973614162,45.3843428977478]],[[10.6654516281055,45.3822090783381],[10.6647615296069,45.3820690572735],[10.663907502408,45.3821791402056],[10.6636669007963,45.3821439985401],[10.6636431854879,45.3820243339492]],[[10.6654616217248,45.3821884106707],[10.6654516281055,45.3822090783381],[10.6653243507079,45.3824722976291],[10.6665968336392,45.3828207411208],[10.6663119469021,45.3832841745772]],[[10.6664998556289,45.3616531629151],[10.6662878737117,45.361182308661],[10.6658492931355,45.3608499132117],[10.6658126207256,45.3606080797663],[10.6651899271805,45.3605520093015],[10.6647599927896,45.3605139742495]],[[10.6651899271805,45.3605520093015],[10.665190767971,45.3605806642758]],[[10.6659094047884,45.3798688978823],[10.6660625419269,45.3797572891774]],[[10.665566218284,45.3584927098899],[10.665745985087,45.3585120591998]],[[10.6662515931922,45.3783408116799],[10.6674880649343,45.3794319627127],[10.6668995688842,45.3796907080512]],[[10.6663545512574,45.3814962324377],[10.6668642565701,45.380855971484],[10.6671363338427,45.3806084973541]],[[10.6657794699987,45.3557484852133],[10.6659245352636,45.356016536615]],[[10.6668975884528,45.380825653854],[10.6683687860806,45.3820364313337]],[[10.6679505312633,45.3639481564496],[10.6679493402226,45.3638133076049],[10.666410752991,45.3638220892929]],[[10.6668942181541,45.3728658227514],[10.6658906544302,45.3723030242246],[10.6658960030272,45.3721252842987],[10.6650597075228,45.3710568130714]],[[10.666937324143,45.3728949720158],[10.6679392679676,45.3733051623017],[10.6686924461624,45.3735535749703],[10.6683970077069,45.3740337755456]],[[10.6669487662093,45.3728711490471],[10.666937324143,45.3728949720158],[10.6662737014169,45.3725323307372],[10.6656375572292,45.3723894559705],[10.665369004327,45.372684686031]],[[10.6669894297871,45.3729170224725],[10.6673821405964,45.3735898954199]],[[10.6672844383373,45.3796464864447],[10.6675734434391,45.3795124509641],[10.6677329817875,45.3794392020006]],[[10.6674355549769,45.3812481147417],[10.6677010630635,45.3811201748944],[10.668213870311,45.3815535690012]],[[10.6671978541833,45.3723511348295],[10.6673073252448,45.3720396414715]],[[10.6674880649343,45.3794319627127],[10.6675734434391,45.3795124509641],[10.668082155236,45.3799920189211],[10.6683080265075,45.3802220513924],[10.6678544451552,45.3805272053013],[10.6675909923774,45.3807991276818]],[[10.6691524788938,45.381977152172],[10.6687037714925,45.3813850744828],[10.6681943601322,45.3811995038549],[10.6659094047884,45.3798688978823],[10.663973153232,45.3784714006947],[10.6645052643376,45.3779386478486],[10.6636791359935,45.3772867193944],[10.6639990135749,45.3769050380525],[10.6633163913714,45.3763728287885],[10.6634269148706,45.3763231798007],[10.6632667584315,45.3761745329637],[10.6633759739954,45.3760802954154],[10.6637180049629,45.3762880568173],[10.6662515931922,45.3783408116799],[10.6659337854275,45.3786062318325]],[[10.6672552300623,45.3625957660979],[10.6672857907775,45.3622884067096],[10.6682720810639,45.3622817833828],[10.6684743434527,45.3626228349098],[10.6686989086064,45.3620879066613],[10.6690295810885,45.3618928277138],[10.6690210591498,45.3617287672279]],[[10.6671154587036,45.3573588840865],[10.667148096836,45.3571939825193]],[[10.6672857907775,45.3622884067096],[10.6673835482148,45.3617728873726],[10.6656547898361,45.3615386647951],[10.66411555084,45.361491610841],[10.6635577087735,45.3615182714982],[10.6628883246396,45.361551186921]],[[10.6673426656162,45.359689219653],[10.6672618739561,45.3592241448923]],[[10.6679270001645,45.3804783931287],[10.6679607769814,45.3805031325681]],[[10.6673835482148,45.3617728873726],[10.6674094533907,45.3606030163033],[10.6683382900141,45.3607614527902]],[[10.6683080265075,45.3802220513924],[10.6687834253097,45.3804930446735]],[[10.6676394771301,45.3557197950155],[10.6677833609081,45.3560733685597]],[[10.6679505312633,45.3639481564496],[10.6679517923783,45.3643683734023],[10.6681183139714,45.3643737592296]],[[10.6679505312633,45.3639481564496],[10.6701389343341,45.3637849680443],[10.6701150946161,45.3636108701661],[10.6701144620905,45.3635577869245],[10.6701136799812,45.3634921499181],[10.669088882449,45.3634350587096],[10.6689985240633,45.3630024619173]],[[10.6685893323953,45.3838982662381],[10.6688776136268,45.3835183200835],[10.6685930095058,45.3831544664361],[10.6679678300928,45.3830066156684],[10.6679704414872,45.3833437081133],[10.6681963154452,45.3838216559961]],[[10.6682216298418,45.3585788528481],[10.667853956797,45.3582553736996]],[[10.6687534133101,45.380475936963],[10.6689533863249,45.380312130188]],[[10.6682216298418,45.3585788528481],[10.6681556265507,45.3586003702269]],[[10.6682216298418,45.3585788528481],[10.6687816218172,45.358644074339],[10.6697514173821,45.3575888255116]],[[10.6686924461624,45.3735535749703],[10.6689343114206,45.3735723741208]],[[10.6683028635365,45.3552993390644],[10.6710392723153,45.3550646457367],[10.671532382815,45.3567251686686],[10.6709537169563,45.3570624881098],[10.6699729921984,45.3573234728016],[10.6694389068526,45.3571003043772],[10.6686053030717,45.3563216824178],[10.6682793889867,45.3552459367077]],[[10.6701561952301,45.3837531242602],[10.6692131445196,45.3841233390387]],[[10.6710428008392,45.3812837720705],[10.6704480871683,45.3813125150436],[10.6691524788938,45.381977152172],[10.6668640387091,45.3824987588197],[10.6664926536137,45.3824829856191],[10.6654616217248,45.3821884106707],[10.6644883272564,45.3819929705111],[10.6645184505741,45.3818757362329],[10.6627588529024,45.381986376381],[10.6614629374978,45.3817226549266],[10.6593653477488,45.3823253889872],[10.6593625458605,45.3825126260565],[10.6588045189387,45.3828694541841],[10.6575973670854,45.38314528349],[10.6568758793125,45.3829630230738],[10.6555403119694,45.3833797782953],[10.6529412289614,45.3838359303455],[10.651693118619,45.3837213586987],[10.6507517975133,45.3834692197901],[10.6498300332162,45.3831621502271],[10.6494915589375,45.3828740516186]],[[10.6690010840648,45.3724459572053],[10.669524423679,45.3720076635353]],[[10.6687314341363,45.3596284216647],[10.6687816218172,45.358644074339],[10.6690604530745,45.3586370629042]],[[10.6700473822238,45.3575386183066],[10.6696838163122,45.3576002931757],[10.6688508931728,45.3570340454924],[10.6681792523171,45.3572787524563],[10.667178073997,45.3573638422253],[10.6671154587036,45.3573588840865],[10.6664568183117,45.3580467514657],[10.6661827326682,45.3586409195265],[10.6655677635984,45.3593986122394],[10.6662787820788,45.3597846206679],[10.6671969164144,45.3597066236656],[10.6682054267555,45.3595861927344],[10.668998903201,45.3596597465159]],[[10.6688508931728,45.3570340454924],[10.6690027603611,45.3569584218133],[10.6689387646099,45.3569065062618]],[[10.6693175394814,45.37248714452],[10.6693960823218,45.3727265151106]],[[10.6695349925425,45.3743889315219],[10.6694126059441,45.3746200726599]],[[10.6698161870238,45.38339490289],[10.6703212227899,45.383926989784]],[[10.670052510267,45.3829967941489],[10.6702813077681,45.3831801884514],[10.6698161870238,45.38339490289],[10.6694229111393,45.3829683024787],[10.6685930095058,45.3831544664361]],[[10.6698978602378,45.3725305629097],[10.6698229900164,45.3722140382106]],[[10.6694389068526,45.3571003043772],[10.6698079330219,45.3568091221561],[10.669801510631,45.3564020682696]],[[10.6701067988318,45.3735566513609],[10.6694762332172,45.3734461245334],[10.669353619018,45.3735903133651],[10.6686893793045,45.3735304797508],[10.6679539406574,45.373286236022],[10.6674157560169,45.3730391073652],[10.6669487662093,45.3728711490471],[10.6669143345106,45.3728526622055],[10.6671978541833,45.3723511348295],[10.6663805151811,45.3719814537323],[10.666808722902,45.3716152274602],[10.6661043093448,45.371237114135]],[[10.6704242907013,45.3745408529503],[10.6710990725749,45.3747749345777]],[[10.6701136799812,45.3634921499181],[10.6701923689161,45.3631511457965]],[[10.6715341660958,45.3786386854266],[10.6715601577891,45.3778663547336],[10.6714320559965,45.3776002234056],[10.6706534840416,45.3776505581324]],[[10.6708579886187,45.3825251975324],[10.6711127891398,45.3827328107194]],[[10.6702255294616,45.3551344449858],[10.6702181815836,45.3550884033951]],[[10.6703628133033,45.3574766303957],[10.6706319480492,45.3583892857664],[10.6716122636828,45.3593095884939],[10.6709927796798,45.3594808674012]],[[10.6703088799146,45.3551272958279],[10.6703507661094,45.3554427184166]],[[10.6704797272847,45.3606624790132],[10.6693543210312,45.3606454649684],[10.669280163455,45.3601109924834],[10.669823684622,45.3587229572528],[10.6705310486511,45.358187353351]],[[10.6715214117558,45.3801372596211],[10.6712080062995,45.3799239344502],[10.671065410599,45.3797175718973]],[[10.6710298246266,45.3755451286645],[10.6711076587281,45.3755394083131]],[[10.6709154185844,45.3710630866003],[10.6702508186192,45.3712921834485],[10.6690418012347,45.3700681305345],[10.6721668848011,45.3695238594926],[10.6724701068034,45.3704864245664],[10.6709154185844,45.3710630866003],[10.6722910154711,45.3725426643033]],[[10.6712877361854,45.3817509737108],[10.6709863201057,45.381060419929],[10.6713287075441,45.3805155059251],[10.6708839435392,45.3803982605972],[10.6707138832192,45.3806939524239],[10.6701518850781,45.3805945130109]],[[10.6713189289707,45.3818542772762],[10.6713054489096,45.3818483045635],[10.6711814802757,45.3817933767075],[10.6710652940612,45.381469607621]],[[10.671374151375,45.3822258189548],[10.6713054489096,45.3818483045635],[10.6712877361854,45.3817509737108],[10.6715350807415,45.3821280728829],[10.671374151375,45.3822258189548]],[[10.6711172496087,45.3738000695129],[10.6712053419372,45.3738728656194],[10.6711382837497,45.3738705455003],[10.6711273372323,45.3738778075551],[10.6711199738822,45.3738775536052],[10.67110243933,45.3738769488651],[10.6707409822051,45.3738034249223],[10.6705522794809,45.373727587644],[10.6701713725393,45.3735811173375],[10.6701067988318,45.3735566513609],[10.6699708306314,45.3735051349276],[10.6697501842779,45.3734700506462]],[[10.671323167382,45.3805254836478],[10.6713609576862,45.3805184108769],[10.6714933413425,45.3802009814951],[10.6715021308613,45.380203172085],[10.6716168741731,45.3802317691975],[10.672092220124,45.3804790720679],[10.6720051375374,45.3809430590162]],[[10.671207393865,45.3763638035749],[10.6716713299689,45.3764144457644],[10.6717084386887,45.3764391398052],[10.6717496113612,45.3764450791586],[10.6717814205625,45.3764496677759],[10.6718458071976,45.3764370122616],[10.6718358123821,45.3764807616414]],[[10.6713645805724,45.3805097239721],[10.6714631466422,45.3802733826294],[10.6715021308613,45.380203172085],[10.6718110024595,45.3796468881449],[10.6718479422639,45.3794960168478],[10.6719329989293,45.379148621463],[10.6715341660958,45.3786386854266],[10.6705603768598,45.3786827143713]],[[10.6712072183208,45.3739779219581],[10.6712955837635,45.3739875950995]],[[10.6712053419372,45.3738728656194],[10.6711244279877,45.3740042371285],[10.6711199738822,45.3738775536052],[10.6711172496087,45.3738000695129],[10.6701192489983,45.3735354741187],[10.6703003722612,45.3725606762451],[10.6693175394814,45.37248714452],[10.6690110991318,45.3724549734454],[10.6688587026798,45.37235641196]],[[10.6712053419372,45.3738728656194],[10.6724654022578,45.3737856974649],[10.6724370862787,45.3736801600268],[10.6723887265588,45.3734999159087],[10.6723420988543,45.3732411820907],[10.6723518572934,45.3730761119888],[10.6721763565198,45.3725431459891],[10.6715243780236,45.3717402724521]],[[10.6712054837504,45.3737958950797],[10.6716577579154,45.3737744965208],[10.6724370862787,45.3736801600268],[10.6732628457182,45.3735801969951],[10.6732218844955,45.3719218511566],[10.6733010429949,45.3717695762103],[10.6732055345647,45.3713675179043],[10.6725622897918,45.3705760091381],[10.6725348874357,45.3705422901213],[10.6724981415103,45.3704912709763],[10.6721395476284,45.3693128669997],[10.672343669297,45.3690654858633],[10.6722421410893,45.3687768815783],[10.6719972012086,45.3685956842491],[10.6719841164087,45.3685342811383],[10.6721115414664,45.3679800498373],[10.6714508226247,45.3673678152207],[10.6713795626954,45.3671396046088],[10.6713524531325,45.3668952561454],[10.6717517304528,45.366402967625],[10.6715023101724,45.3648764203461],[10.6716371137468,45.3641453771721],[10.6713766400681,45.3635334922602]],[[10.6715350807415,45.3821280728829],[10.6736453995258,45.3811764863729],[10.6738235469191,45.3815053763027]],[[10.6714933413425,45.3802009814951],[10.671504654373,45.3801738549566],[10.671617645093,45.3799271010913],[10.6717865510728,45.3795924836787],[10.6718479422639,45.3794960168478],[10.671926340867,45.3793728249657],[10.6723241195242,45.379525055169]],[[10.671138328123,45.3636853219757],[10.6712180855198,45.3642045624901]],[[10.671134682965,45.3609574940839],[10.6689903910098,45.3610643666164],[10.6694981959707,45.36206844054],[10.6697039167657,45.3628409136753],[10.673169822539,45.3624680821478],[10.6731795940464,45.362548728428]],[[10.6716208258976,45.3746045212954],[10.6724568917562,45.3747419351106],[10.6735332849733,45.3746528637893],[10.6739313217951,45.3749249623109],[10.674030296494,45.3753419376143],[10.6739804247021,45.3765887846924],[10.6752034205519,45.375886707267],[10.6750873802726,45.3754791459764]],[[10.6713381851507,45.3635439536296],[10.6713125783597,45.36354424323],[10.6701144620905,45.3635577869245],[10.6693231257627,45.3635667254187],[10.6672923599635,45.3625981627638],[10.6647000254575,45.3626284052382]],[[10.6713391934847,45.3635596815078],[10.6713148625102,45.363560027083],[10.6713125783597,45.36354424323],[10.6713089880086,45.3635194332986],[10.6713591170714,45.3633680744935],[10.6715313569717,45.3632852932263],[10.6714164723323,45.362667799476]],[[10.6713381851507,45.3635439536296],[10.6713391934847,45.3635596815078],[10.6713454564022,45.3636573695396],[10.6701389343341,45.3637849680443],[10.6701880543835,45.3640407886446]],[[10.6713381851507,45.3635439536296],[10.6716148953986,45.3634057618092],[10.6731008012595,45.3630901111055],[10.6734587396518,45.3624310177676],[10.6735776818668,45.3625090151659]],[[10.6717603708192,45.3764025935722],[10.672621485929,45.3765068067112]],[[10.6718623426683,45.3781001028692],[10.6719452244864,45.3780876323751],[10.6716846759047,45.376701486774],[10.6717496113612,45.3764450791586],[10.6717603708192,45.3764025935722],[10.6712529212853,45.3760572609046],[10.6712251867948,45.3760409373398],[10.6712130827807,45.3760498326432],[10.6711961006775,45.3760426393478],[10.6711755938034,45.3760339530207],[10.6711503889744,45.3759969138401],[10.6710298246266,45.3755451286645],[10.6709082505759,45.3750589982849],[10.6709958300693,45.3750531354059]],[[10.6718346947173,45.3774743374435],[10.6727200963039,45.377536156509]],[[10.671926340867,45.3793728249657],[10.672080610367,45.3792033484158],[10.6719329989293,45.379148621463],[10.6718623426683,45.3781001028692],[10.671207393865,45.3763638035749],[10.6711961006775,45.3760426393478],[10.6711244279877,45.3740042371285],[10.6708066685021,45.3740336052332],[10.6704242907013,45.3745408529503],[10.6703752483249,45.3746137259871],[10.6695349925425,45.3743889315219],[10.6693740298754,45.3740823327312]],[[10.6718458071976,45.3764370122616],[10.673956596985,45.376662434929],[10.6737161693625,45.377032463873],[10.6741128724187,45.3772587681357]],[[10.6719503788797,45.3790776363466],[10.6735167049011,45.3792980462037],[10.6742567031764,45.3792009496558],[10.6735362517132,45.3793104065772]],[[10.6714059458544,45.3575400072599],[10.6721081986937,45.3576996622925],[10.672864917545,45.3591649807103],[10.6724840807234,45.359208215707]],[[10.6714936083549,45.3566468867429],[10.6714026493237,45.3566565998038]],[[10.672080610367,45.3792033484158],[10.6721152008395,45.3791639007967]],[[10.6717406357906,45.3569727680668],[10.671532382815,45.3567251686686]],[[10.6716122636828,45.3593095884939],[10.6719178098312,45.3597634280795]],[[10.6723752034509,45.3835190272443],[10.67281232135,45.383799370707],[10.6714932356068,45.3829492151888],[10.671374151375,45.3822258189548],[10.6712704870152,45.3822887828289],[10.6709508391098,45.3824710333571],[10.670516424344,45.3827244469418],[10.670052510267,45.3829967941489],[10.6693531744656,45.38223156525]],[[10.6719972012086,45.3685956842491],[10.6727994629983,45.3684353451989],[10.6731744721129,45.368982118563],[10.6734007970333,45.3690593133143]],[[10.671704833389,45.3569302014984],[10.6717365025549,45.3569411997528],[10.6717791937531,45.3569333541897],[10.6718017747273,45.356943945495],[10.6717406357906,45.3569727680668],[10.6717064577079,45.3569907927357],[10.6712411009041,45.3572491057282],[10.6700473822238,45.3575386183066],[10.669270369897,45.3571365520754],[10.6684340286797,45.356311969014],[10.6683144795826,45.3556324108562],[10.6682117684966,45.3556219965424],[10.6679538028901,45.3556654031578],[10.6659245352636,45.356016536615]],[[10.6724693780748,45.356629214962],[10.6718017747273,45.356943945495],[10.67184526242,45.3569789704188]],[[10.6726698046512,45.3815585914129],[10.6725463693102,45.3815226428352]],[[10.6723887265588,45.3734999159087],[10.6723229426146,45.3735008793495]],[[10.6721032596731,45.3614317664182],[10.6727580605328,45.3614447006754],[10.6725217518621,45.3607714416867],[10.6727028133166,45.3607687895198]],[[10.6728531472312,45.3817555559185],[10.6727086966273,45.3816635778003]],[[10.6728531472312,45.3817555559185],[10.6727865840777,45.3817970639237]],[[10.6724989719368,45.3705434821659],[10.6725622897918,45.3705760091381],[10.6728384102067,45.3707178539108],[10.6728644140629,45.3707517924338],[10.6729473495497,45.3708600340587],[10.6729849066077,45.3709090507572],[10.6732026220639,45.3711688770402],[10.6733157763598,45.3713187580988],[10.6733076667704,45.3713652184554],[10.6728343272646,45.3707574795106],[10.6728587616548,45.3707562926987],[10.6728644140629,45.3707517924338],[10.6728709851083,45.3707465607784],[10.6728717552758,45.3707341354228],[10.6732139487008,45.3705207057691],[10.674344242065,45.3701160324344],[10.6750077993884,45.3705687243083]],[[10.6725348874357,45.3705422901213],[10.6724701068034,45.3704864245664]],[[10.6727195734579,45.3775021012984],[10.6740230559705,45.3778128536864],[10.6742541882422,45.378204475515],[10.6752961166834,45.3789189790796],[10.6753479132404,45.3789525474799],[10.6753756488809,45.3789705224144],[10.6750085959777,45.3791105769168],[10.6743217758643,45.3792050220187],[10.674680752656,45.3792813624001]],[[10.6728531472312,45.3817555559185],[10.6730504245258,45.3818974259797]],[[10.6725217518621,45.3607714416867],[10.6724675273816,45.3601858606018],[10.6730251882608,45.3600421735366]],[[10.6727994629983,45.3684353451989],[10.6740398641679,45.3679382714207]],[[10.6732758036929,45.3841401553145],[10.6732758036928,45.3841401553145]],[[10.6732758036929,45.3841401553145],[10.6732963937878,45.3841549442881]],[[10.673303677047,45.3841276373695],[10.67281232135,45.383799370707]],[[10.6733230182472,45.3841428839627],[10.6732963937878,45.3841549442881],[10.6733186709761,45.3841709450146],[10.6733548143321,45.3841969051719],[10.6734316357857,45.3841530709187]],[[10.6733440687547,45.3841594779828],[10.6733186709761,45.3841709450146]],[[10.6729473495497,45.3708600340587],[10.6743013314344,45.3701674955892]],[[10.6727580605328,45.3614447006754],[10.6729251645634,45.3614422526203],[10.6730233037382,45.36163627318],[10.6723905615326,45.3618670615472],[10.6724877382468,45.3625301967552]],[[10.6734093950672,45.3808072504195],[10.6750855514722,45.3804413672972],[10.6743487547069,45.3792656150723]],[[10.6732628457182,45.3735801969951],[10.6749226301731,45.3733123712266],[10.674534428234,45.3734089136523]],[[10.6729251645634,45.3614422526203],[10.6730202407444,45.3614069801989]],[[10.672889477939,45.3591610616789],[10.6728812547826,45.3592313641063]],[[10.6733010429949,45.3717695762103],[10.6732421437552,45.3720061178367]],[[10.6733994466843,45.371772669201],[10.6734472303096,45.3716774746969],[10.6733076667704,45.3713652184554],[10.6733994466843,45.371772669201],[10.6732869954093,45.3719817883027],[10.6734115990278,45.3720357008656],[10.6734497029161,45.3720392206533],[10.6744820982345,45.372134581555],[10.6752537082093,45.3722285478224],[10.6759495664572,45.3724350977734],[10.6762511113468,45.3726783983976],[10.6764319596695,45.3728142430623],[10.6771932868883,45.3727991441701]],[[10.6734497029161,45.3720392206533],[10.6739995880175,45.3713390760389]],[[10.673169822539,45.3624680821478],[10.6734587396518,45.3624310177676],[10.6736822140097,45.3620195129521],[10.6735146476326,45.3617846119354]],[[10.673188398265,45.3576992999633],[10.6734417132915,45.3576511726975]],[[10.6733315341176,45.3581877004612],[10.675013769884,45.3577450496771],[10.67513192107,45.357293586022],[10.6756862938547,45.3571035000124]],[[10.673956596985,45.376662434929],[10.6739804247021,45.3765887846924]],[[10.6739549616651,45.3749918083021],[10.674654839935,45.37484366942],[10.6745701499984,45.3745460367592]],[[10.6736050158345,45.3624330373095],[10.6742390533575,45.3624967138604]],[[10.6753293521219,45.3789405183662],[10.6742567031764,45.3792009496558],[10.6749838234443,45.3790971963764],[10.6753479132404,45.3789525474799],[10.6753801596421,45.3789397362462],[10.6754087908425,45.3789370645959],[10.6757246958874,45.3791967314824],[10.6768073904135,45.3781454624738],[10.6779299439398,45.3775639449059],[10.6781769563553,45.3780031746748],[10.6784867667638,45.3779283744134],[10.6786904670198,45.3783682396936],[10.6789516470306,45.3785537604768]],[[10.6740309317468,45.3601474476527],[10.6737049338271,45.3602025425959]],[[10.6740910723734,45.3679845811613],[10.6749508283234,45.3676437349632],[10.6753418121684,45.3685880398374],[10.6752375209164,45.3686267289677],[10.6756744314021,45.3691405448931]],[[10.674344242065,45.3701160324344],[10.6744290393348,45.36961520642],[10.6750306416499,45.3695568377164],[10.6757214043674,45.3697407555815]],[[10.6744820982345,45.372134581555],[10.6748841564995,45.3732380854461],[10.6751311143442,45.3732155764871],[10.6753618413028,45.3739144199674],[10.6752011142179,45.3743413127529],[10.6750035818884,45.3742556384791]],[[10.6741478927461,45.360246102924],[10.6744266118315,45.3600254979029],[10.6745104078167,45.359987578326],[10.6744781601033,45.3591731296355],[10.6740219502487,45.3591218858791],[10.6733315341176,45.3581877004612],[10.6731836038043,45.3585587071511],[10.672927318989,45.3585991529686],[10.6728469228516,45.3581948010256],[10.673188398265,45.3576992999633],[10.6729616289466,45.3574399937395]],[[10.6744266118315,45.3600254979029],[10.674173923099,45.359909475189],[10.6741422156269,45.3597631769437]],[[10.674654839935,45.37484366942],[10.6749626874505,45.3747785076546],[10.6752011142179,45.3743413127529]],[[10.6746298598649,45.37215257632],[10.6748308598804,45.371894126237]],[[10.6742824184149,45.3603584029245],[10.6744685478167,45.3605064209516],[10.6744815592729,45.3604795061451],[10.6741478927461,45.360246102924],[10.6740309317468,45.3601474476527],[10.6730319370627,45.3595761897747],[10.672889477939,45.3591610616789],[10.6723697374957,45.3581527108562],[10.6724073636487,45.3566584509444]],[[10.6744266118315,45.3600254979029],[10.6749190998494,45.3602847660214]],[[10.6750085959777,45.3791105769168],[10.675056938385,45.379179154152]],[[10.6744815592729,45.3604795061451],[10.6758614272474,45.3610067221096],[10.6758557795672,45.3610212158466],[10.6756986080955,45.3614245646682],[10.6756367934526,45.3620608466089],[10.6749154940775,45.3620765945953],[10.6749010645508,45.3623325058551],[10.6747580810076,45.3624534129524],[10.6743365450372,45.3624466805825],[10.6738607750892,45.362216035964],[10.6736822140097,45.3620195129521],[10.674499054849,45.3605022354383],[10.6758557795672,45.3610212158466],[10.6760062571484,45.3610900432227],[10.6764931357678,45.3613082222025],[10.6777266119319,45.3620238035947],[10.6775598734311,45.3621663018404],[10.6773395848116,45.362348237096],[10.6771771676386,45.3624486893829],[10.6768900551772,45.3627231340728]],[[10.6745457385383,45.3624500218162],[10.6745469736731,45.3624957771193]],[[10.6749508283234,45.3676437349632],[10.6759921594616,45.3675014955467],[10.6758454280665,45.3672930811352]],[[10.6752034205519,45.375886707267],[10.6753837160716,45.3762688920311]],[[10.6752034205519,45.375886707267],[10.6756970581796,45.3751403464461],[10.6759390944695,45.3743854595798],[10.6752011142179,45.3743413127529]],[[10.6751311143442,45.3732155764871],[10.6761807893944,45.37300307658],[10.6778340354603,45.3734888951161],[10.6790271976656,45.3726995536101],[10.6783409957004,45.3722967155295],[10.6781244616488,45.372076554344],[10.6779164520113,45.3721445365469],[10.6776590068161,45.371984093869],[10.677431063153,45.3717517631488]],[[10.6754087908425,45.3789370645959],[10.6758954815963,45.3788916491069],[10.6761985502366,45.3782871434553],[10.6750102944348,45.3772400955262]],[[10.6749475659196,45.3602283467605],[10.6757557922939,45.3602338683936],[10.675945505627,45.3606288893824],[10.6760604458883,45.3606252712423]],[[10.6754266636722,45.3743548058949],[10.675610412149,45.3738300271049],[10.6754988501818,45.3733880000065]],[[10.6754421443465,45.3743105940384],[10.6755165814106,45.3743252620306]],[[10.6753418121684,45.3685880398374],[10.6763356812727,45.3683257267554]],[[10.6773372243863,45.3773966945739],[10.6769691360326,45.3768020814272],[10.6764026775555,45.3765507915233],[10.6759873827458,45.3761354073188]],[[10.6759390944695,45.3743854595798],[10.6764124021975,45.3744182165839]],[[10.6761985502366,45.3782871434553],[10.6766269324996,45.3778333194259],[10.6772947424349,45.3774081401882],[10.6781460135183,45.3771787843145],[10.6791892348214,45.3771390144781],[10.6796801731084,45.3773272631267],[10.6803866872163,45.3771855375186]],[[10.676221238958,45.3787595870184],[10.6767501778183,45.3791419732706]],[[10.6757580416792,45.3591968380275],[10.6756364438048,45.3586965380252],[10.6751774387636,45.3587361013245]],[[10.6756364438048,45.3586965380252],[10.6762431256067,45.3586490118398]],[[10.6757557922939,45.3602338683936],[10.6757567656166,45.3600812977125],[10.6760830491405,45.3598138801475],[10.6757580416792,45.3591968380275],[10.6753000013395,45.3592692162542]],[[10.6759921594616,45.3675014955467],[10.6761495982583,45.367477508526]],[[10.6758227962861,45.361105861249],[10.6759105975688,45.361130673889]],[[10.6760246365271,45.3674112178212],[10.6767895983402,45.3671336808119],[10.6776191329934,45.3665145653113],[10.6772813909728,45.3663832769409]],[[10.6758614272474,45.3610067221096],[10.6758954743088,45.3610207550388],[10.6760236366673,45.3610796616753],[10.6764897787289,45.3612939099936],[10.6775017315798,45.3618639998281],[10.6777151775866,45.3618225081237],[10.6780736365966,45.3621030897344]],[[10.6762511113468,45.3726783983976],[10.676733625985,45.3710177376007]],[[10.6760062571484,45.3610900432227],[10.6760193696203,45.3610848225773],[10.6760236366673,45.3610796616753],[10.6760286033724,45.3610736545505],[10.6761013173182,45.3609593452582]],[[10.6764319596695,45.3728142430623],[10.6764642658966,45.372715790878]],[[10.6764646256933,45.3612823492407],[10.6770133455124,45.3608008814893],[10.6776673226038,45.3606546768169]],[[10.6771419425062,45.3702912912474],[10.6780275982999,45.369684211544],[10.6781910257336,45.36979088464]],[[10.6774593761018,45.3717747203959],[10.6784377007698,45.3712169181629],[10.6782433087764,45.3710912228953],[10.6778444087499,45.3713386076489],[10.6772379303028,45.3707339716744],[10.6774866952674,45.3705491753731],[10.6771419425062,45.3702912912474],[10.6767889063385,45.3705286927239]],[[10.6774866952674,45.3705491753731],[10.6777234373311,45.3707054139449],[10.6778312750086,45.370614232318]],[[10.6771714880349,45.3588772283023],[10.6773441344118,45.3586448208729],[10.6771841517312,45.3575701323393]],[[10.6776590068161,45.371984093869],[10.677590987613,45.3720201529389]],[[10.6773441344118,45.3586448208729],[10.6775187625833,45.358355561888]],[[10.6779299439398,45.3775639449059],[10.6779456452304,45.3775087384932]],[[10.6774320327124,45.3606271395953],[10.6774331758484,45.3604179139729],[10.677307749438,45.3603887625329]],[[10.6774331758484,45.3604179139729],[10.6776454179692,45.3597897522048],[10.6779315150718,45.3598010454616]],[[10.6776191329934,45.3665145653113],[10.6777961459005,45.3665584133735]],[[10.6776191329934,45.3665145653113],[10.6784623637938,45.3656165494282],[10.67826659951,45.3655327223396]],[[10.6775598734311,45.3621663018404],[10.6775160342302,45.3621473325609]],[[10.6779773602195,45.3617386818472],[10.6777005249794,45.3618047700655],[10.67769594972,45.3618117581346],[10.6779699781304,45.3617479032758],[10.6782150530044,45.3614417631196],[10.6787486145199,45.3614524438297],[10.6790196677806,45.3616805495871]],[[10.6776454179692,45.3597897522048],[10.6777758718668,45.3592454421518],[10.678907740333,45.3593631127661],[10.6796496545268,45.3588072257265]],[[10.6777266119319,45.3620238035947],[10.67813979441,45.3623332108903]],[[10.6780275982999,45.369684211544],[10.678177498652,45.3696138368562]],[[10.6783409957004,45.3722967155295],[10.6781247061569,45.3725406550878]],[[10.6777758718668,45.3592454421518],[10.6778867193013,45.3589054632388],[10.6771714880349,45.3588772283023],[10.6768867651165,45.3597802332032]],[[10.6782433087764,45.3710912228953],[10.6786144078371,45.3707449094432],[10.6783770872141,45.3705692035795]],[[10.6778867193013,45.3589054632388],[10.6782696883268,45.3582283004759]],[[10.6786514407055,45.378283967816],[10.6789683231402,45.3780923303696],[10.678745854564,45.3777504760498]],[[10.6784623637938,45.3656165494282],[10.6791299451694,45.3650183827685],[10.6793771106779,45.3649094639193]],[[10.6786144078371,45.3707449094432],[10.678648417891,45.3707736259424]],[[10.6782542795717,45.3583266743327],[10.6785206089382,45.3582891829505],[10.6792195638813,45.3578637526212],[10.6789950334805,45.3574841147895],[10.6787335087243,45.3573123277143]],[[10.6784929396715,45.3655891531686],[10.6789598261879,45.3658012245813]],[[10.6788280034084,45.3725674374326],[10.6788769709831,45.3725493681298]],[[10.6790271976656,45.3726995536101],[10.679595323376,45.3733677442663],[10.6790276358495,45.3735148711024]],[[10.6790271976656,45.3726995536101],[10.6794663939049,45.3724626928542]],[[10.6786973918349,45.3607143261052],[10.6801345593517,45.3600674995688],[10.6797790837754,45.3598184503039],[10.6794358874898,45.3595780008399]],[[10.6791892348214,45.3771390144781],[10.6791551102387,45.3768646378046],[10.6792070905763,45.3768638734177],[10.6792417441336,45.3768633638133]],[[10.6787486145199,45.3614524438297],[10.6792069576305,45.3612201701856],[10.6784955151947,45.3605778212052],[10.6778909813929,45.3603910569105]],[[10.6792070905763,45.3768638734177],[10.6791567108988,45.3763331824979],[10.6804182972663,45.3762046723652],[10.6806186074115,45.375798569217]],[[10.6790514999474,45.3616593785684],[10.6801553863107,45.3622958291756],[10.6803142449775,45.3625741921624]],[[10.6792069576305,45.3612201701856],[10.6806281742871,45.3606839878263],[10.6807014497927,45.3612098056105],[10.6808161185831,45.361184872347]],[[10.679595323376,45.3733677442663],[10.6802886336242,45.3729835736671]],[[10.6792195638813,45.3578637526212],[10.679415263442,45.3581907950542],[10.6799563125464,45.3581518423709],[10.6796533600821,45.3580659001699]],[[10.6797790837754,45.3598184503039],[10.6802992109635,45.359596293991]],[[10.6806281742871,45.3606839878263],[10.6806258748475,45.3605135552149],[10.6816742275057,45.3600990741406],[10.6818638195396,45.3603771640506]],[[10.6807638325123,45.361196241302],[10.6809691568455,45.3616204083512]]]}},{"type":"Feature","properties":{"NOME_COMPL":"Condotta COLOMBAROLA - SIGNORELLI BASSO","COMUNI":"Monzambano"},"geometry":{"type":"MultiLineString","coordinates":[[[10.6323445834661,45.3701193163752],[10.6322437145417,45.3700992434414]],[[10.6325006779679,45.3687247693556],[10.6324092358436,45.368729150152]],[[10.6337077025773,45.3848657195685],[10.6336840987742,45.3844531801636],[10.6343555281144,45.3839646348556]],[[10.6344034514609,45.3840011078868],[10.6351273401555,45.3835035495975],[10.6359464747768,45.3840739740688],[10.6356085788549,45.3851564236491]],[[10.6351273401555,45.3835035495975],[10.6355604150453,45.3830803415065]],[[10.6361211063784,45.3825854554851],[10.6366520337725,45.3829368344907],[10.6365423006821,45.3830742696075]],[[10.6364361150363,45.3804363357882],[10.6352963920159,45.3807545881783],[10.6357121185577,45.3815429066834],[10.6357072381194,45.3818878581611],[10.6359048429317,45.3823117748018],[10.6361211063784,45.3825854554851],[10.6362688762383,45.3823421589683]],[[10.6367314584442,45.3844756024989],[10.6363857559495,45.3848810478185]],[[10.636428779153,45.3803791300745],[10.6356065284666,45.3805449988521],[10.6343597776683,45.381376516815]],[[10.6364307601043,45.3803945776793],[10.6364536430556,45.3805730199447],[10.6367963527297,45.3811812309722],[10.6388390204109,45.3823781789187],[10.6384741596057,45.3828293221609]],[[10.6365358837715,45.3807162223854],[10.6370683211261,45.3807466173402]],[[10.6369033263799,45.3845433280463],[10.6369516633047,45.384492573786]],[[10.6379643126813,45.3848401850569],[10.636938491748,45.3855585015676]],[[10.6378903270833,45.3817848608065],[10.6379092605675,45.3815275731089]],[[10.6378543996286,45.3659635406371],[10.6378710922306,45.3659751213892]],[[10.6390156207098,45.3852562079662],[10.6386139180556,45.384939928894],[10.6369033263799,45.3845433280463],[10.6367314584442,45.3844756024989],[10.6363870091951,45.3843153882211],[10.6359464747768,45.3840739740688]],[[10.6386139180556,45.384939928894],[10.6389677043256,45.3847640236915]],[[10.6388136520577,45.3824095466565],[10.6399133987137,45.3832143139306]],[[10.6388390204109,45.3823781789187],[10.6388734432937,45.3823529122483]],[[10.6390156207098,45.3852562079662],[10.6393118962014,45.3857763089107]],[[10.6389706827363,45.3808295490538],[10.6402879606741,45.3814051780257],[10.6399970463503,45.3816777267456],[10.6412066659743,45.3823787543563],[10.6421502659103,45.3819853414464]],[[10.6392773162617,45.3801572342812],[10.6388426675307,45.3810625976969]],[[10.6390734678877,45.3783225793509],[10.6384998480725,45.3782988709069]],[[10.6392500459077,45.3737570371246],[10.641130393022,45.3740208169815],[10.641115180123,45.3742068306376]],[[10.6391992862431,45.3656988069934],[10.6393667149647,45.3652862642757]],[[10.6393352624844,45.3672969135099],[10.6394734198688,45.3671098215234],[10.6391992862431,45.3656988069934],[10.6387752458944,45.3658266057619],[10.6381093801073,45.3658015824986],[10.637167730267,45.3662671436124]],[[10.6397976319412,45.3831283761828],[10.6398355954948,45.3831070509818]],[[10.6395158224379,45.3732843719035],[10.6386686641636,45.3728325357066]],[[10.6413395129309,45.3732000473257],[10.6412517413589,45.3732323470642],[10.6410510095463,45.3732700685747],[10.6408565811499,45.3732409290612],[10.6400543588668,45.3728939274136],[10.6399742538993,45.3729724924984],[10.6395158224379,45.3732843719035],[10.6393777689664,45.373378291212],[10.6392500459077,45.3737570371246],[10.6378813424676,45.3739044113442],[10.6377227353025,45.3735467083445]],[[10.6394422514717,45.3673519227784],[10.6393825048482,45.3673212035859],[10.6393802056953,45.3673128012191],[10.6393785361232,45.3673066996848],[10.639359466501,45.367296081582],[10.6393352624844,45.3672969135099],[10.638937693083,45.3670924980926]],[[10.6393792342238,45.3653573908185],[10.6408198628492,45.3653588286641]],[[10.6394734198688,45.3671098215234],[10.6395311497279,45.3670833189448]],[[10.6398477766084,45.3795947271899],[10.6408304376555,45.3796920882341]],[[10.6397833133436,45.3674756534554],[10.6393872527658,45.3673130356867],[10.6393802056953,45.3673128012191],[10.6377259772732,45.3672577502254],[10.6376581223107,45.3672611814378],[10.6368838456398,45.3657422324408]],[[10.6400120080107,45.3681310871397],[10.6394755432978,45.3675760441231],[10.6397833133436,45.3674756534554],[10.6394422514717,45.3673519227784],[10.6393248442097,45.3674988333739]],[[10.6402879606741,45.3814051780257],[10.6407770361076,45.3808944412988]],[[10.6407875143581,45.3882882842536],[10.6406661648192,45.3883134880578]],[[10.6407875143581,45.3882882842536],[10.6410316714725,45.3880334456246],[10.6412256000016,45.3878310310301],[10.6413895867902,45.3877452598596],[10.6404518000606,45.3871696235053],[10.6403664493176,45.387070459527],[10.6400728345826,45.38672932273]],[[10.6408836906403,45.3867431188538],[10.6409360524848,45.386790922938]],[[10.6410316714725,45.3880334456246],[10.6409753826313,45.3879980227824]],[[10.6421956745428,45.3863582688445],[10.6416130123174,45.3862733220423],[10.6411431899081,45.3866276342125]],[[10.6413496367728,45.3777430700498],[10.640230106623,45.3778321188613],[10.6390734678877,45.3783225793509],[10.6392852202687,45.3795698283083],[10.6389448024826,45.3795178900542]],[[10.6420776415472,45.3776266447146],[10.6413188225547,45.3777060762794],[10.641290851491,45.3770781498738]],[[10.6415194052743,45.3788778939058],[10.6413496367728,45.3777430700498],[10.6409028219591,45.3777897471699]],[[10.6413496367728,45.3777430700498],[10.6417830957705,45.3776903900415]],[[10.641129866602,45.3679708251576],[10.64115973434,45.3679827308801],[10.6411554336041,45.3679671596019],[10.6398315122505,45.3674798005328],[10.6412094012849,45.3670554510899]],[[10.6411554336041,45.3679671596019],[10.6400120080107,45.3681310871397],[10.6392091070215,45.3682311338102],[10.6381277006751,45.3681089576035],[10.6376581223107,45.3672611814378],[10.6363340426249,45.3673281278476],[10.6361493071566,45.3669624284561],[10.6358936678795,45.3669882205821],[10.6350174299396,45.36542393879],[10.634067605827,45.3658178349371],[10.6340095808866,45.3663869297567],[10.6337975019158,45.3667746356404],[10.6325202898853,45.3677394178525],[10.6324860698882,45.3684898520306],[10.6325006779679,45.3687247693556],[10.6325628289594,45.3693693251389],[10.6323445834661,45.3701193163752],[10.6320828611371,45.3707223984186],[10.6321103721822,45.3710723891695],[10.6320233733998,45.3710797796888]],[[10.6414364346243,45.3728196339596],[10.6414979599869,45.3728247869919]],[[10.6418875937622,45.3872986406196],[10.6419565566647,45.3872679042797]],[[10.6415894370598,45.3760130989101],[10.6417132657435,45.3764130499996],[10.641315744115,45.3749111627163],[10.6413215426812,45.3740030405371],[10.6415965815961,45.3735318801523],[10.6422936448053,45.3729645868535],[10.6425511663639,45.3750304329813],[10.6417575178259,45.3749334659358]],[[10.6428523398153,45.3843850942125],[10.6418787849584,45.384606092842]],[[10.6422164141839,45.3722662780677],[10.6420741666467,45.3705772979872],[10.6415019493049,45.3701597446535]],[[10.6422712484349,45.3890646026438],[10.6422383461203,45.3894612928576]],[[10.6421922428224,45.3875733869665],[10.6430496001512,45.3883495992749],[10.6427430598307,45.388494770885],[10.6430358745446,45.3888972019252],[10.6422712484349,45.3890646026438],[10.6420243217355,45.3885859157657],[10.6411898165798,45.3886396196499],[10.6407875143581,45.3882882842536],[10.6400094876955,45.3876086876699],[10.6403664493176,45.387070459527],[10.6406825028933,45.3868326524663],[10.6411431899081,45.3866276342125],[10.6421922428224,45.3875733869665],[10.6418762602542,45.3878164640876]],[[10.6422942536581,45.3832840278869],[10.6430115476647,45.3830744422429]],[[10.6422438396703,45.3786593443048],[10.6422995053006,45.3787669612828],[10.6422875919075,45.3786445611543],[10.6422438396703,45.3786593443048],[10.6415934190065,45.3788791077215],[10.6406878531306,45.3788642532551],[10.6398759456585,45.3790493244023],[10.6398477766084,45.3795947271899],[10.6392852202687,45.3795698283083],[10.6392773162617,45.3801572342812],[10.6364018564975,45.3803219686994]],[[10.6422438396703,45.3786593443048],[10.6420776415472,45.3776266447146],[10.6420549849153,45.3775365434605],[10.6418086399352,45.3767266230642],[10.6417132657435,45.3764130499996],[10.6417510951194,45.3767425504051],[10.6417927803284,45.3767252582811],[10.6418086399352,45.3767266230642],[10.6418293640356,45.3767284064531],[10.6418541291686,45.3767443618844],[10.6437091191638,45.3767769592078],[10.6437229996896,45.3762451794094],[10.6439325867455,45.3764021523918],[10.6441294718664,45.3763735129198],[10.6450084261282,45.3761286104959],[10.6449550937196,45.376057125187]],[[10.6422875919075,45.3786445611543],[10.6424262920659,45.378507927912]],[[10.6424059474848,45.3795330341916],[10.6423674406115,45.3794649280151],[10.6422995053006,45.3787669612828],[10.6425993770882,45.3794777647643],[10.6424059474848,45.3795330341916]],[[10.6421808354384,45.3729635311704],[10.6424273408557,45.3726834832285],[10.6424501964353,45.3723106609968],[10.6415520543834,45.3723658250797],[10.641130393022,45.3740208169815]],[[10.6424361517145,45.3785449450754],[10.643622438941,45.3783916265702]],[[10.6425511663639,45.3750304329813],[10.6442089975977,45.3750470017127],[10.6450739941175,45.3749106801164],[10.6462122039522,45.3740960464333],[10.6454816046568,45.3731431950621],[10.6453957340473,45.3725388781557],[10.644264699749,45.3729267600964],[10.6422936448053,45.3729645868535]],[[10.6425993770882,45.3794777647643],[10.6430235258251,45.3794066345029],[10.6433600141695,45.3794946898873],[10.6440221370613,45.3792962676396]],[[10.6424501964353,45.3723106609968],[10.6426609283626,45.3712379207665],[10.6432480355179,45.3708376225086],[10.6431334623639,45.3708395422926],[10.6425819040661,45.3702060099274],[10.6419141915909,45.3695686976938],[10.6419139806876,45.3695684963897],[10.6418078767445,45.3694147724924],[10.6413867408532,45.3688046193747],[10.64115973434,45.3679827308801],[10.6413017368098,45.3679580707383]],[[10.6430754289755,45.3848252209097],[10.6428275149246,45.3848936655318]],[[10.6430358745446,45.3888972019252],[10.6434426731117,45.3902963543398]],[[10.6430496001512,45.3883495992749],[10.6432180515253,45.3882782150343]],[[10.6425819040661,45.3702060099274],[10.6430419780242,45.369930386122],[10.6425874110106,45.3695932331625],[10.6419367982875,45.3695594692248],[10.641927121958,45.3695683607584],[10.6419141915909,45.3695686976938],[10.6418958958688,45.3695691744353],[10.6418154481561,45.3694495480472],[10.6418039316608,45.3694234564365],[10.6418078767445,45.3694147724924],[10.6418132704158,45.3694028999029],[10.6416910381522,45.3691760323997]],[[10.6425874110106,45.3695932331625],[10.6431110613148,45.369205399496],[10.6426304876184,45.3685107258038],[10.6420170539353,45.3684509443824],[10.6419516109093,45.3682914463709],[10.6428954570845,45.3679082513397],[10.6426932763066,45.3675526212565],[10.6424838106018,45.3671841719609],[10.6417088738988,45.365691600637],[10.6419418923378,45.3653866329315]],[[10.6429479129057,45.3810379858076],[10.6432336364478,45.3808973119041],[10.6424059474848,45.3795330341916],[10.6423156844177,45.379543776878]],[[10.6430754289755,45.3848252209097],[10.6433029507332,45.3847338986094]],[[10.6432063631754,45.3875846928318],[10.6441751535564,45.3871210267391],[10.642970202814,45.3864851801593],[10.6428441508335,45.3864768355754],[10.6424559052864,45.3864511330048],[10.6422364427656,45.3864429860515],[10.6421956745428,45.3863582688445],[10.6417512755401,45.3855682998373],[10.6412512219189,45.384559365691],[10.6402857121148,45.3846021401721],[10.6390156207098,45.3852562079662],[10.6384356731168,45.3854627116422]],[[10.6426932763066,45.3675526212565],[10.6438501808076,45.3672563066989]],[[10.6437727634661,45.3817144373232],[10.6432336364478,45.3808973119041],[10.6436980364807,45.3806126331658]],[[10.6433829758127,45.3855746632295],[10.6426148884631,45.3857262318445],[10.6424227790459,45.3859050916974]],[[10.6430419780242,45.369930386122],[10.6431569863094,45.3700182290083]],[[10.6430419780242,45.369930386122],[10.6431350492682,45.3698705535214]],[[10.6440894406107,45.3714970357537],[10.6432534709586,45.3715524151117]],[[10.6436907476588,45.3862318754451],[10.6428777792662,45.3864564413911],[10.6428487926493,45.3864659309321],[10.6428441508335,45.3864768355754],[10.64283596808,45.3864960586474],[10.6427562796396,45.3865206871766]],[[10.6432480355179,45.3708376225086],[10.6460575974292,45.3705490242214],[10.6461172236189,45.3709361594439],[10.6452832182826,45.3710222002953],[10.6453393905863,45.3713965214646],[10.644084904408,45.3714514150629],[10.6440513846101,45.3710983396452]],[[10.6435045140115,45.3784068680479],[10.6434941741407,45.3783625068902]],[[10.6438461332001,45.3818731046977],[10.6437271874872,45.3817314007152]],[[10.6437402703482,45.3806638929979],[10.6443602100977,45.3804943351536],[10.6451970928535,45.3813214541023],[10.6454988603594,45.3821810517844],[10.644469736746,45.3826046254506],[10.6437727634661,45.3817144373232],[10.6436107939839,45.3817747222816],[10.6429479129057,45.3810379858076],[10.6426882360843,45.3811748746345],[10.6424185179004,45.3809650903165],[10.6425220480051,45.3808985729952]],[[10.6442464075077,45.3871563332201],[10.6442956523149,45.3870895749416]],[[10.6456781494727,45.3854141580462],[10.6442271032738,45.3861092499037]],[[10.644084904408,45.3714514150629],[10.6441135809975,45.3717398147387]],[[10.644469736746,45.3826046254506],[10.6444409039582,45.3826372170769],[10.6443420958011,45.3827489062036]],[[10.6460300743423,45.3898155966307],[10.6460862090427,45.3903897393965],[10.645991273144,45.3905712754723],[10.6455191468504,45.3907339005177],[10.6447353766632,45.3907549309268]],[[10.6446329653211,45.3837508300714],[10.6451823941888,45.383503984372],[10.6450548246915,45.3832266513409],[10.6446422787975,45.3828977314163],[10.6444409039582,45.3826372170769],[10.644248566277,45.3823883912857],[10.6439240675895,45.381984022489],[10.6438696722112,45.3818858147646],[10.6434199596245,45.3820128089778]],[[10.6451696773574,45.3880883912089],[10.6457408696473,45.3890872844476],[10.6460770012923,45.3899337721568],[10.6461342541561,45.390160185259]],[[10.6450084261282,45.3761286104959],[10.6451823032204,45.376064173856],[10.6456682936422,45.3767667658335],[10.6460765837348,45.3773570116845],[10.645690899296,45.3775038523201]],[[10.6448700193592,45.3698553380575],[10.6477017655337,45.3696669822821],[10.6476547264821,45.3688480491292],[10.644821437473,45.3689817852051],[10.6448700193592,45.3698553380575],[10.6446837333541,45.3698470931461]],[[10.6451823032204,45.376064173856],[10.6462718018825,45.3755678563362]],[[10.6453990951469,45.3822258414859],[10.6454263469854,45.3822564146005]],[[10.6454988603594,45.3821810517844],[10.6458067599266,45.3820403649883],[10.6458979390351,45.3823053566575],[10.6461081710423,45.3827358473933]],[[10.6457408696473,45.3890872844476],[10.6459131394512,45.3890701933455]],[[10.6456856207495,45.387064846515],[10.6461930116456,45.3876418606399],[10.6452484593436,45.3880742416511],[10.6441725671895,45.388267470872],[10.6440905221934,45.3882978685405]],[[10.6456682936422,45.3767667658335],[10.6465080398231,45.3765166494639]],[[10.6458979390351,45.3823053566575],[10.6463220144776,45.3822311186527]],[[10.6461930116456,45.3876418606399],[10.6465578875361,45.3881892764471]],[[10.6462824781811,45.3860430951766],[10.6461319806808,45.3861363602152],[10.6446329653211,45.3837508300714],[10.644304417285,45.3838259189206]],[[10.6462450411504,45.386040737265],[10.6463649076976,45.385912656826],[10.6451823941888,45.383503984372],[10.6470063490693,45.3831801474547]],[[10.646012280498,45.3756860821643],[10.6459662865674,45.3756380629168]],[[10.646368786313,45.3859205568436],[10.6462824781811,45.3860430951766],[10.6461528224807,45.3861567602863],[10.6441865416829,45.3871270360671],[10.6442156745654,45.3871052033492],[10.6436907476588,45.3862318754451],[10.6435707516128,45.3860322321806],[10.6433829758127,45.3855746632295],[10.6430754289755,45.3848252209097],[10.6422942536581,45.3832840278869],[10.6408834069726,45.3831606522474]],[[10.6460765837348,45.3773570116845],[10.646147222354,45.3773308336608]],[[10.6460575974292,45.3705490242214],[10.6476907862178,45.3704229148989],[10.6477017655337,45.3696669822821],[10.6483292501761,45.3696524621664]],[[10.6461172236189,45.3709361594439],[10.6471085175406,45.3708358057756],[10.6476865047579,45.3711184293774],[10.6476565666754,45.3718892962636],[10.6476651872905,45.3719233650445],[10.6477512916976,45.3730862270049],[10.6469704008011,45.3727747705521],[10.6468268752771,45.3725624609279],[10.645507805203,45.3725261529567],[10.6453393905863,45.3713965214646]],[[10.646749355285,45.3860375896263],[10.646911951322,45.3859256832489]],[[10.6464232991693,45.3725175670678],[10.6464231319773,45.372457550014]],[[10.6475366560007,45.3867384199472],[10.6469257793894,45.3859436737705],[10.6480101496057,45.3857290628159]],[[10.6477274002623,45.3869839149732],[10.6463649076976,45.385912656826],[10.6467892798128,45.3855895834311],[10.6469315261965,45.3851695101561],[10.6471874944581,45.3849184679393]],[[10.6472675263282,45.3719151859587],[10.6476651872905,45.3719233650445],[10.6480264943673,45.3719226760406]],[[10.6477274002623,45.3869839149732],[10.6478814488986,45.3871133481656],[10.6474161143282,45.3867452109342],[10.6456856207495,45.387064846515],[10.6449544018431,45.3868708676162]],[[10.6474055098314,45.3742077496462],[10.6483852479886,45.3732787517501],[10.6501664261615,45.3733754871278],[10.6510978307137,45.3737726295787],[10.652345443299,45.3736213163249],[10.6524753564671,45.3749232906159],[10.6535777201137,45.3750478031044],[10.6537786211404,45.3751025225938]],[[10.6478814488986,45.3871133481656],[10.6481126367584,45.3875313911174],[10.6477550321535,45.3883838268483],[10.6490912313588,45.3888644625355],[10.6491761113943,45.3897234965735],[10.6481429574299,45.3898422934297],[10.6481194041759,45.3897352614966],[10.6480845649833,45.3895769426064],[10.647991279229,45.3890621330206],[10.6479130858439,45.3890665077374]],[[10.6478814488986,45.3871133481656],[10.6486605092824,45.387063628683]],[[10.6481194041759,45.3897352614966],[10.6460770012923,45.3899337721568]],[[10.6481429574299,45.3898422934297],[10.6481796277325,45.3899943385283]],[[10.6476865047579,45.3711184293774],[10.648379543732,45.3711292162518]],[[10.6476547264821,45.3688480491292],[10.6480883291977,45.3688308636363]],[[10.64815700064,45.3771279609318],[10.6480706801189,45.3771472158307]],[[10.6483173688065,45.3773705689223],[10.6482374984222,45.3772600658447],[10.64815700064,45.3771279609318],[10.6479045605545,45.3767065911717],[10.6475018900247,45.3762153522886]],[[10.6486680404246,45.3749206950844],[10.6482925591448,45.375189047541]],[[10.6491761113943,45.3897234965735],[10.650309441644,45.389564287473]],[[10.6489354560694,45.3808571213631],[10.6494337107645,45.3815140078161]],[[10.6489050121493,45.3725969442385],[10.6489712836567,45.3712764126644],[10.649567617714,45.3712686220768],[10.649473737238,45.3704232909236],[10.6492202157636,45.3704269527737]],[[10.6491609685473,45.38017582516],[10.6497646846163,45.3799780098526]],[[10.6493371371761,45.3750839194575],[10.6505706823402,45.3749147197503]],[[10.6499236502263,45.3859163825444],[10.6503465469103,45.3854603056374],[10.6519214692064,45.385262956199],[10.651984722201,45.3850386974652]],[[10.6500659913802,45.3772878583847],[10.6488194223164,45.3777315678155],[10.6492008020378,45.37839059336],[10.647581813305,45.379066341133],[10.6479694650643,45.3797435142857],[10.6481047768916,45.3805745910886]],[[10.6500785794072,45.3773099929434],[10.6504654570556,45.3781020078653],[10.6503866716226,45.378951033929],[10.65025118038,45.3791110212721],[10.6487662449575,45.3795196936913],[10.6491609685473,45.38017582516],[10.6485495065973,45.38037104774],[10.6489354560694,45.3808571213631],[10.6481283043235,45.3810898346602]],[[10.6498838261951,45.3704173664291],[10.651734063039,45.3710637241338],[10.6514089051823,45.3715778668919],[10.6517555520163,45.3722291086392],[10.6509776659514,45.3724927188941]],[[10.6498867715208,45.3703840850724],[10.649473737233,45.370423290883]],[[10.6505183692917,45.3874072637557],[10.6511044534992,45.3885605873267],[10.6514911157492,45.3888967729426],[10.6515800252009,45.3893134877862],[10.6522346003385,45.3890237121823],[10.6531418641526,45.3883048976372],[10.6526687108822,45.3870735488634],[10.6518984707952,45.386948816224],[10.6509879400623,45.3870759102071],[10.6505183692917,45.3874072637557],[10.6491907034299,45.3878296940645]],[[10.65039730238,45.3819029035338],[10.6500280717724,45.3814456065452]],[[10.6505790417303,45.3822592696789],[10.65039730238,45.3819029035338],[10.6505628549084,45.3819044291646]],[[10.6505575333812,45.385450853158],[10.6505470359954,45.3857095137653]],[[10.6505409822583,45.3748612915],[10.6510105881121,45.3747744430453],[10.6524753564671,45.3749232906159]],[[10.6511058748073,45.3822433957335],[10.6512771279564,45.3828932655154]],[[10.6518189914091,45.3769616067489],[10.6514514450662,45.3764400566521],[10.6501172156462,45.3764269286716],[10.6493371371761,45.3750839194575],[10.6486680404246,45.3749206950844],[10.6474055098314,45.3742077496462],[10.6468861609593,45.3744493585225]],[[10.6514514450662,45.3764400566521],[10.6519662534052,45.3758671265914],[10.6530670275402,45.3757611513882],[10.653169856397,45.3750086737754]],[[10.6518984707952,45.386948816224],[10.6518890672151,45.386875571587],[10.6518787092174,45.3868581040583],[10.651862232356,45.3868303177701],[10.6518325207894,45.3868210659309],[10.6517784053303,45.386580499313],[10.6519214692064,45.385262956199]],[[10.6518122316565,45.3680281027969],[10.6513905963826,45.3679235535797]],[[10.6517457587351,45.361233480081],[10.6512901875231,45.3605016969447]],[[10.6517839169797,45.3657360382072],[10.6514741710612,45.3658750710794]],[[10.6519827566719,45.3821480863261],[10.6523650536921,45.3832326025405]],[[10.6517555520163,45.3722291086392],[10.6521980400139,45.3729207316697],[10.6517570374374,45.3732006569509]],[[10.6517839169797,45.3657360382072],[10.6502741112888,45.3653278367077],[10.6497955427752,45.3648160910205]],[[10.6517839169797,45.3657360382072],[10.6522481815652,45.3658719783116],[10.6524211183593,45.36549398696],[10.6516728795848,45.3648024587636],[10.6510894277012,45.3639788777375]],[[10.652208175952,45.37012610501],[10.6545092296097,45.3703477212468],[10.6544873151056,45.3701943615565]],[[10.652345443299,45.3736213163249],[10.6540327019813,45.3732957210699]],[[10.6526229746201,45.3795717042958],[10.6510730686331,45.3799209886182],[10.6504870332613,45.3779601739733],[10.6505122652932,45.3772466518211],[10.6517934605584,45.3770174204789],[10.6527715169397,45.3772095251173],[10.6526131153139,45.3783563880236],[10.6520496764342,45.3783130652054]],[[10.6526131153139,45.3783563880236],[10.6526229746201,45.3795717042958],[10.6529350814547,45.3797589829511],[10.6529641510397,45.3804933301488]],[[10.6523809944803,45.3681758272792],[10.6523865056743,45.3681335153289]],[[10.6527998828948,45.3771149650139],[10.6527715169397,45.3772095251173]],[[10.6531418641526,45.3883048976372],[10.6537890133555,45.3880004675993],[10.6539062009402,45.3884290652896]],[[10.6530328433082,45.3820461305992],[10.6529043796375,45.3838182659675],[10.6517637697207,45.3841710458954],[10.6517029265292,45.3842849596849],[10.6522000812241,45.3853826719183],[10.653158314084,45.3870329139236]],[[10.6530328433082,45.3820461305992],[10.653113575043,45.3820196464949],[10.6534650494692,45.3819518519667],[10.6538986831435,45.3819317676501],[10.6538947457244,45.3819734661487]],[[10.6531224488965,45.3820479978884],[10.653113575043,45.3820196464949]],[[10.6532775688956,45.3871747405045],[10.6540872570384,45.3873168699002]],[[10.6533106892292,45.3870554973834],[10.6532775688956,45.3871747405045],[10.6526687108822,45.3870735488633]],[[10.654031472613,45.3634905478034],[10.6533024337334,45.3637208162605],[10.6526803572651,45.3641152154196]],[[10.6535378739542,45.3819484791203],[10.6541127924815,45.3828957980833]],[[10.6533187532805,45.3684096944441],[10.6533262985005,45.3683627221683]],[[10.6537401856956,45.3660475793641],[10.6533463000774,45.3666751959752]],[[10.6538986831435,45.3819317676501],[10.6551047017997,45.381729529938],[10.6549047540106,45.3806843321847]],[[10.6538436687327,45.3772621528235],[10.6536877882138,45.3772616048258]],[[10.6538436687327,45.3772621528235],[10.6539923348047,45.3772752891271],[10.6538413307696,45.3772990626702],[10.6530328433082,45.3820461305992],[10.6505790417303,45.3822592696789],[10.6496063095082,45.3824549920369]],[[10.6539855796063,45.3773012785438],[10.654334520992,45.3773975403664]],[[10.6539923348047,45.3772752891271],[10.6551516290147,45.3774990323934],[10.6559024555748,45.3777631958725],[10.6570484276548,45.3782352256331],[10.6571320805395,45.3785616306625],[10.6570008218713,45.3789669375583],[10.6564149812168,45.3797318160781],[10.6567752616573,45.3799931228589],[10.6568567302381,45.3801576237899],[10.6567443389082,45.3801592544952]],[[10.6547259552433,45.3653560480532],[10.6541149523337,45.3660205403277],[10.6537401856956,45.3660475793641],[10.6524211183593,45.36549398696],[10.6526765227568,45.3651114000734]],[[10.6543529052858,45.368836507815],[10.6539226398475,45.368477028091],[10.6532883251498,45.3684063016036],[10.652686553306,45.3682551884204],[10.6518122316565,45.3680281027969],[10.6519594678313,45.3670946885534],[10.6511277006052,45.3669807032086]],[[10.6539226398475,45.368477028091],[10.6539302821835,45.3684400348574]],[[10.6539504145589,45.3649122294373],[10.6557049597216,45.3638174718101],[10.6551250579598,45.3633216248475],[10.654031472613,45.3634905478034],[10.6517457587351,45.361233480081],[10.6511854015214,45.3616413857256]],[[10.654343238402,45.3773641045237],[10.655210760523,45.3775418427838],[10.6549773256006,45.3782115320753],[10.6551491553212,45.3784845796608],[10.6544339764066,45.3787036233023]],[[10.654031472613,45.3634905478034],[10.6544364473932,45.3637115952571]],[[10.6545092296097,45.3703477212468],[10.6545580506521,45.371124620491]],[[10.6545389077189,45.3706177631143],[10.6556849745632,45.3705919308652],[10.6554071532993,45.3716809197567],[10.6523570970846,45.3723613192363],[10.6520086479481,45.3717762405577],[10.651865424905,45.3712004863201],[10.6520333330966,45.3709767620837],[10.652208175952,45.37012610501],[10.6520331393679,45.3694472092645],[10.6498867715208,45.3703840850724],[10.6476907862178,45.3704229148989]],[[10.6551047017997,45.381729529938],[10.6554896045726,45.3825059335883],[10.6551359071041,45.3825822821612]],[[10.6549202820157,45.3747022471065],[10.6561199997583,45.3760607437629],[10.6576274807099,45.3751472911878],[10.6565850053132,45.376110168701],[10.6565551712468,45.376137724183],[10.6538436687327,45.3772621528235],[10.6518189914091,45.3769616067489],[10.6501033390851,45.3772927254201],[10.6489700806986,45.3771450369193],[10.6483173688065,45.3773705689223],[10.6475827227779,45.3777665642362],[10.6475508167542,45.3777238029236]],[[10.6549202820157,45.3747022471065],[10.6554619219643,45.3745251110364]],[[10.6551491553212,45.3784845796608],[10.6556247832296,45.3783318114772],[10.6564694099651,45.3787065311181]],[[10.6568351589105,45.3883040215354],[10.6554596972644,45.388345329632]],[[10.655210760523,45.3775418427838],[10.6559263199074,45.3778164400631]],[[10.6552182214005,45.3735728141679],[10.6549798483993,45.3732845227892],[10.6551800124835,45.3725698142515]],[[10.6554896045726,45.3825059335883],[10.6559086429678,45.3824100569271]],[[10.6558183042926,45.3872529011586],[10.6565960130516,45.3872776841582],[10.6566566624465,45.3874517055439],[10.6568449792337,45.388343372158],[10.6568586754757,45.3884538207021],[10.6579584626274,45.3883843784032]],[[10.6558193735622,45.3872104205935],[10.6547214913483,45.3873324651106],[10.6542436241805,45.3872342739094],[10.6542423480793,45.3872194377464],[10.6542406537915,45.3871997396625],[10.6538784158373,45.3870430882126],[10.6544578608335,45.3864519519061]],[[10.6551250579598,45.3633216248475],[10.6554734143392,45.3631196758663]],[[10.6555567026419,45.3686478264087],[10.6557607314355,45.3677668907243],[10.6551275075717,45.3674717898089],[10.6538388466258,45.3671285511791]],[[10.6556849745632,45.3705919308652],[10.6561212200023,45.3702997650921]],[[10.6559144224845,45.365976969433],[10.6556510671077,45.3657734149916],[10.6551810406726,45.3654101137106],[10.6562281939362,45.3649512320152]],[[10.6557607314355,45.3677668907243],[10.6561607017872,45.3679132308876]],[[10.6557049597216,45.3638174718101],[10.6566416961251,45.3646347038052]],[[10.6565450396537,45.3872760599681],[10.6565155863645,45.3872212968124],[10.6564888572329,45.3872133860117],[10.6564885585809,45.3872031636979],[10.6564880393184,45.387185390281],[10.6565170449511,45.3871704470537],[10.6564737402567,45.3870486716826]],[[10.6565960130516,45.3872776841582],[10.6566947100173,45.387198827138],[10.6565884263973,45.3872020803571],[10.6564885585809,45.3872031636979],[10.6558193735622,45.3872104205935],[10.6551583462358,45.3872567280318],[10.6542423480793,45.3872194377464],[10.6541345039236,45.3872150469235],[10.6533106892292,45.3870554973834],[10.6522676858402,45.3869009098178],[10.6518787092174,45.3868581040583],[10.6518527961724,45.3868552523526],[10.6478705938112,45.3870937194027]],[[10.6565551712468,45.376137724183],[10.6567659929313,45.3761368126605],[10.6572781075385,45.3766500934455],[10.6579635205135,45.3768454466626]],[[10.6565979942577,45.3761375390621],[10.6566099628766,45.3761212226175],[10.6566014808796,45.3761110889639],[10.6565850053132,45.376110168701],[10.6565650390821,45.3761090534595],[10.6546987321028,45.3760711657161]],[[10.6563919885022,45.3686944946172],[10.6564175863151,45.3686471556901]],[[10.6567600399968,45.3812215587658],[10.6569074444421,45.3815435822993],[10.65724393668,45.3816899749984],[10.6571249016313,45.3818141638005],[10.6576054291516,45.382516744525],[10.6586504707323,45.3823752618911],[10.6591814042564,45.3824460200222]],[[10.6567908730232,45.3807024517096],[10.6567600399968,45.3812215587658],[10.6566373237952,45.3812197373625]],[[10.6568567302381,45.3801576237899],[10.6567908730232,45.3807024517096],[10.656708922738,45.3806964370965]],[[10.6567659929313,45.3761368126605],[10.6572922422332,45.3758480664139],[10.6593831224146,45.3762021377892],[10.660971369725,45.3761775270758],[10.6620202411145,45.3770884081679],[10.6631812863751,45.3776869618718],[10.6630689646436,45.3778650862622]],[[10.6565436716535,45.366445374523],[10.6565506971981,45.3664324538795],[10.6565520574658,45.3664165841066],[10.6558842990611,45.3658786360949],[10.6556510671077,45.3657734149916],[10.6547259552433,45.3653560480532],[10.654687287393,45.3653383533538],[10.6539808908602,45.3649313541342],[10.6526803572651,45.3641152154196],[10.6517717321799,45.3637933938867],[10.6511854015214,45.3616413857256],[10.6509538834678,45.3614106153187]],[[10.6570484276548,45.3782352256331],[10.6572888877496,45.3781141298363],[10.6588955031518,45.3781443637459],[10.6598071406767,45.377806004077],[10.6610209335689,45.3769121027034],[10.6613505923989,45.3771747410352],[10.6616499757862,45.3778430220882],[10.6619439738017,45.3780656572795],[10.6615135461201,45.3788120919615],[10.6610034739046,45.3789190124754]],[[10.6571320805395,45.3785616306625],[10.6582327711029,45.3795001302614],[10.6590803786359,45.3808709111182],[10.6597487346247,45.3813546455951],[10.6600159176816,45.3812283004632]],[[10.6570085702133,45.3709246576478],[10.6581677744224,45.3708982256382],[10.6587254832706,45.3705731664237],[10.6592519054331,45.3705763237665],[10.6602998574558,45.3709392814399],[10.6603746893419,45.3712263381099],[10.6603369372799,45.3715078281521],[10.6599331503561,45.3717421414516],[10.6590510719701,45.3722708915062],[10.6586187330471,45.3725148914826],[10.6570085702133,45.3709246576478],[10.6557865251408,45.3709573918294]],[[10.6569485143668,45.3687996853761],[10.6543529052858,45.368836507815],[10.6522868431717,45.369292183195],[10.6520331393679,45.3694472092645]],[[10.6576438237866,45.3848504503445],[10.6574142770707,45.3833876216449]],[[10.6572510040941,45.3734096237798],[10.6564463583218,45.372090588843]],[[10.6572649667749,45.3734361651372],[10.6573917776065,45.3733969607955],[10.6562487029317,45.3735551709548],[10.6552182214005,45.3735728141679],[10.65427761896,45.3738687363393],[10.6549202820157,45.3747022471065],[10.6545064493268,45.374881130664]],[[10.6572649667749,45.3734361651372],[10.6574957181777,45.3738977923558],[10.6575237218896,45.3739004612497],[10.6575648998633,45.3739043857036],[10.6575726765554,45.3738754020784],[10.6589132489281,45.374107413798],[10.6596708604203,45.3740639886354]],[[10.6573318208677,45.3734437837821],[10.6573203590827,45.3735394009922],[10.6575237218896,45.3739004612497],[10.6579518549259,45.3746605728253],[10.6579918823418,45.3748107034957],[10.6576274807099,45.3751472911878],[10.6587941597827,45.3749171867813],[10.6591057571316,45.3750544810298]],[[10.6576748910112,45.3672695609984],[10.6574439122387,45.3671478565638],[10.6573959580116,45.3670835933716],[10.6570545694536,45.3668256719751],[10.6559144224845,45.365976969433],[10.655355327618,45.3663721624266]],[[10.6582529769171,45.3864145586701],[10.6585846976922,45.3871409602217],[10.6566947100173,45.387198827138],[10.6568644785911,45.3869018912781],[10.6582529769171,45.3864145586701],[10.6576438237866,45.3848504503445],[10.656938710266,45.3852255062974],[10.65670737156,45.3851002353477]],[[10.6577005999309,45.3672582247706],[10.6591656645465,45.3683520168686],[10.6596871056521,45.3686779724457]],[[10.6586735793914,45.3803191005397],[10.6579625491062,45.3814454262755],[10.6582447413045,45.3816574368713]],[[10.6580883345055,45.3759647762238],[10.6582715247006,45.3754938986579]],[[10.6581342822172,45.3697009669813],[10.6583904735429,45.3697387394046]],[[10.6582173309908,45.3675842892578],[10.6582801078666,45.3675293504445]],[[10.6586504707323,45.3823752618911],[10.66022423096,45.3818844019406],[10.6599027404602,45.3817269945514]],[[10.6582810899038,45.3693530613254],[10.6591569538283,45.3695287851722],[10.6600166488622,45.3699620506568]],[[10.658379328816,45.3691359019541],[10.6582810899038,45.3693530613254],[10.6581342822172,45.3697009669813],[10.6569708689769,45.3693375037644]],[[10.658514004952,45.3689885266802],[10.658379328816,45.3691359019541],[10.6569485143668,45.3687996853761],[10.656963718416,45.3687616681558],[10.6560846205326,45.368667833144],[10.6552990158622,45.3686426296659],[10.654685512856,45.3685754511855]],[[10.6586187330471,45.3725148914826],[10.6586773365284,45.3726035895824],[10.6579938397225,45.3729267767152],[10.6573917776065,45.3733969607955],[10.6577785621083,45.3733964610966]],[[10.6585239883152,45.368969595546],[10.6588654733996,45.3685432198239]],[[10.6587941597827,45.3749171867813],[10.6589132489281,45.374107413798]],[[10.6586607748572,45.3679136276895],[10.6587372158226,45.3678541679748]],[[10.659327814365,45.387119354115],[10.6594080654006,45.386421563883],[10.6586700239708,45.3863950286011]],[[10.6594080654006,45.386421563883],[10.6607467744443,45.3859300156555]],[[10.6593109253466,45.3779901787305],[10.6602687936501,45.3793114880684],[10.659238749488,45.3797406673218]],[[10.6591279148761,45.3750257948587],[10.6600200865356,45.3752579764499],[10.6607931390225,45.3757414212838]],[[10.6591065455496,45.3682961473309],[10.6591876781564,45.3682398607808]],[[10.6602440114587,45.3888867363165],[10.6602251296835,45.3894380527725]],[[10.66022423096,45.3818844019406],[10.6604026678202,45.3816945137191],[10.6597487346247,45.3813546455951]],[[10.660225580409,45.3808032632526],[10.6602782488924,45.3808565245385]],[[10.6604026678202,45.3816945137191],[10.6605542458295,45.381634680714]],[[10.660157478795,45.3718532147411],[10.660205154561,45.3718939371802],[10.6586773365284,45.3726035895824],[10.6611154862848,45.3738967102933],[10.6612813688923,45.373002799582],[10.66126047192,45.3729812691987],[10.6606221983132,45.3723236388692],[10.660205154561,45.3718939371802]],[[10.6604828909396,45.3693526505965],[10.6607206747863,45.370764943118],[10.6605545665398,45.3715275121424],[10.6600781384339,45.3718962490953],[10.6599331503561,45.3717421414516]],[[10.6607467744443,45.3859300156555],[10.6621648898546,45.3858331495841],[10.6620615018021,45.3844884452648],[10.6612206446401,45.3845301869986],[10.6612666386523,45.3849884994262],[10.6608623916352,45.385164858656],[10.6607836746328,45.3853364823938],[10.6609008102793,45.3856822932698],[10.6607467744443,45.3859300156555]],[[10.6605065251934,45.3693215501047],[10.6604828909396,45.3693526505965],[10.658514004952,45.3689885266802],[10.656963718416,45.3687616681558],[10.6569933794854,45.3687370063234]],[[10.6650085924387,45.3693569637731],[10.6625528565193,45.3692603626649],[10.6612053970135,45.3689719556501],[10.6605065251934,45.3693215501047],[10.6596576818635,45.3689775040672],[10.6577005999309,45.3672582247706],[10.6565520574658,45.3664165841066],[10.6577896266187,45.3653562214164]],[[10.6606221983132,45.3723236388692],[10.661659496208,45.3716497711284]],[[10.6614247886641,45.3844958777666],[10.6612140508054,45.3838286967733],[10.6608028579152,45.3839264743136]],[[10.6612140508054,45.3838286967733],[10.6613216393161,45.3838039434459],[10.6613610250517,45.3834462594557],[10.6626976044678,45.3838103831067]],[[10.6610209335689,45.3769121027034],[10.6610963514927,45.3768702796602]],[[10.6613216393161,45.3838039434459],[10.6615791230255,45.3837447026221]],[[10.6614178306616,45.3810386655995],[10.6614557465976,45.3810987279287]],[[10.66126047192,45.3729812691987],[10.6624342437565,45.3724538539742]],[[10.6615135461201,45.3788120919615],[10.6621112279473,45.3791950901033],[10.6632438983946,45.3795216695381],[10.6627298423928,45.3806259052903],[10.6616716351513,45.380958003374],[10.6616337549294,45.3808944367765]],[[10.6616716351513,45.380958003374],[10.6610991872353,45.3811399333294],[10.6606142097715,45.380635531072],[10.660225580409,45.3808032632526],[10.659238749488,45.3797406673218],[10.6590875963359,45.3798148996432]],[[10.6617548746263,45.3809315486612],[10.6616718821867,45.3808002350656]],[[10.6622520273534,45.387499477707],[10.6621288063065,45.387477720108]],[[10.6623333804468,45.3871488391619],[10.6623333804468,45.3871488391619],[10.6621184108763,45.388075366761]],[[10.6623396029666,45.3871220194173],[10.6623333804468,45.3871488391619],[10.6623667833165,45.3871499018255],[10.6623899926159,45.3871381534423],[10.6623396029666,45.3871220194173],[10.659327814365,45.387119354115],[10.6585846976922,45.3871409602217],[10.6587079733693,45.3873316909714]],[[10.6623722051503,45.387087707267],[10.6623930577042,45.3867313071054],[10.6615593285678,45.3866205001403]],[[10.6624166374596,45.3865834340856],[10.6625264144818,45.3862346799283]],[[10.6640392609449,45.3746130521315],[10.663753746779,45.3748251155584],[10.6620487033121,45.3739281079664]],[[10.6639239814469,45.3884667132909],[10.6633218122463,45.3894864232376]],[[10.6631812863751,45.3776869618718],[10.6635218376126,45.3772749971607]],[[10.6632438983946,45.3795216695381],[10.6637569566049,45.3789793273772],[10.6646761258624,45.3796061520258],[10.6658419048449,45.3801456298951]],[[10.6639239814469,45.3884667132909],[10.6620911977058,45.3882183749125],[10.6621184108763,45.388075366761],[10.6615221350792,45.3879709383079],[10.6614934804914,45.3888983335069],[10.6591199390903,45.3888762913285],[10.6591225988305,45.3882517103211]],[[10.6639239814469,45.3884667132909],[10.6645763266225,45.3885952588159],[10.6649645763446,45.3872003604143],[10.6623924866904,45.387123124552],[10.6622423234726,45.3870778911365]],[[10.6637569566049,45.3789793273772],[10.6640490338065,45.3786860265569]],[[10.6640392609449,45.3746130521315],[10.6642769955985,45.3748276206308],[10.6648741171432,45.375388226812],[10.6651503394117,45.3758866512115]],[[10.6640392609449,45.3746130521315],[10.6635998148438,45.3743302244354],[10.6648465413888,45.3731754588273],[10.6650438297366,45.3731028745939],[10.6659805285512,45.373468900574]],[[10.6646131651166,45.3751432343881],[10.6640035772328,45.3755022167434],[10.6643475488654,45.3757626118919]],[[10.6648117889731,45.3879642938692],[10.6648621841488,45.387974693901]],[[10.6649646659999,45.3874076486945],[10.6650132602167,45.3874155664644]],[[10.6649375360725,45.373036890791],[10.665521041463,45.372336109436]],[[10.6650566142131,45.3730888581434],[10.6650566142131,45.3730888581434],[10.6634879191802,45.372404240067],[10.6634401064482,45.3723421300473]],[[10.6674573443663,45.3714215798447],[10.665862798648,45.3721544112559],[10.6651308701925,45.3729857700963],[10.6650730518386,45.3730708364965],[10.6650566142131,45.3730888581434],[10.6650438297366,45.3731028745939]],[[10.6650886258429,45.3730479229612],[10.6665461401119,45.3736479270338],[10.6674824889017,45.3742358871054],[10.6669886432098,45.374588871098],[10.6677462730529,45.3750964685779],[10.6657453222064,45.3763358822316],[10.6654845721337,45.3760419363145]],[[10.6659049107661,45.3864614476371],[10.666546993582,45.3855128057455],[10.6672303266217,45.385018441338],[10.666889683329,45.3845882015232]],[[10.6657453222064,45.3763358822316],[10.6679804942226,45.3781954032766],[10.6691567936042,45.3776451476126],[10.6693134819849,45.3774123415502],[10.6692903937149,45.3770909177437],[10.6689300283844,45.3766543636748],[10.6680147591269,45.375884944508],[10.6672728546783,45.3754491554041]],[[10.6675375468687,45.3873342369778],[10.6669588150686,45.3874705459392]],[[10.6675505364667,45.387216539279],[10.667171926323,45.3862364145936],[10.666734414751,45.3866657200377],[10.6659780846269,45.3864579212587],[10.6659049107661,45.3864614476371],[10.6653284936553,45.3866763971131],[10.6652342475547,45.3866753127155]],[[10.667171926323,45.3862364145936],[10.6672533953685,45.3861590014094],[10.6681269917551,45.3862806162395],[10.6681534528472,45.3863892804744],[10.6691187175524,45.3864636930795]],[[10.6672303266217,45.385018441338],[10.6680621684433,45.3860144130964],[10.6681269917551,45.3862806162395]],[[10.6672734812511,45.3850620701847],[10.6681788773676,45.3839325381979]],[[10.6675505364667,45.387216539279],[10.6675375468687,45.3873342369778],[10.6678188457777,45.388237436538],[10.666155639711,45.3882813872519]],[[10.6675375468687,45.3873342369778],[10.6691356549404,45.3869764875748],[10.6701767158335,45.3864252406856],[10.6708768303452,45.3865010574573]],[[10.6728894382781,45.3838164214906],[10.6717722066253,45.3848809415597],[10.6700936396359,45.3863447997006],[10.6691568106927,45.3868520779313],[10.6675505364667,45.387216539279],[10.6669737451168,45.3873474057961],[10.6661722491324,45.3873666390001],[10.6648870481348,45.387175226618],[10.6643457983199,45.3867656875658],[10.6624166374596,45.3865834340856],[10.6623930577042,45.3867313071054]],[[10.6677655475313,45.3880506963291],[10.6685797711182,45.3880074844534]],[[10.6679804942226,45.3781954032766],[10.6684108119562,45.3786933694767],[10.6688489279543,45.3796876687859]],[[10.6685664684813,45.37904663455],[10.6688938335076,45.3789558461394]],[[10.668991297588,45.390337283377],[10.6695224535974,45.3910485154218],[10.6692807312239,45.3910905669536],[10.6695344220851,45.3914549158607],[10.6698811015454,45.3916766729325]],[[10.6695224535974,45.3910485154218],[10.6698988803924,45.3910430112329]],[[10.6696601876723,45.3734353055313],[10.6713590126114,45.373843614864],[10.6733889947711,45.3736141911315],[10.6761282053962,45.3730597414899],[10.6783446100303,45.3736168170106],[10.6782622987582,45.373834907335],[10.6782321409548,45.3738455740964],[10.6782122156402,45.3738526216383],[10.6777622585666,45.3743062577035],[10.6769986264645,45.3755136213712],[10.6771289036103,45.3761975528697],[10.677774660962,45.3762921680347],[10.6790517506939,45.3760917293944],[10.679042595152,45.3763694678725],[10.678950258443,45.376381031587]],[[10.6708801608289,45.3811059217789],[10.6708738634903,45.3807007007013],[10.6711499579294,45.379728337575],[10.6710310518428,45.378595971758],[10.6705326330935,45.3763764977381],[10.6696601876723,45.3734353055313],[10.6687868921251,45.3724609084894],[10.6674573443663,45.3714215798447],[10.6658169804412,45.3701720056965],[10.6655102446892,45.3699202696797],[10.6649177496699,45.3692205637204],[10.6647129500762,45.3686169338148]],[[10.6715184333437,45.3891347879113],[10.6716514878267,45.3896310398402],[10.6720394573393,45.3899456600969],[10.671961066897,45.3899915226391]],[[10.671520307357,45.3887906656226],[10.6716610513386,45.3888256394866],[10.6715184333437,45.3891347879113],[10.670314110813,45.3897718583846]],[[10.6716610513386,45.3888256394866],[10.672558794665,45.3877513053587]],[[10.6718739890805,45.3864150140847],[10.6735705904659,45.3874190522266],[10.6736442057157,45.3878296311629]],[[10.6720394573393,45.3899456600969],[10.6727766410048,45.3905949582458],[10.6729783719163,45.3910921308366],[10.6726583906569,45.3910453611758]],[[10.6722293635257,45.3855892524403],[10.6723346585649,45.3855970576972],[10.6712762516129,45.3874620650629],[10.6715615281899,45.3887151905174],[10.6713812095231,45.3890434146338],[10.668991297588,45.390337283377],[10.6647863729678,45.3898636969464],[10.6639593408514,45.3896232465144]],[[10.6728692283554,45.3838858144079],[10.6720761797445,45.3854912721009],[10.6722293635257,45.3855892524403],[10.6711777965254,45.3875036568884]],[[10.6723346585649,45.3855970576972],[10.6725920929139,45.3859817530981],[10.6733181263329,45.3864864399351]],[[10.6723346585649,45.3855970576972],[10.6727217808009,45.3853326992993],[10.6729209563145,45.3854885524001]],[[10.6724112122658,45.3834913129431],[10.6727418741561,45.3837140914196],[10.671445050189,45.382847518549],[10.6712468357745,45.3817550639],[10.6708801608289,45.3811059217789],[10.6725669310045,45.3810308646801],[10.67547335258,45.3803372189975],[10.677149119174,45.3798757056473],[10.6780548253475,45.3796939862941],[10.67796424628,45.3793842052585]],[[10.6729215676144,45.3871059323161],[10.672717061889,45.3872696188546]],[[10.6727217808009,45.3853326992993],[10.673917115116,45.3845756995897],[10.6751353353636,45.3844133936228],[10.6752865753045,45.3846759841535],[10.6759281250239,45.3846521259572],[10.6758335117998,45.3842250049451]],[[10.6729783719163,45.3910921308366],[10.6742649576664,45.3917070101039],[10.6748580877547,45.3914004019138],[10.6755276999041,45.3900981299473],[10.6746469548752,45.389870216899],[10.6734773197577,45.3895046921556],[10.6731503842317,45.3897718847133],[10.6720163447183,45.3899254137465]],[[10.6729273988782,45.3836979050883],[10.6727418741561,45.3837140914196],[10.6728143194933,45.3837629000086],[10.6726164654207,45.3840096539759],[10.6717269592556,45.3848743064205],[10.6701975114373,45.3855033410963]],[[10.6728585178242,45.3837936073589],[10.6729743612522,45.3837133097192],[10.6729001149348,45.3836889553772]],[[10.6729743612522,45.3837133097192],[10.6733323388093,45.3838416367054],[10.6741158779065,45.3834609326041],[10.6733264768886,45.382572135335]],[[10.6732954693348,45.3841211672583],[10.6733100228302,45.3841114642533],[10.6728941479182,45.3838192710616],[10.6728385480515,45.3837792234829]],[[10.6733075079202,45.384130657233],[10.6733277545572,45.3841241438151]],[[10.6733100228302,45.3841114642533],[10.6733149194664,45.3841149657293],[10.673322704251,45.3841205324548],[10.6733353853131,45.384112083507],[10.6733891534683,45.3841680487385],[10.6734548588169,45.3841413416603]],[[10.6733100228302,45.3841114642533],[10.673327451804,45.3841060663731],[10.6733149194664,45.3841149657293]],[[10.6733283650258,45.3841470988054],[10.6733506979276,45.384140550094]],[[10.6733494445188,45.3841637156712],[10.6733746032111,45.3841576441996]],[[10.6733902914266,45.3841959150581],[10.6734058590088,45.3843333551081]],[[10.6733966220766,45.3736351025201],[10.6734753855975,45.3738177147371]],[[10.674891974893,45.3913344991813],[10.6741192912374,45.3911130246289]],[[10.6741158779065,45.3834609326041],[10.6745112671413,45.3832874386379],[10.6749395279513,45.3836301282315],[10.6759705690575,45.3830071905133],[10.6773066203973,45.382662868872]],[[10.6745121125246,45.3898280779363],[10.6745592858394,45.3897290600561]],[[10.6745112671413,45.3832874386379],[10.6746440855239,45.3828349404916]],[[10.6748543054952,45.3853082380344],[10.6750861166842,45.3857973679017],[10.6745205463294,45.385842224779]],[[10.6750861166842,45.3857973679017],[10.6752664292382,45.3865018084499]],[[10.6752997996194,45.3863954704172],[10.6768087591265,45.3863949883776]],[[10.6754627037484,45.3900813109931],[10.6754870780077,45.3900436875927],[10.675735803959,45.3897987709196],[10.6762014258977,45.3891382396975],[10.6769258390835,45.3890264947407],[10.6778410503748,45.388435285445],[10.6770630300504,45.3871801209336],[10.6768647763848,45.3871352097731],[10.6762245849864,45.3881881979577]],[[10.6755276999041,45.3900981299473],[10.6761593629385,45.3903372857686]],[[10.6758446354859,45.3810850171035],[10.6756926444403,45.3806769908674],[10.6756114547684,45.3806862195113],[10.67547335258,45.3803372189975]],[[10.6754788341911,45.3803506500455],[10.6775054954902,45.3798342853773],[10.6776959022224,45.3803365423795],[10.6778128405028,45.38061784984]],[[10.6758831238201,45.3830562614719],[10.6756737237886,45.3828225747232]],[[10.6759281250239,45.3846521259572],[10.6761404792027,45.3850173347261],[10.6756229941505,45.385193444494],[10.6748543054952,45.3853082380344],[10.674261286265,45.3854573887234],[10.674068757879,45.3855753131824]],[[10.6758446354859,45.3810850171035],[10.6754886284762,45.3816951216562],[10.6748272742917,45.381768547536]],[[10.6758446354859,45.3810850171035],[10.6761853434654,45.3810853996003],[10.6764090222956,45.3814602695442]],[[10.6760127110414,45.3847399566929],[10.6764037734778,45.3846788469986]],[[10.6764517581798,45.3814433758062],[10.6770849569372,45.3818655807239]],[[10.676989644256,45.3818100434108],[10.6768886457129,45.3818386111652]],[[10.6771602319538,45.3838733065538],[10.677186101217,45.3839888339717],[10.6778547951579,45.384309155739],[10.6772973126737,45.3845247822614]],[[10.6769986264645,45.3755136213712],[10.6784161425031,45.3751708785177]],[[10.6772392231228,45.3735667333023],[10.678173435686,45.3737992916826],[10.6782321409548,45.3738455740964],[10.6784917570924,45.3741242836692],[10.6785157175291,45.3744385322537]],[[10.6775054954902,45.3798342853773],[10.6799472099666,45.3793447543658],[10.6799282732894,45.3793057192235],[10.6796607946891,45.3787543455927],[10.6801764092691,45.3782568710197],[10.6813115376623,45.37758941371]],[[10.677691712119,45.3803251745009],[10.6795700831512,45.3798786160182]],[[10.6778547951579,45.384309155739],[10.6778724127002,45.3844841952791],[10.6789826762131,45.3852947000098],[10.6783383454389,45.3859381678889],[10.6776648067202,45.3861555018623]],[[10.6778547951579,45.384309155739],[10.6785246208014,45.3842939552676],[10.679981901121,45.3844088678911],[10.6787780104365,45.3863641075316],[10.6798876921212,45.3867334443026],[10.6793816161998,45.3878452677336]],[[10.6781914825553,45.3860192106256],[10.6788131481522,45.3862905499616]],[[10.6783973762856,45.3822232530929],[10.6788755679225,45.3820170020411],[10.6785932245382,45.3817941711034]],[[10.6782622987582,45.373834907335],[10.6784973585776,45.3740817786618],[10.6791636643153,45.3740732776421],[10.6793581213382,45.3742013782015],[10.6792506804386,45.3743431118187]],[[10.6792493325988,45.3694441888813],[10.6781417171518,45.3676007890074],[10.6775724794799,45.3678539441188]],[[10.6781417171518,45.3676007890074],[10.6796365215197,45.3667836655598]],[[10.6783446100303,45.3736168170106],[10.6798315816216,45.3731376353823],[10.6811484505346,45.3723327768443],[10.681481137657,45.3719443000788],[10.6814084678358,45.371838479128]],[[10.6788755679225,45.3820170020411],[10.6798637869539,45.3815844300138]],[[10.6790517506939,45.3760917293944],[10.6791098947715,45.3758797881842]],[[10.6794630564913,45.3853066263869],[10.6799603805586,45.3854239674342]],[[10.6796868040525,45.3872301564535],[10.6799835688395,45.3873105182868]],[[10.6793581213382,45.3742013782015],[10.6794338251741,45.374283865171],[10.6799962661188,45.3741919912975],[10.6804274789999,45.3748519903109],[10.6806345094816,45.3755988877225],[10.6800801807407,45.3754939386679]],[[10.6798876921212,45.3867334443026],[10.6799394927304,45.3866625628928],[10.6797636110187,45.386603795885]],[[10.6799394927304,45.3866625628928],[10.680513594125,45.3868673949951]],[[10.6795269444464,45.3714517867685],[10.6799040466158,45.3716990898056],[10.6801367417384,45.3718997495485],[10.6804643078575,45.3720055769404]],[[10.679892644845,45.3816199306482],[10.6804908314234,45.381397210773],[10.6806703115959,45.3817253613932]],[[10.679981901121,45.3844088678911],[10.6804862351195,45.3844520886462]],[[10.6799282732894,45.3793057192235],[10.6804371384597,45.3792364410745],[10.6815051963996,45.379191092416],[10.6814714079546,45.3792237389288],[10.6814719387094,45.379241640624],[10.6814726329145,45.3792650552687],[10.6815344227876,45.37949301535],[10.6814610855534,45.3795594138038]],[[10.6799472099666,45.3793447543658],[10.6804689614878,45.3792581958756],[10.6809343665594,45.3792336842248],[10.6813958079621,45.3792445521086],[10.6814719387094,45.379241640624],[10.6816961972857,45.3792330639585],[10.6824334840872,45.3790809110358],[10.682982207789,45.3791082965113],[10.6834723629094,45.3789357337407],[10.6831331537221,45.3787292143963]],[[10.6796964010778,45.3693319345146],[10.6797112340536,45.3693878255963]],[[10.6799040466158,45.3716990898056],[10.6801635386706,45.3717444486486]],[[10.6798328142327,45.3667000312676],[10.6811275629786,45.3658187444383],[10.6803200961808,45.3654077094095]],[[10.6800617680612,45.3718418406228],[10.6795458688317,45.3724444679883],[10.6798442631437,45.3730965875353],[10.6809660583664,45.3723543820817]],[[10.6807238044813,45.3708735621404],[10.6805501849559,45.3706524445458],[10.6806985687126,45.3702445527429],[10.6807410742279,45.3693243224624],[10.6801243421211,45.3693481515177]],[[10.6804908314234,45.381397210773],[10.6810096645385,45.3812741831708],[10.6808029774095,45.3807461448267],[10.6800832950743,45.3809347288401],[10.6800721830712,45.3807160753374]],[[10.6805895175133,45.3738330070825],[10.680424059795,45.3736767178896]],[[10.6803437268694,45.3681294309934],[10.6810408334031,45.3677577215513],[10.6818399615126,45.3670623975824]],[[10.6806345094816,45.3755988877225],[10.682469390402,45.3758275857939],[10.6834551239674,45.3753040790305],[10.6842307812373,45.3751082285159],[10.6841238618076,45.3752671708493]],[[10.6806606768736,45.3692783804398],[10.6804660041928,45.3684890805185],[10.6804461680145,45.3684082308347],[10.6803437268694,45.3681294309934],[10.6802555248714,45.3678602568695],[10.6796365215197,45.3667836655598],[10.6798328142327,45.3667000312676],[10.6792912921475,45.3661604952736]],[[10.6804461680145,45.3684082308347],[10.6813919923549,45.3679541759731]],[[10.6810096645385,45.3812741831708],[10.6818707061129,45.3810454037648],[10.6823461875301,45.3809828787554],[10.6823118168493,45.3803710241172]],[[10.6812409606904,45.3846207783169],[10.681254363053,45.3846008599187]],[[10.6809875253733,45.3723335795469],[10.6809970167965,45.3723507149271]],[[10.6809875253733,45.3723335795469],[10.6813294814121,45.3720022055676],[10.6813805297776,45.3714249807321],[10.6815064887088,45.3712161378462],[10.6815074671163,45.371188034673],[10.6815087735678,45.3711505089415],[10.6813426931266,45.3710426484869],[10.6812669028538,45.3709934264969],[10.6811302297834,45.3709331482401],[10.6807238044813,45.3708735621404],[10.6795269444464,45.3714517867685],[10.6792041776825,45.3716257835154],[10.6792898084568,45.3712188164125],[10.6794373461211,45.3711355050149]],[[10.6819704687803,45.3691844092836],[10.6810037125429,45.3703068334104]],[[10.6822280030648,45.3857743041259],[10.6817821699487,45.3856479923138],[10.681524689545,45.385494015661]],[[10.6820366624631,45.382656326151],[10.681408903664,45.3811747652669]],[[10.6811484505346,45.3723327768443],[10.6821244250537,45.3723052900165],[10.6831638459591,45.3731620401843],[10.6842155859399,45.3731793169025]],[[10.6813379201627,45.37766279421],[10.6814532316941,45.3782005958126]],[[10.6813379201627,45.37766279421],[10.6825679087302,45.3769479458473],[10.6835484609396,45.3770242134188],[10.6839129884696,45.3768156251352],[10.6841261539478,45.3768850575995],[10.6843049604453,45.376621032705],[10.68471416188,45.3769415889167]],[[10.6815051963996,45.379191092416],[10.6820687003883,45.3789523921689],[10.6822768748649,45.3786472272529],[10.6820847014582,45.3785153388016]],[[10.6811275629786,45.3658187444383],[10.6812228577752,45.3657386586234]],[[10.6815344227876,45.37949301535],[10.6818654944074,45.3795228400041]],[[10.6812884953376,45.3700548439789],[10.6819224365407,45.3706235357974]],[[10.6815122044147,45.3756671078965],[10.6816406277582,45.3754094979904],[10.6828173285775,45.3746200889493],[10.682559485909,45.3745132410001],[10.6829059610264,45.3739622739879],[10.6828250249497,45.3732331929518],[10.6815541297813,45.3731978210372],[10.6806542891857,45.373793812435],[10.6805895175133,45.3738330070825],[10.6799962661188,45.3741919912975]],[[10.6814854402514,45.3718207167605],[10.6815064887088,45.3712161378462],[10.6815180993412,45.3711968870606],[10.6815074671163,45.371188034673],[10.6813413436107,45.3710497197924],[10.6813426931266,45.3710426484869],[10.6813829862945,45.3708315162323],[10.6810037125429,45.3703068334104],[10.6807748695008,45.3692825066118],[10.6807124822453,45.369276412756],[10.6804746701661,45.3692854451957],[10.6798631685719,45.3693091958638],[10.6796964010778,45.3693319345146],[10.6787395627921,45.3695721842529]],[[10.6814928993523,45.3716064684315],[10.6826778639289,45.3712207138833],[10.6833808754739,45.3708415268167],[10.6842043296311,45.371095520283],[10.6843737086999,45.3711477640298]],[[10.6819704687803,45.3691844092836],[10.6814268892872,45.3692047089951]],[[10.6819554624184,45.3862484744273],[10.6824465800821,45.386660778713],[10.6822515921959,45.3872158412377],[10.6826437294954,45.3877155070547]],[[10.6824539663876,45.3849447443171],[10.6821837393673,45.3853480771457],[10.6822451270849,45.3857402246284],[10.6821952110318,45.3858395653193],[10.6819554624184,45.3862484744273],[10.6809373543032,45.3868353770138],[10.6807021941751,45.387294614143]],[[10.6815493078759,45.3702749588002],[10.6816111975953,45.3702445413589]],[[10.6815377963723,45.3697645813774],[10.6815906007993,45.3697850423695]],[[10.6833628967052,45.3839278135858],[10.682225817302,45.3830960724284],[10.6820366624631,45.382656326151],[10.6806720019141,45.3830536340737],[10.6803626792355,45.3829373471704],[10.6787158812684,45.3828848197067],[10.6783973762856,45.3822232530929],[10.6778249406922,45.3824553813668]],[[10.6824465800821,45.386660778713],[10.6832062423103,45.3864468947249],[10.6844341389687,45.385490942033],[10.6842723223275,45.3850682303246],[10.6836984233092,45.3852191237494],[10.6835660307007,45.3849493632672],[10.6822654432953,45.3852261289478]],[[10.682131992762,45.3757440385461],[10.6822027958968,45.3754258059652]],[[10.6819704687803,45.3691844092836],[10.6826520867442,45.3693489445116],[10.6826167931532,45.3694527357027]],[[10.6826065702889,45.3841003729523],[10.6828345817361,45.3845677222373],[10.6824539663876,45.3849447443171],[10.6812276557298,45.3846439821245]],[[10.6822768748649,45.3786472272529],[10.683260984875,45.3778448198669],[10.6834400039475,45.3779238289703]],[[10.6823461875301,45.3809828787554],[10.683392554593,45.3809494952361]],[[10.6821244250537,45.3723052900165],[10.6822058455808,45.3722341479859]],[[10.6826097963054,45.3876674986559],[10.6833420445173,45.3875646109959]],[[10.682559485909,45.3745132410001],[10.6822401419286,45.3743692072319]],[[10.6826520867442,45.3693489445116],[10.6830710292528,45.3694780062833],[10.6830308813357,45.3683598275028],[10.6829532120672,45.368210983221],[10.6828838911213,45.3680632386198],[10.6828638436695,45.3680205110776]],[[10.6828838911213,45.3680632386198],[10.6832346781351,45.3680568454693]],[[10.6834129847561,45.3839298794156],[10.6838006839615,45.3839401916502],[10.6842303180543,45.3841537611034],[10.6859279171801,45.3827439579613],[10.6866459483839,45.3838241730835],[10.6869106859193,45.384004624924],[10.6860542539814,45.3846955679101],[10.6865920708872,45.3850213855346]],[[10.6834265728877,45.3839296082958],[10.6831417662325,45.38344259913],[10.6828578440954,45.3824125744311],[10.6836009812114,45.3820510774672],[10.6837188118772,45.381753229596],[10.683969578077,45.3815622854026],[10.6847113543389,45.3812595878746]],[[10.683260984875,45.3778448198669],[10.6838079615699,45.3773427840759],[10.6839314900642,45.3774062810205]],[[10.6830308813357,45.3683598275028],[10.6841491111134,45.3683089165966]],[[10.6830710292528,45.3694780062833],[10.6836026465857,45.3696422878212],[10.6844237960998,45.3701588274793]],[[10.6832180618976,45.3740441536004],[10.68322676425,45.3740051456212]],[[10.6834723629094,45.3789357337407],[10.6844201041677,45.3780062773006],[10.6851692637846,45.3775589163992],[10.6849949052637,45.377344356283]],[[10.6835066999322,45.3740983709697],[10.6834812552071,45.3740944675082],[10.6832180618976,45.3740441536004],[10.6831941027187,45.3740395733583],[10.6829046509949,45.3739504732513]],[[10.6838336531454,45.3773301580019],[10.6841261539478,45.3768850575995]],[[10.6842723223275,45.3850682303246],[10.6844226073937,45.384998085415]],[[10.6844631234418,45.376036045584],[10.6842007714036,45.3759408070461]],[[10.6841662330936,45.3741882082245],[10.6841559680386,45.3742152206245]],[[10.6842307812373,45.3751082285159],[10.6844730832677,45.374691570297],[10.6844727916166,45.3746522043464],[10.6844696043178,45.3742219842915],[10.6839235700956,45.374161190543],[10.6835066999322,45.3740983709697],[10.6835216466686,45.3740669016706]],[[10.6845893804271,45.386805990703],[10.6845463075629,45.3861410012124]],[[10.6843049604453,45.376621032705],[10.6844667548285,45.3760226142748],[10.6845000867923,45.3758771970165],[10.6847249679869,45.3757452834487]],[[10.6842043296311,45.371095520283],[10.6845210180246,45.3706458326655]],[[10.6843527939236,45.3742089792176],[10.6844683096328,45.3737801253876]],[[10.6847913662534,45.3868199965007],[10.6847578173543,45.3872417125704]],[[10.6846676021387,45.3812428151068],[10.6853486897199,45.3808735129722],[10.6848421834431,45.3801515974939],[10.6838599837104,45.3803685729028]],[[10.6844727916166,45.3746522043464],[10.68528630169,45.3745861353513]],[[10.6851959626839,45.3791154508776],[10.6869497762833,45.3798074630348],[10.6871319002347,45.3800878192191],[10.6869471012999,45.3806227292459],[10.6861658918046,45.3805892551025]],[[10.6851692637846,45.3775589163992],[10.6857441407612,45.3783373153157],[10.6851959626839,45.3791154508776],[10.6833440799544,45.3792976422705],[10.6830336379932,45.3792797650685],[10.682982207789,45.3791082965113]],[[10.6851692637846,45.3775589163992],[10.6853092171364,45.3774928081237]],[[10.6853486897199,45.3808735129722],[10.685513058753,45.3807905273858],[10.6857650548443,45.3818885128697],[10.6860429087593,45.3825049362792],[10.6861222690007,45.3826801243896],[10.6865922915926,45.383524500615],[10.6871784617208,45.3840144389799],[10.6871904814217,45.3841953387107],[10.6869106859193,45.384004624924]],[[10.685513058753,45.3807905273858],[10.6859408410604,45.3804227831004]],[[10.6858449650846,45.3857928352964],[10.6857108914315,45.3863511551139],[10.6859446709574,45.3868927720344],[10.6858591926142,45.3868940340464],[10.6845893804271,45.386805990703],[10.683970065996,45.3867630448568]],[[10.6859446709574,45.3868927720344],[10.6860664519927,45.387589428242],[10.6861318170358,45.3878267592301],[10.6868206397789,45.3885068230113],[10.687339064863,45.3886854180241]],[[10.6857441407612,45.3783373153157],[10.685917358017,45.3782696946276],[10.6869199891958,45.3791955419365]],[[10.6861075978576,45.3877545390706],[10.6860449531957,45.3877814782227]],[[10.6860664519927,45.387589428242],[10.6871139751821,45.3871302322721],[10.687035998084,45.3869916934699],[10.6879320819899,45.3866689400153],[10.688204190741,45.3857555571252]],[[10.6860429087593,45.3825049362792],[10.6865919563262,45.3823705456417],[10.6870981148314,45.3820408305521]],[[10.6869471012999,45.3806227292459],[10.6867727687728,45.3811273345597]],[[10.6869207042607,45.3839965429716],[10.6869106859193,45.384004624924]]]}},{"type":"Feature","properties":{"NOME_COMPL":"Condotta FORESTO","COMUNI":"Cavriana, Volta Mantovana"},"geometry":{"type":"MultiLineString","coordinates":[[[10.6230491380842,45.3594192932818],[10.6231931088531,45.3597292265444],[10.6233339584958,45.3614463985113],[10.6237742102928,45.3624854656138],[10.6237856683209,45.3630574909251],[10.624943291961,45.3652444913755],[10.6263259913032,45.3685072776762]],[[10.623783630016,45.3543109977475],[10.6233574149884,45.3558555804905],[10.6231241623014,45.3563390327675],[10.6224044145971,45.357197126518],[10.6225319684145,45.3582709607642],[10.6230491380842,45.3594192932818],[10.6231427263057,45.3595748085611],[10.6231931088531,45.3597292265444],[10.6231931088531,45.3597292265445]],[[10.6362853318826,45.320024422914],[10.6363353299907,45.3200265354543]],[[10.6362884512657,45.3199999005981],[10.6363396008463,45.3200009262585]],[[10.6362938500185,45.3199717408614],[10.6363445641524,45.3199711649168],[10.6363182536061,45.3203953777211],[10.6269835942141,45.3319361352487],[10.6241170006252,45.3436420824886],[10.6249174427709,45.3452947445733],[10.6244937500514,45.3515171897128],[10.6243079920781,45.3518928266193],[10.623251178307,45.3530845401665],[10.6232346266123,45.3535457736147],[10.623783630016,45.3543109977475]],[[10.6362957984264,45.3199440306583],[10.6363488070441,45.3199457233537]],[[10.6363078005767,45.3198900821489],[10.636310873544,45.319894913453],[10.6363521564948,45.3199005452967],[10.6363548183463,45.319891880714],[10.636356957285,45.3198852775385],[10.6363590725781,45.3198778531363]],[[10.636310873544,45.319894913453],[10.6363119977386,45.3198905302998]],[[10.636310873544,45.319894913453],[10.6363166888244,45.3198921923098]],[[10.6363113738319,45.3198791564095],[10.6363106003897,45.3198822456051]],[[10.6363113738319,45.3198791564095],[10.636356957285,45.3198852775385]],[[10.6363139114627,45.3198820681828],[10.6363113738319,45.3198791564095],[10.6363070864574,45.3198817760632]],[[10.6363445641524,45.3199711649168],[10.6363548139584,45.3199097041825],[10.6363521564948,45.3199005452967]],[[10.6363668340236,45.3198501723076],[10.6363649997673,45.3198923326188],[10.6363548183463,45.319891880714]],[[10.6363814041967,45.3198630338961],[10.6363822564648,45.3198585196635]],[[10.6363847341546,45.3198507221811],[10.6363831720506,45.3198540603411]]]}},{"type":"Feature","properties":{"NOME_COMPL":"Condotta FORESTO - ALTO","COMUNI":"Cavriana"},"geometry":{"type":"MultiLineString","coordinates":[[[10.5779311778226,45.368545927117],[10.5787180388582,45.36809652166],[10.5800111753562,45.3677521205752],[10.5799172845154,45.3674879937339],[10.5802120801051,45.3674358302638]],[[10.5804777653584,45.3705826140582],[10.5797361192782,45.3714925861672],[10.5789763496386,45.3728429510997],[10.5809572083747,45.3736935269927],[10.5804756577877,45.3730936416842],[10.5800575141581,45.3731246229053]],[[10.5804777653584,45.3705826140582],[10.5807015073797,45.3698366698113],[10.5814586578419,45.3692867114863],[10.5818701790952,45.3685330804637],[10.5811957838931,45.3684413862056],[10.581193541702,45.3682171482649],[10.5802504744423,45.3679466422503],[10.5800111753562,45.3677521205752]],[[10.5804777653584,45.3705826140582],[10.5806204105141,45.3705801455606],[10.5802572856474,45.3711653894598],[10.5812457287186,45.3716167053495],[10.5804756577877,45.3730936416842]],[[10.5806204105141,45.3705801455606],[10.5806534682472,45.370386159784]],[[10.5819124977927,45.3743648877754],[10.5809572083747,45.3736935269927],[10.5818860659183,45.3742702666316],[10.581971756031,45.3745087927823],[10.5830202944633,45.3753101846792]],[[10.5809495203085,45.3714790264184],[10.5809670291423,45.3714545128524]],[[10.5811957838931,45.3684413862056],[10.5811494380196,45.3689937953432]],[[10.5812457287186,45.3716167053495],[10.5813583150188,45.3716703663089],[10.5821530965969,45.3720491695285],[10.583058967811,45.3724478736719],[10.5837904155221,45.3712681131434]],[[10.5813583150188,45.3716703663089],[10.5821006123695,45.3706145093461]],[[10.5814029138665,45.3699407144688],[10.5814324120751,45.3696430689454],[10.5813380590728,45.3696447648451]],[[10.5814324120751,45.3696430689454],[10.5815136427083,45.3691886198836]],[[10.5815389245695,45.3691965842176],[10.5819366116643,45.3685283352621],[10.5827623738927,45.368710695755],[10.5836790164485,45.3699608204555],[10.5828201767122,45.3703634480879],[10.5813249528052,45.3699204469925]],[[10.5818860659183,45.3742702666316],[10.5822382434745,45.3746642839815],[10.5830440107028,45.3752794240118],[10.5837544852563,45.375981819344],[10.5845459449178,45.3766773524253],[10.5856602307587,45.3775247096638],[10.5864171724358,45.3780190805915],[10.5877004015879,45.3785215624632],[10.5876632058939,45.3786899332646],[10.5903921704542,45.3813097427329],[10.5899737970974,45.3815736196327],[10.5875893356231,45.3816396719216],[10.5872916105187,45.3826687909564]],[[10.5819074189239,45.3742368713516],[10.583058967811,45.3724478736719]],[[10.5819366116643,45.3685283352621],[10.5819728988943,45.368253936015],[10.5821440634385,45.3681849193658],[10.5835328950456,45.3683076405473],[10.5834084363788,45.3682168245104],[10.5832716261333,45.3680082186392],[10.5826359875992,45.3680269216556]],[[10.5835027552496,45.3761301661157],[10.5837544852563,45.375981819344]],[[10.5833734058959,45.3681348798415],[10.5834590813053,45.3681045359028]],[[10.5842316608619,45.3792214615809],[10.5850034458429,45.3785367879349],[10.5865142624529,45.3795278905612],[10.5859142380386,45.3802429619124],[10.5859724280554,45.3815710064781],[10.584480227577,45.381630441694],[10.5845739955111,45.3819550690072],[10.5856820692823,45.3833413054387],[10.5854456424381,45.3832993747477]],[[10.5855303698836,45.3686432446224],[10.5835328950456,45.3683076405473],[10.5847050636766,45.3684077545628],[10.5851036966406,45.3685159919632],[10.5855289423265,45.3686314532835],[10.5857231688773,45.368684188354],[10.5862364397479,45.3688199451507],[10.5863929229755,45.3688639274413],[10.585560004253,45.3685725936742]],[[10.5850970344695,45.368529871973],[10.5851034727904,45.3685200289549],[10.5851036966406,45.3685159919632],[10.5851040666745,45.3685093186432],[10.5850991799833,45.3685043097086],[10.5851059179376,45.3684240316727],[10.5848582520144,45.3680679372407],[10.5848778077034,45.3675120848672],[10.585256530116,45.3671282986682],[10.5863100518098,45.3664818289114]],[[10.5852152564923,45.3724652054835],[10.5850744189392,45.3726254587685],[10.5862504312324,45.3736477645848],[10.5910651638981,45.3742658553066],[10.5906838493478,45.3748481798716],[10.591665495365,45.3747977843051]],[[10.5856602307587,45.3775247096638],[10.5858210084245,45.3774803833121],[10.5850705809458,45.3770273636951],[10.5836805980639,45.375848473395],[10.5844359805502,45.3744702855096]],[[10.5858210084245,45.3774803833121],[10.5872815167618,45.3771078343845],[10.5868871581461,45.3758416534393],[10.586966202822,45.3754185620204],[10.5864487412595,45.3741851883736]],[[10.5859724280554,45.3815710064781],[10.5875434518479,45.3815424885953],[10.5875893356231,45.3816396719216]],[[10.5865142624529,45.3795278905612],[10.5871964130674,45.3798405034011]],[[10.5863929229755,45.3688639274413],[10.585972301095,45.3705737055601],[10.585873763441,45.3717673427975]],[[10.5864070726715,45.3688679044416],[10.5877809343529,45.3692540393349],[10.5896314504881,45.3702093025951],[10.5886178934252,45.3696188702986],[10.58790747165,45.3692925816154],[10.5878340921897,45.3692310448705]],[[10.58690413983,45.3757019916287],[10.5867632303987,45.375681342965]],[[10.5872815167618,45.3771078343845],[10.5878921180667,45.3769843961001],[10.588045886184,45.3785382384674],[10.5881501678382,45.3785331207074]],[[10.5873020024892,45.3690534438193],[10.5872791404867,45.3690997637229]],[[10.5875770566691,45.3722129786045],[10.5875733694583,45.3722380642697]],[[10.5878921180667,45.3769843961001],[10.5879662679814,45.3767686007696],[10.5905644926292,45.3761201561649]],[[10.5880053549735,45.3779737509875],[10.5881380404942,45.3779568171168]],[[10.5880454048188,45.3693536395305],[10.5878973735731,45.3691374924895],[10.5873020024892,45.3690534438193],[10.5864245174354,45.3688552913036]],[[10.587960126814,45.3691711554888],[10.5882403128585,45.3689450273585],[10.5892286065511,45.3687601610105]],[[10.5895308496184,45.3723824172147],[10.5892770054348,45.3730474625],[10.5891892847076,45.3730332963306]],[[10.5901418631794,45.3844977299938],[10.590618328637,45.3825995353332],[10.5919435731491,45.3825397508751],[10.5922100322932,45.381721596844],[10.5935063426148,45.3819059769792],[10.5932452558517,45.3826478040372],[10.5930853691144,45.3826453387498],[10.5925553875501,45.3826216469632],[10.5919771711924,45.3825793568044],[10.5919395116491,45.3825766023196],[10.5913145300866,45.3847018101301],[10.5901418631794,45.3844977299938],[10.5896563154445,45.3845963889717]],[[10.5900033937918,45.3706072122991],[10.5901370521175,45.3704498330263],[10.5901429252202,45.3704401616925],[10.5901476763397,45.3704323379441],[10.5901402368778,45.3704215577357],[10.5902212985225,45.37031158103],[10.5902316718288,45.3700324668354]],[[10.5903921704542,45.3813097427329],[10.5901789382847,45.3816332600562],[10.5879899311898,45.3817027804168]],[[10.5904253418135,45.3813443245195],[10.5905624152553,45.3814872256847],[10.5922090870241,45.3816805840719]],[[10.590618328637,45.3825995353332],[10.5906790963773,45.381786181677]],[[10.5906579181849,45.3707456276427],[10.5906736003911,45.3707149062315]],[[10.5909897234173,45.3726139033939],[10.5921997485303,45.3727611661617],[10.5910651638981,45.3742658553066]],[[10.5909671743356,45.3708003445871],[10.5939756155244,45.3707605307036],[10.593965143593,45.3707525511916],[10.5939664605966,45.3707494229925],[10.5939650524484,45.3707466990663],[10.593961856294,45.3707405164143],[10.5938711491771,45.3706809281955],[10.593859281973,45.3705434316002]],[[10.5909909159618,45.3708131970398],[10.5909938577872,45.3708239548595],[10.5909675884375,45.3708178299776],[10.5906579181849,45.3707456276427],[10.5901507658704,45.3706435587118],[10.5900033937918,45.3706072122991],[10.5899214017272,45.3705869904724],[10.5895356189863,45.3704306000792],[10.5896314504881,45.3702093025951],[10.5897690021898,45.3702773663172],[10.5901429252202,45.3704401616925],[10.5909545680887,45.3707935202316],[10.5909671743356,45.3708003445871],[10.5909675884375,45.3708178299776],[10.5909910800219,45.3718097306032],[10.5909897234173,45.3726139033939],[10.5895308496184,45.3723824172147],[10.5895046326309,45.3723782570567],[10.5875770566691,45.3722129786045],[10.585873763441,45.3717673427975],[10.5852152564923,45.3724652054835],[10.5864017078654,45.3727004618797]],[[10.5909938577872,45.3708239548595],[10.5910354862194,45.3716918422355]],[[10.5910377438868,45.3713801624176],[10.5931507048239,45.371198203435]],[[10.5919771711924,45.3825793568044],[10.5919435731491,45.3825397508751]],[[10.5925553875501,45.3826216469632],[10.59257655978,45.382521799613]],[[10.5924609689763,45.3747930770861],[10.5944338780077,45.3748444497711],[10.5944283145863,45.3744665068098],[10.5950038112848,45.3744192413035],[10.596095897575,45.3740295276418]],[[10.5930853691144,45.3826453387498],[10.593104149116,45.3825674249547]],[[10.5932452558517,45.3826478040372],[10.594377127687,45.3828163096647],[10.5936143591549,45.3827617823105]],[[10.5935381202437,45.3739471414583],[10.5935231451875,45.3740268727729]],[[10.5939119244525,45.3740962895586],[10.5944283145863,45.3744665068098]],[[10.5938858731453,45.3707488110919],[10.5939650524484,45.3707466990663],[10.5940903445682,45.3707433569168],[10.5942751963148,45.3707334753051],[10.597223339165,45.3701069513131],[10.5972020063089,45.3703933945667],[10.5971929463964,45.3705967274369],[10.5973476568912,45.3715133872768],[10.5976552444008,45.3713533824268]],[[10.5939548571146,45.3723236098836],[10.5939735498642,45.3731682087684]],[[10.5939975327444,45.3722017622334],[10.5947539637703,45.372351491419],[10.5947302333606,45.3724583879923]],[[10.5939756155244,45.3707605307036],[10.5938742630865,45.3707721776421]],[[10.5939885188515,45.3707782207481],[10.5939548571146,45.3723236098836],[10.5928246954126,45.3721174807505],[10.5928715997515,45.3728269032422]],[[10.5940107298044,45.3711839753819],[10.5960517458249,45.3711222187131]],[[10.5943666448657,45.382863687026],[10.6006767067515,45.3835841824545],[10.602081248534,45.3841982022114],[10.601396400769,45.3837491401514]],[[10.594377127687,45.3828163096647],[10.5951001843232,45.3828534429122],[10.5953976035673,45.3821491070273],[10.5953373009644,45.381573477569]],[[10.5943238015887,45.3732340695768],[10.5943342068659,45.3731485126993]],[[10.5948013011167,45.382919786013],[10.5946808284053,45.3837692211049],[10.5964706278734,45.3839879026017],[10.5961656605952,45.3846477216345]],[[10.5947539637703,45.372351491419],[10.5961853766252,45.3726348116356],[10.5970968777684,45.3726274429853],[10.5970042383587,45.3729158237195]],[[10.5955657593728,45.3733423773649],[10.5955739133887,45.3732807809821]],[[10.5960921436729,45.3740759411384],[10.5964308189814,45.3740640744049],[10.5963960599147,45.3735381447241],[10.5962948334063,45.3734571402109],[10.5959681033894,45.3733539276344],[10.5955657593728,45.3733423773649],[10.5947797835975,45.3733198099],[10.5943238015887,45.3732340695768],[10.5939735498642,45.3731682087684],[10.5939119244525,45.3740962895586],[10.5935231451875,45.3740268727729],[10.5932203176715,45.3739728016866],[10.5929954333005,45.3741328533249],[10.5925902306534,45.3741509911995],[10.5923065703156,45.3745652081537],[10.5924516902733,45.3748680973606]],[[10.5964706278734,45.3839879026017],[10.5967244200324,45.3836989046881]],[[10.5966236657409,45.3836968596597],[10.5967681304157,45.3832574621173],[10.5968769945506,45.3832785465401]],[[10.5964308189814,45.3740640744049],[10.5971689669944,45.3740531581417],[10.5974454978066,45.3748434961661],[10.5971004068373,45.3748903490748]],[[10.5967529079411,45.371537458623],[10.5973476568912,45.3715133872768]],[[10.5970968777684,45.3726274429853],[10.5983817389389,45.3730098476116],[10.5986056884791,45.3734291132207],[10.5986274406147,45.3737753937341],[10.5985859144083,45.3740042139852],[10.5985048726473,45.3742539281104],[10.598553284852,45.3742960451984],[10.6002542800614,45.3738490275561],[10.6008365467874,45.374639702478],[10.5995697319667,45.3749332433951],[10.5990920441186,45.3741832054195]],[[10.5971689669944,45.3740531581417],[10.5978621669388,45.3737113458153],[10.5980121109896,45.3740714183507],[10.5985859144083,45.3740042139852]],[[10.5971787249553,45.3698828946744],[10.5975806351859,45.3697457516305],[10.5984461893102,45.36973409687]],[[10.5972202638469,45.3701482447638],[10.59727588379,45.3701456806639],[10.5972665140691,45.3701146692287],[10.5972808426192,45.3701037899569],[10.5972781826335,45.3700952954159],[10.5972756086805,45.3700870756135],[10.5970188118001,45.369580689726],[10.5964883258748,45.3697903368005],[10.5963793871671,45.3696130774437],[10.5964102822256,45.369381107719],[10.5971956700442,45.3686256871069],[10.597172314737,45.3685171140518]],[[10.597223339165,45.3701069513131],[10.5972781826335,45.3700952954159],[10.5973008592016,45.3700904759497],[10.6008290449631,45.3702572132296],[10.6004270633605,45.3704576257478]],[[10.5975616252389,45.3748277293245],[10.5974454978066,45.3748434961661]],[[10.5975806351859,45.3697457516305],[10.5974923314365,45.3695825841648],[10.5986609965512,45.3688078693691],[10.598199541214,45.3687830051871]],[[10.5976753719761,45.3714036581118],[10.5981825186763,45.3711851732979],[10.5981635752264,45.3706890243945]],[[10.5980933290335,45.3849548453752],[10.5983710452646,45.3851990538183],[10.599669281931,45.385298242376],[10.5996670596222,45.3855094099748]],[[10.5981825186763,45.3711851732979],[10.5988801521034,45.3708856187884]],[[10.5983817389389,45.3730098476116],[10.5984755819537,45.3728985751506]],[[10.5997310907356,45.3865145344512],[10.5994036327702,45.386421364936]],[[10.599669281931,45.385298242376],[10.6001462219763,45.385338025125],[10.6003147153987,45.3860330727181],[10.6000765815966,45.3861675464062],[10.5997310907356,45.3865145344512],[10.5995847233304,45.3866036118944],[10.59838123281,45.3871223595799],[10.5982515615552,45.3870836413974],[10.5973005470308,45.3856336701711],[10.5980933290335,45.3849548453752],[10.5981659704372,45.3836801200379],[10.6003671601967,45.3839083866964],[10.6008251236868,45.3839592595526],[10.60114090917,45.3839932803494]],[[10.6004884335418,45.3754529281018],[10.6000821675962,45.3748378922965]],[[10.6006767067515,45.3835841824545],[10.6008251236868,45.3839592595526],[10.6007751264753,45.3846728428094],[10.6009605753063,45.3847681219558],[10.6006204353769,45.3851763993797],[10.6001850024645,45.3852134979087],[10.6001462219763,45.385338025125]],[[10.6005145785597,45.3704277011773],[10.6008811187341,45.3715919753723],[10.6026754884054,45.3714489606058]],[[10.6009605753063,45.3847681219558],[10.6023647208669,45.384769719462],[10.6023427632246,45.3851279675016],[10.601916591842,45.3859002059716]],[[10.6022159465736,45.3742070464225],[10.6014204817991,45.3729364435233],[10.6001344303543,45.3726784466469]],[[10.6014204817991,45.3729364435233],[10.6024600235641,45.3728656493242]],[[10.6023779499477,45.3843879349629],[10.602081248534,45.3841982022114],[10.6025714761273,45.3844360654908]],[[10.6023647208669,45.384769719462],[10.6024069634166,45.384710240281]],[[10.6026713996463,45.3713778225761],[10.6033490077202,45.3713243185714],[10.6034219070158,45.372259122247],[10.6029309474217,45.372837532139]],[[10.602835971757,45.3757752736475],[10.6031594685114,45.3762971272234],[10.603273654962,45.3767552025176],[10.6019451513013,45.3769433256984]],[[10.6030729320831,45.370130731434],[10.6030294896261,45.370111766726],[10.6030287621214,45.3701060052953],[10.6030277083509,45.3700976600191],[10.6030342277556,45.3700912121006],[10.6027939439317,45.369460176274],[10.6014512395129,45.3698034850948],[10.6008290449631,45.3702572132296],[10.6030287621214,45.3701060052953],[10.6030691610403,45.3701032278819],[10.6031041486847,45.370358404039],[10.6032638436628,45.3703445606939],[10.6033490077202,45.3713243185714]],[[10.6030691610403,45.3701032278819],[10.6058666960225,45.3699827498436],[10.6084457246407,45.3705074882448],[10.6098565286051,45.3710276616641],[10.6119842950027,45.3710610752251],[10.6130595110204,45.3708840067819],[10.6141427045693,45.3722874492817],[10.6141838428028,45.3724651578631],[10.6141832359988,45.3724749364471],[10.6141600588353,45.3728484321069],[10.6142280947487,45.3732580891633],[10.6145705202777,45.3739804993223],[10.6140451370757,45.3740156827068],[10.6130772939307,45.3739459715431],[10.6117586672339,45.374024980973],[10.611652675834,45.3742529350666]],[[10.603273654962,45.3767552025176],[10.6033981033476,45.3774416949384],[10.6029735292313,45.378016241502]],[[10.6033981033476,45.3774416949384],[10.6038766057369,45.3778921884698]],[[10.6033981033476,45.3774416949384],[10.6042717396688,45.3773063287197],[10.6050819316562,45.3773691918285],[10.6057418271254,45.3770287278043],[10.6067586056681,45.3768669058144],[10.6067406708617,45.3766160815808],[10.6065059632551,45.3766096142935],[10.6066103070669,45.3760898952146],[10.6065197934332,45.3760701423472]],[[10.6038665785347,45.3759198639005],[10.6048438529087,45.3760096903999],[10.6066422716498,45.3759316459239],[10.6064297364534,45.3749459607051]],[[10.6038619314743,45.3756053637852],[10.6039018475881,45.3756015233507]],[[10.6038740843739,45.3742189394026],[10.6039029673726,45.3745496842889],[10.6039597830336,45.3749540363625],[10.6039862645909,45.3751425010977]],[[10.6039597830336,45.3749540363625],[10.6040839781204,45.3749379225198]],[[10.6044132054487,45.3836737863372],[10.6049115379996,45.3836413510346],[10.6058672488268,45.3831321462336],[10.6061479189858,45.3834774065]],[[10.6058672488268,45.3831321462336],[10.6083324857177,45.3820664040724],[10.6086814721092,45.3824866966509]],[[10.605642793595,45.3733266451194],[10.6056386100451,45.3726404406501],[10.6048172683379,45.3731520993853],[10.6048312185462,45.3733903520458]],[[10.6056386100451,45.3726404406501],[10.605636759848,45.3723369457613]],[[10.606172579236,45.3734246654007],[10.6061865592086,45.373476658817]],[[10.6066422716498,45.3759316459239],[10.6066103070669,45.3760898952146]],[[10.6067406708617,45.3766160815808],[10.6076469421498,45.3766638972304]],[[10.6070121963797,45.3734210956073],[10.6070188774675,45.3734631168189]],[[10.6071257175758,45.373407935426],[10.6070795859316,45.3734070393335],[10.6056431135722,45.3733791269712],[10.605642793595,45.3733266451194],[10.6055933540961,45.3734522948444],[10.6058554965249,45.3735072258099],[10.6057600356125,45.3738563631992],[10.6047096604654,45.3739649161532],[10.6036946090213,45.374239985985],[10.6025647797453,45.3741904280033],[10.6022159465736,45.3742070464225],[10.6022419519074,45.3745388452384],[10.6017096408785,45.3747338877325],[10.6011385103113,45.3748097592518],[10.60089630565,45.3744790374838]],[[10.6073490103953,45.3719826987115],[10.607323396057,45.3716706908903]],[[10.6079197501245,45.3722087084819],[10.607833694243,45.3717857472828],[10.6074246428708,45.3718238192841]],[[10.6077249981998,45.3745093338767],[10.6080889892899,45.3745677308236],[10.6084106058304,45.3746374292384],[10.6089158975775,45.3747123749442],[10.6094088326873,45.3749184244909],[10.6101352074979,45.3746328673804]],[[10.60788525348,45.3745350446072],[10.6079344023993,45.3757156891501]],[[10.6083324857177,45.3820664040724],[10.6081351936478,45.3818403358265],[10.60842246947,45.3815196679982],[10.6100541557957,45.3810449060975],[10.6105517740993,45.3817215226229],[10.6120073360489,45.3821222187969],[10.6106668803522,45.3826358769732],[10.6078210731774,45.3833672899182],[10.6060854837886,45.3841017066392],[10.6060622667489,45.3842376735933],[10.6052116448994,45.3842559921982],[10.6045370883997,45.3841192352048],[10.6043479967162,45.384026519848],[10.6044132054487,45.3836737863372],[10.6036268926984,45.3839038636194],[10.6034507116029,45.3838424737044],[10.602574607137,45.3844337875078]],[[10.6081029355185,45.373074080423],[10.6090326225552,45.3730995427927],[10.6099669444683,45.3729568212611],[10.609565504372,45.3719489985833]],[[10.6081512131774,45.372959692287],[10.608114925816,45.3730429716276],[10.6079763469718,45.3734008619209],[10.6079070910878,45.3735982045188],[10.6077249981998,45.3745093338767],[10.6066283929487,45.3744498072351]],[[10.6081230502677,45.3729238116389],[10.6081427569914,45.3729309084208],[10.6081291341221,45.3729452111454],[10.6071791995689,45.3733832726818],[10.6070819928024,45.3734040043471],[10.6070795859316,45.3734070393335],[10.6070780273893,45.373409004605],[10.6066849534746,45.3734289976351],[10.606172579236,45.3734246654007],[10.6058648379334,45.3734225664802]],[[10.6081291341221,45.3729452111454],[10.6081230502677,45.3729238116389],[10.6079197501245,45.3722087084819],[10.607366599175,45.3722701266455],[10.6073512655316,45.3719826053427]],[[10.6098109822994,45.371010868844],[10.6095401074718,45.3712680701167],[10.6092329706227,45.3720977607863],[10.6081512131774,45.372959692287],[10.6071257175758,45.373407935426],[10.6066943461897,45.3743703605234],[10.6038584867964,45.3753722332081],[10.6038619314743,45.3756053637852],[10.6038665785347,45.3759198639005],[10.6029432086184,45.3757814933213],[10.602835971757,45.3757752736475],[10.6019247918573,45.3757224216329]],[[10.6100398286908,45.3807777573553],[10.6100541557957,45.3810449060975]],[[10.6100646379371,45.380761722219],[10.6104955781353,45.3804303427655],[10.6115364593912,45.3791374077965],[10.6124329278838,45.3792952721513],[10.6124981957616,45.3796805224843],[10.6135136442048,45.3799968025778],[10.6136228148946,45.3802596333549],[10.6126807102567,45.3810170449898],[10.612815869034,45.3813533314331],[10.6120513303675,45.3820002949888],[10.6125603004822,45.3823480220681]],[[10.6101154999742,45.380777986819],[10.6101329138211,45.3808941160367],[10.6124465708187,45.3816217033744]],[[10.6101329138211,45.3808941160367],[10.6105047625715,45.3815089318913]],[[10.6099669444683,45.3729568212611],[10.6101215752164,45.373227805494]],[[10.6114751067276,45.376670471112],[10.6115782124977,45.3774503526368],[10.6114200943009,45.3778902774605]],[[10.6115870595771,45.3737497300791],[10.6117586672339,45.374024980973]],[[10.6118471627578,45.371962456164],[10.6117744492733,45.37168491364],[10.6116465502855,45.3716666779]],[[10.6117744492733,45.37168491364],[10.6119221942326,45.371601061183],[10.6118791328326,45.3710862163617]],[[10.6124807854968,45.3716068025631],[10.6128308421165,45.371438324939]],[[10.612815869034,45.3813533314331],[10.61419686949,45.3809383524003],[10.6149476332474,45.3808674525676]],[[10.6130772939307,45.3739459715431],[10.6127059481164,45.3725659880923],[10.6124807854968,45.3716068025631],[10.6118471627578,45.371962456164],[10.6107196865317,45.3720693511261],[10.6107487507479,45.3723719599444]],[[10.6127059481164,45.3725659880923],[10.6141732091872,45.3724763923341],[10.6141832359988,45.3724749364471],[10.614194557025,45.3724732926398],[10.6142085643606,45.3724639730639],[10.61423507629,45.3724621729459]],[[10.6130595110204,45.3708840067819],[10.6158218493219,45.370094045211],[10.6152723462365,45.370504587561],[10.6134562985669,45.3711259586907],[10.6133106868477,45.3709039274995]],[[10.6135136442048,45.3799968025778],[10.6143076642929,45.3799997096173],[10.6143546688094,45.3793971403089],[10.6138567493174,45.3779629976966],[10.613462535351,45.3777806177833],[10.6120432105309,45.3784639206767],[10.6099380013934,45.3808678040349],[10.607240231089,45.3813963273727],[10.603360299901,45.3838090558915]],[[10.6134562985669,45.3711259586907],[10.6143985792268,45.3722380902192],[10.6144361681992,45.3729013979526],[10.6151212663496,45.3729752393823],[10.6152301875232,45.3742570476414]],[[10.6135824800319,45.3739883110796],[10.6136662105373,45.374676634459]],[[10.6138814124143,45.3762466336334],[10.6137708242672,45.3761320677415],[10.6120927585509,45.3760377815302]],[[10.6142993746004,45.3763286824897],[10.6142435437832,45.376621490691],[10.614005325903,45.3768489153478],[10.6140736613122,45.3772467635634],[10.6135098366731,45.3773389035488]],[[10.6140736613122,45.3772467635634],[10.6146975528138,45.3771443822247],[10.613462535351,45.3777806177833],[10.6129778377214,45.3777862052251]],[[10.6143780030032,45.3739906311986],[10.6143633775023,45.3739275389983]],[[10.6145705202777,45.3739804993223],[10.6162796194226,45.3760194364714],[10.6160448994836,45.3767257395856],[10.6160197221427,45.3768015004776],[10.6147417995204,45.3764155316125],[10.614690523188,45.3761837326539],[10.6137708242672,45.3761320677415],[10.6125714361939,45.3751781210306],[10.6111262191568,45.3742834859029],[10.6095572419648,45.3749062381372],[10.6090045347625,45.3749988004298],[10.6089845168712,45.3761877090913]],[[10.6146975528138,45.3771443822247],[10.6148799471182,45.377040029212],[10.6147417995204,45.3764155316125],[10.6142993746004,45.3763286824897],[10.6138814124143,45.3762466336334],[10.6109128688475,45.3767433366108],[10.6098079511279,45.3765563800297],[10.6089845168712,45.3761877090913],[10.6085852388005,45.376475276539]],[[10.6146975528138,45.3771443822247],[10.6148728188799,45.3771156201773],[10.6149034008774,45.3771460506887],[10.615024234779,45.3769574776287],[10.6160197221427,45.3768015004776]],[[10.6149034008774,45.3771460506887],[10.6150446314404,45.3780314647173]],[[10.6150714096571,45.3705667795868],[10.6149756595381,45.3703801925158]],[[10.6151212663496,45.3729752393823],[10.6165850533779,45.3727886409173],[10.6162137250019,45.3716936519956],[10.6162291363897,45.3712494089145],[10.6164671301705,45.3708459780457],[10.6167848611225,45.3709425944563],[10.6171519717936,45.3702756861512],[10.6165244487003,45.3700119480548],[10.6162140384647,45.369993728888],[10.6161883319028,45.3699911979053],[10.6161716447802,45.3699895549435],[10.6161671999237,45.3699791982062],[10.6160978484409,45.3699728404559],[10.6159836626093,45.3700418105306],[10.6159862184713,45.3700479179045],[10.6159893363247,45.3700553681862],[10.615816326929,45.3701276719951],[10.6159415113231,45.3706427390899],[10.6164671301705,45.3708459780457]],[[10.6157981191941,45.3701117745362],[10.615816326929,45.3701276719951]],[[10.6160019564976,45.3767597605401],[10.6160375749224,45.3767261123887],[10.6160448994836,45.3767257395856],[10.6160492295502,45.3767255191951],[10.616089287945,45.3766772598405],[10.6163109566036,45.3760262615703],[10.6160549710713,45.375645930132]],[[10.6158747277294,45.3700792058512],[10.6162666369769,45.3684759841956],[10.6148820018356,45.368328515096]],[[10.6160784502727,45.3693139424692],[10.6182984086311,45.3691535452342],[10.618160680672,45.3688898426949],[10.6180092611871,45.3683457946679],[10.6181169060744,45.3683296150596]],[[10.6165850533779,45.3727886409173],[10.6172847684034,45.3727620502501]],[[10.6182984086311,45.3691535452342],[10.6184755213481,45.3693493010182],[10.6161883319028,45.3699911979053],[10.6159862184713,45.3700479179045],[10.6158747277294,45.3700792058512],[10.6158218493219,45.370094045211]],[[10.6201785035934,45.3689227062206],[10.6202692545255,45.3689498839873],[10.6184755213481,45.3693493010182],[10.6187563413217,45.3696101302296]],[[10.6201750745355,45.3687755519186],[10.6207906565807,45.3685846858573],[10.6208869270597,45.3687923697134],[10.6202387753017,45.3689123229596],[10.6201750745355,45.3687755519186],[10.618160680672,45.3688898426949]],[[10.6202596367559,45.3689320810489],[10.6208998369543,45.3688202200427],[10.621208385302,45.3694686887088],[10.622271946679,45.3692557509735],[10.6222968352751,45.3692507129213],[10.6222902640906,45.3703325813047]],[[10.6202692545255,45.3689498839873],[10.6212187755327,45.3704575227851],[10.6207314083636,45.3704907272667],[10.6205354888151,45.370509993904],[10.6204350497975,45.3705147164552],[10.6202206144524,45.3705408397321],[10.6193928694633,45.3707949267231],[10.6203143513439,45.3721574678636],[10.619182078037,45.3725133271671]],[[10.6207906565807,45.3685846858573],[10.6211559884203,45.3683989363232],[10.6213213717543,45.3687170757098],[10.6208998369543,45.3688202200427]],[[10.6210783453045,45.3704673465378],[10.6218575728118,45.371648752552],[10.6203143513439,45.3721574678636]],[[10.6218575728118,45.371648752552],[10.6218784383673,45.371642273917]],[[10.6222968352751,45.3692507129213],[10.622622308999,45.36918482861]],[[10.6238782086235,45.3661893471156],[10.624469730547,45.366046846791]],[[10.6242899015496,45.3667647079999],[10.624195982336,45.3668033714841]],[[10.624430879072,45.3659968421419],[10.6249440938765,45.3658422644244]],[[10.6246154139126,45.3672141874318],[10.6245413579734,45.3672416187609]],[[10.6248143437145,45.3679203432824],[10.6247396530219,45.3674146491134],[10.6246870105654,45.3673186797413],[10.6246154139126,45.3672141874318],[10.6244456489553,45.3669484289075],[10.6242899015496,45.3667647079999],[10.6241584147989,45.3666096040414],[10.6238782086235,45.3661893471156],[10.6232072990732,45.3663344790245],[10.6229584522019,45.3660654460799],[10.6227805971647,45.3650802737017],[10.6220167290786,45.365120435244]],[[10.6252930153261,45.3678991587723],[10.6259152500905,45.3678485359335]],[[10.6258136545261,45.3685726316137],[10.6257991603217,45.3685808732826],[10.6257973472532,45.3685825760387],[10.6257958581732,45.3685839745187],[10.6257973563382,45.3685862807116],[10.6257936733162,45.368589365098],[10.6258630130359,45.3686217621661],[10.6256101095365,45.3690395756074]],[[10.6258284896612,45.3685885445605],[10.6258136545261,45.3685726316137],[10.6257214578866,45.3684737363967],[10.6256039717894,45.3683035873479],[10.6253270822838,45.3679997885415],[10.6252930153261,45.3678991587723],[10.6250620310731,45.3678914554603],[10.6248692707759,45.3679117836611],[10.6248143437145,45.3679203432824],[10.6247761335747,45.367926297786],[10.6244648234816,45.3680538229924],[10.6242062974847,45.3682662808335],[10.6242114104369,45.3682720722431],[10.624205041587,45.3682773935349],[10.6241945471366,45.3682861618393],[10.6240200670393,45.3683129358347]],[[10.6258630130359,45.3686217621661],[10.6258850177409,45.3685793108201],[10.6258284896612,45.3685885445605],[10.6257973472532,45.3685825760387],[10.624205041587,45.3682773935349],[10.6240719747379,45.3682518886818],[10.6213180830533,45.3687263800633],[10.6214463765075,45.3689575382937],[10.6222020777557,45.3687753499625],[10.622271946679,45.3692557509735]],[[10.6258850177409,45.3685793108201],[10.6259165015179,45.3685295028102]],[[10.6258850177409,45.3685793108201],[10.6293664547427,45.3680105660408],[10.6348821088756,45.3652327353778],[10.6363859526425,45.3652449945893],[10.6364196388239,45.364786859112],[10.6365329961996,45.3647000861811],[10.6331418477955,45.3642396751232]],[[10.6341542242383,45.3644251117299],[10.634140141729,45.3644602284289]],[[10.6348734043465,45.3645471920942],[10.6348605226637,45.3645708149977]],[[10.6360235784899,45.3632562798764],[10.6359814053741,45.3627818345937]],[[10.6365329961996,45.3647000861811],[10.6360235784899,45.3632562798764],[10.6334334212954,45.3630908810261]],[[10.6363859526425,45.3652449945893],[10.6392320037658,45.364616482367],[10.6391019602549,45.3639913980252],[10.6385711337109,45.3640380945518],[10.6386761493611,45.3646032208054],[10.637747924407,45.3647103250792]],[[10.6385711337109,45.3640380945518],[10.6386063348779,45.3635041045964],[10.6398194235946,45.3632733616001],[10.6396523783132,45.362947893245]],[[10.6391019602549,45.3639913980252],[10.6407750670101,45.3637641631875],[10.6407732327693,45.364467596346]],[[10.6392320037658,45.364616482367],[10.6407223385454,45.3645221324547],[10.6416323286921,45.3642139136873],[10.6417862543208,45.3648008314358]],[[10.6407750670101,45.3637641631875],[10.6416043204106,45.3636858118547],[10.6412845356046,45.3629791861578]],[[10.6416043204106,45.3636858118547],[10.6416323286921,45.3642139136873],[10.6436991020259,45.3639412518671],[10.6439019091377,45.3645342058541],[10.6442856161782,45.3647191872516],[10.6444769677336,45.3650095178358]],[[10.6417383749028,45.3645969413817],[10.6434206952692,45.3643865386287]],[[10.6436991020259,45.3639412518671],[10.6445502999844,45.3639533515668],[10.6445805707579,45.3637067232065]],[[10.6445502999844,45.3639533515668],[10.6452065040974,45.3639292447406],[10.6456103958438,45.3640934148526],[10.6463622622315,45.3639272413607],[10.646103638046,45.3634678936808]],[[10.6463622622315,45.3639272413607],[10.6465565968608,45.3643201056479],[10.6472724210279,45.3642013396609],[10.6473867832369,45.363557831079],[10.6494123984349,45.3618492229187],[10.648554812008,45.3616886690439],[10.6472161677002,45.3628363694237]],[[10.6494123984349,45.3618492229187],[10.6494680450522,45.3616403106206],[10.6500464844376,45.3612304253082]]]}},{"type":"Feature","properties":{"NOME_COMPL":"Condotta FORESTO - BASSO","COMUNI":"Cavriana, Volta Mantovana, Solferino"},"geometry":{"type":"MultiLineString","coordinates":[[[10.5424867027875,45.3648013799401],[10.5432767623242,45.3664293910819],[10.5458690928686,45.3660822154875],[10.5481479158715,45.3652924482939],[10.5482430853404,45.3651441255192],[10.5480919601026,45.3643021283346],[10.5472985621071,45.3643914400517]],[[10.5428576366032,45.3646751168089],[10.5422921174692,45.3647875638589],[10.5416418002119,45.3635659437198],[10.5401391454171,45.3639793978394]],[[10.5428848608913,45.364746073724],[10.5428630052449,45.3647099544453]],[[10.5446134422385,45.3642846526178],[10.5428630052449,45.3647099544453]],[[10.5459039450468,45.3660735243003],[10.548077243493,45.3653496225814],[10.5496588598987,45.3656986463666]],[[10.5480919601026,45.3643021283346],[10.5481312611941,45.3641585368643],[10.5477055866234,45.3631158374331],[10.5457014285102,45.3633576060063]],[[10.5477055866234,45.3631158374331],[10.5482915378935,45.3630196213417],[10.5485626893021,45.3627651503334],[10.5491946185415,45.3625110832216],[10.5493743180436,45.3628530457699]],[[10.548077243493,45.3653496225814],[10.5527780783569,45.3637329252668],[10.5522652078545,45.3631688164536],[10.5513893251938,45.3636818368134],[10.5515963760716,45.3639239307306]],[[10.5480919601026,45.3643021283346],[10.5489019524007,45.3642252707274]],[[10.5494216436676,45.3628338254703],[10.5495699575627,45.3630446683958]],[[10.5514644228277,45.3636378513889],[10.5513229972154,45.3636017301921],[10.5506747314566,45.362860742743],[10.5502193678475,45.3630176374679],[10.5494496089597,45.3618553565273]],[[10.5510048901607,45.3644015696466],[10.550843424451,45.3644646582144]],[[10.5513402627971,45.3648518913252],[10.5515771302735,45.3651286566765],[10.5519244946623,45.3651989218498],[10.5524642278802,45.3656093869119],[10.5508405668863,45.3661309181116]],[[10.5513968833004,45.3636774099611],[10.5513376547648,45.3636509000487]],[[10.5519244946623,45.3651989218498],[10.5539519539436,45.3646767257013],[10.5536329473275,45.3634916041229],[10.5527994120447,45.3637320735453]],[[10.5524642278802,45.3656093869119],[10.5528161508307,45.366082955464]],[[10.5528372125301,45.3660550385333],[10.5539748890208,45.36579732421],[10.5554222479154,45.3669715069302],[10.5559608437882,45.3660675499372],[10.5577905000002,45.3660917428165],[10.5577043502555,45.3670975726915]],[[10.5527780783569,45.3637329252668],[10.5532292422426,45.3635764327157],[10.5552399345942,45.363117967718],[10.5577024046739,45.3626283721451],[10.5566551076331,45.3616045288721],[10.5563889160791,45.3617381115299],[10.5559555128689,45.3613521663741],[10.5554457875001,45.3611280187476],[10.5548166385487,45.3603595822109],[10.5532136415494,45.36080674003]],[[10.5528496201252,45.3660761063179],[10.5531430675534,45.3665743675758]],[[10.5527964188606,45.3637268101451],[10.5510048901607,45.3644015696466],[10.5513212268719,45.3648601306677]],[[10.5536329473275,45.3634916041229],[10.5537149380068,45.3634750899018]],[[10.5553971524969,45.3610686173035],[10.5547132208901,45.3612275555852]],[[10.555118264268,45.3643603029537],[10.5548328177731,45.3637427936895]],[[10.5553875024141,45.3657221943223],[10.5553235640271,45.3660254678379],[10.5559608437882,45.3660675499372]],[[10.5553891160558,45.365714540433],[10.5554101842767,45.3657146389087]],[[10.5554132599706,45.365600019823],[10.5555746793051,45.3654638897028]],[[10.5563889160791,45.3617381115299],[10.5554765739399,45.3619046039089]],[[10.5561643921494,45.3640820340725],[10.555118264268,45.3643603029537],[10.5553014569327,45.3647259827036]],[[10.5565521401644,45.3628656208286],[10.5565463943849,45.3628660782305]],[[10.5565489337801,45.3628577162653],[10.5566138052193,45.36301764061],[10.5567293193156,45.3632831088248],[10.5567110705664,45.3632867367369]],[[10.5565534477138,45.362868844274],[10.5565596363514,45.3628676580225]],[[10.5566551076331,45.3616045288721],[10.5569843213866,45.3614286056053],[10.558228802495,45.3615196060765],[10.5569264821089,45.3599678705629],[10.5548166385487,45.3603595822109]],[[10.5567293193156,45.3632831088248],[10.5568305563787,45.3639048287268],[10.5561643921494,45.3640820340725],[10.5568161530789,45.3651913887235],[10.5554132599706,45.365600019823],[10.5553709118587,45.3657215319902]],[[10.5567321852685,45.3632950380549],[10.5567464290653,45.3632926377132]],[[10.5568161530789,45.3651913887235],[10.5576493480663,45.365168723131],[10.5578807159367,45.3653219306055],[10.5580235293913,45.3660945789641],[10.5585642609646,45.3661554390726]],[[10.5577905000002,45.3660917428165],[10.5580235293913,45.3660945789641]],[[10.5577024046739,45.3626283721451],[10.5583513978644,45.3633991589817],[10.5593195459313,45.3636204884474],[10.5595632247685,45.3638813777362],[10.5590152591656,45.3641445996307],[10.5589437193924,45.3646047769786],[10.5586719199145,45.3649984545438],[10.558689816327,45.3655040373942],[10.5593640857932,45.3656424825036],[10.5588995079019,45.3660248457656]],[[10.5577221753931,45.3626244410243],[10.560537360846,45.3619516840147],[10.5614017890292,45.3614211922787],[10.5615715326068,45.3616270271153],[10.5611931604934,45.3617640737754]],[[10.5577300897293,45.3626348013585],[10.560490809695,45.3619833135643]],[[10.558228802495,45.3615196060765],[10.558898847841,45.3612380627591]],[[10.5588535488076,45.3647023706115],[10.5587800514861,45.3647163639116]],[[10.5589530468115,45.3660447788918],[10.5603750290952,45.3663814142201],[10.5601998950352,45.3666548238022],[10.5600336704869,45.3669652265644],[10.5599235501267,45.3671839421505],[10.5597968494559,45.367537755984]],[[10.5595907969555,45.3622263676497],[10.5602694538458,45.3629695775004],[10.5612472272313,45.3644878245266],[10.5608718175231,45.3659963086954],[10.560581816752,45.3659465811396],[10.560043838676,45.3657716647044],[10.5593496729855,45.3656751765893]],[[10.5600336704869,45.3669652265644],[10.5610046382758,45.3675985654508],[10.5609301632302,45.3678058704563]],[[10.5606252435968,45.3659540277616],[10.5606231105272,45.3658964816452]],[[10.5610340283327,45.3571117300828],[10.5604595105606,45.3559803426948]],[[10.5613974963018,45.3614159867988],[10.5675484684818,45.358781207687],[10.5694786960477,45.3567766395435],[10.5700810257049,45.3570768642992],[10.5685372186124,45.3580448344536]],[[10.5615715326068,45.3616270271153],[10.562331896054,45.3625290769398],[10.5635136141012,45.3635693343035],[10.5636508334365,45.3636352758396],[10.5637189242924,45.3636494146454],[10.5637706477536,45.363660433639],[10.5638407893788,45.3636753763322],[10.5639939502897,45.3636732787209],[10.5651669110593,45.3632221458244],[10.5661034878748,45.3637087868377],[10.5659862350708,45.3637542948239]],[[10.5615715326068,45.3616270271153],[10.5618263273032,45.3615233150313]],[[10.5642802637806,45.3601252314936],[10.5619299679869,45.3569502415469],[10.5599972204497,45.3572985995131]],[[10.5619299679869,45.3569502415469],[10.5634229329784,45.3567113711746],[10.5644816772119,45.3563452089604],[10.563862292104,45.3554594672678]],[[10.5637471360025,45.3636554247775],[10.5633621514498,45.3642797545615],[10.5634217018059,45.3643718783448]],[[10.5637706477535,45.363660433639],[10.5638528261152,45.3638535540649]],[[10.5659210117214,45.3593820825925],[10.5644107849807,45.357335066233],[10.5660960400087,45.3565855704494]],[[10.5689758808715,45.355384040993],[10.5681181563663,45.3557815430172]],[[10.5705917150038,45.3553770037531],[10.5705415463322,45.3553476527087],[10.5704635639618,45.3553122542048],[10.5702452278089,45.3553548448797],[10.5695110390532,45.3558228314215],[10.5690448002439,45.3554535047268],[10.5689758808715,45.355384040993],[10.5686077748167,45.3550130237878],[10.5681958875451,45.3546117578946],[10.5677924014926,45.3541274833963],[10.5688086973349,45.3536783439296],[10.5690793824213,45.3538046141724],[10.5701625015159,45.3532603492143],[10.5701391485452,45.3533987534849],[10.5710900606116,45.3543373596924],[10.5716202270557,45.3546993092803]],[[10.5694769849135,45.3567756079962],[10.5694956393249,45.3567590429531],[10.5703279942137,45.3556221922145],[10.570569882665,45.3553885029675],[10.5709086346306,45.3552100794344],[10.5714182581687,45.3549700857462],[10.5741369924094,45.353744281733],[10.5731225893563,45.3545712737605]],[[10.5694956393249,45.3567590429531],[10.5687439651451,45.3564603652351]],[[10.5700810257049,45.3570768642992],[10.5703059184879,45.3570926109335],[10.5710168709241,45.3565195451691]],[[10.5701625015159,45.3532603492143],[10.5696106923662,45.3526026120987],[10.5705421960318,45.3520839761444],[10.5702149563641,45.3516999211732]],[[10.5702426034378,45.3515703646749],[10.571568026537,45.3509939459493],[10.5712482756502,45.3506391483194]],[[10.5705421960318,45.3520839761444],[10.5708360608959,45.3524204497181]],[[10.5710109777673,45.3579408686693],[10.5713918466212,45.3582649239682]],[[10.5709735092862,45.3542223188074],[10.5720063588376,45.353719388235],[10.5722602908741,45.3540122930422]],[[10.5715253856745,45.3571150599006],[10.5715100298694,45.3572252673897]],[[10.571568026537,45.3509939459493],[10.5722189283191,45.3516484342994]],[[10.5719433627712,45.3573097802856],[10.5727004197824,45.3569828106719],[10.572606273768,45.3567674584544]],[[10.5719821908627,45.3573278687393],[10.5705508133319,45.3581936026352]],[[10.5740749959434,45.3572009046811],[10.5723698724968,45.3575902114495],[10.57238512711,45.3574656638386],[10.5721254254936,45.3572544746773],[10.5719821908627,45.3573278687393],[10.5715253856745,45.3571150599006],[10.5713226604994,45.3570206165423]],[[10.5727004197824,45.3569828106719],[10.5727372832747,45.3570595429704]],[[10.5735491567423,45.3530755369273],[10.5744873970196,45.3523608325156],[10.5735530577549,45.3515175468577],[10.5740666162793,45.3509000634995]],[[10.5741630086178,45.353718102534],[10.5735491567423,45.3530755369273],[10.5721600988157,45.3537149449061],[10.5699766724114,45.3512896301294],[10.5697476430046,45.3508657604205]],[[10.57417265611,45.353728201155],[10.5746954688632,45.3534705121041],[10.5755077767826,45.3525313503661],[10.5765586994298,45.3535041658423],[10.5753834008539,45.3543118119922],[10.5758293779924,45.3546748074672]],[[10.5744873970196,45.3523608325156],[10.5747817079321,45.3524716922723]],[[10.5755077767826,45.3525313503661],[10.5769428869436,45.3510316275631],[10.5768139581144,45.3509659631796],[10.5767974254409,45.3509822288346],[10.5760090008482,45.3503388979711],[10.5757040653659,45.3500900742818]],[[10.5755422757195,45.3525587004862],[10.576231250396,45.3518617841167],[10.577469091844,45.352549123617],[10.5788311815767,45.3529419254847],[10.578815313973,45.3523713846816],[10.5791237287742,45.351666930938],[10.578990428714,45.3514184035528]],[[10.5760090008482,45.3503388979711],[10.5754927907939,45.350692489755],[10.5752605177637,45.3505382834944],[10.5746999690503,45.3505359673728],[10.5742763981837,45.3501633521377]],[[10.5765586994298,45.3535041658423],[10.5774766226998,45.3542114085301],[10.5776622436591,45.3538385043242],[10.5790676009438,45.3534251570423],[10.5788311815767,45.3529419254847]],[[10.5767974254409,45.3509822288346],[10.5763729035847,45.3513998902935]],[[10.5768139581144,45.3509659631796],[10.578284017382,45.3496968168225]],[[10.5769428869436,45.3510316275631],[10.5774736309339,45.3505029114804],[10.5784291551976,45.349727547452],[10.5790567867039,45.350080042754],[10.5793504066213,45.3503728291047],[10.579664049178,45.3503756517756],[10.5810401688852,45.3528749507418],[10.5815747759858,45.3528643648667],[10.5818208815335,45.3531107961602]],[[10.5784365175054,45.3497323886805],[10.5776945874163,45.3503459110676],[10.578098573284,45.3505422635697],[10.5782159547627,45.350419244025]],[[10.5784291551976,45.349727547452],[10.5789923955694,45.3490270381098],[10.5799685202535,45.3489439664216],[10.5819693511541,45.3479868451075],[10.5823070764924,45.3476019670305],[10.5825617047912,45.3465654531621],[10.5829365375446,45.3462908197039],[10.5840550683026,45.3461284597188],[10.5843350931405,45.3465408072909],[10.5848525984538,45.3477927814826],[10.5849772345944,45.3483336163575],[10.5869913863801,45.3483225970848]],[[10.5790676009438,45.3534251570423],[10.5804680512736,45.3530132299428]],[[10.5791237287742,45.351666930938],[10.579020274438,45.3516259258313]],[[10.5799821270212,45.3508557603803],[10.5807167839673,45.3506533874992],[10.5811436738233,45.3507871173929],[10.5814815358997,45.3505807364212]],[[10.5827065567,45.3475207748222],[10.5825162528408,45.3474424369486],[10.5825218717455,45.3468771873667]],[[10.5835376257435,45.348157663048],[10.5834073102952,45.3477958763681],[10.5832320795778,45.3478193429905],[10.5827065567,45.3475207748222],[10.5819579369687,45.3481158196472],[10.5812889230431,45.3483963683475]],[[10.5833523113662,45.3489710310643],[10.5823766949073,45.3492491522514]],[[10.5838535241384,45.3484678940867],[10.5834483425789,45.348165494816],[10.5819332558795,45.3487642249939]],[[10.5838535241384,45.3484678940867],[10.5839801226271,45.348792053674],[10.5833523113662,45.3489710310643],[10.5835353060948,45.3494554965839]],[[10.5838535241384,45.3484678940867],[10.5849772345944,45.3483336163575],[10.5839801226271,45.348792053674]],[[10.5840550683026,45.3461284597188],[10.5856359222306,45.3459577585741],[10.5861114408375,45.3457518985609],[10.5859660839496,45.3463949712205]],[[10.5848945970547,45.3479750276812],[10.5847200395341,45.3479331929103]],[[10.5849788965183,45.3483499558034],[10.5851335908934,45.348347799353],[10.5851404359778,45.3484494352219]],[[10.5865260245138,45.3455947749461],[10.5861114408375,45.3457518985609],[10.5868518368786,45.3455038824147]],[[10.5865180991864,45.3455758465776],[10.5866074584134,45.3455371605244],[10.5908524027004,45.3445453206034],[10.5910005735094,45.3441628751307]],[[10.5867306157349,45.3483240257436],[10.5867172423747,45.3482642378643]],[[10.5874432409788,45.3453436932542],[10.5876260271077,45.3469323531792],[10.5876970766623,45.3468777279815]],[[10.5876940458214,45.346917001941],[10.587984806124,45.3477757940808],[10.5881383935526,45.3479477133301],[10.5886956683417,45.3487704988552],[10.5893628352254,45.3494113387259],[10.5895300312055,45.3495614655176],[10.5895940706904,45.3496187347324],[10.5897374753489,45.3497486705927],[10.5900245678622,45.3499783364712],[10.5901361370435,45.3500983830657],[10.590779106036,45.3505583434038],[10.5907450901877,45.3505914029359]],[[10.5877085657182,45.3469142571154],[10.5885079655784,45.3467750516698]],[[10.5885990958366,45.3486320527859],[10.5885435217835,45.3486502205494]],[[10.5885185871159,45.3468083136706],[10.5889863856822,45.3467830888222],[10.58938092226,45.3470266268704],[10.5894909097668,45.347036752601],[10.5896965345865,45.3470275320045],[10.5898867813045,45.3470058087856],[10.5900515496561,45.3469865594219],[10.5901780021479,45.3469943358272],[10.5907174971808,45.3486569040132],[10.590214281079,45.3491481942996],[10.5895300312055,45.3495614655176]],[[10.5908071054787,45.3445841213055],[10.589166021401,45.344961473905]],[[10.5893980543691,45.3494429624034],[10.5893475136986,45.3494679808222]],[[10.589723255535,45.3470244809075],[10.589705987782,45.3463362227921]],[[10.5904906312878,45.3503699925943],[10.5904488749187,45.3503984254809]],[[10.5906608604122,45.3463108391726],[10.5905664338733,45.3462980516271]],[[10.5908455829033,45.34456292314],[10.5908524027004,45.3445453206034],[10.5931428384634,45.3440138740202],[10.5928195781504,45.343005233246]],[[10.591239122856,45.3457951976782],[10.5914091833806,45.3457504398691]],[[10.5931283337757,45.3440431779549],[10.5932627013954,45.3445702296283],[10.5929158070394,45.3452214846439],[10.5928923114534,45.3456160197995]],[[10.5931520463378,45.3440376769251],[10.5931428384634,45.3440138740202],[10.5945285839224,45.3435443811848],[10.5956454344556,45.3433211668714],[10.5975154539892,45.3434143286871],[10.5977342163718,45.3436590762846],[10.6003144503516,45.3431853993484],[10.6017590222624,45.342750685628],[10.605355613475,45.342109657303],[10.6055414999574,45.3421171810738],[10.6059083363712,45.3421320279133],[10.6061295818607,45.3421464993377],[10.6075425205148,45.342557070789],[10.6065443562128,45.3428516366289],[10.6048965463089,45.3439770517014],[10.6054198651506,45.343120577796],[10.6055461158696,45.3424387490194],[10.605544065084,45.3422421804936],[10.6055414999574,45.3421171810738],[10.605539423076,45.3420159733203],[10.6053467049193,45.3420211557596]],[[10.5932320772387,45.3439895524022],[10.5932524486858,45.3440143847196],[10.5932373496998,45.3440178875198],[10.5921103001128,45.3442793439218],[10.5908051192092,45.3445719957711],[10.5908887186108,45.3450349785668],[10.5909322836977,45.3454635490334],[10.59124308889,45.3458830972821],[10.5906788906243,45.3462726299723],[10.5906608604122,45.3463108391726],[10.5906419029493,45.3463510133242],[10.5905868300554,45.3464196010798],[10.5905706440223,45.3464775996558],[10.5905949783583,45.3466161006424],[10.5929705314794,45.3476779474062],[10.5943043053646,45.3478904818566]],[[10.5932373496998,45.3440178875198],[10.5935160163747,45.3443865463386],[10.5934571572899,45.3448059481966]],[[10.6030024093889,45.3435699907964],[10.6031421560292,45.3439241297301],[10.6026161605566,45.3440489769258],[10.6025845591749,45.3443447155113],[10.6029895434693,45.3448085823594],[10.6028013037335,45.3449193381448]],[[10.6050283485422,45.3436455799955],[10.6041308201529,45.3434811932897],[10.6030024093889,45.3435699907964],[10.60262151307,45.3433688482033],[10.6017161688512,45.3435336356071],[10.6007618170045,45.3438882813875],[10.6007435417507,45.344981569044],[10.6008544574403,45.3453707357522]],[[10.605539423076,45.3420159733203],[10.6069554951701,45.3421184637905],[10.607628816242,45.3414388241994]],[[10.6073621846112,45.3440169764095],[10.6076052353218,45.3434120406836]],[[10.6086474907592,45.3449489991386],[10.6075790529252,45.3446415006959]],[[10.6076183272747,45.3457357562933],[10.608247330119,45.3455197163884],[10.6088466792614,45.3446649077273],[10.6089095104368,45.3445784102172],[10.6073621846112,45.3440169764095],[10.6073074829377,45.3441227296698]],[[10.6075425205148,45.342557070789],[10.6091527399315,45.3429199728606],[10.6092477464492,45.3431616580243],[10.6102455597523,45.3438691280923],[10.611092813231,45.3444258907606],[10.6111652527942,45.3444734927576],[10.6112419017679,45.3445238607331],[10.6121235468483,45.3452424811243],[10.6105170496847,45.345340337291],[10.6096114274748,45.3457206339169],[10.6095437700437,45.3459480262686]],[[10.6081396929606,45.3442591762318],[10.6088439642038,45.3431948640218],[10.6091832359603,45.3433131732195]],[[10.6104731066935,45.3453587904891],[10.6102951829188,45.345238459543],[10.6097989898026,45.3450177717807],[10.6088466792614,45.3446649077273]],[[10.6097989898026,45.3450177717807],[10.6098567255829,45.344941460116]],[[10.6105170496847,45.345340337291],[10.6105869746506,45.3453672204318]],[[10.611092813231,45.3444258907606],[10.6112203030903,45.3443519470749],[10.6122046525502,45.3451481332568],[10.6139531911311,45.3440101485099],[10.6139617796719,45.3438423593953],[10.6136026012976,45.3437061424661],[10.613589496398,45.3433389657607],[10.6134661638413,45.3433669333442],[10.6134521750784,45.3433589487035],[10.6134330169106,45.3433480134135],[10.613374046236,45.3433514230449]],[[10.6111462732726,45.3444610208128],[10.61101022453,45.344590574217],[10.6104646134995,45.3443479169698],[10.6100644694149,45.3444656227035]],[[10.6111587856691,45.3444775539341],[10.6111652527942,45.3444734927576],[10.6112642412531,45.3444113306147]],[[10.6116414186468,45.3420006442839],[10.6113476380086,45.34179237314]],[[10.6120906043332,45.3452571689051],[10.6132159596284,45.3460912919174],[10.612763875919,45.3464373358519],[10.6129253369165,45.3470777927129],[10.6125471677214,45.3473304743805],[10.6123273085112,45.347243003501],[10.611986648399,45.3468158377913]],[[10.6121235468484,45.3452424811243],[10.6141572793363,45.3467265747105],[10.6155655548533,45.3467609787245],[10.6144048277332,45.3471300303288]],[[10.6125649628306,45.3420429965472],[10.6125922213166,45.34199875738],[10.6125800605666,45.3419710163905],[10.6125944505141,45.3419533088539],[10.6126024473599,45.3419434683371],[10.6126296598035,45.341937996457],[10.6128716394139,45.341625855435],[10.6134098979516,45.3410782583541],[10.6134135214564,45.3410657571429],[10.6134218303956,45.3410370910082],[10.6134756800142,45.3409733421059],[10.6137176089871,45.3407652028626],[10.613037797171,45.3404375883966]],[[10.613589496398,45.3433389657607],[10.6135433166001,45.3430379711001],[10.6135273195922,45.3430185901758],[10.613513254035,45.3430155699407],[10.6134887419253,45.3430103065584],[10.6132304066877,45.3427355373893],[10.6128648686144,45.3422810276055],[10.6126268269739,45.3420828114724],[10.612517981738,45.3420127600913],[10.6121982317184,45.341853375022],[10.6119395311385,45.3418683306819],[10.6116414186468,45.3420006442839],[10.6106976721994,45.3427279611411],[10.6107215996063,45.3430064419102],[10.6111304386276,45.3433868751854],[10.6108182195545,45.3440581830416],[10.6112203030903,45.3443519470749],[10.6122527474302,45.3437803042593],[10.6134521750784,45.3433589487035],[10.6135532431185,45.3433234429299],[10.613513254035,45.3430155699407],[10.6134906437646,45.3428414934942],[10.6125944505141,45.3419533088539],[10.6125201598408,45.3418796804662],[10.6134135214564,45.3410657571429],[10.6138549252104,45.3406635922364],[10.6130223904083,45.3402652617438]],[[10.6145178014693,45.3458049667663],[10.6157629337793,45.3437661412156]],[[10.6156410919899,45.3467375023443],[10.616475770258,45.3463680168717],[10.6164707738259,45.3463610392617],[10.6156410919899,45.3467375023443],[10.6145178014693,45.3458049667663],[10.6141193584106,45.346346076295],[10.6131548490365,45.3456300082665]],[[10.6165174498087,45.346365197878],[10.6183949564386,45.34543503462],[10.6194670276037,45.3450817493857],[10.6183294505985,45.3454098562877],[10.6171888714895,45.3459840464758]],[[10.616536085709,45.3463868281403],[10.6172448188982,45.3472094236901],[10.6157319177148,45.347813953716],[10.6143714645895,45.3481475467823]],[[10.6180276639384,45.3455617839097],[10.6170100227214,45.3446872258606],[10.6162946092503,45.3451324665407]],[[10.6170100227214,45.3446872258606],[10.6183454503969,45.3436980072269]],[[10.6172448188982,45.3472094236901],[10.6177639656657,45.3469545611337]],[[10.6194670276037,45.3450817493857],[10.6204829623295,45.3447726587931],[10.622055910515,45.3447769652291],[10.6240198229114,45.3451920089993],[10.6249174427709,45.3452947445733],[10.6250615194885,45.3453032962625],[10.6251143879748,45.3453064342309],[10.6250841374219,45.3456676137612],[10.6238135809617,45.345991463337]],[[10.6250841374219,45.3456676137612],[10.6259766906077,45.347393589834],[10.6249855212084,45.3476774471164]],[[10.6250615194885,45.3453032962625],[10.627954779757,45.3453443690755],[10.6290408627936,45.3446988947136],[10.6303730178315,45.344135100231],[10.6307735929444,45.3435140900263],[10.6305050334549,45.3434125163967],[10.6303216145963,45.3433353251725]],[[10.6251158010426,45.345289562671],[10.6257227746666,45.3452777846985],[10.625448836402,45.3441811022268],[10.6262726825561,45.344053765667]],[[10.6257227746666,45.3452777846985],[10.6270702057692,45.3451874577627],[10.6285162007873,45.3447044193847],[10.6292082457824,45.3443367184698]],[[10.6284577706407,45.347597465104],[10.6278533875006,45.3475524083241],[10.6277961136762,45.348209703259]],[[10.6280925381162,45.3452624987254],[10.6281984156632,45.3455181857755],[10.6271165029957,45.3455398006563],[10.6269999852375,45.3461731667968],[10.6267012600511,45.3461691651475]],[[10.6281984156632,45.3455181857755],[10.6287160521835,45.345578928858],[10.6293994105969,45.3459283851434],[10.628565239255,45.3472614999821],[10.6284577706407,45.347597465104],[10.6283199710671,45.3478967034677],[10.6277890204699,45.3510937671214]],[[10.628665327934,45.3431184013679],[10.6295643880899,45.3422635120652],[10.6299522367703,45.3424654123774],[10.6299642888033,45.3437098555561],[10.6300913994214,45.3442523163821]],[[10.6293994105969,45.3459283851434],[10.6299614592378,45.3455530728007],[10.6303360719591,45.3448355073357],[10.6305299292684,45.344768043009]],[[10.6295643880899,45.3422635120652],[10.6305838269983,45.3410051183576],[10.6309398110164,45.3391688755197],[10.6308269815207,45.3380768779441],[10.6311912908077,45.337024506312],[10.6313023416341,45.3370488648213]],[[10.6300487264046,45.3453859154432],[10.63059398937,45.3455595251229]],[[10.6305275127803,45.3545850789758],[10.6304057302783,45.3545214415085]],[[10.6303730178315,45.344135100231],[10.6309251736033,45.3439052767238],[10.632990255594,45.3437313516571],[10.633644223116,45.3434690111822],[10.6341250300464,45.3435215314877],[10.6349176601128,45.3436081087312],[10.6358735925784,45.3443802906046],[10.6358590140346,45.3445542831898],[10.6354232964067,45.3449230139628],[10.635179832836,45.3450874422006],[10.6340966643916,45.3448908739875]],[[10.630393476565,45.3441033834838],[10.6305792041706,45.344027856536]],[[10.6305050334549,45.3434125163967],[10.6315171317181,45.3422401589751],[10.6315145854543,45.3420492833895],[10.6311745715119,45.3418542885217]],[[10.6308575136262,45.3518842712765],[10.6320906222178,45.3519777622275]],[[10.6311912908077,45.337024506312],[10.6316864634553,45.335882732889],[10.6330315210548,45.3341378836485],[10.6311410180517,45.3335416829701],[10.6316712603477,45.3329556438511],[10.6320167641472,45.3322216328823]],[[10.6321381266793,45.3538109519383],[10.6316807864798,45.3533929814971],[10.6313576118184,45.3536764168044]],[[10.6316807864798,45.3533929814971],[10.6318648341182,45.3532270797307]],[[10.6315145854543,45.3420492833895],[10.6326130629777,45.3428202774623]],[[10.6315145854543,45.3420492833895],[10.6317763176491,45.3415503504206],[10.6337043760872,45.3419407219997]],[[10.6318226941329,45.3509455988649],[10.633495021211,45.3488946059502]],[[10.6315970192138,45.34064570596],[10.6318530860412,45.340094152854],[10.6324426292143,45.3401318104036],[10.6341494311403,45.3405027308771]],[[10.6317763176491,45.3415503504206],[10.6323845918216,45.3403032088373],[10.6324426292143,45.3401318104036],[10.6328765064043,45.3388504338696],[10.6328819933169,45.3388387188461],[10.6346608753771,45.3393467893344]],[[10.6327611626283,45.3511598860783],[10.6328555129336,45.3513997641799],[10.6331410375078,45.3515832341354],[10.6341317056801,45.3516762344592],[10.6340601536537,45.3531508904631],[10.6337134435701,45.3531525022418],[10.6337029427855,45.3532208916803],[10.6330288776843,45.3534570520089],[10.633384727305,45.3540012985153]],[[10.6330288776843,45.3534570520089],[10.6321381266793,45.3538109519383],[10.6303283660664,45.3546807940259],[10.6306098365059,45.3550535557736]],[[10.6333586416128,45.3533260322524],[10.6331320829795,45.3524638783435]],[[10.6328819933169,45.3388387188461],[10.6339290760043,45.3366030177668],[10.6339923323897,45.3365090733751],[10.6338952125642,45.3363429924668]],[[10.6330315210548,45.3341378836485],[10.6334786671047,45.3330206721014],[10.6333707730675,45.3323119517526],[10.6342580402153,45.330722423109],[10.6341383972747,45.3303235687433],[10.6337623266635,45.3299410998088]],[[10.6341646545546,45.3529480720974],[10.6342293157295,45.3521661505162],[10.6356256426794,45.3522445508563],[10.6355111447765,45.3539670023584]],[[10.6341250300464,45.3435215314877],[10.6342454398869,45.3431842530753],[10.6350267217642,45.3424822532259],[10.6366903638816,45.3418408725783],[10.636429509139,45.3415445599063],[10.6366108180051,45.3411407300472],[10.6359543470399,45.3408500857728],[10.6356160846973,45.340614192648],[10.6356990953746,45.3402327059604]],[[10.6339290760043,45.3366030177668],[10.6357353870581,45.3381727793776]],[[10.6354232964067,45.3449230139628],[10.635012251207,45.3446121582951],[10.6345350174879,45.3445344962566],[10.6344778164555,45.3446781506969]],[[10.6349176601128,45.3436081087312],[10.6351427872062,45.3436351946169],[10.6348674551037,45.3431145864951]],[[10.6350190356639,45.3430850895545],[10.637628170682,45.3422381306137],[10.6374358693889,45.3416662670099]],[[10.6350859885105,45.3436652108638],[10.6352123563343,45.3436881436309],[10.6352681957111,45.3435284886471],[10.6352093165553,45.3433624294101],[10.6350190356639,45.3430850895545],[10.6350116826954,45.3430743723296],[10.634986172318,45.3430103609473],[10.6349831016995,45.3427862787894]],[[10.6351648133102,45.3437102833331],[10.6356605035223,45.3441189498426]],[[10.6355249290197,45.3537596432111],[10.6368497856627,45.3536062067274]],[[10.6356256426794,45.3522445508563],[10.6359668868643,45.351998522606],[10.635856177772,45.3518929354152],[10.6358079886978,45.350879945342],[10.6354922856524,45.3508650702545]],[[10.6358310935755,45.3445770922772],[10.6354850468419,45.3443871105378]],[[10.6359668868643,45.351998522606],[10.6371947492999,45.3510922796662],[10.6370878041562,45.3503000445646]],[[10.6358590140346,45.3445542831898],[10.6365049245969,45.3447486011159],[10.637077179055,45.3451698631275]],[[10.6362313466598,45.3539075228212],[10.6363937656754,45.3546580271455]],[[10.6359543470399,45.3408500857728],[10.6374836569743,45.3400705287584],[10.6364695669589,45.3391575309818]],[[10.6363552541391,45.3410275831673],[10.6362087435625,45.3410941575731]],[[10.6371322900897,45.3483779543711],[10.6366864952377,45.3481130624503],[10.6363846844602,45.3476526911422],[10.6363244317855,45.3465508414469],[10.6365025004377,45.3465440284009],[10.6365721742492,45.3463714597517]],[[10.6365025004377,45.3465440284009],[10.6365343672514,45.3465428091222]],[[10.6370437607161,45.3451519615824],[10.6372964089213,45.345537650327],[10.6377939799416,45.3459187818281],[10.6387445089312,45.3462437494724],[10.6402101081579,45.3464461861635],[10.6410755832477,45.3463750596084],[10.6420294496977,45.346665002491],[10.6437357335699,45.3467441923733],[10.6434433969464,45.3477552366922],[10.6425864579621,45.3477135299451],[10.6425581268927,45.3477121509765],[10.6419161162342,45.3476604841058],[10.6416876831365,45.3483720624579]],[[10.6372032456041,45.3501612750342],[10.6372034343156,45.3501678266177]],[[10.6374463763655,45.3537390037059],[10.6363861250044,45.3538739301669],[10.6333359456539,45.3544727237715]],[[10.6374836569743,45.3400705287584],[10.6384262709223,45.3395900159818],[10.6376095069351,45.3387155340742]],[[10.6377887712581,45.3501179805112],[10.6377930694609,45.3501479462256]],[[10.6384538439498,45.353652173734],[10.6384450198067,45.3535308385605],[10.6379017065954,45.3535780537245]],[[10.637628170682,45.3422381306137],[10.637743019781,45.3427389184892]],[[10.637628170682,45.3422381306137],[10.638732187958,45.3421269304115],[10.6388864021427,45.3414545180669],[10.6382433992067,45.3412481501808],[10.6382304993031,45.3410099482479],[10.6379120446931,45.3407041930505]],[[10.637763721037,45.3427178193142],[10.6378024103432,45.3427148055692]],[[10.6377703368493,45.3427348297891],[10.6379463141027,45.3431872957523]],[[10.6381137051487,45.3500937178076],[10.6381885940946,45.3501159112832],[10.6381973786221,45.3501269769987],[10.6382096057476,45.3501345908325],[10.63822431648,45.3501437512044],[10.6393866694826,45.3501814188479]],[[10.6381593852808,45.3491804696341],[10.6381137051487,45.3500937178076],[10.6348487566471,45.3502658402234]],[[10.6381818208293,45.3502238022991],[10.6382096057476,45.3501345908325],[10.6382136236165,45.3501216902866],[10.6382514118886,45.3497871212525],[10.6382492933058,45.349179058487],[10.6381593852808,45.3491804696341],[10.638154655113,45.3484202017066],[10.6352784336522,45.3483266501166],[10.6347311003089,45.3487414107376]],[[10.6382492933058,45.349179058487],[10.6382556265097,45.3477109966132],[10.6385450208875,45.3473056129679],[10.6387445089312,45.3462437494724]],[[10.6390803296176,45.3521105896936],[10.6393776957878,45.3518517819759],[10.6392067199584,45.3510232250871],[10.6385573770253,45.3510124531227],[10.6381818208293,45.3502238022991],[10.6336232435516,45.3502907913928],[10.6326112192524,45.3512764772128],[10.6318226941329,45.3509455988649],[10.6311241094589,45.3515534057217],[10.6310482200719,45.3516398934187],[10.63022357225,45.3526966086254]],[[10.6389134661808,45.3536125575289],[10.6390948856463,45.3545654697265],[10.6392348894228,45.3545448838615],[10.6392118675935,45.3541623540678]],[[10.638732187958,45.3421269304115],[10.640079869433,45.342302891065],[10.6412223186211,45.3421661116499],[10.640910542409,45.3413609829421]],[[10.6392348894228,45.3545448838615],[10.6401173545489,45.3544151237401],[10.640145078097,45.3545595119048]],[[10.6401587327928,45.3545565149192],[10.6401587327928,45.3545565149192],[10.6402074075492,45.3547228376141]],[[10.640161099072,45.3545646005707],[10.6401725621171,45.3545626936104]],[[10.6406644486326,45.3524243724159],[10.6407112749306,45.3519044256866],[10.6409080566091,45.3516364369069],[10.6408589939621,45.351194431305],[10.6393720580166,45.3511847754746]],[[10.6407372911067,45.3497108992548],[10.6420422805539,45.349665973601]],[[10.6408589939621,45.351194431305],[10.6407372911067,45.3497108992548],[10.6401624684655,45.34972439069]],[[10.6408769410992,45.3531340610585],[10.6411085445856,45.3531476644688],[10.6408783471046,45.353187602934],[10.6406644486326,45.3524243724159],[10.6397441345787,45.3525433751861]],[[10.6409066811242,45.3531847477965],[10.6408892374324,45.3532238711845],[10.639984947555,45.3532776244874],[10.6391024313376,45.3521569995822],[10.6390803296176,45.3521105896936],[10.6385573770253,45.3510124531227],[10.6371947492999,45.3510922796662],[10.6373142749198,45.3521622984546]],[[10.6409126526967,45.3532201542066],[10.6409973010685,45.3533193019648],[10.6389134661808,45.3536125575289],[10.6374463763655,45.3537390037059],[10.637560279172,45.3544466280423],[10.6374648745993,45.3545407262248]],[[10.6408589939621,45.351194431305],[10.6433399789446,45.3510430359874],[10.6431361785913,45.3511820383536],[10.6430866160017,45.351521180944],[10.6427154418348,45.3515714060661]],[[10.6409973010685,45.3533193019648],[10.6411017667018,45.3536795102882],[10.6412203653451,45.3539370309749],[10.6414224444481,45.3545927392259],[10.6420373508257,45.3545678225331]],[[10.6409973010685,45.3533193019648],[10.6421401330892,45.3530899914897],[10.6436297873989,45.3527136315217],[10.644386668977,45.3522777255626]],[[10.6411085445856,45.3531476644688],[10.6411943758705,45.3531557872117],[10.6421288568827,45.3529596717706],[10.6419494081123,45.3529668215826],[10.6411085445856,45.3531476644688]],[[10.6411556075866,45.3537964187007],[10.6411888215194,45.3537886559095]],[[10.6412223186211,45.3421661116499],[10.6424687793627,45.3418537351704],[10.6426426232309,45.3423907855219],[10.6418446549298,45.3426511241517],[10.6418895379043,45.3429564355598]],[[10.6425864579621,45.3477135299451],[10.6424611877717,45.3482665463042]],[[10.6424687793627,45.3418537351704],[10.6434199588175,45.3416724754376]],[[10.6428243910477,45.3466924074934],[10.6434289248129,45.3448544040645],[10.6432128052763,45.3448224915237],[10.6427950157004,45.3447607988097]],[[10.6442183054751,45.3467629432232],[10.644447676358,45.3461947550809],[10.6430989861729,45.3460150535038]],[[10.6432128052763,45.3448224915237],[10.6434082864579,45.3434110024087]],[[10.643422703272,45.3448735764484],[10.644630943818,45.3450794746309]],[[10.6437357335699,45.3467441923733],[10.6437955977094,45.3467465185704],[10.6467949857779,45.3468630281351],[10.6469141765444,45.3468676563947],[10.6479686150061,45.3469085955085],[10.6481424693188,45.346917384752],[10.6485809542563,45.346939551266],[10.6482712514051,45.3477360112693],[10.6477751243306,45.3491656879736],[10.647685538384,45.3504354058107],[10.6478181238126,45.3515307649466],[10.6469159284295,45.3516806626795]],[[10.6440925942819,45.3519546477839],[10.6435834416399,45.3512700729294],[10.6428586535042,45.3498755768986],[10.643946950892,45.3496755268414]],[[10.6443025113663,45.3522827094079],[10.64428675061,45.3522752465782],[10.6442375660152,45.3521940313677],[10.6440925942819,45.3519546477839],[10.6440338986223,45.3519706892618]],[[10.6442375660152,45.3521940313677],[10.645063057066,45.3516994207163],[10.6459365846571,45.3515035053421],[10.6462311330186,45.3510880969927],[10.6461748675709,45.3509617445473],[10.6463664967766,45.350443831829],[10.6460836912219,45.349659180544],[10.6459664247526,45.3490270053628]],[[10.6469399633565,45.3522447251258],[10.6466887759573,45.3536400143484],[10.6455993051304,45.3538439897462]],[[10.6456904778641,45.3523913741533],[10.6456456973295,45.3521557775236]],[[10.6462959993075,45.3554512853241],[10.646065467403,45.354995878148]],[[10.6459955422474,45.3491785900201],[10.6460616145532,45.3490001317981],[10.6461746785416,45.3488042502654],[10.6462699157383,45.3486488156198],[10.6464158239896,45.3484390636464],[10.6467701835504,45.3481985774395],[10.6466391562595,45.3481137015424]],[[10.6460833330481,45.3489625049679],[10.6476293265265,45.3490030233587]],[[10.6467701835504,45.3481985774395],[10.6475878996045,45.348073844836],[10.6478183945255,45.3469027637205]],[[10.6467949857779,45.3468630281351],[10.6468008260213,45.3468336369795],[10.6474115513518,45.3468489232415],[10.6473155328802,45.3462095396478],[10.6445450277867,45.3461068590496]],[[10.6469128075879,45.3468364400881],[10.6469141765444,45.3468676563947],[10.646914764227,45.3468810573049]],[[10.6489303311727,45.3445307415359],[10.6477636531255,45.3447308355103],[10.6474111722923,45.3450518909107],[10.6470460614321,45.3450336073239]],[[10.647377828334,45.3552173752402],[10.6479207473863,45.355487192197],[10.6487298581974,45.3569221230741],[10.6488998178857,45.3570126670658],[10.6465276365728,45.3573062105852]],[[10.6478297291492,45.3515228341135],[10.6494087074773,45.3510909193822],[10.6494093921284,45.3506575524126],[10.6492090358939,45.3506585624072]],[[10.6478235738811,45.3515684847794],[10.6479594438029,45.3521250605632],[10.6456904778641,45.3523913741533],[10.6454050123788,45.3524248765133],[10.6451365189565,45.352746950523],[10.6455993051304,45.3538439897462],[10.6458574056022,45.3544557994819]],[[10.6478328263279,45.3515650933863],[10.6444911910392,45.3521787524265],[10.6442784981183,45.352295939956],[10.643647717159,45.3526889260834],[10.6421288568827,45.3529596717706],[10.6422935189884,45.3529201797123]],[[10.6478335199834,45.3515667129796],[10.6480710161447,45.3521212289992],[10.6485168256479,45.3531620919765],[10.6485089627145,45.3534594093572],[10.6483780992181,45.3534711990778]],[[10.6481763681122,45.3481648328823],[10.6478370602023,45.3490920574716]],[[10.6479594438029,45.3521250605632],[10.6480192079089,45.3521135136826],[10.6480521048932,45.3521246936068],[10.6480710161447,45.3521212289992],[10.6480963137476,45.352116594384],[10.6485811744874,45.3520049357054],[10.6490236154698,45.3529740958386],[10.6485229147352,45.3532902426436],[10.6485981327091,45.3548732145909],[10.6486620277176,45.3549253713077],[10.64877106386,45.354978588895],[10.6506515525655,45.3547790437614],[10.651412976604,45.3561055262643],[10.6521673076598,45.3563169151444],[10.6520684214452,45.3569588730631],[10.6527698056217,45.3576762344752],[10.6521438578373,45.3580392009798]],[[10.6481341447769,45.3481622114441],[10.650117782221,45.3482853485314],[10.6501669951139,45.3489571352931],[10.6516712317629,45.3487832901518],[10.6526372125964,45.3488773155784],[10.652105665542,45.3501510077376],[10.6541696555125,45.3504500092632]],[[10.6481424693188,45.346917384752],[10.6483309078855,45.3462645078742],[10.6473155328802,45.3462095396478],[10.6473071000587,45.3456362699759]],[[10.6485089627145,45.3534594093572],[10.6485343782578,45.3544196256464]],[[10.6483309078855,45.3462645078742],[10.6485093716432,45.3456461768995],[10.64881581699,45.3447834666204],[10.6491133925854,45.3441267325613]],[[10.6486620277176,45.3549253713077],[10.6462959993075,45.3554512853241],[10.6457244741055,45.3557684839803],[10.6439369529529,45.3558826972885],[10.6441421472646,45.3563248152189],[10.6440281682363,45.3563335209219]],[[10.648663400156,45.3549052268319],[10.6518825304283,45.3546276958507],[10.652879143474,45.354142119327],[10.6528830415255,45.3541528243632],[10.6529585592741,45.3543602143558],[10.6530075481392,45.3544773347277],[10.6517931414537,45.3546567108125],[10.6519090948665,45.3550203079138],[10.651533365358,45.3551446267037]],[[10.64853793996,45.3455657519776],[10.6489592219382,45.34563270368],[10.6489121962201,45.3457171179482]],[[10.6485809542563,45.346939551266],[10.6493685965488,45.3471370047899],[10.6494215713395,45.3471396306242],[10.6494005177205,45.3475920722537]],[[10.648617463667,45.3469487039375],[10.6486021450619,45.3469084401915]],[[10.6488998178857,45.3570126670658],[10.6504299357648,45.3567583822384],[10.651412976604,45.3561055262643]],[[10.648837849033,45.3524448177727],[10.6504869655946,45.3521208261398]],[[10.6490166318407,45.3443402802587],[10.6495098855543,45.3442833670504]],[[10.6494087074773,45.3510909193822],[10.6504447666834,45.3508748518215],[10.6508482257326,45.3509660774243],[10.6524134563043,45.3508801903174],[10.6521597404916,45.3520748865112],[10.6522111848815,45.3521446648655],[10.6522112498571,45.3521447529974]],[[10.6493685965488,45.3471370047899],[10.65025221223,45.3454400255902],[10.6502419139822,45.3454371271585],[10.6501681720991,45.3454163725423]],[[10.6499044971972,45.3522352631975],[10.6496864723043,45.3517694280444]],[[10.6502419139822,45.3454371271585],[10.6503273777296,45.3452241188183],[10.6508791899564,45.3453238626285],[10.6516593980343,45.3459388011871]],[[10.6519090948665,45.3550203079138],[10.6519349263668,45.355101307508]],[[10.6516614125705,45.3459297187999],[10.6519471484499,45.3460815729179],[10.652068157813,45.3461086459936],[10.6523765716859,45.3460482314199],[10.6529128795735,45.3471658524144],[10.652846595188,45.3473254096644],[10.6527058715395,45.3476641512708]],[[10.6516669126613,45.3459323420044],[10.6516739600701,45.3458945023218]],[[10.6520705102527,45.3569453129029],[10.65313006484,45.3570219258554]],[[10.6519834844846,45.3522365357672],[10.6528140429351,45.3520720926048]],[[10.6519846701446,45.3522374502373],[10.6524509897023,45.3525613282409]],[[10.6526009720148,45.3533084779041],[10.6526026631401,45.3536419045247]],[[10.6527698056217,45.3576762344752],[10.6529716059194,45.3576107613151]],[[10.6527341813559,45.3533477271015],[10.6540098059663,45.3532569326113],[10.6540193790775,45.3520057781541],[10.6539312445203,45.3520070547521]],[[10.6551306775698,45.3485676947603],[10.6550318756181,45.3485370483747],[10.6547142636067,45.3490423178101],[10.6526783145953,45.3487926857205],[10.6526372125964,45.3488773155784]],[[10.652879143474,45.354142119327],[10.6527341813559,45.3533477271015],[10.6526009720148,45.3533084779041],[10.6524243013873,45.3525515855844]],[[10.6528830415255,45.3541528243632],[10.6567643061912,45.3539226939343],[10.6568020694999,45.3551289972096],[10.6564472877043,45.35513113008],[10.6561752189122,45.3553130007295],[10.6556258508634,45.3561372698978],[10.6546992208409,45.3561099538586]],[[10.6531061364391,45.3557902915809],[10.6530427380588,45.3566472552076]],[[10.6530075481392,45.3544773347277],[10.6532027278363,45.3550890298629],[10.6530700069445,45.3553326492016],[10.6531061364391,45.3557902915809],[10.652477100668,45.3558655632864]],[[10.652846595188,45.3473254096644],[10.6528102173724,45.3473173529289]],[[10.6528486197384,45.3473205362572],[10.6528763275151,45.3473296431658]],[[10.6532027278363,45.3550890298629],[10.6549998807238,45.3550990142498]],[[10.6536169476519,45.3489077783404],[10.6538175169251,45.3485727760769]],[[10.6540155126564,45.3532454935946],[10.6544738667014,45.3531672187633]],[[10.6548370424871,45.3501450381891],[10.6552836557255,45.3503066649321]],[[10.6548370549671,45.3501450217008],[10.6556097641311,45.3491241210039],[10.6556909683337,45.3487414834652],[10.6553847477101,45.3486470245737]],[[10.6549239776414,45.3507341016895],[10.6550013037827,45.3507771327913]],[[10.655260232742,45.3502982686673],[10.6550013277348,45.3507770571862],[10.6551516723641,45.350791690544]],[[10.6556258508634,45.3561372698978],[10.6556225928669,45.3565487535539],[10.6557782583642,45.3566821375039]],[[10.6567643061912,45.3539226939343],[10.6596511482719,45.3538040423158],[10.6598007961228,45.3543129135733]],[[10.6568020694999,45.3551289972096],[10.6582156704698,45.3551279019449]],[[10.6582048654795,45.3550818754208],[10.6583918678775,45.3550676956447],[10.6583578236214,45.3549519060954]],[[10.6583918678775,45.3550676956447],[10.6585632665909,45.3556388550015],[10.6584717394602,45.3556522413649]],[[10.6585632665909,45.3556388550015],[10.658671698319,45.3562039582667]],[[10.6596511482719,45.3538040423158],[10.6614974159307,45.3537357441901],[10.6618354443171,45.3558919831835]],[[10.6614974159307,45.3537357441901],[10.6635558269531,45.353573550689],[10.6639795438807,45.3545310558028],[10.6638812718423,45.3551664869743],[10.663979891604,45.3555726318532]],[[10.6635558269531,45.353573550689],[10.6642416241845,45.353511941978],[10.6639537944021,45.3530987687868]],[[10.6642416241845,45.353511941978],[10.6666496769128,45.3532875159965]],[[10.6663474671973,45.355177345941],[10.6659187910096,45.3544267001511],[10.6657072867912,45.3539606262133],[10.6660909908585,45.3538599284205],[10.6659960658885,45.3533543120969]],[[10.666088875174,45.3547245335773],[10.6672095735299,45.3544023137674],[10.6674749158042,45.3549405086174]],[[10.6672095735299,45.3544023137674],[10.6683708116948,45.3539859335664],[10.6685360222972,45.3545588739037]],[[10.6683708116948,45.3539859335664],[10.6705894903376,45.3538816048266],[10.67065290528,45.3546169747176]]]}},{"type":"Feature","properties":{"NOME_COMPL":"Condotta FORESTO - MONTAGNOLI","COMUNI":"Cavriana, Volta Mantovana"},"geometry":{"type":"MultiLineString","coordinates":[[[10.6254131292737,45.3301861161993],[10.6260752338096,45.3315716001511],[10.6267730992535,45.3321327310625],[10.6182420829429,45.3355751756568]],[[10.6268338516471,45.3278518709822],[10.6271635936015,45.3280310874582],[10.6281676074305,45.3292613326882],[10.6254131292737,45.3301861161993],[10.6169707250428,45.3341474199349]],[[10.628165240131,45.3292552141222],[10.6299350030021,45.3283056947928]],[[10.62818297108,45.3292494054756],[10.6287530330615,45.3298304832892]],[[10.628658821222,45.3308322016694],[10.6295694190115,45.330496409868],[10.6295685556245,45.3302399004393]],[[10.6297129360008,45.3254275307015],[10.6289259210224,45.3251817246248]],[[10.6297129360008,45.3254275307015],[10.6270210353952,45.3277385470967],[10.6287455420317,45.3281339594244],[10.6309643035375,45.3282429918574],[10.6309467698646,45.3283114352121],[10.6309338966855,45.3283321613991],[10.6309300325264,45.3283383828028],[10.6309105281897,45.3283372401038],[10.6309086342714,45.3283371291448],[10.6309022100365,45.3283561330808]],[[10.6297129360008,45.3254275307015],[10.6298411395933,45.3253157231824],[10.6321459271648,45.325029456948]],[[10.6299120745254,45.328305930588],[10.6299460846791,45.3283055808278],[10.630054799358,45.3283044627385],[10.6307381000699,45.3283089996507],[10.6307890557423,45.328323634479],[10.6307960517314,45.3283336498817],[10.6307981031592,45.3283365866888],[10.6318254346545,45.328621283183],[10.6322611720928,45.3287635809147],[10.6322824921279,45.3287565928943],[10.6326015169316,45.3288618619497]],[[10.6299460846791,45.3283055808278],[10.6287565758983,45.3282134560363],[10.6286900812769,45.3283786672128]],[[10.6299605442599,45.3282305478876],[10.6307436283797,45.328300255554],[10.6308460504573,45.3283229520463],[10.6308564517543,45.3283313682947],[10.6308608416824,45.3283349204204],[10.6308995735883,45.3283348126026],[10.6309105281897,45.3283372401038],[10.6310418009757,45.3283663295943],[10.6313892493427,45.3284618414569],[10.6322653369155,45.3287580471827],[10.6323477302952,45.3286485721942],[10.6342722171237,45.3291485823861]],[[10.6299711894919,45.3281555623923],[10.6300550580133,45.3278676775818]],[[10.6303775908897,45.3310213934071],[10.6295694190115,45.330496409868]],[[10.6307296258179,45.3318727913805],[10.6302440797758,45.3314210919099],[10.6305936674864,45.331167754859],[10.6303775908897,45.3310213934071],[10.631329441514,45.3306974533893],[10.632146657716,45.3311326814481],[10.6327531509884,45.3303091215194],[10.6337427165484,45.3298561030083],[10.6339393153114,45.3298774632423],[10.6339398620135,45.3298775226404],[10.6342524836521,45.3299020829908],[10.6344703509703,45.3299578550103],[10.6345578112948,45.3300048848132],[10.6347041650302,45.330041959709],[10.6350777131917,45.3300250464116],[10.6351668414947,45.3300780267778]],[[10.6303934551818,45.328348856987],[10.6307960517314,45.3283336498817],[10.6308564517543,45.3283313682947],[10.6309172954698,45.328329069915],[10.6309338966855,45.3283321613991],[10.6315045486429,45.3284384267241],[10.6317308788301,45.3284714674172],[10.6321944739279,45.328596744018]],[[10.6313316482791,45.3283475472502],[10.6309643035375,45.3282429918574]],[[10.6321467405564,45.3285989899601],[10.6323477302952,45.3286485721942]],[[10.6321625804422,45.3285859582538],[10.6325594548416,45.3280868483478],[10.6326433961514,45.3275107754675],[10.6332457771045,45.3265196979761],[10.6335419163379,45.3268819217199],[10.634200587482,45.326753397549]],[[10.6322232584288,45.3294851646502],[10.6326015169317,45.3288618619497]],[[10.6327566522925,45.3247967827777],[10.6326971949374,45.3246974779954],[10.6318630043685,45.3248778736571],[10.6315682580446,45.3243284231743]],[[10.6326971949374,45.3246974779954],[10.6333414603945,45.3245143600556],[10.6326980654894,45.3234151629635],[10.6327130321708,45.3230885704623],[10.6322536275352,45.3232016408222]],[[10.6327130321708,45.3230885704623],[10.6331416477407,45.3229209695963]],[[10.6332457771045,45.3265196979761],[10.6334807274489,45.3256500606695],[10.6327658496167,45.3255877254813],[10.6323837851156,45.3251865721145],[10.6328392168417,45.3247652163721],[10.6343842456639,45.3242561215522]],[[10.6333414603945,45.3245143600556],[10.6361115886577,45.3236201352832],[10.6356703579337,45.3231167048509],[10.6344331400421,45.322132715289],[10.6341096258485,45.3216786977115],[10.6340880282152,45.3216425527039],[10.6339676545176,45.3214410987503],[10.6338831876704,45.3212980137056],[10.6337791541848,45.3213501956855]],[[10.6342711436477,45.3291485977498],[10.63414800131,45.3295344200599],[10.6340946629741,45.3296215400471],[10.6339393153114,45.3298774632423],[10.6339388103007,45.3298782952042],[10.638067501957,45.330908093981],[10.6390267699498,45.3320197740714],[10.6394351892015,45.3317828591524],[10.6394670095885,45.3317981269594],[10.639979584516,45.3320440642336]],[[10.6340880282152,45.3216425527039],[10.633974541579,45.3216806307966]],[[10.6345105007094,45.3348122906451],[10.6354112635789,45.3354422362917],[10.6347243950318,45.3357561758779],[10.634405652053,45.3363494894582],[10.6344661987902,45.3365429104807],[10.6355308917862,45.3375939555125],[10.6352141182215,45.3376735690107]],[[10.6343491717404,45.3242680224603],[10.634550146308,45.3246162202572]],[[10.6346216348403,45.3300207828897],[10.6351337789954,45.328710525026]],[[10.6350777131917,45.3300250464116],[10.6363129335996,45.3300534872207]],[[10.6351337789954,45.328710525026],[10.6367509689083,45.3290937177511],[10.6370751412691,45.3292794291282],[10.6385901121055,45.3291259276987],[10.6428214605018,45.3290212054706],[10.6429664069602,45.3277629640565]],[[10.635211450325,45.3286480540711],[10.6358582440344,45.3277594489987],[10.6369229591706,45.3271521491833],[10.6384156667422,45.3265485786711],[10.6408618924694,45.3258286542997],[10.6407551286204,45.3247244461987]],[[10.6355308917862,45.3375939555125],[10.6359169521957,45.33801466236]],[[10.6355038800452,45.3312871515143],[10.6367040560062,45.3320250657864],[10.6380007326072,45.3326297173349],[10.6381398617318,45.3325465484652],[10.6384952390894,45.3327018068497],[10.6380348038562,45.3331546591928],[10.6376357479688,45.3338334802543],[10.6374940459015,45.3340804324873],[10.637276883407,45.3340614549658],[10.6368773040774,45.3336772283493],[10.6356206549931,45.3335568810859],[10.6345105007094,45.3348122906451],[10.634392630849,45.334721598715]],[[10.6355038800452,45.3312871515143],[10.635869064985,45.3325470998868]],[[10.6356864304863,45.3325120379751],[10.6354040214174,45.3314234147078],[10.6355038800452,45.3312871515143],[10.6348000827804,45.3308555859677]],[[10.6362516903372,45.3300492976545],[10.6367802414772,45.3292215527137]],[[10.6363182536061,45.3203953777211],[10.6357489182058,45.3205925850993],[10.6364110116304,45.3218515994247],[10.636161942948,45.3219373679145]],[[10.6363573399674,45.3203823824887],[10.6379506148385,45.3198699804044],[10.6407998872624,45.3197808419052],[10.6412719852699,45.3206333236623],[10.6414832839808,45.3206917493828],[10.6419582902054,45.3214161888569],[10.642332382284,45.3219867077812],[10.6423038838586,45.322540265374],[10.6423571954077,45.3228060488729],[10.6424741163761,45.3231145370045],[10.6426028312211,45.3234541383027],[10.6426741427746,45.3237613970697],[10.6420770034634,45.3238910976681],[10.6418728989232,45.3243894900149],[10.641873366292,45.3246757475421],[10.6421714601586,45.3253529775804],[10.6421714799334,45.3253530225055]],[[10.637276883407,45.3340614549658],[10.6368512462784,45.3344092443303]],[[10.6369773458187,45.3236499857362],[10.6368016171927,45.3236838730581],[10.6362680756587,45.3242745987065],[10.6355758827476,45.3246272068538]],[[10.6373535157405,45.3351981742681],[10.6375834464629,45.3352086914077],[10.6375798184793,45.3353176988306],[10.6371273141262,45.3357978211442],[10.6369810375707,45.3362373719253],[10.637328085831,45.3369856239724]],[[10.6373973363135,45.3345373433854],[10.6375469808185,45.3345256149304]],[[10.6372032068145,45.3237567610253],[10.6371555470369,45.3238137743612]],[[10.6374940459015,45.3340804324873],[10.6395440442824,45.3343462309643]],[[10.6374940459015,45.3340804324873],[10.6375838695588,45.3347344001657],[10.6375834464629,45.3352086914077]],[[10.637277809416,45.3237920290524],[10.6373744180961,45.3237088793631]],[[10.6376296506479,45.3338441064481],[10.6380760212239,45.333165839126]],[[10.6382153922984,45.3260919172507],[10.638279208111,45.3260723945632]],[[10.6384952390894,45.3327018068497],[10.6384128076871,45.3329393148538],[10.6387608299022,45.3331679845326]],[[10.6384952390894,45.3327018068497],[10.6390267699498,45.3320197740714],[10.6394670095885,45.3317981269594],[10.6398092010267,45.3316258417516],[10.6421818720587,45.3317359445227],[10.6422149952727,45.3318962285606],[10.6422192070962,45.3320013199598],[10.6422277731223,45.3322150537046],[10.6416425740171,45.3326680714017],[10.6406632654761,45.332669587053],[10.6405141135638,45.332365300136]],[[10.6383171925251,45.3246186813854],[10.6379010431793,45.3253796884017],[10.6379851985936,45.3257735111351],[10.6381680932903,45.326026873649],[10.6382849176475,45.3261875252656],[10.6384156667422,45.3265485786711]],[[10.6389900506636,45.3291160362864],[10.6389452298389,45.3285907742282],[10.6386306965098,45.3277648816701]],[[10.6397770876125,45.3316355261983],[10.6394351892015,45.3317828591524]],[[10.6398425282737,45.3316183386693],[10.6399350856875,45.3315426136138],[10.6399145893071,45.3307551518355],[10.6395665430742,45.3297185561117]],[[10.6396601018093,45.3298344338686],[10.6403480064377,45.3298145063807]],[[10.6395913517715,45.3228375835638],[10.640259907535,45.3235601579411],[10.6422387965254,45.3231084668851],[10.6421447634491,45.3225642131239],[10.6415376208383,45.3226519087817],[10.6414798051368,45.3224739107249]],[[10.6400233158441,45.3336367661694],[10.6399595484034,45.3329326110022],[10.6405700028257,45.3324793210254]],[[10.6403314277023,45.323913422441],[10.640259907535,45.3235601579411]],[[10.6407221054657,45.3241622377354],[10.6405390877948,45.3243109165554]],[[10.6412301492859,45.3257025057064],[10.6412325551538,45.3249035931861],[10.6412264264695,45.3243311527896],[10.6410005945068,45.3240774946584],[10.6404510509428,45.3241441117951],[10.6402873074052,45.3239255313652],[10.6384207771603,45.3244377849632],[10.6383171925251,45.3246186813854],[10.6377638615813,45.3243894055102],[10.6377714210542,45.3240424769294],[10.6376651621601,45.3240109704461],[10.6373318313671,45.3238175676159],[10.6369773458187,45.3236499857362],[10.6370499189284,45.323567991411]],[[10.6408618924694,45.3258286542997],[10.6417085858557,45.3255386117806],[10.6421714601586,45.3253529775804],[10.6426846974285,45.3251471418936],[10.6441085853872,45.324861889066],[10.6455135265461,45.3248323616888],[10.6460359033727,45.3247946407404],[10.646163569998,45.3247794104491],[10.6467456052704,45.3258157362796],[10.6478946218564,45.3254372438937]],[[10.6412615554401,45.3327478136037],[10.6412622928906,45.3326686609509]],[[10.6416425740171,45.3326680714017],[10.6419579858079,45.3329516177146],[10.6426223132253,45.3330797978865],[10.6427623801623,45.3331615122528],[10.6435959517046,45.3340847215375],[10.6428200377484,45.3343470753134],[10.6430548185651,45.3349609375515]],[[10.6416395317835,45.3209300476876],[10.6439663538307,45.3204941768554],[10.6431865925616,45.3193482796381],[10.6427244408908,45.3194666055626],[10.6426278292561,45.3192792670576],[10.6433254673484,45.319057745873]],[[10.6421036116013,45.3316783595436],[10.6422056712363,45.33173723135],[10.6422420175588,45.3319966883355]],[[10.6421250858276,45.3316677069942],[10.6428922884743,45.3312871216239],[10.6428067816909,45.3312948810105]],[[10.6421471533107,45.3320053796686],[10.6422192070962,45.3320013199598]],[[10.6422387965254,45.3231084668851],[10.6422966233536,45.3230952002232],[10.6423511655485,45.3231209590449],[10.6424741163761,45.3231145370045],[10.6425352486918,45.3231113438555],[10.6425636579807,45.3230691309711],[10.6444913312087,45.3231847325519],[10.6464621865367,45.3226946788976],[10.6459697810574,45.3218595000283],[10.6461246695398,45.3218187316581]],[[10.6423145984902,45.3219595864359],[10.6422498279586,45.3219683102633]],[[10.6427346296219,45.3270168833259],[10.6425130476531,45.3270634598583]],[[10.642838500449,45.333092876015],[10.6427076765987,45.3331295985104]],[[10.6429033188991,45.3332733564717],[10.644019119755,45.3329424747306],[10.6446907000486,45.3335055124538],[10.645967261928,45.3337769073262],[10.6461459135386,45.3339632732307]],[[10.6428214605018,45.3290212054706],[10.6461150580136,45.3287892923531],[10.6461694327896,45.3289466344525],[10.647794186414,45.3286044877854],[10.6471530919724,45.3295910166755],[10.6464487003647,45.3296153047176]],[[10.6428922884743,45.3312871216239],[10.6432936266424,45.3310880261895],[10.6423577510456,45.3303890582795]],[[10.6428283670921,45.3289612523268],[10.6432081174694,45.327904443669],[10.6431714251141,45.3275659599629],[10.6430923815273,45.3274638771535],[10.6425762167815,45.3268189514201]],[[10.6431873168343,45.3279712090672],[10.6457106640912,45.3279340149413],[10.6459906961348,45.3287103235272]],[[10.6456613024219,45.3317277750078],[10.6448876035575,45.3316962209142],[10.6440338487947,45.3318516934435],[10.6439637420274,45.3315211344563],[10.6432936266424,45.3310880261895]],[[10.6432081174694,45.327904443669],[10.6432263476816,45.3278459286285]],[[10.643416187161,45.3295613127554],[10.6429216903011,45.3292676273992],[10.6425341325963,45.3292062193792],[10.6421327692604,45.3292831621126],[10.6416026922596,45.3296298880507]],[[10.6434205029846,45.3231205196126],[10.6432751975124,45.3223166962864]],[[10.643759667889,45.3313751021579],[10.6449900749794,45.3308241284904],[10.6441536268179,45.3299992738815],[10.643416187161,45.3295613127554],[10.644839996685,45.3295163178033]],[[10.6439663538307,45.3204941768554],[10.6441783999606,45.3208057798292],[10.6447349945528,45.3215744152314]],[[10.6441783999606,45.3208057798292],[10.6455900881844,45.3204145621178],[10.6466882599342,45.3213216424776]],[[10.6444535221075,45.3192899491304],[10.6455900881844,45.3204145621178],[10.6468303479605,45.3200369190154],[10.6460831493353,45.3189565046825]],[[10.6449900749794,45.3308241284904],[10.6455197396875,45.3304442935474],[10.6452550570915,45.3301173763834]],[[10.6461010653174,45.3247868671112],[10.6460983299448,45.3247684831455],[10.6457285149873,45.3248039421648],[10.6455638250825,45.3242368557005]],[[10.6457106640912,45.3279340149413],[10.6456274317114,45.3276874859413],[10.6458717290064,45.3276344192324],[10.6457980641242,45.3273597014318],[10.6456092500203,45.3266555455736],[10.6451833423787,45.3265006591735],[10.6450843506739,45.3261139772301]],[[10.6457106640912,45.3279340149413],[10.6459905452846,45.3278969503615]],[[10.645967261928,45.3337769073262],[10.6459896952188,45.3336450173822],[10.6465604521211,45.3333626796202]],[[10.645872561389,45.3303285761323],[10.6470906077006,45.3301994794894],[10.648565618594,45.3301029549607],[10.648400039193,45.3294130078442],[10.6495358180718,45.3292047315317],[10.6495790871995,45.3287632710748],[10.6512685323838,45.3284477879181],[10.6495358180718,45.3292047315317]],[[10.6457980641242,45.3273597014318],[10.6467721362938,45.3273984816578]],[[10.6459905452846,45.3278969503615],[10.6461060228969,45.3282462344728]],[[10.646529309895,45.3319762139609],[10.6462747159302,45.3302862191853]],[[10.646163569998,45.3247794104491],[10.6465424871474,45.324676404031],[10.6464394131706,45.3244924348233]],[[10.6461992156844,45.3222339954099],[10.646299632808,45.3222015651214]],[[10.6465424871474,45.324676404031],[10.647087218551,45.3245013309933],[10.6478946218564,45.3254372438937]],[[10.6468303479605,45.3200369190154],[10.6478632612647,45.3196660210111]],[[10.6471514727146,45.3296067849169],[10.6470906077006,45.3301994794894]],[[10.6471530919724,45.3295910166755],[10.6479122890724,45.3294837182775],[10.6480603229941,45.3301360236206]],[[10.6473369007142,45.3301833634511],[10.6473177597232,45.3300805822744]],[[10.6481313150496,45.3237106588951],[10.6479862854019,45.322947889653],[10.6471475215916,45.3214209769183]],[[10.6474407758787,45.3248864032223],[10.647835203199,45.3247506543494],[10.6478294432917,45.3245030365378],[10.6494833546797,45.3241786317434],[10.6493933943996,45.3246700959605],[10.6483980961694,45.3249747754509],[10.6478946218564,45.3254372438937]],[[10.647806501872,45.3286377495024],[10.6489551548432,45.3282223576639],[10.6519426465941,45.3270706248406],[10.6525799319891,45.3266356857074],[10.6534574205849,45.3265949985348],[10.6541720708857,45.3262666992937],[10.6544988225563,45.3267049499461],[10.6542947006226,45.3268257984396],[10.6546089026408,45.3275285923099],[10.6542081460754,45.3275058190757],[10.6545888072258,45.3282089989889],[10.6533055325378,45.3286500336381]],[[10.6508672896916,45.3316509226333],[10.648790984117,45.3318404350796],[10.648565618594,45.3301029549607]],[[10.648893385843,45.3282446958729],[10.6488377253782,45.3281374387361],[10.6490369382327,45.3278237164515]],[[10.6493933943996,45.3246700959605],[10.6508058520338,45.3246611004003]],[[10.6512685323838,45.3284477879181],[10.6521891268454,45.3282818745039],[10.6524407097715,45.3285297362949],[10.6527235308671,45.3288873542405],[10.6533055325378,45.328650033638]],[[10.651921956,45.3287378788316],[10.6524407097715,45.3285297362949]],[[10.6520697691052,45.3269996919155],[10.6523081010127,45.3272553918897],[10.6518742942128,45.328011884107],[10.6521146800736,45.3282952919254]]]}},{"type":"Feature","properties":{"NOME_COMPL":"Condotta FORESTO - PAGLIETTE","COMUNI":"Cavriana"},"geometry":{"type":"MultiLineString","coordinates":[[[10.5775693212394,45.3566189475015],[10.577606088366,45.3566189081171],[10.5776135873006,45.3566189008237]],[[10.5857844384529,45.3583952297284],[10.585583260691,45.3584785900297]],[[10.5857993033035,45.358417839164],[10.5864194024334,45.3582427853347],[10.5857844384529,45.3583952297284],[10.5849214600435,45.3570995090967],[10.5829020116041,45.3553634942355],[10.5791990001279,45.3558318533897],[10.577614570541,45.356601167531]],[[10.588279945695,45.3616030028303],[10.5877781426907,45.360996177124],[10.5864194024334,45.3582427853347],[10.5869296261113,45.3580413103321],[10.5869885543863,45.3576685358429]],[[10.5869296261113,45.3580413103321],[10.5876167821217,45.3579017546634],[10.5878807460265,45.3576267303913],[10.5891282592767,45.3576346047961],[10.5892214963012,45.3579681062194]],[[10.5870990652953,45.3571053614768],[10.5879811676163,45.3570252800958],[10.5878809464095,45.3576265216108]],[[10.587840327481,45.3609290328652],[10.5885488645348,45.3613483546959]],[[10.5878733710605,45.3576709004613],[10.5880284321587,45.3578646700288],[10.5878671124034,45.3579106493978]],[[10.5879811676163,45.3570252800958],[10.5885752118368,45.3567881208224]],[[10.5880284321587,45.3578646700288],[10.5884498296628,45.358408908475],[10.5889248118776,45.3585381120334]],[[10.5884498296628,45.358408908475],[10.5896946005527,45.3601097050477],[10.587840327481,45.3609290328652],[10.586468828132,45.3582252149171]],[[10.5885736661407,45.3557199718774],[10.5880711429949,45.3549957691612],[10.5884550546996,45.3546428492095]],[[10.5886186728019,45.3568447422956],[10.5891634608487,45.3566543644834],[10.5885736661407,45.3557199718774],[10.5880150237738,45.3558909326634]],[[10.5891634608487,45.3566543644834],[10.5896482140317,45.3566461160418],[10.5900240379914,45.3563546749794],[10.5899384762052,45.3563050009522]],[[10.5896946005527,45.3601097050477],[10.5905096031556,45.3597368178387],[10.5905207150902,45.3604551361256]],[[10.5900240379914,45.3563546749794],[10.5913701733925,45.3552613918302]]]}},{"type":"Feature","properties":{"NOME_COMPL":"Condotta FORESTO - R1","COMUNI":"Solferino, Cavriana"},"geometry":{"type":"MultiLineString","coordinates":[[[10.571132803452,45.3622645186522],[10.5708278381761,45.3623972520824],[10.5694376029845,45.3609066596769],[10.5688026146637,45.3614206024037],[10.5679869058234,45.3614971869956]],[[10.5697180686208,45.3660945929837],[10.5704562063728,45.3657196461694],[10.5706186832374,45.365877892221],[10.5708718240987,45.3656386982886],[10.5696764635695,45.3647362784278]],[[10.5701767732616,45.3665302572378],[10.5700940247191,45.3665716078548]],[[10.5703946663006,45.3653160468094],[10.570307022142,45.365356158445]],[[10.5703420876093,45.3591945998332],[10.5702161367907,45.3591272044939]],[[10.5704855822798,45.365274437647],[10.5705757597629,45.3652410176789],[10.5702120195346,45.3648938539526],[10.5705738488319,45.3647150239154]],[[10.5708718240987,45.3656386982886],[10.5711611539928,45.3653711564827],[10.5721785813982,45.3648890845592]],[[10.5711114416283,45.363504828228],[10.571390831558,45.3633833725432],[10.5718383781471,45.3638752231119]],[[10.571132803452,45.3622645186522],[10.5712151499331,45.3623612142716],[10.5719455162501,45.3631422378728],[10.5722258997149,45.3634420612818],[10.5733654205746,45.3646605484928],[10.5738102646578,45.3651362016644],[10.5723389695,45.36540690612],[10.5716315689772,45.3656594549101],[10.5701767732616,45.3665302572378],[10.5697180686208,45.3660945929837],[10.5694736324746,45.365862431127]],[[10.571132803452,45.3622645186522],[10.5701748444474,45.3608512037851],[10.5703980558675,45.360005610082],[10.5696959635069,45.35943584436],[10.5711729404061,45.3584238824359],[10.5719290675834,45.3581570312163],[10.5741926873476,45.3577894620573],[10.5744926702494,45.3578750017363],[10.5748813806449,45.3584496932241],[10.5761848101003,45.3597033432819],[10.5745793673606,45.3602744504931],[10.57431582533,45.3599320178098],[10.5727129371528,45.3603101623572],[10.5731818870981,45.3608890245495]],[[10.571390831558,45.3633833725432],[10.5719455162501,45.3631422378728]],[[10.5717670860774,45.3586512189721],[10.5716908044044,45.3584830154717],[10.5713599928911,45.3585688114353],[10.5712583728714,45.3584221041829]],[[10.5722863393853,45.3601761572111],[10.5720490822326,45.3598279156726]],[[10.5722863393853,45.3601761572111],[10.5720689333358,45.3602873143885]],[[10.5722258997149,45.3634420612818],[10.5725299207051,45.3633079664748]],[[10.5722863393853,45.3601761572111],[10.5726028158912,45.3600505009982],[10.5717670860774,45.3586512189721],[10.5709577804,45.3591471463991],[10.5703420876093,45.3591945998332],[10.5703251725118,45.3591959034865],[10.5698980748944,45.3593501102411]],[[10.5725569893537,45.3633363372226],[10.5726583980032,45.3634516328163]],[[10.5726028158912,45.3600505009982],[10.5727129371528,45.3603101623572]],[[10.5733654205746,45.3646605484928],[10.5735778049541,45.3645602424333],[10.5734752786338,45.3644546680731],[10.5736435443044,45.36436542233]],[[10.5736074649869,45.3600902172525],[10.5732995455431,45.3594657078823],[10.5739327903426,45.3592944949258],[10.5736515420414,45.3588965471164],[10.5738585433022,45.3585443123382],[10.5735532197368,45.3580488901309]],[[10.5739327903426,45.3592944949258],[10.5750596138634,45.3589223477267]],[[10.57391561611,45.3545894765969],[10.573862292563,45.3546177636369]],[[10.5740941276873,45.3614064575122],[10.5741304120514,45.3618153918655]],[[10.57431582533,45.3599320178098],[10.5742418847953,45.3597968246831]],[[10.5741926873476,45.3577894620573],[10.5737488501961,45.3562724520737],[10.5747031987472,45.3559986105055],[10.5748944679288,45.3560543072661]],[[10.5745046284584,45.3660931317218],[10.5744309966808,45.3660333876795]],[[10.5741418433646,45.3548343270231],[10.5747902600562,45.3545858954671],[10.5743361588515,45.354036876449]],[[10.5745793673606,45.3602744504931],[10.5750906689234,45.3611993001851],[10.5734368101123,45.3614732894874]],[[10.5747031987472,45.3559986105055],[10.5745277616357,45.3556343750379],[10.5747638918094,45.3555512821654],[10.5741418433646,45.3548343270231],[10.57391561611,45.3545894765969],[10.5736957528813,45.3543572543574]],[[10.5747638918094,45.3555512821654],[10.5760869244393,45.3550857010188],[10.5761777137075,45.355229605185],[10.5771926059677,45.3548549137885],[10.5771306061984,45.3547349503483],[10.5773776900797,45.3542188608927],[10.5773301495274,45.3540177907851],[10.5755250589056,45.3525150276263]],[[10.5748813806449,45.3584496932241],[10.5755674517623,45.3580141728921],[10.5750745891747,45.3575019962852]],[[10.5747902600562,45.3545858954671],[10.5750842121604,45.3544546777736]],[[10.5750906689234,45.3611993001851],[10.5766228335755,45.3605979166443]],[[10.5756644594081,45.3677371488686],[10.5753627745761,45.3683074272583],[10.5753938657939,45.3687259275231]],[[10.5751549970485,45.3567284478614],[10.5761937912341,45.3563442018614],[10.5759895246325,45.3561329627266]],[[10.5755674517623,45.3580141728921],[10.5759206801009,45.3583678171757],[10.5766504304681,45.3578490232924],[10.5751549970485,45.3567284478614],[10.574803159665,45.3561822589957],[10.573997198941,45.3563951056745]],[[10.5759552478456,45.3632981439119],[10.576236824332,45.3640150857329],[10.5766236179414,45.3646808855188],[10.5765967252109,45.3647446022378]],[[10.5759206801009,45.3583678171757],[10.5760103339467,45.3585063927168]],[[10.5761848101003,45.3597033432819],[10.5767042152009,45.3600748091157],[10.5776111683613,45.360437313933],[10.5782745584362,45.3607024601818],[10.5777444723207,45.3607394245474],[10.5776111683613,45.360437313933],[10.5771527033248,45.3593982546835],[10.5776217381482,45.3590879964687],[10.5776217381482,45.3590879964687],[10.577425527924,45.3588371242777]],[[10.5763964754792,45.366182156117],[10.5763851266355,45.3661358501179]],[[10.5761937912341,45.3563442018614],[10.5769647730153,45.3559626639422],[10.5768699761751,45.3557965411556],[10.5773931103566,45.355595116981],[10.577309410759,45.3552754601413],[10.5774361176944,45.3553152761682],[10.5771926059677,45.3548549137885],[10.5797002340892,45.3539401118025],[10.5817731037871,45.3535162079704],[10.5820989551537,45.3542632647279],[10.5825362553442,45.3552851099428],[10.5825978898445,45.3554654200834],[10.5838631834105,45.3565697413449],[10.5841216540379,45.356639628201],[10.5839757650256,45.3574441945089],[10.5836321287239,45.3577156942225],[10.5834031231066,45.3586662372889],[10.5827904969538,45.3592583432746],[10.5823144020578,45.3594040404934],[10.5816044874734,45.3592803538034],[10.5791806320986,45.3595569970973],[10.57898442726,45.359228143553],[10.5787621456677,45.3580395746917],[10.5792242611781,45.3572532491206],[10.5800314116131,45.356875429116],[10.5800223912959,45.3566593760877],[10.5798641501123,45.3567238388121],[10.5798025928,45.3567489153215]],[[10.5767573225259,45.3661455711129],[10.576774358941,45.3663140746909]],[[10.5771028043212,45.3676172377265],[10.5778322551193,45.368580898525]],[[10.5779935423486,45.3663965573316],[10.5777428956509,45.3661351573241],[10.577122594363,45.3660925592989],[10.5763964754792,45.366182156117],[10.5758338954275,45.3662192666877],[10.5746904048031,45.3664572039275],[10.5745046284584,45.3660931317218],[10.574361017047,45.3661109132845],[10.5743897859825,45.3665486335303]],[[10.577122594363,45.3660925592989],[10.5771431001655,45.365508183316],[10.5785081452374,45.3655557273063]],[[10.5771431001655,45.365508183316],[10.577243120573,45.3653595105032]],[[10.5769647730153,45.3559626639422],[10.5772562341707,45.3558619315161],[10.5773981728013,45.3566306441811]],[[10.577270675738,45.3637129268247],[10.5773533211823,45.3639617545842]],[[10.5775491109267,45.3636349020212],[10.5776911694636,45.3644586758123]],[[10.5775256381111,45.3589651243665],[10.5778181985914,45.3589145798302],[10.5782461270383,45.3588391709537]],[[10.577614570541,45.356601167531],[10.577664803823,45.3560817500673],[10.5774361176944,45.3553152761682],[10.5777667862653,45.3561571663499]],[[10.5774580036971,45.3553221535434],[10.5787067348659,45.3549340030716]],[[10.5776217381482,45.3590879964687],[10.5776327695414,45.3590820353112]],[[10.5780447034784,45.3613924174065],[10.5778097040917,45.3610565624411]],[[10.578212196019,45.3616496623889],[10.5780447034784,45.3613924174065],[10.577289639564,45.3615744936783],[10.5777513252763,45.3620499979846],[10.5758420347645,45.3624625618053],[10.5744595694316,45.3633802297926]],[[10.5782745584362,45.3607024601818],[10.5800908851922,45.3614283837683],[10.5796854577247,45.3610952624692],[10.5797828126898,45.3609926559517],[10.5792309440048,45.3607271237314],[10.5782745584362,45.3607024601818]],[[10.5787621456677,45.3580395746917],[10.580275841543,45.3577727876653],[10.5818747413096,45.3572740963326],[10.5819197171397,45.3579290713512]],[[10.5798641501123,45.3567238388121],[10.5797403663112,45.3564332805209],[10.5806079078114,45.3556636368958],[10.5817023536865,45.3558823961812],[10.5818045799986,45.3559967660621],[10.5818747413096,45.3572740963326]],[[10.5801065207365,45.3614615073738],[10.5800908851922,45.3614283837683],[10.5801936185577,45.361469441342],[10.5788656454388,45.3616573751556],[10.578212196019,45.3616496623889],[10.5777513252763,45.3620499979846],[10.5778280801217,45.3623582935889]],[[10.5802714381412,45.362865173341],[10.5804601069829,45.3628115365955],[10.5803723388744,45.3618427169188],[10.5802004671682,45.361472178396]],[[10.5805550068267,45.3634343821362],[10.5806262217315,45.363453054698],[10.5804601069829,45.3628115365955],[10.5810991659658,45.3626298551917]],[[10.5806038514029,45.3634224039816],[10.5802714381412,45.362865173341],[10.5773125349295,45.3636962170126],[10.576236824332,45.3640150857329]],[[10.5805319710065,45.3614793112668],[10.5808106192284,45.361229605014],[10.5820724065883,45.3607797714389],[10.5830744087466,45.36135083614],[10.5837301868102,45.3612442547394],[10.5839978011928,45.3616898496752],[10.5854834621511,45.3613725209614],[10.5866350176325,45.3612823441699],[10.5866105633487,45.3621958793143],[10.5845127650611,45.3624888713996],[10.5813843642466,45.3621838634895],[10.5803412798028,45.3613249979472],[10.5793179695705,45.3601082575409],[10.5817141244821,45.359764958843],[10.5817917427543,45.359842297452],[10.5810464292065,45.3605703857313]],[[10.5811320197637,45.3642746664259],[10.5807178301167,45.3635785715701],[10.5806262217315,45.363453054698],[10.5809490221508,45.3634214307104],[10.5814756741215,45.364099407005],[10.5814644977365,45.3642348108724],[10.5811320197637,45.3642746664259]],[[10.5807833967605,45.3661502938817],[10.5807656602791,45.3662799612851]],[[10.5817833238624,45.3535396391505],[10.5795930510508,45.3540201544982],[10.5797508649748,45.3550761014794],[10.5796725745871,45.3553415545994],[10.5806079078114,45.3556636368958]],[[10.581109181116,45.3660267065674],[10.5811367292593,45.3661122941504]],[[10.5814644977365,45.3642348108724],[10.5814669302765,45.3648290182583],[10.5811320197637,45.3642746664259],[10.5801128034661,45.364341986865]],[[10.5817141244821,45.359764958843],[10.5818079784534,45.3596807671109],[10.5816251568728,45.35933029968]],[[10.5818079784534,45.3596807671109],[10.5824526302877,45.3598246632921]],[[10.5817731037871,45.3535162079704],[10.5850603536369,45.3528232786515],[10.5863026587447,45.3524096482347],[10.5866507241489,45.352903069978],[10.5864560642423,45.3523970338895]],[[10.5820724065883,45.3607797714389],[10.5824466700151,45.3604015730529]],[[10.5831385377044,45.3673227067398],[10.58301615094,45.3671282399985],[10.5842141961268,45.3667022409004],[10.5840630810995,45.3662011353589],[10.5822587241401,45.3659276414513],[10.5813925687611,45.3659686058058],[10.581109181116,45.3660267065674],[10.5808752552271,45.3661360411266],[10.5801471017363,45.3662070680587],[10.5797474694631,45.366345781468],[10.5779935423486,45.3663965573316],[10.5779758753908,45.3666661155413],[10.5777013692669,45.3670310857896],[10.5769616443367,45.3676593179991],[10.5756882628178,45.3676413438595],[10.5756644594081,45.3677371488686],[10.5740834218714,45.367356476445]],[[10.5837116435988,45.365575092439],[10.5837304593271,45.3650778956629],[10.5831707060872,45.3644505872537],[10.5826444606524,45.3641057339851],[10.5824685797648,45.3633105712225],[10.5835866884465,45.3632920611656],[10.583621265617,45.3634601311492],[10.5840833922167,45.363649359195],[10.5844170308558,45.363518318298],[10.5845105396687,45.363044480249]],[[10.5837336461744,45.3658133778578],[10.5837116435988,45.365575092439],[10.5841394586861,45.3655812568688],[10.5841811761588,45.3648579471239],[10.5847894475088,45.3648905156345]],[[10.5837340106384,45.365814304491],[10.5827948714778,45.3657536349232],[10.5825421515704,45.365332471981],[10.5818736978193,45.3648504642527],[10.5814669302765,45.3648290182583],[10.5813112484055,45.364969005055],[10.5808156581288,45.3650465131035],[10.5799153430589,45.3647457746656],[10.5792045267191,45.3648349459949]],[[10.5834111111049,45.3512513650255],[10.5833740009877,45.3513044874041]],[[10.5838050910335,45.3517248136662],[10.5837601137953,45.3517726030955]],[[10.5842141961268,45.3667022409004],[10.5845044894739,45.3673634778149],[10.585256530116,45.3671282986682]],[[10.5838050910335,45.3517248136662],[10.5846045537906,45.3525300503236]],[[10.5847863953611,45.3648194511902],[10.585428933017,45.3647413063718],[10.5857819496615,45.3653417529404]],[[10.5849864495068,45.3558554861326],[10.5854132041072,45.3560403803701],[10.5852196860807,45.3570332463302],[10.5855867237636,45.3575458469058],[10.5850584998001,45.3577466779953]],[[10.5855106784051,45.3550402059719],[10.5846931122135,45.3562041022452],[10.5842666454295,45.3563741286446]],[[10.585428933017,45.3647413063718],[10.5855964003797,45.3641641070535],[10.5863295444286,45.3639673163349],[10.5866982673839,45.363640519808]],[[10.5852196860807,45.3570332463302],[10.586227977928,45.3566258856974],[10.5865302931723,45.3567134528345]],[[10.5854132041072,45.3560403803701],[10.5859506370982,45.3557064579835]],[[10.5859636922084,45.3541666480455],[10.5855577756712,45.3536397872742]],[[10.5856636828189,45.3509701367573],[10.5856575979653,45.3508886095895],[10.5856489126177,45.3507722395367],[10.585962444505,45.3501356846593],[10.5857709535908,45.3495433315348]],[[10.5856575979653,45.3508886095895],[10.586511574169,45.3505412597391],[10.5871792501643,45.3504287814098],[10.5877842378866,45.3513729551159]],[[10.5865901313461,45.3521608873606],[10.5863252957907,45.351591871717],[10.5859111546895,45.3513150000125],[10.5856636828189,45.3509701367573],[10.5838050910335,45.3517248136662],[10.5834111111049,45.3512513650255],[10.5827521187816,45.3504078916862]],[[10.5860386951884,45.3543089014913],[10.5859636922084,45.3541666480455],[10.5851952511702,45.3544360599312],[10.5847939612272,45.3542440293743]],[[10.5863289248676,45.3608330355342],[10.5864932173482,45.3610223223253]],[[10.5880881850679,45.3613264977981],[10.5864967804742,45.3611019854036],[10.5858187009383,45.3611264753815],[10.5863289248676,45.3608330355342],[10.5861350694612,45.3603986632046],[10.5851434985374,45.3606799460111],[10.5846535596007,45.3597380837673]],[[10.586227977928,45.3566258856974],[10.5867660028767,45.3564872910815],[10.5872157356943,45.3559985942141],[10.5870389257726,45.3558676713388]],[[10.5865901313461,45.3521608873606],[10.5862713711058,45.3522779935596],[10.5863026587447,45.3524096482347]],[[10.5865901313461,45.3521608873606],[10.5884075337105,45.3510254388234],[10.5895321236939,45.3505250732604],[10.5909471236725,45.3488214090544],[10.5913835860161,45.3487305528464],[10.5918461007972,45.348738497381],[10.5919266249714,45.3487398803386],[10.5919237559855,45.3487656568004],[10.5918516477902,45.3487666620359],[10.5913857043519,45.348752512032]],[[10.5867400952258,45.3539960348742],[10.5866504265296,45.3539199592644]],[[10.5868703551312,45.353237940298],[10.5864148893652,45.35403345329],[10.5861071355422,45.3542786404782],[10.5860386951884,45.3543089014913],[10.5860121181698,45.3543206525434],[10.5855106784051,45.3550402059719],[10.5840824477094,45.3551740002933],[10.5837823902057,45.3548774913937],[10.5837723339929,45.3541722974118]],[[10.5868965961081,45.3532333887493],[10.5869183588358,45.353211665393],[10.5869412556318,45.3532528607003],[10.5869247950198,45.3533855336769],[10.5869792239228,45.3533793350734]],[[10.5869274576501,45.353228035746],[10.5868965961081,45.3532333887493],[10.5868703551312,45.353237940298],[10.5866507241489,45.352903069978],[10.5871001353252,45.3532521446479],[10.5871509603773,45.3532519155386],[10.5876674757932,45.3532995227273],[10.58782092377,45.3533036401575],[10.5886951208568,45.3531989940013],[10.5903278658075,45.3536406948065],[10.5900032381827,45.3537624012962]],[[10.5869412556318,45.3532528607003],[10.5871143915684,45.3532618415632],[10.5872224626335,45.3536743674964],[10.5870654525024,45.3538561418717],[10.5867400952258,45.3539960348742],[10.5865979606046,45.3540657347767],[10.5863881301179,45.3542011548871]],[[10.5870654525024,45.3538561418717],[10.5877823408145,45.354374067898],[10.5868405421184,45.3552905618272]],[[10.5872224626335,45.3536743674964],[10.5870723296542,45.3536419870392]],[[10.5871010962814,45.3532110907092],[10.5880961020047,45.3532221848884],[10.5878115048192,45.3516453136197]],[[10.5872157356943,45.3559985942141],[10.5878094606028,45.3560174682963]],[[10.5871926864955,45.3549478833796],[10.5876652003547,45.3550614117565]],[[10.5874056848148,45.3622600635246],[10.5881441527622,45.3626771172346]],[[10.588279945695,45.3616030028303],[10.5878386044921,45.3617437194553],[10.5874056848148,45.3622600635246],[10.5868729548534,45.3625482905695],[10.5866105633487,45.3621958793143]],[[10.5871792501643,45.3504287814098],[10.5871829936643,45.3503581825047]],[[10.5879609121967,45.3639807597242],[10.5880586575057,45.3639695252776],[10.587890084052,45.3636961869923],[10.588952421302,45.3624771103035],[10.5889489645268,45.3621668717363],[10.5884388311835,45.361684278207],[10.5883405695931,45.3615929091875],[10.58832229445,45.361575915914]],[[10.5878957903121,45.3520888573155],[10.5896926111643,45.3514550696459],[10.5895317462273,45.3511515387369]],[[10.5883474872233,45.3655886424653],[10.5884250750458,45.3655814705008],[10.588397570877,45.3648451252729],[10.5888863106896,45.3648054915904],[10.5887243411363,45.3651710558045]],[[10.5883376881895,45.3648318111334],[10.588397570877,45.3648451252729],[10.5881098694922,45.3639636391459]],[[10.58830303241,45.3615912523563],[10.588314013135,45.3616022197345],[10.5883405695931,45.3615929091875],[10.5887248495789,45.3614581817286],[10.5893771998776,45.3612424633767],[10.5901074447265,45.3609096527799],[10.5909731156519,45.360743409488],[10.5910091439068,45.3609475823059],[10.5918950300685,45.3622612572107]],[[10.5884529852474,45.3659920637771],[10.5882960114933,45.3657834912924],[10.5883105463306,45.3646756784403],[10.5880573152217,45.364374206118],[10.5879609121967,45.3639807597242],[10.5875125653651,45.3636233079578],[10.5871048342353,45.3635983758325]],[[10.5884373273006,45.3658757437848],[10.5885008008927,45.3655744705988]],[[10.5880961020047,45.3532221848884],[10.5890992482149,45.3531639107907]],[[10.5888863106896,45.3648054915904],[10.5888793089768,45.3646060648502]],[[10.5888863106896,45.3648054915904],[10.5907339464492,45.3645110183555]],[[10.5901180439564,45.3677368466311],[10.5899600691486,45.3677073968101]],[[10.589985539511,45.36674700691],[10.5900601943712,45.3667406924831]],[[10.5896926111643,45.3514550696459],[10.5901253094581,45.3521148058346],[10.590749020252,45.3521740453826]],[[10.5899858680481,45.3518986684879],[10.5900154376416,45.351886756144]],[[10.5904520587588,45.3679062672958],[10.5904637709484,45.3685086496056],[10.5907736136991,45.3690991946189],[10.5915759756576,45.3689415213802],[10.5920908099832,45.3686204869726],[10.592701634045,45.3685600730803],[10.592387095087,45.3694449573256],[10.5908079271898,45.3693888370528]],[[10.5907965839955,45.3534657382414],[10.5903278658075,45.3536406948065],[10.5911363552017,45.3538799427715],[10.5910033342846,45.353522664392],[10.5907258152804,45.353404135812],[10.5889988217788,45.3532240516891]],[[10.5908077615352,45.3587858075714],[10.5907486053016,45.3588385534528]],[[10.5907258152804,45.353404135812],[10.5904250593997,45.3530136496563],[10.5907288121965,45.3528717243913]],[[10.5909731156519,45.360743409488],[10.5909659799039,45.3606497259279],[10.5913420431955,45.3605522923724],[10.5919232620391,45.3601324997438],[10.5914361375212,45.3598070753271],[10.5918605382495,45.359361383185],[10.5908077615352,45.3587858075714],[10.5903870254289,45.3578432377488]],[[10.5908933539025,45.3545431665794],[10.5911378604418,45.3548834545186]],[[10.5911790118606,45.3539196680082],[10.5911363552017,45.3538799427715],[10.5911597763491,45.3538868734348],[10.591194003602,45.3538965444543],[10.5920760376264,45.3541457612683],[10.5932418433585,45.3548987131223],[10.5936653047769,45.3552429030283],[10.5938683345593,45.3558627197829],[10.5957017997708,45.3566164545372],[10.5956536691646,45.3555286521353]],[[10.5911597763491,45.3538868734348],[10.5911741441585,45.3539102227336],[10.5911790118606,45.3539196680082],[10.5912641395944,45.3540848490477],[10.5907239223942,45.3542537573904],[10.5908933539025,45.3545431665794],[10.5901408443578,45.3546178932652],[10.5900308771356,45.3544266028431]],[[10.5911741441585,45.3539102227336],[10.591194003602,45.3538965444543],[10.59122473258,45.3538753797154],[10.5915188004363,45.3538100841216],[10.5929489684336,45.3535286623963],[10.5930958782782,45.3532378997417],[10.5929147645547,45.3527823727522],[10.5924529076658,45.3525814575388],[10.5917833709977,45.3519190115325],[10.5915842680162,45.3512005187709]],[[10.5915253490131,45.3616784073231],[10.5921985631864,45.3611856742201]],[[10.5919968763493,45.3659395002657],[10.5919693934026,45.3669092638825]],[[10.5919232620391,45.3601324997438],[10.5924021772338,45.3599154695509],[10.5931789116391,45.3589196521365],[10.5923429114786,45.3590171481512],[10.5918605382495,45.359361383185]],[[10.5918516477902,45.3487666620359],[10.5918461007972,45.348738497381],[10.5918380188461,45.3486974615146],[10.5912825252957,45.3475495848351],[10.5923409726287,45.3477806797679],[10.5927425401324,45.347818725616],[10.5927313672228,45.3477210336557]],[[10.5919237559855,45.3487656568004],[10.5929126121528,45.3485753210736],[10.5920201083883,45.3487598294266]],[[10.5919266249714,45.3487398803386],[10.5920250863714,45.3486961782198]],[[10.5923352279427,45.3599487271069],[10.592576672205,45.3602415414577]],[[10.5923591831832,45.3574366523805],[10.5926635510953,45.356153275314],[10.5931204393663,45.3556694832357],[10.5912515840943,45.3557715425913],[10.5911717537082,45.3560953453904]],[[10.5927233229493,45.3684485836659],[10.592701634045,45.3685600730803]],[[10.5922646129813,45.3500950624632],[10.5933616112196,45.3507221330018]],[[10.5922470386714,45.3487516376535],[10.5920734657386,45.3500195063483],[10.5922646129813,45.3500950624632],[10.5920700903363,45.3503040622943]],[[10.5931204393663,45.3556694832357],[10.5933170062714,45.3550443367368],[10.5926054679027,45.3546164435427]],[[10.5933387106682,45.3644824049936],[10.5929058006246,45.3650546195476]],[[10.5927425401324,45.347818725616],[10.5931255501049,45.347853746431],[10.5929126121528,45.3485753210736],[10.5931864013267,45.3481625836574],[10.5931949180588,45.3478600890015],[10.5933056207108,45.3478702108669]],[[10.5929489684336,45.3535286623963],[10.5929187797571,45.3535815924358]],[[10.5941349869005,45.3689739601399],[10.5938793799136,45.3696361276535],[10.5933761784973,45.3695719388212]],[[10.594066242145,45.3652932098322],[10.5933387106682,45.3644824049936],[10.5927404663335,45.3643184367747]],[[10.5933387106682,45.3644824049936],[10.5937742837674,45.3640948774563],[10.5936681772351,45.3639573484501]],[[10.592893174491,45.3486080192892],[10.5935128023507,45.3482911986008]],[[10.5931204393663,45.3556694832357],[10.5942274018135,45.3562237264966],[10.5954713917787,45.3565562235891],[10.5958142035676,45.3571282999125],[10.5964103641079,45.3578524947808],[10.5964646853844,45.3579241214421],[10.5964156496702,45.3579360568198],[10.5962981839209,45.3579863079786],[10.5957524750043,45.3577372221407],[10.5946932199187,45.3575597290935],[10.5917982074928,45.3574445113579]],[[10.5931724006601,45.3505967067304],[10.593755272139,45.3509328174177]],[[10.5931255501049,45.347853746431],[10.5943144203916,45.3478807869763],[10.5943580284851,45.3474459107393],[10.5940910724562,45.346675511352],[10.5944208195417,45.3459130824963],[10.5941680580536,45.3449506224299],[10.5959906371376,45.344926524011],[10.5971608267739,45.3453047216404]],[[10.5937742837674,45.3640948774563],[10.5943102114516,45.3637268396006]],[[10.594066242145,45.3652932098322],[10.5885497091499,45.3659730381516],[10.5884529852474,45.3659920637771],[10.5881350889107,45.3661078551327],[10.5878561381394,45.3661759436447],[10.58663950258,45.3660778234968],[10.5856911251907,45.3656592770162],[10.5848435118713,45.3657523089307],[10.5842274240505,45.3657931791297],[10.5837340106384,45.365814304491],[10.5837337421588,45.3658143159853],[10.583766286864,45.3661323974798]],[[10.594066242145,45.3652932098322],[10.596467130571,45.3649682906244],[10.5964004170439,45.3647913046075]],[[10.5941706221254,45.3656256473632],[10.5942826636743,45.3661180716405],[10.5931830942942,45.3662936335661]],[[10.5941706221254,45.3656256473632],[10.5949406013109,45.3655093970388],[10.5950691300374,45.3659999276753],[10.5942826636743,45.3661180716405],[10.5943577820558,45.3665541717207],[10.5944934415637,45.3671719666106],[10.593719664488,45.3672804684708]],[[10.5940250259881,45.3575106486715],[10.5945104160222,45.3563037433933]],[[10.5944182403725,45.3668037722926],[10.5960532722505,45.3665804841945],[10.596063535978,45.3666727657967]],[[10.5944934415637,45.3671719666106],[10.5946016750315,45.3674728839506],[10.5948234642863,45.3678136494442],[10.5950022920144,45.3679192875861],[10.595158440581,45.3689483529202],[10.5945999659384,45.3690096673385],[10.5941349869005,45.3689739601399],[10.5927233229493,45.3684485836659],[10.5927386982063,45.3681076974143],[10.592618419258,45.3680882753238],[10.5911715268886,45.3683446123801]],[[10.5946016750315,45.3674728839506],[10.5961237692154,45.3672178780546]],[[10.595008251264,45.3576125181624],[10.5942063056318,45.3591698847497],[10.5944841571797,45.35981919365]],[[10.5941680580536,45.3449506224299],[10.5941642408248,45.3446772055503]],[[10.5948619875441,45.3678595925632],[10.5948688003335,45.3683616077758]],[[10.5947175252261,45.3623717441541],[10.5949302985745,45.363020225496]],[[10.5944208195417,45.3459130824963],[10.5944709640904,45.3464620436391]],[[10.5950691300374,45.3659999276753],[10.596642325593,45.365833874621],[10.5965453545874,45.3652686160555]],[[10.5956752924379,45.355972953985],[10.5968338341974,45.3558662608911],[10.5968811386192,45.3565005689159],[10.5970561541434,45.3567040803884],[10.5958142035676,45.3571282999125]],[[10.5964434400459,45.3614825406156],[10.5965200155345,45.3615447691173]],[[10.5964103641079,45.3578524947808],[10.5963669314552,45.3578782416238],[10.5964156496702,45.3579360568198],[10.5964752968473,45.3580068415118],[10.5967446589491,45.3583617703334],[10.5968426583391,45.3584764483406],[10.5969214060363,45.3586160118162],[10.5971245878133,45.3592778109157],[10.5957932006422,45.3603691026215],[10.5938568373045,45.3611937173564],[10.5931582772527,45.3613643507766]],[[10.5963357498177,45.3549162224951],[10.5963742362953,45.3541897222178],[10.5950924273151,45.3538948019325],[10.5943475471642,45.3538520888855],[10.5937375675434,45.3535104803688],[10.5933075848339,45.3530770496939]],[[10.5970561541434,45.3567040803884],[10.597390641115,45.3576987373427],[10.5964646853844,45.3579241214421],[10.5969979623646,45.3586272757382],[10.5973888026312,45.3595980785153],[10.5978603918369,45.3613237433148],[10.5977165804142,45.3620050397909],[10.597829410419,45.3614104064355],[10.5975881029484,45.3608124413159],[10.5964434400459,45.3614825406156],[10.5954882610917,45.3622396547217],[10.5931757462634,45.362625361833],[10.5932495384654,45.3629883019513]],[[10.5963742362953,45.3541897222178],[10.5967682850958,45.3542274378888]],[[10.5971971100679,45.3648524590396],[10.5957535523891,45.3651330659633],[10.5940985773305,45.3653394236421],[10.5941706221254,45.3656256473632],[10.5919968763493,45.3659395002657],[10.5899088815093,45.3662812438737],[10.5898886630117,45.3664119656771],[10.5900778983595,45.3672389258272],[10.5904751138492,45.3677119789641],[10.5904520587588,45.3679062672958],[10.5901180439564,45.3677368466311],[10.589845461192,45.3681573605732]],[[10.5970561541434,45.3567040803884],[10.5977494174414,45.3564305364171],[10.5977787615129,45.3557466230417],[10.5974027737773,45.3549405698804],[10.5963357498177,45.3549162224951],[10.5964011518224,45.3550396353455]],[[10.5976112086168,45.3627910004961],[10.5980970518949,45.3639235854479]],[[10.5977165804142,45.3620050397909],[10.5976112086168,45.3627910004961],[10.598148927812,45.3638909713675],[10.5979604577113,45.36444323765],[10.5971971100679,45.3648524590396],[10.5973058349148,45.3651360502662],[10.597767715667,45.3650627728762],[10.5977831330075,45.3652559709249],[10.5983206513372,45.365315492198],[10.598174946217,45.3664144870395],[10.598902679013,45.3666086539609],[10.599100924581,45.3671138657383]],[[10.5974027737773,45.3549405698804],[10.5980720158004,45.3549018275099],[10.5993936546568,45.3551006215938]],[[10.597767715667,45.3650627728762],[10.5980928426651,45.3647991008563]],[[10.5977663762284,45.356096626693],[10.5984534026937,45.3559841505651],[10.5984805627679,45.3561936272478],[10.5977494174414,45.3564305364171]],[[10.5987207137846,45.3633670776838],[10.5986102908186,45.3626347499533],[10.598403407013,45.3625109497885]],[[10.5985023328244,45.3624879040387],[10.5983357215173,45.3619521940265],[10.5986632080061,45.3614253922362],[10.5982503468785,45.3611943612061]],[[10.5985023328244,45.3624879040387],[10.5996640504295,45.3619737168244]],[[10.5986508703127,45.366485190693],[10.5996636179363,45.3663092437465],[10.6001349743568,45.3656872323311],[10.6012072011345,45.3652486783648],[10.6006955959167,45.364620223027],[10.600054744759,45.3647881033594],[10.5995944590936,45.3647121394888],[10.5986399949574,45.3648310041131]],[[10.5984805627679,45.3561936272478],[10.5984892440321,45.3562605826073]],[[10.5984805627679,45.3561936272478],[10.5993582217642,45.3558743516493],[10.600156449827,45.3569429928822],[10.5998465598894,45.3571243030923],[10.6003473066052,45.3573123706515],[10.6010446787803,45.3571021477908],[10.6015294859432,45.357446132068],[10.6018526953711,45.3579553244863],[10.6016186066598,45.3588181532363],[10.6014088898909,45.3591384374688],[10.600703590702,45.3592010756665],[10.6005948155365,45.3589618571999],[10.6003260095385,45.3585942678131],[10.6000630593564,45.3583642898573],[10.6000261206878,45.3578237668244],[10.6002750921095,45.3579079015403]],[[10.5986632080061,45.3614253922362],[10.5991752847452,45.3609771064968],[10.5989720212973,45.3608335737416],[10.5987417792684,45.3599135875287],[10.5977799142378,45.3600325486946],[10.5975207669181,45.35931690453],[10.5978646059471,45.3585227347945]],[[10.5991847622189,45.3634667170818],[10.6002990137816,45.362518125743],[10.5999307929292,45.3622785628341]],[[10.5991752847452,45.3609771064968],[10.5998512010854,45.3605680631282],[10.600336055875,45.3608618417567]],[[10.5993582217642,45.3558743516493],[10.6012714147288,45.3552451102337]],[[10.5997577358734,45.364069433485],[10.5991847622189,45.3634667170818],[10.5987207137846,45.3633670776838],[10.5983279954711,45.3636856756651],[10.598306041823,45.3642345748396]],[[10.5997140938258,45.3640144109366],[10.6001285801228,45.3638529933968]],[[10.5998512010854,45.3605680631282],[10.6002918424463,45.3601741817424],[10.6006165518467,45.3596493912023],[10.6005136059192,45.3595960087194]],[[10.5998465598894,45.3571243030923],[10.5991287115007,45.3575512134471],[10.5989841111691,45.3580205639374],[10.5996862067292,45.3587826521679],[10.6003598748629,45.3586443416517]],[[10.600156449827,45.3569429928822],[10.60051762415,45.3566967577328],[10.6004349377314,45.3566638923349]],[[10.6006955959167,45.364620223027],[10.6012838530994,45.364385153863],[10.6015402339678,45.3645872803272]],[[10.60051762415,45.3566967577328],[10.6019570457714,45.3555888936547],[10.6015600787014,45.3553850372062]],[[10.6006165518467,45.3596493912023],[10.6012318424714,45.3600759463476],[10.6010104590828,45.3604989683125]],[[10.6012838530994,45.364385153863],[10.6020571109267,45.3639444018142],[10.6020018492458,45.3638423161193]],[[10.6013271536101,45.3545098114962],[10.6012180816063,45.3545195426441]],[[10.601388887146,45.3538683309693],[10.6012383120365,45.3538727031995]],[[10.6014088898909,45.3591384374688],[10.6023195295352,45.3587959801244]],[[10.6014114749437,45.3551852591595],[10.6013270734337,45.3545101485443]],[[10.601388887146,45.3538683309693],[10.6013684034317,45.3545061312561],[10.6029532257402,45.3540069745125],[10.6031899722683,45.3541776399026]],[[10.601388887146,45.3538683309693],[10.6014672643575,45.3537294137571],[10.6019783998437,45.3536249509954]],[[10.6019570457714,45.3555888936547],[10.6024407085854,45.3558981781763],[10.6028653022439,45.35647324678],[10.6033984211463,45.3566472682252],[10.6037093877532,45.3574076255854],[10.6034811898781,45.3575694566589],[10.6022890598787,45.3576891134258],[10.6018526953711,45.3579553244863]],[[10.6028219000293,45.3674428993297],[10.6031054956186,45.3680101915793],[10.6036170193095,45.3683103569948],[10.6038295969545,45.3690060260516],[10.6041325403064,45.3689940703323],[10.6043364534475,45.3698253961561],[10.6042212898223,45.3698359155196]],[[10.6026988249754,45.3627753003391],[10.6023622386553,45.3629457841705]],[[10.6031165049487,45.3576084854526],[10.603223639906,45.3579499932839],[10.6040583989946,45.3588010194567],[10.6040635243346,45.3589823672549],[10.6030480214789,45.3606789803614]],[[10.6029532257402,45.3540069745125],[10.6040291675343,45.353238974086],[10.6051552971609,45.3531508078667],[10.6055619643486,45.3532830761823],[10.6074315686532,45.3532566896936]],[[10.6031901688089,45.3607579644628],[10.6032591552667,45.3606997503856]],[[10.6041828805145,45.3646197342652],[10.6037982510073,45.364607701413],[10.603331236274,45.3648860711535]],[[10.6038535052631,45.363552025675],[10.6034834677732,45.3630487444756]],[[10.6037112555342,45.3684672811232],[10.603826067403,45.3684273417492]],[[10.6038570018404,45.3611745757243],[10.603933780207,45.3611467930073]],[[10.6042508016908,45.3692313391326],[10.6053458189231,45.3692219870861],[10.6053996576649,45.3686990473214]],[[10.6042473723064,45.3668976209929],[10.6044472570182,45.3669175241358]],[[10.6042168874062,45.3631746672117],[10.604266646615,45.363919645404],[10.6044683940942,45.3642765171281],[10.6042449645851,45.3644641596963],[10.6042092536779,45.3645409593617],[10.6041828805145,45.3646197342652],[10.6041643405569,45.3646751117689],[10.6041189734968,45.3653675173318],[10.6034526789324,45.3663662054795],[10.6027788287352,45.3670343712063],[10.6004630425972,45.3684211236972],[10.6005398617153,45.3684976331306],[10.6014813686938,45.368012546506],[10.6019511439257,45.3683917797582]],[[10.6041748450325,45.3615706756102],[10.6042443035712,45.3615391806159]],[[10.6042136425024,45.3619506573096],[10.6042306866136,45.3621535942902],[10.6038717245591,45.3623244235394],[10.6026988249754,45.3627753003391],[10.6025864538366,45.3626905228657]],[[10.6042670200184,45.3620223354387],[10.6042168874062,45.3631746672117],[10.6039237115798,45.3634748774002],[10.6038535052631,45.363552025675],[10.6035995483287,45.3638310916338],[10.6030824723756,45.3643493680565]],[[10.6042629516761,45.3619371292096],[10.6041748450325,45.3615706756102],[10.6037918271731,45.3611123553076],[10.602096126837,45.3602671869017]],[[10.6040182611494,45.3527395159097],[10.6041467245605,45.3528983036896],[10.6051004791992,45.3528374269396],[10.6051552971609,45.3531508078667],[10.6053410473454,45.3540502098684],[10.6060011502093,45.3542624749964],[10.6060685521308,45.3547181852748]],[[10.6042834108454,45.361938681911],[10.6043849438971,45.3620111417714]],[[10.6044683940942,45.3642765171281],[10.6044862633223,45.3643272538553],[10.604510400765,45.364355526441],[10.6050122706026,45.3648983322419],[10.6053615223336,45.3651442523652],[10.6056383114769,45.3657936620828],[10.6046544881694,45.3664375041015],[10.6042473723064,45.3668976209929],[10.6027882477983,45.3674517357079]],[[10.6044862633223,45.3643272538553],[10.6044128488027,45.3624132985626]],[[10.6045072595367,45.3643345591628],[10.6052997887593,45.3649696543125],[10.605408046574,45.3652002951901]],[[10.6048186546562,45.364535197288],[10.6067455512704,45.3640130646707],[10.6085068851158,45.3639834201973],[10.6079906117382,45.3626681658706],[10.607577573484,45.36269093649],[10.6073560806333,45.3620887569673],[10.6074148603975,45.3618336028695]],[[10.6056383114769,45.3657936620828],[10.6057950905126,45.3660215700283],[10.6061278773605,45.3663068220007],[10.6063111419696,45.3664463058831],[10.6062282652312,45.3665193692216]],[[10.6060858632313,45.3662708093351],[10.606130891145,45.3662517179302],[10.6060156189212,45.366144826565]],[[10.606130891145,45.3662517179302],[10.6073649477446,45.3675220512637],[10.6088083919882,45.369428426744],[10.6083980193941,45.3698863434264],[10.6092366341637,45.3699506802955],[10.6100492360953,45.3701783501152],[10.6099452485497,45.3708662122221],[10.6097021886858,45.3710414503542],[10.6077351231613,45.3713464721549],[10.6072661881409,45.3712475751628],[10.607323396057,45.3716706908903]],[[10.6060011502093,45.3542624749964],[10.6073739604331,45.3541662958862]],[[10.6071504669567,45.3698425846033],[10.6072374078938,45.3698398409467],[10.6071994463063,45.369439135651],[10.6069492144122,45.3690610820966]],[[10.6072661881409,45.3712475751628],[10.6071509982717,45.3701915573706],[10.6072374078938,45.3698398409467]],[[10.6073100587976,45.3698420565269],[10.6073824379547,45.3697214055055],[10.6076329964686,45.3697140634093],[10.6078628172864,45.3697241648193],[10.6082033218158,45.3698497270879],[10.6084022441457,45.3698950164327],[10.6084124052496,45.3698881482797]],[[10.6070839444637,45.3613289363501],[10.6078124546288,45.361219832066],[10.6080343068405,45.3603059945166]],[[10.6079906117382,45.3626681658706],[10.6082821256639,45.3619689009115],[10.608664961379,45.3619838544706],[10.6092033780089,45.3623492807031],[10.6095314137991,45.3621751063404]],[[10.6082611781915,45.3595621762544],[10.6080769685433,45.359455380248]],[[10.6085068851158,45.3639834201973],[10.6091615502715,45.3642857668509],[10.6101884243972,45.3643040950596],[10.6104108452011,45.3645750425176],[10.6105476046605,45.3650715938375]],[[10.6083350514662,45.3564853059259],[10.6086022331155,45.3557574368851]],[[10.6084049120851,45.3577469032892],[10.6086814008674,45.3574224782233]],[[10.6085021451017,45.3548279154421],[10.6091088458039,45.3546840911068],[10.6096819136508,45.3548203093506],[10.6102482075476,45.3549430925754]],[[10.6085621092205,45.3549127459551],[10.6085870427007,45.3548898486181]],[[10.6088743844383,45.3564085669379],[10.6089664451002,45.3559710028026]],[[10.6100492360953,45.3701783501152],[10.6100001319508,45.3699370530532],[10.6102672896243,45.3691043704044],[10.6092474107843,45.3691909449473]],[[10.6097201798133,45.3609394755259],[10.6097909853621,45.361027904647],[10.6080389066445,45.3612058046647],[10.6070839444637,45.3613289363501],[10.606719958017,45.3613758660928],[10.6056043548819,45.3616013146684],[10.6042629516761,45.3619371292096],[10.6025204876178,45.3624151620141],[10.6016187596651,45.3627656379829],[10.6007587128761,45.3635991609438],[10.5997577358734,45.364069433485],[10.5979604577113,45.36444323765]],[[10.6100492360953,45.3701783501152],[10.6105511956391,45.3703082349235],[10.6106198841104,45.3709802825003],[10.6105125775493,45.3709746575028]],[[10.6096819136508,45.3548203093506],[10.6101686146156,45.3543918353604],[10.6108097000289,45.3542204617864],[10.6113349279122,45.353347280949],[10.6120724132776,45.3535307684404],[10.6119352899385,45.3536567077921]],[[10.6105511956391,45.3703082349235],[10.6120324752947,45.3705101182456],[10.6118806122077,45.3697933661429],[10.6123804214801,45.3697750065127]],[[10.6102457154812,45.3565391689764],[10.6102344635038,45.3565934382797]],[[10.6116726828952,45.3578030379062],[10.6111754840495,45.3567357328156],[10.6106045558059,45.3565254655737],[10.610420601682,45.3565040108519],[10.6093068711899,45.3565862233239],[10.6088743844383,45.3564085669379],[10.6083350514662,45.3564853059259],[10.6082292590772,45.3566641585653],[10.6084234983147,45.3576504448297],[10.6079578249457,45.3582812694903]],[[10.6116612176623,45.3636253803821],[10.6111977981297,45.3636532619303],[10.6105751998626,45.3639394893784]],[[10.6112141889004,45.3605058116741],[10.6112265788456,45.3605653422216]],[[10.6120297601427,45.3603950983614],[10.6113425125822,45.3584533925768]],[[10.6116580119243,45.3646505473917],[10.6118446384098,45.3640263310078]],[[10.6129922110945,45.3575098596951],[10.6123252031666,45.3576911164264],[10.6116726828952,45.3578030379062],[10.6113732510569,45.3578444647303],[10.610276853449,45.3577494552198],[10.608912790126,45.3582147195551],[10.607910970771,45.3583351729439]],[[10.6118905123599,45.3548951211147],[10.6118895523986,45.3548613155092]],[[10.6118905123599,45.3548951211147],[10.6125326909655,45.3548747813455],[10.6129783450664,45.3548031034691],[10.6127270617943,45.3539499006387],[10.6120724132776,45.3535307684404]],[[10.6124378873278,45.3662588525493],[10.6126496353749,45.3673176204195],[10.6119014278103,45.3674909162196],[10.6116068950551,45.36804729424],[10.6117018603269,45.3683260659178],[10.6121716610183,45.3686102170407],[10.6131887042902,45.3683077384832],[10.6132843276662,45.3680769624988],[10.6130968182084,45.3671341151428],[10.6145611418285,45.3668846691542],[10.6154843010214,45.3668751696882]],[[10.6124970337003,45.3648780100209],[10.6123368430814,45.3653665883295],[10.6123115275376,45.3660738953649],[10.6124378873278,45.3662588525493],[10.6117517761926,45.3664169602959],[10.6110747695575,45.3663873871769]],[[10.6129922110945,45.3575098596951],[10.6121658527502,45.3562734908075],[10.6118905123599,45.3548951211147],[10.6103098371672,45.3553119795799],[10.608759715611,45.3550024011849],[10.6077729665119,45.3545991957507]],[[10.6121678925923,45.3561642528607],[10.6126001640978,45.3557085857124],[10.6126893330464,45.3551744676437],[10.613108394824,45.3547734941383],[10.6147279595623,45.3545267349145],[10.6146740425225,45.3544552539144]],[[10.6124569946055,45.3622601094728],[10.6124131366251,45.3619196418257]],[[10.6132628644391,45.3625199846465],[10.6124762534942,45.3624096139682],[10.6124569946055,45.3622601094728],[10.6113225105731,45.3620257397064]],[[10.6125659294979,45.3603559634555],[10.6126364661123,45.3607735311982]],[[10.6125326909655,45.3548747813455],[10.6125141475317,45.3547848587875]],[[10.6128436758874,45.3650111217826],[10.6129449634687,45.364925827233]],[[10.6129922110945,45.3575098596951],[10.6134185073522,45.3580855537357],[10.6135628820311,45.358113507688],[10.6133984493877,45.3586215156891],[10.6133925735711,45.359214811377],[10.613694543171,45.3598291936794],[10.6133919867401,45.3600504027031],[10.6125659294979,45.3603559634555],[10.6121805704418,45.3603737633421],[10.6120297601427,45.3603950983614],[10.6112141889004,45.3605058116741],[10.6107294221881,45.3605532336051],[10.6097201798133,45.3609394755259],[10.6082611781915,45.3595621762544],[10.6080388505836,45.3598031267642]],[[10.6132628644391,45.3625199846465],[10.6135197637825,45.3637073997004],[10.6121896063288,45.3637530868395],[10.6117978029175,45.3636376804853],[10.6117116551799,45.3636246685062],[10.6116612176623,45.3636253803821],[10.6117540979132,45.3628095209165],[10.6114978657128,45.3623151599252],[10.6104684576112,45.362134048716]],[[10.6132628644391,45.3625199846465],[10.6142535292189,45.3623631614317],[10.6154476167639,45.3619034307858],[10.6150231731715,45.3614071186932],[10.6139746225986,45.3617375181836]],[[10.6133404991577,45.3579288332548],[10.6135185522116,45.3578924983441],[10.6131707305755,45.3574690367856]],[[10.6135197637825,45.3637073997004],[10.6145570028481,45.3635860293093],[10.6151886576449,45.3627767758552],[10.6159282541604,45.3627022864268],[10.6160821316058,45.3626574250036],[10.6162291281026,45.3625875129636],[10.6162463629661,45.3625793159797],[10.6164939092575,45.3629034158757],[10.6164000222431,45.3631472138872],[10.6165890350593,45.3634048610456],[10.6166280151327,45.3647123562808],[10.6163300023504,45.3646682920633]],[[10.61368376048,45.3650742374068],[10.6136906847479,45.3654648447782],[10.6139619276749,45.3655543820746],[10.6144033604437,45.3668371022456],[10.6145611418285,45.3668846691542]],[[10.6135185522116,45.3578924983441],[10.6147764212914,45.3575928914045],[10.6146081078707,45.3570722020072],[10.61385548244,45.3569205095016],[10.614164040834,45.3563006397278],[10.6130403971499,45.355471039005]],[[10.6136127982255,45.359944363941],[10.614116690708,45.3601934744495]],[[10.6135658674437,45.3558446441483],[10.613968555122,45.355611237619]],[[10.6146958309653,45.360659380688],[10.6142657960359,45.3601323711088],[10.613694543171,45.3598291936794]],[[10.614164040834,45.3563006397278],[10.6151718678002,45.3556438249899],[10.6155698327114,45.3555818299802],[10.615911681862,45.3556829596299]],[[10.6146683579656,45.357391504637],[10.6144833370056,45.3574076483759]],[[10.6146958309653,45.360659380688],[10.6155745423991,45.3618793339609],[10.6163295203426,45.3625805762636],[10.6160926707947,45.3623363293273]],[[10.6150231731715,45.3614071186932],[10.61473359652,45.3610145026926]],[[10.6147279595623,45.3545267349145],[10.6155319986992,45.3544635063335],[10.6153920553833,45.3539535936305]],[[10.615574542399,45.3618793339609],[10.6154476167639,45.3619034307858],[10.6162291281026,45.3625875129636]],[[10.6155316132394,45.3551241126609],[10.6154209685816,45.3555314119608]],[[10.6156691986869,45.3619407457266],[10.6169600572726,45.3615737784009],[10.6162875743729,45.3603927216276]],[[10.6155319986992,45.3544635063335],[10.6155316132394,45.3551241126609],[10.6140208671801,45.3553257493033]],[[10.6155319986992,45.3544635063335],[10.6173748155799,45.3543829332616],[10.6171612874963,45.3549362494432],[10.6173588280195,45.3554183058085]],[[10.6162463629661,45.3625793159797],[10.6162613487198,45.3625721886791]],[[10.6163295203426,45.3625805762636],[10.6166597902125,45.3628910271878]],[[10.6162957495614,45.357539273809],[10.6161993455737,45.3575589674538]],[[10.6164346597931,45.3653321490612],[10.6164346597931,45.3653321490612]],[[10.6164346597931,45.3653321490612],[10.6166620102848,45.3655616101823],[10.6173229884848,45.3657372133259],[10.6177004619475,45.3664552669967],[10.6185166547108,45.3662783018156],[10.618977783507,45.3675842899887],[10.6168954413694,45.367688490706],[10.6170641678819,45.3671018678076],[10.6170254678752,45.3668062973795],[10.6166967253591,45.3668242908225]],[[10.616505328545,45.3581608339421],[10.6164172127477,45.3581721435378]],[[10.6166238561257,45.3644352035052],[10.6167060869918,45.3644117016739],[10.6167377299727,45.3647005611374],[10.6166280151327,45.3647123562808],[10.6164346597931,45.3653321490612],[10.6151688173408,45.3650607598133],[10.6138529311775,45.3650486083934],[10.6131127830385,45.3651048626071],[10.6129753096437,45.3650614530543],[10.6128436758874,45.3650111217826],[10.6127801833742,45.3649868448001],[10.6125314907933,45.3648916507786],[10.6124970337003,45.3648780100209],[10.6123362899052,45.3648143750829],[10.6122100906909,45.3647681376834],[10.6114070543121,45.3646087375797]],[[10.6165205338153,45.358206754677],[10.6185178793636,45.3579710378914],[10.618416076791,45.3574303307146],[10.618253979484,45.3572409861935],[10.6172172141593,45.3569941393969],[10.6165909973115,45.3564528817012],[10.6164848477972,45.3562051665125]],[[10.6167060869918,45.3644117016739],[10.6182855055315,45.3639169307281],[10.6186774383231,45.3645271112812],[10.6201382440365,45.3642775006775]],[[10.6167179427725,45.3590010477299],[10.6166203639025,45.3590170006775]],[[10.6170254678752,45.3668062973795],[10.6173719673944,45.3666146487769]],[[10.6169600572726,45.3615737784009],[10.6190105683854,45.3612220505386],[10.618802410579,45.3608230626979],[10.618699708351,45.3600526534519]],[[10.6169615084584,45.3599173932749],[10.61505442233,45.3604491275779],[10.6146958309653,45.360659380688],[10.6097909853621,45.361027904647],[10.6100701567949,45.3612873458494]],[[10.6173229884848,45.3657372133259],[10.6182302080672,45.3651694716416],[10.6185166547108,45.3662783018156]],[[10.6173748155799,45.3543829332616],[10.6199915662441,45.3547907496241],[10.6193065141448,45.3564345870807]],[[10.618293878031,45.365278835699],[10.6207104427594,45.3649840140568]],[[10.6182855055315,45.3639169307281],[10.6193042873167,45.3636032440417],[10.6202729284214,45.3636491116691],[10.6204677722779,45.3638394761063],[10.6210656739731,45.3639311308565],[10.6220541730524,45.3638431799736],[10.622157866762,45.3646309142686],[10.6226773086484,45.3645806164063]],[[10.6185178793636,45.3579710378914],[10.6186848883238,45.3591921718296],[10.6210920558977,45.3587496474523],[10.6205386631159,45.358184831592],[10.6193697236066,45.3575656148976],[10.619424839819,45.357179587283]],[[10.618977783507,45.3675842899887],[10.619898052457,45.3674659452411],[10.6200646839497,45.367786295167],[10.6200992093147,45.3682885248794]],[[10.619898052457,45.3674659452411],[10.6219282635319,45.3673257410693],[10.6227305428524,45.3671916271409],[10.6227055471909,45.3671116168633]],[[10.6202319963734,45.3613921581776],[10.6199544572877,45.3614037778049],[10.6200973951343,45.3619922088673]],[[10.6202527606166,45.3631796882976],[10.6201782450987,45.3631759769547]],[[10.6199915662441,45.3547907496241],[10.6207723963496,45.354960038273],[10.6206122923052,45.3555750930087]],[[10.6202527606166,45.3631796882976],[10.6202729284214,45.3636491116691]],[[10.6202527606166,45.3631796882976],[10.6204469922325,45.3629933401032],[10.6207739837221,45.3629553189951],[10.6219709973412,45.3631815226091],[10.6233334071079,45.3628045157442],[10.6240409720072,45.3634191446414],[10.6242265334111,45.3637574620531],[10.6232440270313,45.3642912129387],[10.6220765705374,45.3639167754969]],[[10.620563748533,45.3673858711491],[10.6203737718486,45.3663878704606],[10.6208496430516,45.3663242051413],[10.6205946601551,45.3649981569072]],[[10.6207723963496,45.354960038273],[10.6209265159018,45.3547660741286],[10.6200550392318,45.3547914745493]],[[10.6220501543722,45.3563409076264],[10.6213658244618,45.3556697341419],[10.6211174356327,45.3557306558562]],[[10.6216583865059,45.3609989952736],[10.6217491693879,45.3609977059926]],[[10.6218366085912,45.3614090740258],[10.6216583865059,45.3609989952736],[10.6215859126861,45.3607581497019],[10.6214435010362,45.3598353565511]],[[10.6220501543722,45.3563409076264],[10.6217849664806,45.3564854899824]],[[10.6220501543722,45.3563409076264],[10.6227827001008,45.3561253300369],[10.6230065289555,45.356441706314],[10.6230305905159,45.3564689705838],[10.623049393532,45.3564737170286],[10.623049995627,45.3564738690154],[10.6230796671498,45.3565085500053],[10.6234807295743,45.3570510711206],[10.6238725120216,45.3573318357518],[10.6237923323333,45.3576834703181]],[[10.622278269388,45.358702280522],[10.6221924500855,45.3585356148327],[10.6210920558977,45.3587496474523],[10.6213633121613,45.3590639883921]],[[10.6226932795328,45.3583569104572],[10.6221924500855,45.3585356148327]],[[10.6223309029012,45.3615583669261],[10.6224922596636,45.3622818913659]],[[10.6231693525003,45.3593415219573],[10.6226842278986,45.3583357590848],[10.6224838086956,45.357188425241],[10.623049393532,45.3564737170286],[10.6230602245659,45.35646003006],[10.6231797474857,45.3562925699681],[10.623325079451,45.3561269191523],[10.6228805770204,45.3554346824237]],[[10.6231693525003,45.3593415219573],[10.6233580887774,45.3594051896223],[10.6256373588047,45.3593249769166],[10.6275248958083,45.359148413905],[10.6280710763121,45.3590973173588],[10.6282277368832,45.3586164592407],[10.6275393044423,45.3580460073513]],[[10.6231859842433,45.3593760022823],[10.6186420564538,45.3595666610675],[10.6169615084584,45.3599173932749],[10.616727692164,45.3590425364581],[10.6167179427725,45.3590010477299],[10.6166593746806,45.3587398830118],[10.6165205338153,45.358206754677],[10.616505328545,45.3581608339421],[10.6163111898052,45.3575934581517],[10.6162957495614,45.357539273809],[10.6161517289528,45.3570846703066]],[[10.6233268912376,45.3614548565511],[10.6233282538212,45.3616973358965],[10.6235190335989,45.3619012777099],[10.6235367222664,45.361898865261],[10.6236202068136,45.3619972071723],[10.6236334993569,45.3620007524131],[10.6236392614342,45.3620022892104],[10.6239498028705,45.3624354643372]],[[10.6233811676609,45.3614492154894],[10.6236334993569,45.3620007524131],[10.6236946721789,45.3621344598557],[10.6237289369877,45.3623110638714],[10.6236004809584,45.36297067037],[10.6244526330357,45.3636781700741]],[[10.623427164402,45.3598346405735],[10.6234909937309,45.3607371349821],[10.6234117409476,45.3612509887812],[10.6237654222293,45.3613299562584],[10.6252619137761,45.3611048077479],[10.6266969023602,45.3611876699661],[10.6257944657111,45.3602245431249],[10.6255358552737,45.3596973176397]],[[10.6234092141056,45.3594033909064],[10.6233472155275,45.3614580845182],[10.6233300314752,45.3614545301804],[10.621892632721,45.3616039122962],[10.6218366085912,45.3614090740258],[10.6204684915368,45.3613822563856],[10.6202319963734,45.3613921581776],[10.6200101935669,45.3599979791539]],[[10.6233358490972,45.3561436908021],[10.6242680700299,45.3551830831721]],[[10.623783630016,45.3543109977475],[10.6240091829608,45.3543247676548],[10.6209265159018,45.3547660741286],[10.6211253263931,45.3543544545118]],[[10.6238725120216,45.3573318357518],[10.6246569407082,45.3574762458884],[10.6248869695123,45.357468463654],[10.6248702247917,45.3573547467167]],[[10.6239167665228,45.3544461836191],[10.6239459039999,45.3544447521057],[10.624267347017,45.3551837886734]],[[10.6242265334111,45.3637574620531],[10.6243459940155,45.363723428218],[10.6244526330357,45.3636781700741],[10.6250377198953,45.3634298531931],[10.6251978865936,45.3633536600628],[10.626897350343,45.3638802361147]],[[10.6240731188935,45.3543779406952],[10.6240879656173,45.3543432786519],[10.6240041272956,45.3543318359342],[10.6240118463625,45.354338999061],[10.6240163591279,45.3543635035936],[10.6240177688555,45.3543838077385],[10.62401876984,45.3543982247923],[10.624019613429,45.3544103748911],[10.6240198303808,45.3544134996176]],[[10.6240149967734,45.3543558327029],[10.6240718393092,45.3543534790758],[10.6240745334226,45.3544273811],[10.6239459039999,45.3544447521057],[10.6243554048587,45.3544246326888],[10.6248003983668,45.354779152341]],[[10.6240172328077,45.3543760871053],[10.6240177688555,45.3543838077385]],[[10.6240182566594,45.3543908335169],[10.62401876984,45.3543982247923]],[[10.6240420970906,45.3543954894055],[10.62401876984,45.3543982247923]],[[10.6240191872733,45.3544042370283],[10.624019613429,45.3544103748911]],[[10.6240405008161,45.3543695270752],[10.6240177688555,45.3543838077385]],[[10.6240412364167,45.3543814911264],[10.6240428539289,45.3544077988612],[10.624019613429,45.3544103748911]],[[10.6240428539289,45.3544077988612],[10.6240435212726,45.3544186527427],[10.6239091162843,45.3544297336471],[10.624010908984,45.3546486131689],[10.624267347017,45.3551837886734]],[[10.6240511650294,45.3543543351202],[10.6240514102161,45.3543615003163]],[[10.6242007037309,45.3588997324113],[10.6251618910322,45.3588602497825],[10.6250766081869,45.3587059153227]],[[10.6243686831622,45.3636052444147],[10.6257446358885,45.3630427448926],[10.6271083660598,45.3631059772194],[10.6275686959152,45.3624890329321],[10.6281615992216,45.3629959895676],[10.628371932271,45.3639610212209],[10.6282055445118,45.3647633305355]],[[10.6242681425805,45.3551856185769],[10.6244187115657,45.3551222974484],[10.6243011433182,45.355658103368],[10.6245516779026,45.3558799651334],[10.624699045041,45.3563287768009],[10.6273589811439,45.3557468343749]],[[10.6243554048587,45.3544246326888],[10.6248665505371,45.3543514130849],[10.6244788058018,45.3535983661851]],[[10.6244190967888,45.3551599179861],[10.6245054197907,45.3551571614368]],[[10.6248869695123,45.357468463654],[10.6249458652225,45.357874485173],[10.6257267870675,45.3577844584637]],[[10.6248665505371,45.3543514130849],[10.6258625489015,45.3540159227491],[10.6256610623705,45.3536413822014]],[[10.6251978865936,45.3633536600628],[10.6256499362671,45.3631946294144]],[[10.6256763466167,45.3592959773544],[10.6257105117517,45.359295490953]],[[10.6256784435363,45.3593211341329],[10.6256763466167,45.3592959773544],[10.6254234588378,45.3593224052594],[10.6251618910322,45.3588602497825],[10.6253696313271,45.358824761936]],[[10.6258625489015,45.3540159227491],[10.6270465527725,45.3536794986105],[10.6278876630929,45.3537142626657],[10.6277752711971,45.3540681980962],[10.6273164521709,45.3545363189743],[10.6268112193013,45.3546470924134]],[[10.6261475142326,45.3605851107482],[10.6278336795246,45.3604148481388],[10.6278235621072,45.3600621139411]],[[10.6266969023602,45.3611876699661],[10.6268864978318,45.3611945061691],[10.6271703038428,45.3614988335515],[10.6275907189741,45.3621636287322],[10.6274926842813,45.3622365843797],[10.6275574726025,45.3624506581036],[10.6271316663994,45.3630142465577]],[[10.6270665917472,45.3528955638108],[10.627030003901,45.3528807441989]],[[10.6275489183601,45.3624214093411],[10.6278420189263,45.3624668571499],[10.6302139948324,45.3621500801425],[10.6299962687151,45.3616349975626]],[[10.6275574726025,45.3624506581036],[10.6275686959152,45.3624890329321]],[[10.6277161151292,45.3624473347655],[10.6277928393442,45.3623244994512],[10.6282636809753,45.3619172219828]],[[10.6279444852269,45.3584412563335],[10.6278745136133,45.3584718595275]],[[10.6278876630929,45.3537142626657],[10.6279639548827,45.3536148176134],[10.6274029020188,45.3530343614902],[10.6270665917472,45.3528955638108],[10.6279438799708,45.3523197794511],[10.6288497098057,45.3512679323619],[10.6289729154187,45.3513875464472]],[[10.6279405898394,45.3537199901339],[10.6284220487703,45.3537163694828],[10.6283749757286,45.354257314771],[10.6283066652834,45.3545432024637],[10.6282618305223,45.3548905010316],[10.6278310408783,45.3553531887617]],[[10.6282277368832,45.3586164592407],[10.6303915552677,45.358313763546],[10.6302730323869,45.3580273023757]],[[10.62856179545,45.3568285810575],[10.6281792055128,45.3566074625051],[10.6278419779485,45.3564454292522]],[[10.6281959807652,45.3566171578567],[10.6282256529375,45.357111832838]],[[10.6283107594518,45.3545260679388],[10.6286028907987,45.354418919965]],[[10.6287302965646,45.3511519994782],[10.6288497098057,45.3512679323619]],[[10.6287302965646,45.3511519994781],[10.628965679921,45.3510810034963],[10.6294897138101,45.3499541117105],[10.6303583461386,45.3501931211473],[10.6309145834305,45.3497432739504]],[[10.6295117415014,45.3563889077482],[10.6300593341892,45.3559313113332]],[[10.6294897138101,45.3499541117105],[10.6296422601767,45.3495038305174],[10.6294947659678,45.3491818537535],[10.630194569676,45.3491120991129],[10.6307186044463,45.3487089510257]],[[10.6303915552677,45.358313763546],[10.630601445621,45.3588501606687],[10.6280710763121,45.3590973173588]],[[10.6318239455534,45.3587293909917],[10.6317406251713,45.358963459453],[10.6318198715639,45.3592102956886],[10.6328514389798,45.3602700802759],[10.6329017904918,45.3606095223491],[10.6335684998273,45.3608988204737]],[[10.631960607538,45.3576604958739],[10.6321193369925,45.3572629050931],[10.6312675768303,45.3564686913058],[10.6317214687787,45.356238999863]],[[10.6320362468337,45.3581298627799],[10.6329275535788,45.358034465321]],[[10.6321222172561,45.3573630688042],[10.63234150221,45.3574498821218]],[[10.6323011729216,45.3596389513589],[10.632422053751,45.3596086115751]],[[10.6328514389798,45.3602700802759],[10.6335007654957,45.3599556012222]],[[10.6334457958526,45.360861599333],[10.6337007008529,45.3614182990269],[10.633611096226,45.3614386554646],[10.6335567191508,45.3620561757218],[10.6330016017833,45.3621976372191]],[[10.6336115091827,45.358389807096],[10.6340437348543,45.3580406753039],[10.6339414594721,45.3579316629459],[10.6349596939927,45.3574210742946]],[[10.6340437348543,45.3580406753039],[10.6353474586662,45.3574493407736]],[[10.634983109032,45.3574568127923],[10.6364228331559,45.3568139171343],[10.6355175085141,45.3561369768808]],[[10.6356405358242,45.3561893253546],[10.6353672655182,45.3556949704599],[10.6354454400314,45.3555225004577],[10.6358214730834,45.3553660552924],[10.6357604939399,45.3552474344765]],[[10.6357971149773,45.3601350128405],[10.6352947084629,45.3605683299058],[10.6379953463299,45.3605070763122],[10.6382719434907,45.3607826797846],[10.6381923955625,45.3610183003187]],[[10.6368234474856,45.3592212178086],[10.6369536876956,45.3595412588428],[10.6360344172191,45.3599354621988],[10.6357971149773,45.3601350128405],[10.6358971892453,45.3601673983345]],[[10.6358214730834,45.3553660552924],[10.6360444486061,45.3553358055005]],[[10.6364228331559,45.3568139171343],[10.6375191395804,45.3560181057878],[10.6384492718742,45.3551164469712]],[[10.6379480402727,45.3590896058587],[10.6379938156811,45.3593459746842]],[[10.6379462799164,45.3588911378283],[10.6393986659163,45.3594881459413]],[[10.6379460706885,45.3588675485858],[10.6379462799164,45.3588911378283],[10.6379480402727,45.3590896058587],[10.636695539847,45.3589069048271],[10.6368234474856,45.3592212178086],[10.6358016704317,45.3591835025962],[10.6356782608057,45.3590071562905]],[[10.6379953463299,45.3605070763122],[10.6381046133828,45.3598606907525]],[[10.6382719434907,45.3607826797846],[10.6383851978504,45.3608284016506],[10.6385081514219,45.3608546687182],[10.6387906633054,45.3609150222743]],[[10.6385081514219,45.3608546687182],[10.6390888248756,45.3593915115848]],[[10.6403074135475,45.3609521067888],[10.6404273450427,45.3620970024139],[10.6396925852049,45.362125592368],[10.6391377249959,45.361899638]],[[10.6404273450427,45.3620970024139],[10.6408910217399,45.3620948495754],[10.6418052171433,45.3627564660203],[10.6425743819708,45.3629770653955]],[[10.6405167371131,45.360909160079],[10.6410912247431,45.3608975888216]],[[10.6407749058046,45.3596474627478],[10.6408605533159,45.3590273237084],[10.6406558098185,45.3584164482206]],[[10.6407953875176,45.3596457339133],[10.6407749058046,45.3596474627478],[10.6391503874424,45.3592957487699],[10.6379460706885,45.3588675485858],[10.6367140575549,45.3583045334508],[10.6336115091827,45.358389807096],[10.6321392419108,45.3586982409448],[10.630601445621,45.3588501606687],[10.6312425905133,45.3582093425532],[10.6320362468337,45.3581298627799],[10.631960607538,45.3576604958739],[10.6313871000227,45.3575503099084],[10.6310451301657,45.3572237673786],[10.6300861817218,45.3567933025261],[10.6295117415014,45.3563889077482],[10.6291102028701,45.3564374746928],[10.6286928189695,45.3567139818372],[10.62856179545,45.3568285810575],[10.6284408613089,45.3569326086715],[10.62827575053,45.3576319333293],[10.6276719848432,45.3581390776908]],[[10.6407818947353,45.3596190218902],[10.6407953875176,45.3596457339133],[10.6408913638786,45.3598357400914],[10.6404353657046,45.3603345583928],[10.6405167371131,45.360909160079],[10.6396235142338,45.361092418624]],[[10.6407953875176,45.3596457339133],[10.6425913644977,45.3594400579969],[10.6440864256937,45.3597108530987],[10.6444591502388,45.3596763133144],[10.6441531836835,45.3585223469224]],[[10.6410774483197,45.3608275465547],[10.6415658780633,45.3608260871829]],[[10.6425407975093,45.3629617006731],[10.6434143994961,45.3625365378628],[10.6438785172841,45.3623715366712],[10.6431822687437,45.3605601209336],[10.6424256439222,45.3607386878915]],[[10.6431822687437,45.3605601209336],[10.6433248348526,45.3601491347505],[10.6439767237236,45.359882725966],[10.6444778437596,45.3598337344229],[10.6444591502388,45.3596763133144],[10.6446199154866,45.3596604167939],[10.6445649946879,45.3594080591986],[10.6453800648491,45.3591395480871],[10.6452999147106,45.3582069417429],[10.6465725463747,45.3581184988642],[10.6466440188965,45.3584243880143]],[[10.6434143994961,45.3625365378628],[10.6436864065745,45.363204495961],[10.6432462762307,45.3634002831402]],[[10.6436864065745,45.363204495961],[10.6439661685734,45.3630787853528]],[[10.6465725463747,45.3581184988642],[10.6465009345109,45.3577369404392],[10.649086408395,45.3574107652015]]]}},{"type":"Feature","properties":{"NOME_COMPL":"Condotta FORESTO - R2","COMUNI":"Cavriana"},"geometry":{"type":"MultiLineString","coordinates":[[[10.5892947743601,45.3808080392737],[10.5875140832901,45.3804473593887]],[[10.5890485949836,45.3813078623898],[10.5892156298517,45.3807920092043]],[[10.5894082910491,45.3788240901825],[10.5892799239773,45.3792585865172]],[[10.5893539586744,45.3805911953686],[10.5893742405239,45.3805940828919]],[[10.5893539586744,45.3805911953686],[10.5892815507144,45.3808564888332],[10.5907735061509,45.3808457621307],[10.5913472894199,45.3808009268962],[10.5920541526138,45.3803809604942],[10.5919091323013,45.380801625717]],[[10.5898698440749,45.3787770347763],[10.5885164987043,45.3788818217876],[10.5878280662227,45.3787350330404]],[[10.5916699992871,45.3790755428035],[10.5920541526138,45.3803809604942]],[[10.5919326839864,45.3771080811764],[10.5927795444809,45.3770703219066],[10.5935396997132,45.3763727615185],[10.5947153817558,45.3765617209236],[10.5949632058233,45.3780546613553],[10.595393508316,45.3794548779745],[10.5932610104125,45.3794026159355],[10.5931720823289,45.3784717175457],[10.5921696856936,45.3785019313883],[10.5919326839864,45.3771080811764],[10.5901602655447,45.3771194519752]],[[10.5921917125789,45.3793772286483],[10.5935054040991,45.3795774361113],[10.59353242478,45.3800317059069]],[[10.5932610104125,45.3794026159355],[10.5923292557998,45.3791817267403],[10.5921917125789,45.3793772286483],[10.5916699992871,45.3790755428035],[10.5910301355328,45.3788301076235],[10.590474398778,45.3787445964412],[10.5898698440749,45.3787770347763],[10.5892786982851,45.3805805096696]],[[10.594632325939,45.3765266039567],[10.5946696349517,45.3763910100034]],[[10.5967085068901,45.3764534663747],[10.5960162491641,45.3764992175292]],[[10.5967613127266,45.3774785218718],[10.5968970372881,45.3774661912428]],[[10.5968225235537,45.3780011229655],[10.5971581137705,45.3780126628239]],[[10.5969893843606,45.3783677539844],[10.5968550911507,45.3783397596439],[10.5967613127266,45.3774785218718],[10.5968014686278,45.3769805336214],[10.5967085068901,45.3764534663747],[10.5963793356672,45.3759422155602],[10.5962443529104,45.3757835748107],[10.5954384839277,45.3759752051013]],[[10.5971939768607,45.3801548352773],[10.5971195692501,45.3808113469101],[10.597364479538,45.3815101542135],[10.5960924261146,45.3815399656327],[10.5951795587838,45.3813579238644],[10.5942585538477,45.3815538594475],[10.5937629954618,45.3810757539226]],[[10.5973312194419,45.3799388788051],[10.5971939768607,45.3801548352773],[10.5959894510156,45.3797941059851]],[[10.597364479538,45.3815101542135],[10.5986203366532,45.3813900707209],[10.5985713109294,45.3809556358186]],[[10.598135361021,45.3801488638663],[10.598251609123,45.379853351215],[10.5980612749635,45.3787856419322],[10.5973555668032,45.3789351894553],[10.5969893843606,45.3783677539844],[10.5961507965448,45.3787770787447],[10.5958174482745,45.3792092101488]],[[10.5980612749635,45.3787856419322],[10.5987690757363,45.3786899479263],[10.598532881722,45.3787545797283]],[[10.5986203366532,45.3813900707209],[10.5989395291369,45.3813639576094],[10.5994744927771,45.3813654840977],[10.5994754652983,45.3814335761135]],[[10.598730146373,45.378625571856],[10.5985913349508,45.3783767920616]],[[10.5992007685364,45.3813647033543],[10.5995649907821,45.3829137447983]],[[10.5993185121852,45.3802439225043],[10.599257707194,45.3802583400331],[10.5992559804741,45.3802649977031],[10.5992540815821,45.3802723192108],[10.5992584810116,45.3802842989698],[10.5992044760095,45.3804152961494]],[[10.5993191100213,45.3802669241764],[10.5992890153681,45.3791090005822],[10.5996005770144,45.3791455200919],[10.5996256232213,45.3790133483569],[10.599546697829,45.3777493236392],[10.5991476702651,45.3776744963438],[10.5991260080159,45.3775333628609],[10.5993808550829,45.3769587763262],[10.599326789233,45.3763120117825],[10.5972913625427,45.3764631514133]],[[10.5994744927771,45.3813654840977],[10.6001458491682,45.3813664663829]],[[10.5993808550829,45.3769587763262],[10.6003688292488,45.3766906152627],[10.5999776986858,45.375980034459],[10.5997815836963,45.376013444716]],[[10.5996005770144,45.3791455200919],[10.6000950208596,45.3793224161626],[10.6000879921507,45.3794361465571]],[[10.6002918759884,45.3803119384142],[10.6008245926672,45.3802445834555],[10.6011946436469,45.3801400080434],[10.6008306558297,45.380199168825]],[[10.601396400769,45.3837491401514],[10.6011867500666,45.3835926888885],[10.6010638874696,45.3833976053334],[10.6010500580129,45.3833623778958],[10.6009006555726,45.3831355780686],[10.6001966667881,45.3814531424212],[10.6003594061315,45.3812820564157],[10.6002918759884,45.3803119384142],[10.5998800142881,45.3802948816839],[10.5993191100213,45.3802669241764],[10.5992559804741,45.3802649977031],[10.5992279714413,45.380264142963],[10.5985063716532,45.3802106325636],[10.598135361021,45.3801488638663],[10.5975712764773,45.3800066055778],[10.5973312194419,45.3799388788051],[10.5962202841556,45.3796360180592],[10.595393508316,45.3794548779745]],[[10.6010638874696,45.3833976053334],[10.6013066218202,45.3832842410568],[10.6026848895076,45.383237850212],[10.6024430816184,45.3826514403561],[10.6037562122905,45.3827359157782]],[[10.6019488878134,45.3799539582077],[10.6011946436469,45.3801400080434],[10.6019380217664,45.3799299266222],[10.6019488878134,45.3799539582077],[10.6020160439133,45.3801024816038],[10.6021564530622,45.3804019268014],[10.6023923366846,45.3810206864482],[10.6011837647209,45.3810825308694],[10.6005420206539,45.3815596827954],[10.6006355091767,45.3818089837695]],[[10.6015519083106,45.3791042415683],[10.6014398018843,45.3783969670861],[10.6021916556062,45.3781852098458]],[[10.6019380217664,45.3799299266222],[10.6015519083106,45.3791042415683],[10.6010805827103,45.378989002298]],[[10.6019488878134,45.3799539582077],[10.6020252040816,45.3798126619005]],[[10.6019953055216,45.3799421447411],[10.6046483753166,45.3791550241193],[10.6046701465862,45.3791815374871],[10.604730004249,45.3792618619783],[10.6053447333652,45.3799798795699],[10.6056262532674,45.3802649853115],[10.6055234311428,45.380306175296],[10.6051045092068,45.379852727118]],[[10.6020823698243,45.379918602734],[10.6031354436201,45.3796131052292],[10.6046701465862,45.3791815374871],[10.6047464067546,45.3791608132129],[10.6047365039053,45.3791406040232],[10.6047255999077,45.3791420118046],[10.6047218676195,45.379135706445],[10.6047195021567,45.3791317102111],[10.6047044618518,45.3790752142564]],[[10.6023836230987,45.3843906915378],[10.6024117827598,45.3843668324805],[10.6025714761273,45.3844360654908],[10.6025287380074,45.3844682707927],[10.6024155035705,45.3844138008626],[10.6023969206286,45.3844048617628]],[[10.602221221398,45.3782453185448],[10.6029037316058,45.3781156952079]],[[10.6024155035705,45.3844138008626],[10.6024222614349,45.3844089923574],[10.6023891438603,45.3843933740662],[10.6023779499477,45.3843879349629]],[[10.6024306753575,45.384421099063],[10.602433178392,45.3844186415056],[10.6024379006089,45.3844163678057],[10.6024222614349,45.3844089923574],[10.6024255208616,45.3844038904974],[10.6024198067611,45.3844002251348],[10.6024183316534,45.3844016348114],[10.6024155554682,45.3844035023617],[10.6024136398128,45.384404926391]],[[10.6024510990655,45.384430786517],[10.6024582441165,45.3844259618158],[10.6024379006089,45.3844163678057],[10.6024358037141,45.3844082378913],[10.6024337028303,45.3844099165271],[10.602431632119,45.3844113917],[10.6024299284097,45.38441260811]],[[10.6024635275218,45.3844284534717],[10.6024587970427,45.3844174577049],[10.6024567458916,45.3844190133224],[10.6024546614542,45.384420966044],[10.6024522568127,45.3844231382006]],[[10.6024430816184,45.3826514403561],[10.6022974186949,45.3821159876347],[10.6025775277614,45.3817231633917]],[[10.6025952103349,45.3817853426141],[10.603507164723,45.3816523952533],[10.6037721171194,45.381970931991]],[[10.603507164723,45.3816523952533],[10.6036336973606,45.3815813770984],[10.6064546427047,45.3808943056938],[10.6064796601044,45.3808736096334],[10.6065102160994,45.3808483316502],[10.6055870943108,45.3801441513581]],[[10.6045331366826,45.3813691732791],[10.6044558638966,45.3820142350021]],[[10.6046483753166,45.3791550241193],[10.6047218676195,45.379135706445],[10.6048876342695,45.3790921339584],[10.6048914910189,45.3790827891655],[10.6046650246851,45.3785910917388],[10.6041426376571,45.3782137336397]],[[10.6047464067546,45.3791608132129],[10.606183849701,45.3787052718569],[10.6067336596119,45.3783818332475],[10.6064796583027,45.3784499052012],[10.6060362655198,45.3779755946102],[10.6057727213131,45.3771039140695]],[[10.6056994538797,45.3802356614517],[10.6061599510068,45.380689888404],[10.6064796601044,45.3808736096334],[10.6065970454687,45.3809410647476],[10.6068948349189,45.3810931936643],[10.6070298846534,45.3812491249738]],[[10.6066468940446,45.3783454469141],[10.6072030041749,45.3784150200032],[10.6074028300357,45.3786083577068],[10.608135961022,45.3800599587708],[10.6075090688611,45.3802403209108],[10.6080029730141,45.3809059541524],[10.6070640338671,45.3812370820696],[10.607190227905,45.3814286067525]],[[10.6066915302659,45.3783156877206],[10.6074852667543,45.3778109115634]],[[10.6075794848299,45.3789153149879],[10.6084645491517,45.3787449356473],[10.6098621412932,45.3786921735865],[10.6096370581668,45.3776411156027],[10.6097426621849,45.3776348171476]],[[10.6098156601553,45.3782831134455],[10.60991103228,45.3782769590794]],[[10.6098621412932,45.3786921735865],[10.6098850472839,45.3794052274677]],[[10.6098621412932,45.3786921735865],[10.6099568794124,45.378689956973]]]}},{"type":"Feature","properties":{"NOME_COMPL":"Condotta FORESTO - R3","COMUNI":"Solferino"},"geometry":{"type":"MultiLineString","coordinates":[[[10.5546071377979,45.3851472885282],[10.5541623069681,45.384980190296],[10.5529851717859,45.3848356848437],[10.5526923994341,45.3853284555877],[10.5524074134973,45.3859834656101],[10.5536635653366,45.3863018587907],[10.5540454139759,45.3868790256063],[10.5535162834475,45.3871245436323]],[[10.5536274471655,45.386291528118],[10.5536611989637,45.3862477880526]],[[10.5546115854339,45.3865698795322],[10.5548615224402,45.3866156343361]],[[10.5546071377979,45.3851472885282],[10.5546115854339,45.3865698795322],[10.5540454139759,45.3868790256063]],[[10.5546071377979,45.3851472885282],[10.5546792565701,45.3840212880351],[10.5558205043867,45.3840240610165],[10.5564187420058,45.3839474325533],[10.5561755644292,45.3840069699834],[10.5563127950173,45.3842333779419]],[[10.5546071377979,45.3851472885282],[10.5553245705168,45.3849878139846],[10.5547785207822,45.3859223482094]],[[10.5548102988034,45.3866145281047],[10.5564883971599,45.3876955187434],[10.5571386169828,45.3879770464442]],[[10.5553245705168,45.3849878139846],[10.5562971464212,45.3846444975015]],[[10.5561419204814,45.3873967644845],[10.5563269734252,45.3872233514948]],[[10.5559913815252,45.3816993274092],[10.5568572159009,45.3817885324356],[10.5565417384608,45.3809871893177],[10.556245314965,45.3809973418693],[10.556156765551,45.3807550517764],[10.5559507212079,45.3801482154952]],[[10.5561649468187,45.3807774375641],[10.5579536475514,45.3802958639507],[10.5576230226513,45.3797267036399],[10.5581027230551,45.3795494109974],[10.5578262007558,45.3791035661469]],[[10.5564883971599,45.3876955187434],[10.5565799679125,45.3876744301196]],[[10.5565422252844,45.3839171997632],[10.5564187420058,45.3839474325533],[10.5565479637263,45.383930880061],[10.5565193804212,45.383862738126],[10.5564816918842,45.3837728892584],[10.5563766899968,45.3835530690718],[10.5563505667514,45.3834716583105],[10.5564956347508,45.3831618531256],[10.5559913815252,45.3816993274092],[10.5551299264796,45.3819702243247]],[[10.5565193804212,45.383862738126],[10.555269477722,45.383996227394]],[[10.5565479637263,45.383930880061],[10.5584964520646,45.3836686630699],[10.559229995917,45.3847300028816]],[[10.5565107730974,45.3809779917662],[10.5573655940898,45.3807907787705],[10.5577547403366,45.3816272045486]],[[10.5568572159009,45.3817885324356],[10.5577547403366,45.3816272045486],[10.5580980646344,45.3827335711529],[10.5564956347508,45.3831618531256]],[[10.5572243691642,45.3804922126179],[10.5573655940898,45.3807907787705]],[[10.5584716432796,45.3836291957305],[10.5580990912708,45.3837209491455]],[[10.5588656259127,45.385518039707],[10.5592525521372,45.3860919388083]],[[10.5592818312799,45.3817455861335],[10.5599717118844,45.3831607702963],[10.5584716432796,45.3836291957305],[10.5584964520646,45.3836686630699],[10.5604394187194,45.3831127961472],[10.5605242363437,45.3839845474752],[10.5608021767111,45.3847998691195],[10.5568660981427,45.3861846221429]],[[10.5600150578538,45.3883180914075],[10.5601003758315,45.3884395133114],[10.5585921814238,45.3894605600933],[10.5581523923142,45.3894785862758],[10.5571872480884,45.3888470743515],[10.5571650778282,45.3886922603753],[10.5578309004392,45.38771536816],[10.5592048653406,45.3864459031527],[10.5599480240327,45.3860118891633],[10.5606492560794,45.3858219399417],[10.5608473652933,45.3858589132095],[10.5610087427033,45.3862165026804]],[[10.5599717118844,45.3831607702963],[10.5609275197968,45.3824262373832],[10.5610971092122,45.3820765326144]],[[10.5600672322722,45.381267705879],[10.5600376062864,45.381243282178]],[[10.5605615456683,45.3848888399145],[10.5606867596862,45.3853773289594]],[[10.5607872560455,45.3847551783336],[10.5608344894112,45.3847879217793],[10.5608021767111,45.3847998691195],[10.561025840908,45.3854697851655],[10.5611418585597,45.3857896677221],[10.5612705722572,45.3861445511239],[10.5612225775617,45.386154401759],[10.5610025528716,45.3861995602603]],[[10.5608263561555,45.384765065189],[10.5628502632285,45.3841723757203],[10.5619067494971,45.3834535587253],[10.5605265506118,45.3839065472345],[10.56082108473,45.3847502510849]],[[10.5608344894112,45.3847879217793],[10.5609896941739,45.3852240842293]],[[10.5607539325914,45.3795585958939],[10.5608086698557,45.3803018179355],[10.5609487257557,45.3807703752592],[10.561104387648,45.3812211772639],[10.5612231297257,45.381565053077],[10.5614055313692,45.3821659102448],[10.5604394187194,45.3831127961472]],[[10.5607832887814,45.377870004016],[10.5615801539484,45.3773427184086],[10.561193106297,45.3770904281881]],[[10.5608734413558,45.3795349982047],[10.561217559795,45.3793914106329],[10.5610406564631,45.3791693653184],[10.5607539325914,45.3795585958939],[10.5609819562853,45.3796582472028]],[[10.5610994797238,45.3856728217257],[10.561970307895,45.3855344245912],[10.5637242562506,45.3852968874739],[10.5637654786138,45.3853928536981],[10.5640500115106,45.3860575205703],[10.5640756828735,45.3861221013939],[10.5644855507482,45.3874944971992],[10.5645873125958,45.3877191639986],[10.5646092135912,45.3878944219396],[10.5645721873758,45.3880368185909],[10.5643944279486,45.3883975846501]],[[10.5610687594717,45.3812035159742],[10.5610842117736,45.3812242140629],[10.561104387648,45.3812211772639],[10.5615656207737,45.3811517530794],[10.5622101210418,45.3809280995417],[10.5627272185717,45.3805394456988]],[[10.561096137217,45.3811972839353],[10.5609843190597,45.380954381821],[10.5600672322722,45.381267705879],[10.5597019424403,45.381415609549],[10.5592648600077,45.3815297993603],[10.5592818312799,45.3817455861335],[10.558403288162,45.3820303577584]],[[10.5610213917083,45.3791451844819],[10.560789850598,45.3792496338742]],[[10.5612717422998,45.3784944630087],[10.5605005064802,45.3787665058836]],[[10.5614559532807,45.3785386252778],[10.5615442789852,45.3784856781761],[10.5614833151748,45.3785684398967],[10.5613802860785,45.3784561750533],[10.5612717422998,45.3784944630087],[10.5602911382981,45.3772514177224]],[[10.5614833151748,45.3785684398967],[10.5610745498218,45.3791233543446],[10.5619034178622,45.3787943101538],[10.5625138101458,45.3792741560114],[10.5630674901684,45.3796528891722],[10.5633797551654,45.3798635308239],[10.5627898249644,45.3804258464777],[10.5641072115127,45.3822565819315],[10.5652365208232,45.3815358693438],[10.566687050089,45.3802558970667]],[[10.5621468087587,45.388329752622],[10.5621722141188,45.3883847178722]],[[10.5646059288414,45.3878681365225],[10.5621468087587,45.388329752622],[10.5621098774905,45.3881041968438],[10.5610476137445,45.3881980849145],[10.5615985320459,45.3873825046314],[10.5611674767798,45.3857338240434],[10.5637402028671,45.3853340114566]],[[10.5628502632285,45.3841723757203],[10.5633340407242,45.3845445263667],[10.563487812588,45.3848508168213]],[[10.5630674901684,45.3796528891722],[10.5638603291871,45.3790756783818],[10.5663107177125,45.3805814230005]],[[10.563281878059,45.3772477327355],[10.5647205066847,45.3763337562642]],[[10.5637242562506,45.3852968874739],[10.5647241869893,45.3851612362912],[10.5653928183902,45.3848516128134],[10.564928750145,45.3851014700966]],[[10.5638603291871,45.3790756783818],[10.5649771935392,45.3783938952719]],[[10.5638758952898,45.3790832999436],[10.5639306281599,45.379050343668]],[[10.564340800539,45.3825635600665],[10.5619506706316,45.3832898647722]],[[10.5644855507482,45.3874944971992],[10.5645159902666,45.3874844605481]],[[10.5646092135912,45.3878944219396],[10.5652581222042,45.387786928099],[10.565948218436,45.3874407802304]],[[10.565127189526,45.3798498374927],[10.5654831202572,45.3795389114156]],[[10.5652986714925,45.3847400836523],[10.565380430083,45.3848369372935],[10.5660924971394,45.3844746549852],[10.5675420917814,45.3834991459062],[10.5677322721178,45.3835271976791]],[[10.5656395000761,45.3843923031586],[10.567448758759,45.3833345342365],[10.5670937876285,45.3828030514963]],[[10.5656535291426,45.3844141113805],[10.5655402127326,45.3846277396706],[10.5652986714925,45.3847400836523],[10.5646981597553,45.3850310402268],[10.5640037693018,45.3851592344151]],[[10.5656869115869,45.3846781703463],[10.5655999860242,45.3845579232008],[10.5657081693661,45.3844990495751],[10.5656535291426,45.3844141113805],[10.5656395000761,45.3843923031586],[10.5655690841521,45.3842828411264],[10.5646591718339,45.3830309329257],[10.564340800539,45.3825635600665],[10.5642270337297,45.382396546895]],[[10.5657081693661,45.3844990495751],[10.5657283246977,45.3844880809723]],[[10.5659285237595,45.376584405232],[10.565875972513,45.3766335997952]],[[10.5664786738264,45.3842538583127],[10.5681218479861,45.3834740059204],[10.568930998895,45.382921811997],[10.5690788616925,45.3825837700018],[10.5685300775709,45.382964050824]],[[10.5669487550798,45.3858286842461],[10.566682730476,45.3857456976686]],[[10.5665537949477,45.3769153722161],[10.5669745267543,45.3771838343683],[10.5675555275637,45.3779574555116],[10.5676925019943,45.3779748144141],[10.5682983083882,45.3789044101476],[10.567261034382,45.3798017030999]],[[10.5669545498869,45.3858527655458],[10.567147823107,45.3859034506412]],[[10.5676754554257,45.384998502521],[10.5678236551262,45.385073499881],[10.5689295538835,45.3838244460021],[10.5698420448634,45.3847321557836],[10.5699254680524,45.3846944844132]],[[10.5679229976652,45.375324897519],[10.5679336575299,45.3752339094653],[10.5678527223151,45.3749119174011],[10.5674548374511,45.3743865997647],[10.5629983270329,45.3765116481743],[10.5615442789852,45.3784856781761],[10.56288496605,45.3776819790426],[10.563281878059,45.3772477327355],[10.5629826341835,45.3770307048111]],[[10.5679229976652,45.375324897519],[10.5680772862102,45.3753516378696]],[[10.5679229976652,45.375324897519],[10.5679323093803,45.375549685036],[10.5683217560055,45.375994175374],[10.5679211339077,45.3755620133333],[10.5679055318518,45.3751713930496],[10.567663775745,45.3747422598204]],[[10.5682983083882,45.3789044101476],[10.5687756467432,45.3790132890833],[10.5695514792696,45.3801342874378]],[[10.5683958838076,45.3760470663516],[10.5689284108452,45.3764209350044],[10.5697808360132,45.3777809198208],[10.5703468490089,45.3780501153751],[10.5704671122258,45.3784421148829],[10.5707340869461,45.3789564563446]],[[10.5689295538835,45.3838244460021],[10.569241588482,45.3830819256029]],[[10.5691602955793,45.3840232876477],[10.5692262877657,45.3839857792973]],[[10.56896786519,45.3702897466512],[10.5700826190154,45.3695241828098]],[[10.5691633151013,45.376672136974],[10.5706891118382,45.376101249963]],[[10.569221444506,45.3708931410846],[10.5687969991745,45.3705696277295],[10.56896786519,45.3702897466512],[10.5687859995122,45.3699557073874]],[[10.5697659368211,45.3811224316274],[10.5713019633994,45.3806732916417],[10.5717891628927,45.3811680098407],[10.5725138734709,45.3809155932784]],[[10.5694600664616,45.3711839971085],[10.5691281295427,45.3709615297839],[10.569221444506,45.3708931410846],[10.5692350115987,45.3708831980096]],[[10.5721598950623,45.3711567736045],[10.5698474900183,45.3713538947692],[10.5695019073157,45.3713179528995],[10.5694488286704,45.3711922330848],[10.5694600664616,45.3711839971085],[10.5695525671165,45.3711162048993]],[[10.5697344015312,45.3810850339444],[10.5715029737181,45.3798104871326],[10.5707448020368,45.378850493012],[10.5706665254221,45.378715352853],[10.570533360983,45.3784854503112],[10.5703288831581,45.3780041821231],[10.5704507612195,45.3779671261522]],[[10.5697659368211,45.3811224316274],[10.5705264135803,45.3820474425989],[10.5690788616925,45.3825837700018],[10.5697112282586,45.3811380155009],[10.569363231756,45.3808843840821]],[[10.5700235802761,45.3695304466538],[10.5699361597395,45.3694470727027],[10.5710392106477,45.36897524537],[10.5715987113011,45.3684413740944],[10.5719894459106,45.369168861135],[10.5712067514496,45.369442294584]],[[10.5703026106298,45.3780121700349],[10.569801424561,45.3777571118265],[10.5688493918979,45.3762597414849],[10.5685116667579,45.3761147150308],[10.5683958838076,45.3760470663516],[10.5683217560055,45.375994175374],[10.5683759518121,45.3760564424843],[10.5665537949477,45.3769153722161],[10.5659854793136,45.376614061312],[10.5659285237595,45.376584405232],[10.5658506565354,45.376544890164],[10.5653275492187,45.3757717442105],[10.5651554815717,45.3758426426444]],[[10.5705264135803,45.3820474425989],[10.5711366727128,45.3828122921228],[10.570548926209,45.3830349037508]],[[10.5705264135803,45.3820474425989],[10.5706164139711,45.3820215099388]],[[10.5705283963514,45.3809381075201],[10.5717311487632,45.3824403582441]],[[10.5706332441194,45.3787228951756],[10.5706665254221,45.378715352853],[10.5707948525552,45.3786862708105]],[[10.5706821897691,45.3760951276973],[10.5721403642172,45.3753562569555],[10.5724567856866,45.3750166977094],[10.5722653964651,45.3751802652061],[10.5716004864186,45.3748225786099],[10.5707366118269,45.3750795270089],[10.570330216166,45.3757130359537],[10.5706720277255,45.3760989882881],[10.5706821897691,45.3760951276973],[10.5718423595665,45.3770864774967],[10.5719174640105,45.3770774273121],[10.5731001094179,45.3761647117791],[10.5744821064068,45.3752093289048],[10.5745102862648,45.3751937343176],[10.5748490156245,45.3754279259551],[10.5750795726282,45.3757883132309]],[[10.5707366118269,45.3750795270089],[10.5707770709036,45.3747527423691]],[[10.5709512566598,45.3790925919866],[10.5710765740418,45.3790593897236],[10.5712387810728,45.3793920664029]],[[10.5711366727128,45.3828122921228],[10.5717857236428,45.3825111975765],[10.5717311487632,45.3824403582441]],[[10.5710465862078,45.379067334878],[10.570976890387,45.3789254850713],[10.5710547812741,45.3788270147154],[10.5722888724162,45.3781270607222],[10.5728520276469,45.3790565932529],[10.5743939347905,45.3787999648117],[10.5743097426197,45.378210194551],[10.5742589572377,45.3777635817535],[10.5742372021302,45.3775330104621],[10.5740396903382,45.3771479416505],[10.575655653968,45.3771869808465],[10.5756481548771,45.3769528562404]],[[10.571254985572,45.3818052759894],[10.5715636809972,45.3816640851539],[10.5714224490032,45.3814457293155],[10.5718299480716,45.3811620374131]],[[10.5715365636957,45.3826380602089],[10.572262148665,45.3835910108018]],[[10.5715029737181,45.3798104871326],[10.5731440732109,45.3807656553666],[10.5732204843684,45.3809718526212],[10.573560726836,45.381889985072],[10.5731152000174,45.3820135296908]],[[10.5717857236428,45.3825111975765],[10.5730842340059,45.3819473588206]],[[10.5715987113011,45.3684413740944],[10.5729765742145,45.3674562556457]],[[10.5719894459106,45.369168861135],[10.5724146448703,45.3699188427012],[10.5721095525037,45.3702686940414]],[[10.5721619161597,45.3712139653665],[10.5721358043819,45.3716789956757]],[[10.5723155097212,45.3781290865726],[10.5726068822752,45.377658534399]],[[10.5744960599901,45.3752016070661],[10.5740946311912,45.3748784092888],[10.5739158957627,45.374738129973],[10.5732887583795,45.3743339809346],[10.5724567856866,45.3750166977094],[10.5734612666399,45.3739387334909],[10.5735071017756,45.3735041227433],[10.5748814024016,45.3737549124758],[10.5783667346244,45.3738017398825]],[[10.5732204843684,45.3809718526212],[10.5746021787121,45.3807903398865],[10.5746437195166,45.3801887824162]],[[10.5740353978855,45.369794502476],[10.5744549831152,45.3697019292512],[10.5735248627176,45.3673335977631],[10.5731324418982,45.3673377541528],[10.5729733683213,45.3674562998063]],[[10.5746423578829,45.3802085005634],[10.5734312688692,45.3798447587349]],[[10.5733333143102,45.3760034992253],[10.5737146319784,45.3766783101962]],[[10.573560726836,45.381889985072],[10.5739848017585,45.3817147616885],[10.5756627675683,45.381517098293],[10.5756611612314,45.3813435329398]],[[10.5735071017756,45.3735041227433],[10.573528062178,45.3733053733469],[10.5741445872198,45.3725079971976],[10.5763109607356,45.3725655385542],[10.5763318378653,45.372393438877],[10.5782479070488,45.3724449513852],[10.5781299284369,45.372250679326],[10.5780702739626,45.3715978852929],[10.5759065327467,45.3715769011689],[10.5746906826018,45.3711918384927],[10.5745184392856,45.3711611511501],[10.5741432829489,45.3711621914655],[10.5740353978855,45.369794502476],[10.5737074997165,45.3698151271497],[10.5735855643088,45.3695816969419],[10.5724146448703,45.3699188427012]],[[10.5754187534183,45.3792495062659],[10.575430156647,45.3790553489145],[10.5755907319918,45.3778338450667],[10.5742589572377,45.3777635817535]],[[10.574072514097,45.3700716030695],[10.5755983802273,45.3698460902835]],[[10.5741432829489,45.3711621914655],[10.5721619161597,45.3712139653665],[10.5721578720779,45.3710029302432],[10.5720795085126,45.3708048883754]],[[10.5743939347905,45.3787999648117],[10.5745050182564,45.3791598457937],[10.5754903440904,45.3792565307953],[10.5759343261966,45.3792696436841]],[[10.5765295336584,45.3804466221613],[10.576629965639,45.3804698075998],[10.5768993288698,45.3806304486403],[10.577318983987,45.3806043614113],[10.5774438745701,45.3807467052338],[10.5787625105501,45.3809208225589],[10.57858905407,45.3812278420995],[10.5786109193168,45.3817106526568],[10.5775449428603,45.3819475746541],[10.576669457605,45.382034854712],[10.5749433907988,45.3823959074377],[10.5745196876837,45.3816559290294]],[[10.5746021787121,45.3807903398865],[10.5756640383637,45.3807337574426],[10.5756383040693,45.3808893208943]],[[10.5745992966581,45.3737261485535],[10.5745426310906,45.3750742932365],[10.5749021486551,45.3752381326461],[10.5762993563698,45.3751234035406]],[[10.5756640383637,45.3807337574426],[10.5765375256134,45.3804602596858],[10.5764945362601,45.3803869022847]],[[10.5757001708431,45.3813433537355],[10.5756817530442,45.3808877276814]],[[10.5755482326612,45.3751891601104],[10.5757538863826,45.3755700054292],[10.5759563128274,45.3759289201513],[10.5753253468297,45.3760009252124],[10.5756058099798,45.3764833523289],[10.5774537011282,45.3764086080683],[10.5772537640192,45.3770624444827],[10.576788089294,45.3774737876718],[10.57600890135,45.3774453590991]],[[10.5757538863826,45.3755700054292],[10.5758109725008,45.3755551512481]],[[10.5766397240588,45.3820410745316],[10.576602995813,45.3816696252785]],[[10.5774496392685,45.3819515734794],[10.5774370049596,45.3814723284444]],[[10.5777619689958,45.3737967801423],[10.5775668796417,45.375095852324],[10.5774537011282,45.3764086080683]],[[10.5775668796417,45.375095852324],[10.5779954783878,45.3750607928292]],[[10.578124777878,45.3715208813531],[10.578100661868,45.3711727876489],[10.5779194000877,45.3710773768702],[10.5778521644719,45.3707717014569]],[[10.5781311174898,45.3715847053678],[10.5793881949629,45.3715109025674]],[[10.5782479070488,45.3724449513852],[10.5783001869449,45.3724551629656],[10.5781999568316,45.3722777345639],[10.5781311174898,45.3715847053678],[10.578124777878,45.3715208813531],[10.5758589496635,45.3715267397388],[10.5751649382835,45.3713238112968]],[[10.5783001869449,45.3724551629656],[10.5788711536686,45.3726641670681]],[[10.5790945139378,45.3726104632943],[10.5787996841665,45.3725533442235]],[[10.5788720648796,45.3726762208504],[10.5789763496386,45.3728429510997]],[[10.5788864132772,45.3726792026568],[10.5788865903777,45.3726787530496],[10.5788907820428,45.3726681116136],[10.5788844511054,45.3726668678001]],[[10.5788976716415,45.3726815423077],[10.5788970944602,45.3726686900085],[10.5788929171349,45.3726797470057],[10.5788924301091,45.3726798983429],[10.5788865903777,45.3726787530496],[10.5788792834685,45.3726773200116],[10.5788918445643,45.3726824279895]],[[10.5793889811135,45.3714959382521],[10.5793759129494,45.3711129340861],[10.5798359702361,45.3705300972507],[10.5804717968575,45.3706025124664]],[[10.5794874235523,45.3709018268892],[10.5793849637904,45.3708764032073]]]}},{"type":"Feature","properties":{"NOME_COMPL":"Condotta FORESTO - R4","COMUNI":"Cavriana"},"geometry":{"type":"MultiLineString","coordinates":[[[10.6014447767958,45.3464656172491],[10.6021069326431,45.3467492404227],[10.6018748106246,45.3471883766395],[10.601594591062,45.3472794392403]],[[10.6034029755924,45.3462288465911],[10.6030981056024,45.3464551864204]],[[10.6044494813566,45.3456713566842],[10.6059860098232,45.3462190465625],[10.6041581839827,45.3470833405575],[10.6034029755924,45.3462288465911],[10.6025675002394,45.3459017040049],[10.6014447767958,45.3464656172491],[10.6011100144127,45.3462021950336],[10.6014990599822,45.3458814673677],[10.601132989477,45.3456703538761]],[[10.6048965463089,45.3439770517014],[10.6044899640232,45.3450630162168],[10.6044494813566,45.3456713566842],[10.604270352025,45.3455912981196]],[[10.60476832141,45.3501727560226],[10.6047795809074,45.3503698598895]],[[10.6057828787339,45.3488974048277],[10.605571854498,45.3480929949608],[10.6077037877632,45.3474160801077],[10.607635658583,45.3473542427917],[10.6076519557307,45.347343117905],[10.606623266632,45.3463823523495],[10.6057826499326,45.3459387041035]],[[10.607351522207,45.3498041706798],[10.6070550368306,45.3487239713858],[10.6057828787339,45.3488974048277],[10.604805339316,45.3490206621343],[10.6051044045621,45.3502536012298],[10.60476832141,45.3501727560226],[10.6046304237617,45.3500674077032],[10.6029116752572,45.350050222342],[10.6025366558909,45.3498586363553],[10.6025569921789,45.3497432909711]],[[10.6061165446823,45.346157320577],[10.6059860098232,45.3462190465625],[10.6065725051074,45.3463867896375],[10.6075755484307,45.3473109693566],[10.6075796325907,45.3473147323212],[10.6075903357672,45.3473245937521],[10.6075960223161,45.3473298330837],[10.6076050155416,45.3473381190362],[10.6076161633029,45.3473338407283],[10.6075785225915,45.3472944491836]],[[10.607351522207,45.3498041706798],[10.6081325406832,45.3498899155765],[10.6083976828556,45.3499190231981],[10.6086931948748,45.3499431401875],[10.6089125382417,45.3501514902213],[10.6098479894021,45.350323141364],[10.6103339020561,45.3500797007298],[10.6111590132036,45.3500076596474],[10.6113960130726,45.3501636829742],[10.6118430478741,45.3502001534803],[10.6124278859329,45.3502478636898],[10.6115745352465,45.35066616082]],[[10.607351522207,45.3498041706798],[10.6074987615609,45.3504184066707]],[[10.6076154592225,45.3514534395443],[10.6076270387582,45.3515404508046],[10.6080053922403,45.3515542297393],[10.6088021038485,45.3516774752084],[10.6102811687197,45.3518303418907],[10.6105299683961,45.3521052717873],[10.6131327503392,45.3526026578918],[10.6126406626097,45.3529161368963]],[[10.6076270387582,45.3515404508046],[10.607671996092,45.3524351484695],[10.6080938327481,45.3524674473244],[10.6081037880008,45.3528828988326]],[[10.6075704774686,45.3472666473303],[10.6077737797275,45.3471856730833],[10.6075982628947,45.3470042329762]],[[10.6075757023899,45.3473108977169],[10.6075920250153,45.3473085796718]],[[10.6075904125691,45.347324558159],[10.6076071277271,45.3473243848747]],[[10.607635658583,45.3473542427917],[10.6076161633029,45.3473338407283]],[[10.6077737797275,45.3471856730833],[10.6109520015352,45.3472682026247]],[[10.608132271809,45.3498902593788],[10.6089690039663,45.3513461168764],[10.60932540317,45.3514485597561]],[[10.6082651117375,45.3499044694647],[10.6082170915705,45.3498461426051],[10.608032967603,45.3497313651786],[10.6079668942048,45.3494809195682],[10.6081966055395,45.3490303831325],[10.609779862371,45.3491813588256]],[[10.6088021038485,45.3516774752084],[10.6089690039663,45.3513461168764]],[[10.6106383446439,45.3500426275377],[10.6107776862791,45.3494011588131]],[[10.6114060900053,45.3503148157736],[10.6113960130726,45.3501636829742]],[[10.6118411877436,45.3502726532922],[10.6118430478741,45.3502001534803]],[[10.6131368129613,45.3525992109937],[10.6145202524195,45.3527504885141]]]}},{"type":"Feature","properties":{"NOME_COMPL":"Condotta FORESTO - SCORRIMENTO","COMUNI":"Guidizzolo, Cavriana, Volta Mantovana"},"geometry":{"type":"MultiLineString","coordinates":[[[10.5952205469011,45.3202430737097],[10.5945639695993,45.3203098573536],[10.5949327050923,45.3215895884122],[10.5967675036216,45.3214845921685],[10.5966218006567,45.3228360363744],[10.5965540025913,45.3230946443409],[10.5946918339024,45.3230755155079]],[[10.5967675036216,45.3214845921685],[10.5986568948157,45.321458156016],[10.5985515614667,45.3223879623285],[10.5974348504969,45.3230065344267],[10.5968180829589,45.3230810575294]],[[10.5986568948157,45.321458156016],[10.5985192167509,45.3200693974051]],[[10.5986568948157,45.321458156016],[10.6006906738153,45.3222096948178],[10.5999548149773,45.3249424178972]],[[10.6006906738153,45.3222096948178],[10.6030833925411,45.3230937994311],[10.6030783414149,45.3232544245422]],[[10.6006906738153,45.3222096948178],[10.6007370622344,45.3218831914878]],[[10.6011742626491,45.3256551841173],[10.6033101238891,45.3253295401081],[10.6031776899711,45.3241477000637],[10.6049849113171,45.3238554566156],[10.6051199826662,45.3240543606841],[10.6064201714023,45.3237987506398],[10.6062511445765,45.3226509570868]],[[10.6057641045869,45.3273471501145],[10.6039124491121,45.3274516771287],[10.6042110651908,45.326238695405],[10.602561728706,45.3263314251586],[10.6025392660363,45.3254470739439]],[[10.6030833925411,45.3230937994311],[10.60337480928,45.323201471954],[10.6031035227444,45.3232824432822],[10.6031776899711,45.3241477000637]],[[10.6058527386024,45.327924122599],[10.6058521435846,45.3285802089415],[10.6032479425426,45.3288280936705]],[[10.60337480928,45.323201471954],[10.6034115661848,45.3216241172412],[10.6037395017197,45.3215963217799]],[[10.6057483746175,45.3264124325811],[10.6059692548235,45.3264183086231],[10.6070314556368,45.3264465601975]],[[10.6062931221022,45.3256221029932],[10.6059692548235,45.3264183086231],[10.6057167693754,45.3270390112665],[10.6058527386024,45.327924122599],[10.6069931241522,45.3278915978997]],[[10.6077735472506,45.3236938756985],[10.6062931221021,45.3256221029932]],[[10.6064201714023,45.3237987506398],[10.6076696233253,45.3237008290251],[10.6090777863896,45.3236066036871],[10.609457911568,45.3245276972079],[10.6093238993572,45.3253081396228],[10.6137489245148,45.3246461309731],[10.613775184383,45.3249737874645],[10.6140424525901,45.3259219319533],[10.6126394987113,45.3265776716709]],[[10.6126708058912,45.3268229797784],[10.6113497758539,45.3268257873599]],[[10.612845401837,45.3265389887662],[10.6127599756461,45.3266689119615],[10.6126708058912,45.3268229797784],[10.6126343781825,45.326885919447],[10.6125613201508,45.3269994596905],[10.6119406557076,45.3276098988416]],[[10.613775184383,45.3249737874645],[10.6146275227063,45.3248353700539]],[[10.617533742725,45.3235683201237],[10.6180093753559,45.3247798255881]],[[10.617533742725,45.3235683201237],[10.6183584789284,45.3231863517727]],[[10.6215239251524,45.3228580780128],[10.6213179998318,45.3227648940895]],[[10.6215239251524,45.3228580780128],[10.6217512864996,45.3234280929708]],[[10.6264526346899,45.3218308488707],[10.626491524812,45.3217536645659],[10.6261018892556,45.3217070359899],[10.6238550400239,45.3222734715621],[10.6232718767239,45.3208780395394],[10.6227555658099,45.320935875858],[10.6228549169785,45.3212093466025]],[[10.6264526346899,45.3218308488707],[10.6267047213157,45.3225825582733],[10.6274652462906,45.3242805471806],[10.6276784617744,45.3254830091324],[10.6278969859854,45.3256886307722],[10.6277246456577,45.3257054769934]],[[10.6269055403522,45.3229879148817],[10.6283590516864,45.3226550805271],[10.62786982985,45.3216582916364],[10.6267222170429,45.3218922910638],[10.6264630799589,45.3218426303898],[10.6264612243991,45.3218325342382],[10.6264526346899,45.3218308488707],[10.6264415720844,45.3218286783006],[10.6261783200029,45.3217880586011],[10.6215239251524,45.3228580780128],[10.6204958812216,45.3229736861824],[10.617533742725,45.3235683201237],[10.6137216897677,45.3243334391799],[10.6137489245148,45.3246461309731]],[[10.6278308120876,45.3266513541892],[10.6278310872311,45.3266516592884]],[[10.6278308120876,45.3266513541892],[10.6301038567349,45.3247851044439],[10.6296483554539,45.324054593577]],[[10.6278267547674,45.3257517426367],[10.6275225955642,45.3261786001031],[10.6278308120876,45.3266513541892],[10.6267702058056,45.327510837845],[10.6254823139176,45.3266095437553],[10.62482132488,45.3255623493836]],[[10.629346097661,45.3219628390652],[10.629767352479,45.3218508383193]],[[10.6363317147201,45.3198476907493],[10.6365200367258,45.3198561351353],[10.6374658971016,45.3242983346651],[10.6366656468962,45.3235745524846],[10.6330087497801,45.3247689800344],[10.6294605912868,45.3253305606816]],[[10.6295713302577,45.3223774681501],[10.6312785186809,45.3220117078717]],[[10.6299112651778,45.3206909660498],[10.6297005163606,45.3202732217264],[10.6301135323443,45.3201682698276]],[[10.6353937337122,45.3207263698612],[10.631998244948,45.3219087136406],[10.6283644859911,45.3226669290789],[10.6295713302577,45.3223774681501],[10.629346097661,45.3219628390652],[10.6288114530569,45.3209132166839],[10.6299112651778,45.3206909660498]],[[10.6363290404778,45.3198615211652],[10.636502579635,45.3198682075131],[10.6365871460953,45.3203636718874],[10.6353937337122,45.3207263698612],[10.6353192431441,45.3205996553345],[10.6356095820877,45.3205059630404],[10.6355113673248,45.3201870207534],[10.635645341738,45.3197024559943],[10.6333775763168,45.3192848829895]],[[10.6365871460953,45.3203636718874],[10.6374417460099,45.3242565652722]],[[10.6374191987441,45.3243357031084],[10.6374805661919,45.3248073806262]]]}},{"type":"Feature","properties":{"NOME_COMPL":"Condotta FORESTO - XX SETTEMBRE","COMUNI":"Cavriana"},"geometry":{"type":"MultiLineString","coordinates":[[[10.592953411027,45.3349797729295],[10.5929304549247,45.3348755361871],[10.5930842764942,45.3340341968275]],[[10.5953374548928,45.3335578446297],[10.5953789013592,45.3337089773992],[10.5930532026586,45.3342521336146]],[[10.59849771436,45.3353837059124],[10.5945059964051,45.3363972818474],[10.5944562326122,45.3363105515648]],[[10.5984796515471,45.3331513355784],[10.5983568045915,45.3329858581615],[10.5932092343443,45.3335936688572],[10.5929266357145,45.3296932067675],[10.5941721035509,45.3296382360278],[10.5943181021911,45.3266981420661],[10.5946278756784,45.3263989657345],[10.5952577871051,45.3261701294561],[10.5952431579141,45.3260515152994]],[[10.5983875407646,45.3351717973186],[10.5983785740023,45.3351892031813],[10.5984121728579,45.3351947334363],[10.598817911655,45.3360810780375],[10.5988061380054,45.3363500984814]],[[10.5984013915667,45.3351709160428],[10.5984796515471,45.3331513355784],[10.5962825969389,45.3333115887834],[10.5953648779548,45.33344592634],[10.5953080565498,45.3335625806565]],[[10.6028618247847,45.3345583299432],[10.6020560182761,45.3321602216684],[10.6016305496504,45.3304269218844],[10.6025481226328,45.3303001762167]],[[10.6027101441574,45.3310367319585],[10.6026246163689,45.3310442870838]],[[10.6028188145129,45.3315307397754],[10.6027101441574,45.3310367319585],[10.6025481226328,45.3303001762167],[10.6024069963208,45.3298822364248],[10.6023943037442,45.3293224808049],[10.6031118734346,45.328838441718]],[[10.6028290776658,45.3345632457751],[10.6031049916438,45.3354614058893],[10.6043166932579,45.3351604203646]],[[10.6061492876328,45.3317584749685],[10.6063013802829,45.3325085556907],[10.6064069123559,45.3324909800444]],[[10.606310744218,45.3335488487603],[10.6064272732424,45.3335335148298]],[[10.6063105336878,45.3326881038347],[10.6066699206786,45.332626989583]],[[10.6066320583645,45.3353953042554],[10.6065366314124,45.3353487575946],[10.6060738635174,45.3351230298143],[10.6059494356554,45.3348464048764]],[[10.6065366314124,45.3353487575946],[10.6065455878065,45.3352711766192]],[[10.6066141078277,45.3354394265889],[10.6066290387242,45.3354196690238],[10.6066793625334,45.3350136155901],[10.606302984762,45.333614925113],[10.6063525965332,45.3331924492064],[10.6062993768287,45.3325543281854],[10.6063013802829,45.3325085556907]],[[10.6066184772634,45.3354336446597],[10.6066264602868,45.335436785227],[10.6066248835286,45.3354404835755],[10.606623797847,45.3354430300842],[10.6066172231119,45.3354442325205],[10.6066047985817,45.3354650976484],[10.6065386207185,45.3357557718084],[10.6064890545942,45.3358921106268],[10.606446823897,45.336476716631],[10.6062092258388,45.3369642236337]],[[10.6085563652084,45.3359964646716],[10.6093280939515,45.3356134370878],[10.6092986690551,45.3355485341141],[10.6093804817636,45.3355435275992],[10.6096894288969,45.3364017919294],[10.6115417612855,45.3384112884238],[10.6106080703516,45.3389894107244],[10.6106139009762,45.3391258275026],[10.6130521816373,45.3402504094649]],[[10.6091081731234,45.3355858600871],[10.6086691404437,45.3357295662034]],[[10.6091081731234,45.3355858600871],[10.6092986690551,45.3355485341141]],[[10.6093280939515,45.3356134370878],[10.6093324829035,45.3356579794835]],[[10.6093464703624,45.3355456089284],[10.6093645469848,45.3355103966499],[10.6088748574388,45.3356315757099],[10.6086731593137,45.3356094286234],[10.6068306398613,45.335460665975],[10.6066248835286,45.3354404835755],[10.6066141078277,45.3354394265889],[10.6058938709423,45.3351084647717],[10.6046917321011,45.3350909760648],[10.6028618247847,45.3345583299432],[10.5985375473421,45.3352073802864],[10.5984013915667,45.3351709160428],[10.5983875407646,45.3351717973186],[10.5983628425449,45.3350365498858]],[[10.6093645469848,45.3355103966499],[10.6094293733401,45.3353989271992],[10.6095488158769,45.3358564322484],[10.6097010490376,45.3358203759749]],[[10.6094293733401,45.3353989271992],[10.6096005287356,45.3348713042036],[10.6095634645323,45.3347343281287],[10.6094763214831,45.3342938058332],[10.6093659116355,45.3329526788953],[10.609530876678,45.3318885185702],[10.6093542381137,45.3305335751904]],[[10.6093701281885,45.3329720254442],[10.6097669456646,45.3328803794715]],[[10.6094456433236,45.3353806555167],[10.6102598963208,45.3351613536964],[10.6105005631153,45.3355498242117]],[[10.6096492520658,45.3347325220849],[10.6095669459195,45.3347471941242]],[[10.6096798923676,45.3350110183504],[10.6095866907319,45.3350172689254]],[[10.6098652303656,45.3365231053152],[10.613025997445,45.3350968928011],[10.6136984009442,45.3359181965902],[10.6142686249889,45.3370019740931],[10.6149512974701,45.3367737877536],[10.6164837464794,45.336154322255],[10.6173146704474,45.3358146766924],[10.6178341632509,45.3367511562492]],[[10.6102598963208,45.3351613536964],[10.6126063840832,45.3345293351349],[10.6127380858152,45.3350774692343],[10.6135091567109,45.3347701257302]],[[10.6120984408829,45.3397517068616],[10.6106528324354,45.3391210395813],[10.6106406363085,45.3390088835671],[10.6126594639571,45.3378866633385],[10.613689067551,45.3388687055737],[10.6152921039248,45.3381547246153]],[[10.6121034050989,45.3397236725144],[10.613689067551,45.3388687055737]],[[10.6135629857062,45.3410118236878],[10.6139031225306,45.340660731003],[10.6130521816373,45.3402504094649],[10.615153911992,45.3392025626355],[10.6155171199776,45.3392935039623],[10.6169227393323,45.3385614914948],[10.6180234817127,45.3380994132022],[10.6182163754917,45.338119286691],[10.6182376892309,45.3381641984545],[10.6181413047743,45.3393108630397],[10.6180915588008,45.3397936106429],[10.6180781315679,45.3399239107076],[10.6181780561332,45.3407589499275],[10.6181208859574,45.341565130699],[10.6179611255104,45.3420054030227],[10.6174909898194,45.3422409582548],[10.6173121628964,45.3421761415097],[10.6155116766206,45.341377243913],[10.6147364863562,45.3410332667402],[10.6139031225306,45.340660731003]],[[10.6136984009442,45.3359181965902],[10.615546899646,45.3351465016839],[10.6164837464794,45.336154322255]],[[10.6155116766206,45.341377243913],[10.6170787270627,45.3398651451461],[10.6180915588008,45.3397936106429]]]}},{"type":"Feature","properties":{"NOME_COMPL":"Condotta PARADISO - BEZZETTI","COMUNI":"Cavriana, Volta Mantovana"},"geometry":{"type":"MultiLineString","coordinates":[[[10.6407270582656,45.34066378698],[10.6403481302907,45.3402076043383]],[[10.641862373934,45.3402342697958],[10.6416322565863,45.3398753359929]],[[10.6417251193581,45.3388506206267],[10.6418692565549,45.339250879535]],[[10.6433043365551,45.3398512849383],[10.6430881078384,45.3394979655459]],[[10.6431118713635,45.3350428520109],[10.6430582111342,45.3349614841441]],[[10.6441762652706,45.3384308802119],[10.6396902111737,45.3391990389335],[10.6395677365778,45.3374549422956],[10.645859314462,45.3363217363352],[10.6463327733446,45.3378681597341],[10.6440880655651,45.3381923869908],[10.6442442142092,45.3386001383665],[10.6440030287535,45.3388972147436]],[[10.6447491306734,45.3391873579148],[10.6447831123119,45.3395106553061],[10.6443908361823,45.3400025234097],[10.6443201896213,45.3405798228016],[10.6440506842151,45.3405872673561]],[[10.6443201896213,45.3405798228016],[10.6473865344628,45.3405354014376],[10.6471536688442,45.3410300587974]],[[10.6447491306734,45.3391873579148],[10.6444281734012,45.3389169087319]],[[10.6447281206254,45.3349674609467],[10.6446332916675,45.3347551247292]],[[10.6453354047777,45.3436579613773],[10.6450538675141,45.3422732910607],[10.6441125370949,45.3423662479453]],[[10.646616382742,45.3420980786682],[10.6450538675141,45.3422732910607]],[[10.6454255097311,45.3348062586722],[10.6461536125737,45.3340297972915]],[[10.646616382742,45.3420980786682],[10.6483628875953,45.3420614715484],[10.6483558051509,45.3418187873772]],[[10.6466033926015,45.3380693031978],[10.6465357058946,45.3389446522536]],[[10.6468521573488,45.3430630749115],[10.6469148672764,45.3434615534289],[10.6453354047777,45.3436579613773],[10.6447173607274,45.344043027058]],[[10.6469148672764,45.3434615534289],[10.6472350443752,45.3436718792739],[10.6434899332751,45.3442539882049],[10.6342786461715,45.3455726844088],[10.6335888292109,45.3458381893642],[10.6330225134223,45.3464044842357]],[[10.6473865344629,45.3405354014376],[10.647057847951,45.3393677736152],[10.6465357058946,45.3389446522536],[10.6450508053018,45.3390764703419],[10.6447491306734,45.3391873579148],[10.6443688419902,45.3393342450533],[10.6434160662558,45.3398206200815],[10.6433043365551,45.3398512849383],[10.641862373934,45.3402342697958],[10.6407270582656,45.34066378698],[10.6406967469692,45.3406752542293]],[[10.6474381352135,45.3405346532056],[10.6485730765258,45.3407222349205]],[[10.64755600417,45.3420514580325],[10.6475588747441,45.341741393736]],[[10.6483628875953,45.3420614715484],[10.6493798773141,45.3420740843764],[10.6493164300756,45.3429083333865],[10.6468521573488,45.3430630749115],[10.646616382742,45.3420980786682],[10.6465618740106,45.341473594016],[10.6437663430165,45.3416684705866]],[[10.6485124702219,45.3350657239724],[10.6484886330675,45.3350251841893]],[[10.6486487367077,45.3396336183388],[10.6486621971306,45.3406636607721]],[[10.6486487367077,45.3396336183388],[10.6502669526708,45.3401743895851],[10.6507239428948,45.3409643280555]],[[10.6486541022306,45.3371401135106],[10.6499219142938,45.3371604435626],[10.6510839963304,45.3373302952293],[10.6521007063719,45.3374747426235],[10.6529068699828,45.3376067383955]],[[10.6498702519156,45.3381621412542],[10.6496818690883,45.3387676558134],[10.6493799164094,45.3390586910931],[10.6490289457233,45.3391888539553]],[[10.6504447372411,45.3323508512846],[10.6487085080646,45.3324674832778],[10.6486577201965,45.3326081376547],[10.6488484790989,45.3330727792053],[10.6488979422544,45.3332303710076],[10.6489166927734,45.3332901107445]],[[10.6490284460789,45.3336521529408],[10.6492350687744,45.3333573490189],[10.6504716854716,45.3338240768451],[10.6508749565548,45.3338397708482],[10.6509203709985,45.3340156957117],[10.650727071562,45.3340299076034]],[[10.649483594423,45.3432305317958],[10.649484014124,45.342906926906],[10.6493164300756,45.3429083333865]],[[10.6493880538947,45.3429060129292],[10.6503052349441,45.342850931612],[10.6511612932761,45.3417620471297],[10.6515293118319,45.3411829875459],[10.6515435978654,45.3411159914811],[10.6518429644191,45.3397120417133],[10.6513931494277,45.3389482201967],[10.6492787827903,45.3391864867518],[10.6488404770634,45.339316496585],[10.6486487367077,45.3396336183388],[10.6484023135133,45.3395544335514]],[[10.6504085393152,45.3450445423417],[10.6509310576577,45.3438255473881],[10.6514596101321,45.3430672246087],[10.6508569721197,45.3430448761638]],[[10.6503507473542,45.3408952722403],[10.6507239428948,45.3409643280555],[10.6515435978654,45.3411159914811]],[[10.650237901258,45.3348120901062],[10.6495508909675,45.3351257061002],[10.6490882997471,45.335037952847],[10.6485912028837,45.335180729665],[10.6485192683898,45.3350162611823],[10.6477023413871,45.3338769857676],[10.6472137589211,45.3334449527937],[10.6468239047724,45.3328393047965],[10.6482565634044,45.3329951276132],[10.6488979422544,45.3332303710076],[10.6489227986168,45.3332394876516],[10.6492350687744,45.3333573490189],[10.6497363240867,45.3327776094433]],[[10.650426606227,45.3323735106487],[10.6509167522164,45.3323255189271],[10.6508450955371,45.3318677010973]],[[10.6510319209498,45.3419266084869],[10.6509614726139,45.3419265483275]],[[10.6509203709985,45.3340156957117],[10.6511356749082,45.3348303928794],[10.650237901258,45.3348120901062],[10.650645247842,45.3352635755021],[10.6498794558982,45.3356705431039]],[[10.6511181149186,45.3367517128683],[10.6510839963304,45.3373302952293],[10.6510555091378,45.3378133735927],[10.6519123854124,45.337926074492],[10.6518621022636,45.3382042030647],[10.6513526327736,45.3381609969892],[10.6499401279667,45.3381572275092],[10.6484839365881,45.3382596191618],[10.6486541022306,45.3371401135106],[10.6472243025294,45.3373593428265]],[[10.6511198526431,45.3367222443291],[10.6502804076619,45.3365624943986]],[[10.6511363111439,45.3367262363605],[10.650564650608,45.3365875776007],[10.6499995186871,45.336497584283],[10.6483400265114,45.3357674962367],[10.645859314462,45.3363217363352],[10.6454255097311,45.3348062586722],[10.6447281206254,45.3349674609467],[10.6442821851874,45.3348800627989],[10.6431118713635,45.3350428520109],[10.6415316396872,45.335341828955],[10.6408013603824,45.3356442106443],[10.6413413473491,45.3371277480266]],[[10.6515895389082,45.3354169984526],[10.6511356749082,45.3348303928794],[10.6518501027583,45.3344388007752],[10.6527863406778,45.3343755529175]],[[10.6514526361549,45.3428440046553],[10.6514596101321,45.3430672246087],[10.6521363836712,45.3431143827671],[10.6522056430574,45.3434995521297],[10.6522045730831,45.3438412563022],[10.6521145980752,45.3445337011085],[10.6517805876284,45.3455441849349]],[[10.651456990926,45.3428689004215],[10.6514915203241,45.3428363712159],[10.649483594423,45.3432305317958],[10.6472350443752,45.3436718792739],[10.6474042571994,45.3437337447572]],[[10.6513526327736,45.3381609969892],[10.6513390535396,45.3385716982149]],[[10.6513931494277,45.3389482201967],[10.6513514314388,45.3386772309046]],[[10.6513455330745,45.3360698983196],[10.6527307637356,45.3362453162617],[10.652386327553,45.3367897683656],[10.6529446901002,45.3369302359821]],[[10.6515600375743,45.3425406996459],[10.6525142133193,45.3425332348718]],[[10.6518429644191,45.3397120417133],[10.6527475743799,45.3398242613715]],[[10.65220486634,45.3437476011094],[10.6520038411172,45.3437548555591]],[[10.6518621022636,45.3382042030647],[10.652682478641,45.3383242672564]],[[10.6521363836712,45.3431143827671],[10.6535719032245,45.3430140462782]],[[10.6524627801783,45.3460158856354],[10.6524554076173,45.3455733503102],[10.6529997634319,45.3438448944261],[10.6563057107005,45.34378242851],[10.6563120325934,45.3452733418334],[10.6524627801783,45.3460158856354],[10.6529397850298,45.3470806411829],[10.6534072570466,45.3468719664341],[10.6535451529967,45.3472582520508]],[[10.6525220772323,45.3420595081931],[10.6525209508857,45.3421272312899]],[[10.6526730861731,45.3408016754496],[10.6529020147502,45.340261075536],[10.6533997171617,45.340229845042],[10.6537576446216,45.3403972049765]],[[10.6524535462037,45.3320919664143],[10.6525020978916,45.3323417065319]],[[10.6536705147636,45.3321995699778],[10.6526968673004,45.3320826206916],[10.6524535462037,45.3320919664143],[10.6509167522164,45.3323255189271],[10.6510860195954,45.3329218043712],[10.6518056854798,45.3332492025497],[10.6541632696515,45.333808661907],[10.6545571277031,45.333013769921],[10.6542314372882,45.3326049669747],[10.6536705147636,45.3321995699778],[10.6542496508407,45.3318126051295]],[[10.6527307637356,45.3362453162617],[10.6537535217941,45.3346316521385]],[[10.6534072570466,45.3468719664341],[10.6545284217592,45.3464208504729],[10.6552726649354,45.3462625169778],[10.6557394126785,45.3464071801727],[10.6551427651178,45.3470953243204]],[[10.6532493481854,45.3409156426437],[10.6541244998043,45.3406583503595]],[[10.6535635720915,45.3429642968699],[10.6535568943747,45.3428176955299],[10.6538475619845,45.3426955451273],[10.6538782893766,45.3423681565282],[10.6514787215416,45.3428171934813],[10.6515377015668,45.3426088518998],[10.6517282921804,45.3420273112793],[10.6526730861731,45.3408016754496],[10.6532493481854,45.3409156426437],[10.6534828452483,45.3419089368294]],[[10.6538017311652,45.3418662546559],[10.6554203933235,45.3415547045875],[10.6554834541618,45.3420533043731],[10.6538782893766,45.3423681565282],[10.6538017311652,45.3418662546559],[10.6525220772323,45.3420595081931],[10.6517282921804,45.3420273112793]],[[10.6540917532943,45.3378405763079],[10.6555552207763,45.3380352097013],[10.6554268139011,45.3390527566945],[10.6539326608413,45.3389361760622],[10.6538993140695,45.3392204316142],[10.6537361393986,45.3393466589834]],[[10.654144857369,45.3375503870539],[10.654084251632,45.3378815692066],[10.6539731831057,45.3385907515689],[10.6539326608413,45.3389361760622]],[[10.6545571277031,45.333013769921],[10.6549156372316,45.3328526962981]],[[10.654888412142,45.3313453636151],[10.6549261645357,45.3316768730924],[10.6555151055455,45.3323352126074],[10.6556719114262,45.3330405853929],[10.6571898385894,45.3331321387267],[10.6581757598972,45.3333857412848]],[[10.6548894817187,45.3313082593859],[10.655884128636,45.3307190656007],[10.6558826329252,45.3302825245286]],[[10.6551440459609,45.3363853575138],[10.6574532165498,45.3366919616594],[10.657364844917,45.3368926127076],[10.6581554615328,45.3370140468192]],[[10.6557007902743,45.3347588839621],[10.6551440459609,45.3363853575138],[10.6548663075902,45.3373158594102]],[[10.6554268139011,45.3390527566945],[10.6565055311301,45.3391547837815],[10.6564370370595,45.3396667166047],[10.6557732192371,45.3396391850112]],[[10.6553138434676,45.3320876876406],[10.6577598137338,45.3318658273377],[10.6573836665974,45.3311432562801],[10.6549454706742,45.331347523128]],[[10.6557394126785,45.3464071801727],[10.6563393972508,45.3463164675474],[10.6563582153602,45.3465473559879]],[[10.6577323930213,45.3346079370784],[10.6558431584927,45.3343189908663],[10.6557007902743,45.3347588839621],[10.6548399328249,45.3348886385969]],[[10.655884128636,45.3307190656007],[10.6562901938356,45.3304785209355],[10.6564370904498,45.3300415126253],[10.656184801864,45.329695717015],[10.6562947360602,45.3296902396217],[10.6578663261197,45.3294072827153],[10.6580463173977,45.3293503096035],[10.6578115254644,45.3289243651615],[10.6574709018472,45.32830641507],[10.656962501934,45.3280497607603]],[[10.6563393972508,45.3463164675474],[10.6567364949393,45.3462335221714],[10.6564733483713,45.3458956512653],[10.656354665075,45.3456022782068],[10.6563120325934,45.3452733418334]],[[10.6563169680863,45.3453114224795],[10.6563409349209,45.3453144128166],[10.6563580620127,45.3453289988221],[10.6563795315807,45.3453314815889],[10.6563934609638,45.3453330923973],[10.6564133376787,45.3453234464615],[10.6576007658031,45.3454715941063],[10.658089194582,45.3469244449035]],[[10.6563756734406,45.3452890417435],[10.6563120325934,45.3452733418334]],[[10.6564370370595,45.3396667166047],[10.657046848651,45.3396725059783],[10.6568612942354,45.3401191366],[10.6570032866903,45.3405475950788],[10.6569580904925,45.3415571459597]],[[10.6565055311301,45.3391547837815],[10.6576390495885,45.3391785901097],[10.6573551193924,45.3384766863749],[10.6573730524472,45.338188442119],[10.6555552207763,45.3380352097013]],[[10.6565055311301,45.3391547837815],[10.6565754686116,45.3386923755602]],[[10.6567364949393,45.3462335221714],[10.6567651542723,45.3462331063527],[10.6567700980547,45.3462234109813],[10.6567827395723,45.3462210937576],[10.6568064901684,45.346216740206],[10.6569401417385,45.3462305673011],[10.65704197766,45.3465125357323],[10.6573149555601,45.3473932857663]],[[10.6567255869063,45.3296126695106],[10.6564111347577,45.3289624610188]],[[10.6572159464654,45.3470769767779],[10.6571028958107,45.3471035272911]],[[10.6569580977659,45.3415571469029],[10.6569798674116,45.3415655055896]],[[10.6569932273499,45.3417570146777],[10.6569684667725,45.3415612132509]],[[10.6573271028412,45.3477510179182],[10.6575844833044,45.3480860747532],[10.6574550086737,45.3487779930987]],[[10.6575812575233,45.3480541929617],[10.6584145269178,45.3486130005924],[10.6588237309759,45.3499089050769],[10.6600805712919,45.3498422359651],[10.659376957213,45.3491118448208]],[[10.6574532165498,45.3366919616594],[10.657926188712,45.3358055290578],[10.6576766850443,45.3350429513359],[10.6589653377175,45.334758411869]],[[10.6578332256685,45.3461347411828],[10.6581843091238,45.3460801674306]],[[10.6576390495885,45.3391785901097],[10.6576985328796,45.3392792585515]],[[10.6576390495885,45.3391785901097],[10.6582725666205,45.3391455112908],[10.6592093389992,45.3394430833747]],[[10.6577714762281,45.3343027393006],[10.6577323930213,45.3346079370784],[10.6576766850443,45.3350429513359]],[[10.6579948396827,45.3327040191106],[10.6577598137338,45.3318658273377],[10.6581582566599,45.3317959753076],[10.6585970532379,45.3311285500424],[10.658355035037,45.3306166189385]],[[10.657926188712,45.3358055290578],[10.6589892073256,45.335980009996]],[[10.6578899483074,45.3322324946252],[10.6583730523337,45.3322238504733]],[[10.6578115254644,45.3289243651615],[10.6586878721223,45.3286941225264]],[[10.6582725666205,45.3391455112908],[10.6583687287824,45.3396475059913]],[[10.6581582566599,45.3317959753076],[10.659032067133,45.3314629491794]],[[10.658540418564,45.337782786702],[10.6583653092599,45.3373207554085],[10.6585610494911,45.3367376726999],[10.6589892073256,45.335980009996],[10.6590354970129,45.3358980950718],[10.6592358455529,45.3358507215452],[10.6596638998835,45.3351820099838],[10.6598069636005,45.3342683050969],[10.6615649644439,45.3344811759541],[10.6616108844761,45.3343999960501],[10.6645148409792,45.335063727274]],[[10.6585928683568,45.3379211755146],[10.658540418564,45.337782786702],[10.6586391326659,45.3377783626113],[10.6605403776995,45.3381019313619],[10.66241434324,45.3384968559426],[10.6631247543268,45.3385282090142],[10.6632890970362,45.3379871471414],[10.6635354011801,45.3361436330669],[10.6622528267818,45.3359268049385],[10.6619923328083,45.3366453882305],[10.6621906479845,45.3370087218822]],[[10.6588609925669,45.3443288792112],[10.6586415864067,45.3437096008925],[10.6593523910097,45.343338899001],[10.6600936005733,45.3432669709447],[10.6609659721028,45.3433340849601],[10.6620021090391,45.3436192805439],[10.6623517037883,45.343774681791],[10.6624019449118,45.3439862115251],[10.6599986813309,45.3443991026339]],[[10.6588731518218,45.3383917652799],[10.6585928683568,45.3379211755146],[10.6555528885461,45.3375464073726],[10.6535589517718,45.3374857740769],[10.653176438864,45.3372556859239],[10.6511363111439,45.3367262363605],[10.6513455330745,45.3360698983196],[10.650349609771,45.3359396569527]],[[10.6593261436097,45.3410095541437],[10.6594499906128,45.3400695970874],[10.6593639870222,45.3392838617852],[10.6588731518218,45.3383917652799],[10.6599099447198,45.3384807147841],[10.6597143036259,45.3384626565412]],[[10.65907572126,45.3427471890211],[10.6593406479053,45.3427465739981],[10.6603580606438,45.3428308137332],[10.6622813521073,45.3430562673841],[10.6631321551725,45.3430438786475],[10.6646744946368,45.3433349875077],[10.6636283381698,45.3428841620646],[10.6637488265924,45.3424863582255],[10.6638568288068,45.3425080815051]],[[10.6593445834335,45.3479602110221],[10.6585750138498,45.3489745049569],[10.6585387705415,45.3490064732934]],[[10.659000573054,45.3359598970559],[10.6598682860675,45.3362135447661],[10.6598652894731,45.3361110025079]],[[10.6593261436097,45.3410095541437],[10.6605217508442,45.3410328066284],[10.6604511618961,45.339219224957]],[[10.6593261436097,45.3410095541437],[10.6593361570108,45.3412974930611],[10.6554834541618,45.3420533043731]],[[10.6596212300904,45.3508289321601],[10.6599836844221,45.350344607225],[10.661126988082,45.3512213233109]],[[10.6600873724232,45.3475896569783],[10.6596144193588,45.3460717144794],[10.6588609925669,45.3443288792112],[10.658418030937,45.3442890236705]],[[10.6599836844221,45.350344607225],[10.6602472334586,45.3499924374072],[10.6600805712919,45.3498422359651],[10.6613247523463,45.349775982819],[10.6613307416208,45.3497479442676],[10.6618997816863,45.3494233388168],[10.6624963622454,45.3491767109637],[10.6631022518666,45.3485334565272]],[[10.6599062736686,45.3384961836928],[10.660897124999,45.3385963206214],[10.6608951800904,45.3386799571569],[10.6604385097088,45.3389886141154],[10.6599062736686,45.3384961836928]],[[10.6600605844232,45.3428061842647],[10.6600936005733,45.3432669709447]],[[10.6598682860675,45.3362135447661],[10.6609076010389,45.336506856076],[10.66069725902,45.3368956215097]],[[10.6598682860675,45.3362135447661],[10.6593820048855,45.3370743911854],[10.658880637731,45.3374192163941],[10.6632890970362,45.3379871471414]],[[10.6602989766595,45.3505863857328],[10.6612111135862,45.3498779451814],[10.6612366866498,45.3497808974729]],[[10.6600750817357,45.3317603782584],[10.6599314593359,45.3311859158266],[10.6598873560142,45.3310095083657],[10.6605925146069,45.3306524357413]],[[10.6599314593359,45.3311859158266],[10.6602954212629,45.3311522128115]],[[10.6605446010421,45.34885697495],[10.6613307416208,45.3497479442676]],[[10.6604422959949,45.3416192195086],[10.6605565939669,45.3416237505997]],[[10.6604422959949,45.3416192195086],[10.6605263236616,45.341940044012],[10.6604378005261,45.3425006144309]],[[10.6604422959949,45.3416192195086],[10.6605424961315,45.3410639354067],[10.6593361570108,45.3412974930611],[10.6593823980899,45.342022441609],[10.65907572126,45.3427471890211],[10.6567821752749,45.3436608455878],[10.656398401767,45.3443377955509],[10.6563478730721,45.3449832333144],[10.6563756734406,45.3452890417435],[10.6563795315807,45.3453314815889],[10.6564035792627,45.3455960063212],[10.656519150378,45.3458833353447],[10.6567827395723,45.3462210937576],[10.6568073571634,45.3462526380501],[10.6572590179716,45.347573286855]],[[10.6604385097088,45.3389886141154],[10.6604485375435,45.3391626521297]],[[10.6605263236616,45.341940044012],[10.6617889042435,45.3420207676191],[10.6617438621973,45.3425099682998]],[[10.6612274201844,45.3498196880374],[10.6622789194253,45.3497204853137],[10.6630681257175,45.3508226113701],[10.6621834872772,45.3510755897448]],[[10.6609076010389,45.336506856076],[10.6619923328083,45.3366453882305]],[[10.6609076010389,45.336506856076],[10.6611739104672,45.3357576311199]],[[10.662584921791,45.350147823291],[10.6620126495828,45.3503518462605]],[[10.6617889042435,45.3420207676191],[10.6618433696937,45.3414811665303],[10.6620263046236,45.3410305338287],[10.6619935408095,45.3408293077597],[10.6620218476783,45.3407703176514],[10.6605217508442,45.3410328066284]],[[10.6616625372455,45.3304733981947],[10.6613471740176,45.3294777687372],[10.6609756896769,45.3288215378784]],[[10.6614467864933,45.3297217145641],[10.6621678284244,45.3295310573725],[10.6625672072405,45.3291835535746],[10.6628026223966,45.3292763457557],[10.6629548022921,45.3293363291688],[10.6636104338298,45.329614685297],[10.6653685679622,45.3303610895256]],[[10.6618212247692,45.3417005621949],[10.6623726177473,45.3417135058675]],[[10.6619178597045,45.3325871117221],[10.6616543257983,45.3324330201507]],[[10.665656807034,45.3300814022677],[10.6652002952654,45.3305243681226],[10.6642052765433,45.3312843784938],[10.6634701195348,45.3317454993625],[10.6623463006693,45.3308144541317],[10.6616625372455,45.3304733981947],[10.6608682353031,45.3302675155164]],[[10.6622789194253,45.3497204853137],[10.6640087719208,45.3495463438465],[10.6642157386292,45.3503342781592],[10.6652505126566,45.3529616202507],[10.666606666536,45.3528476116522],[10.6671921486948,45.3525453325663]],[[10.6620709346976,45.3408364163917],[10.6620187037083,45.34079799429]],[[10.6620202633043,45.3407842650356],[10.6635449416275,45.340769581568]],[[10.6623001212886,45.3497500943491],[10.6628960904202,45.3498141112503]],[[10.6619465879782,45.3344694289944],[10.6621951377558,45.3339610647316],[10.6600065376527,45.333435514043],[10.6598069636005,45.3342683050969]],[[10.6622059440232,45.3394018470036],[10.6622118957748,45.3393701139566]],[[10.6624019449118,45.3439862115251],[10.6631365215248,45.3452542587129],[10.6596144193588,45.3460717144794]],[[10.6634861223218,45.3514063232828],[10.6626703149617,45.3517227826359]],[[10.6621951377558,45.3339610647316],[10.6626791097979,45.3330962592267],[10.6619178597045,45.3325871117221],[10.6621121940933,45.3317265235629],[10.661368343708,45.3315112965217],[10.6606988290668,45.3315860644299],[10.6598104809232,45.3318343228505],[10.6600065376527,45.333435514043]],[[10.6626731700963,45.3502710623022],[10.6630942245854,45.3501688825338]],[[10.6625557000305,45.3333798471402],[10.663018754994,45.3334505192394]],[[10.6630681257175,45.3508226113701],[10.6640011769048,45.3521255528305],[10.6635317807703,45.3522871604644]],[[10.6629892241379,45.3465543999951],[10.6630868961636,45.346646165276]],[[10.6631365215248,45.3452542587129],[10.6630078615943,45.3456397233369],[10.6633908167916,45.3463068447959],[10.6624397868369,45.3468303153791],[10.6624174903844,45.3469150914151],[10.6612250551968,45.3473750873872],[10.6607542460228,45.3475158932694],[10.6600873724232,45.3475896569783],[10.6596220919157,45.3476371900381],[10.6595691927321,45.3476641679311],[10.6593445834335,45.3479602110221],[10.6599325028313,45.3483665316924]],[[10.6628026223966,45.3292763457557],[10.6630774053146,45.3290114916737]],[[10.6633908167916,45.3463068447959],[10.6634141002106,45.3463967812911]],[[10.663326739051,45.3377339745616],[10.6641302315003,45.3377838458079]],[[10.6640011769048,45.3521255528305],[10.6642074327309,45.3524135654853]],[[10.6640087719208,45.3495463438465],[10.665206814131,45.3493400803344],[10.6667247102022,45.3492265350377],[10.6666733080158,45.3487746012825],[10.6635664271439,45.3492622326093],[10.6628893113623,45.3477414533276],[10.6636215475043,45.3476316822923],[10.6644691023008,45.347752623607],[10.6646414717793,45.3469757922106],[10.6669967345451,45.3471274230104],[10.6677820301142,45.3470468384544],[10.667622448318,45.348220093585],[10.6657142897688,45.3483842683096]],[[10.6636104338298,45.329614685297],[10.6638304524439,45.3293433620884]],[[10.6644691023008,45.347752623607],[10.6653580380883,45.3477131720327],[10.6655916233687,45.3478165976919],[10.6657555719705,45.3488734865278]],[[10.6646635309626,45.3514712772108],[10.6654693780452,45.3513232752087],[10.6667409999082,45.3511882025298]],[[10.6645140560451,45.3440907500062],[10.6645761437628,45.3440956691723]],[[10.6645140560451,45.3440907500062],[10.6644584207053,45.3444468395634],[10.6648126058873,45.34497750615],[10.6649601464429,45.3455024485001],[10.6641503749218,45.3455442385917],[10.6642306097513,45.3451819664863]],[[10.6645140560451,45.3440907500062],[10.6646744946368,45.3433349875077],[10.6657449632236,45.3436162209186],[10.6646034465973,45.3436962489036]],[[10.6647909916561,45.3458435851272],[10.6649601464429,45.3455024485001],[10.6671973584936,45.3456066754748],[10.6679719357435,45.345599140242],[10.6684441088085,45.3452702377183]],[[10.6649373599231,45.3277316953246],[10.6662897082209,45.3291912051885],[10.6683669529093,45.3306245058502],[10.6705680592111,45.3297965329494],[10.6707341302156,45.3294258545305],[10.6706462901126,45.3286121827034],[10.6705760383471,45.3279614142824],[10.6705548837318,45.3276933390973]],[[10.665770548104,45.3436235369075],[10.6657226649378,45.3436270852255]],[[10.6668088817921,45.3433635536078],[10.6657449632236,45.3436162209186],[10.6659378341899,45.3436713721245],[10.6672471688632,45.3445066741336],[10.6672364265521,45.3444808724632],[10.6671711828943,45.3439152073695],[10.6671693080701,45.3438513501175],[10.6668088817921,45.3433635536078],[10.6674284016181,45.3426382636559],[10.6673562468743,45.3425541377624]],[[10.6655949543713,45.333009262964],[10.6643275201127,45.3325897599265],[10.6639774991664,45.3320667957847],[10.6644682201837,45.3321310878609],[10.6646873357265,45.3316433160175],[10.6642978458275,45.3312762415409],[10.6649218148381,45.3309285621858],[10.6657074538421,45.3301040002663],[10.6645936885833,45.3294570962797],[10.6629738903835,45.3271131445009],[10.6631081326377,45.3270683252462]],[[10.6657915759362,45.3383718001713],[10.6661335808322,45.3349920954259]],[[10.6662158102874,45.3332606298151],[10.6657560034478,45.3338456055583]],[[10.6662826189852,45.3446045624937],[10.6662884252455,45.3443802445745]],[[10.6666530707893,45.3532880618674],[10.666606666536,45.3528476116522]],[[10.6666733080158,45.3487746012825],[10.6675560279269,45.3486953109888],[10.667622448318,45.348220093585]],[[10.6667001145124,45.3492283750676],[10.666807180781,45.3500420430662],[10.6655627612141,45.3501376161024]],[[10.6667247102022,45.3492265350377],[10.6695019406681,45.3490548229664],[10.6695186908305,45.3493049848905],[10.6699764265267,45.3494043033292],[10.670299227997,45.3504100792317],[10.6710702235124,45.35037928475],[10.6710882208782,45.3509031027766],[10.6720894946035,45.3508753286282]],[[10.666807180781,45.3500420430662],[10.6673485461069,45.350000381794],[10.6675238224261,45.3513209680159],[10.6672529589179,45.3523208571109],[10.6677377882011,45.3523052999274]],[[10.6662897082209,45.3291912051885],[10.6673342886423,45.3287863833191]],[[10.6671973584936,45.3456066754748],[10.6672969914953,45.3453431300315],[10.6672512839981,45.3446303282266],[10.6662826189852,45.3446045624937],[10.6662535553181,45.3450214196501]],[[10.6673485461069,45.350000381794],[10.6675520744271,45.3499847184044]],[[10.6671886912827,45.3440670070434],[10.6675662594052,45.3440105890898],[10.6677950677941,45.3439712099079]],[[10.6672512839981,45.3446303282266],[10.6672471688632,45.3445066741336],[10.6685808029415,45.3453574368327],[10.6690938005108,45.3459424656914],[10.6690955590384,45.345944471113],[10.6696159748579,45.346788790541],[10.6706539892543,45.3482295874314],[10.6707103109547,45.3484485786067],[10.6708455611744,45.3487252537751],[10.6713876559857,45.3503535187443],[10.671892021689,45.3507125587389],[10.6720894946035,45.3508753286282],[10.6722162267263,45.3509797887186],[10.672858047908,45.3513852584318],[10.6728011125608,45.3520385232005]],[[10.6702748918723,45.3504116593089],[10.6692145493743,45.3502117076976],[10.667986809037,45.3503043551946]],[[10.6677092088408,45.3337705014592],[10.6676925116646,45.3338018079828]],[[10.668059199952,45.3392106990596],[10.6680186847151,45.3390600855853],[10.6678492095015,45.3390698912573]],[[10.6676149405451,45.3308205886736],[10.6662556996639,45.3322634378351],[10.665903625032,45.3322716811754],[10.6657172173316,45.3325229019207],[10.6655949543713,45.333009262964],[10.6665963644527,45.3333674033475]],[[10.6683140290077,45.3540080570979],[10.6681854848473,45.3533613837064],[10.6686399028837,45.3532586387428],[10.6686247951747,45.3524486250984]],[[10.6678694909148,45.3302212934152],[10.6685936488273,45.3296059090867],[10.6679340367312,45.3282361738658],[10.6674968082063,45.3281114881095],[10.6669491766374,45.3272217294756],[10.6649373599231,45.3277316953246],[10.6644235409502,45.3268497845492]],[[10.6681318395833,45.3268362276167],[10.6678228911575,45.3265598728548],[10.6676146839767,45.3265504307664],[10.6676230794551,45.3269872135187],[10.6669491766374,45.3272217294755]],[[10.6678228911575,45.3265598728548],[10.6697445035808,45.3258608273752]],[[10.6681974081723,45.338539478306],[10.6681871051306,45.3375989277392],[10.6677583410481,45.3376271812896]],[[10.6689849844339,45.3387613123088],[10.6691448266325,45.3385940478022],[10.6688220647712,45.3384570493759],[10.6681974081723,45.338539478306],[10.6679865932786,45.3385572182604],[10.666496554371,45.3385472103859],[10.6660397436914,45.3384463676944],[10.6657100197745,45.3383473344248],[10.6654777748542,45.3389338752455]],[[10.6705928842843,45.3538821505793],[10.67105268862,45.3531833027],[10.6710451396545,45.3526638789877],[10.6686399028837,45.3532586387428]],[[10.6681871051306,45.3375989277392],[10.6681745197328,45.3369345123067],[10.6684774455171,45.336986284143]],[[10.6681745197328,45.3369345123067],[10.6685264192191,45.3361768097443]],[[10.6681110184481,45.3336559129565],[10.6687824052993,45.3338728603455]],[[10.6690835512733,45.3315331895395],[10.6688680441357,45.3316910096214],[10.6685426101582,45.3320063921749],[10.6682733053103,45.3322836785442],[10.6681110184481,45.3336559129565],[10.6677092088408,45.3337705014592],[10.667201071873,45.3335635893763],[10.667594468369,45.333312449811]],[[10.6679991539304,45.3283444489851],[10.670578925989,45.3279881639268]],[[10.6681697026095,45.3310186625034],[10.669809526888,45.3305091348988],[10.6698012581759,45.3303643245256]],[[10.6685408444074,45.3422187945942],[10.6694187778146,45.3422255095655],[10.6701367873071,45.34244204059],[10.6699641869291,45.3433349723863]],[[10.668549731942,45.3410546334016],[10.6685408444074,45.3422187945942],[10.6682386603694,45.3423111714152],[10.6673432674815,45.3420245283168]],[[10.668549731942,45.3410546334016],[10.6705591540286,45.3414171770391]],[[10.6692656107138,45.339961515426],[10.668549731942,45.3410546334016],[10.6669730376025,45.3407430879487]],[[10.6690981977008,45.3459348997959],[10.6690938005108,45.3459424656914],[10.6690325240149,45.3460478990686],[10.6696234121864,45.3477166408823],[10.6694823614633,45.3487624061781],[10.6695019406681,45.3490548229664],[10.6709244906078,45.3489624181918]],[[10.6698339226584,45.3457820083734],[10.669809009965,45.3446019937475],[10.6691135492666,45.3442532159777]],[[10.6687817649495,45.3317746243959],[10.6691327613161,45.3323243136035]],[[10.6689377829194,45.3364935014423],[10.6699953492179,45.3355430390952],[10.6697929832045,45.3354156849234],[10.6698791467,45.334889912517],[10.6697528581462,45.3348363760119]],[[10.6691239311354,45.3370120349664],[10.6689816573898,45.3370434351232]],[[10.6691239311354,45.3370120349664],[10.6719232288195,45.3365719964862],[10.671667082317,45.3380442693875],[10.6709873513485,45.3382789674406],[10.670320536905,45.338241109543]],[[10.6694823614633,45.3487624061781],[10.6699995811398,45.3486740802444]],[[10.6695200790228,45.3473485069088],[10.6697093266864,45.3473426335224]],[[10.6696249643879,45.3477694245907],[10.6698134829066,45.3477387116212],[10.6702395565962,45.3479965121709]],[[10.6698339226584,45.3457820083734],[10.6698851478474,45.3468580959931],[10.6696601285006,45.346844813402]],[[10.6698339226584,45.3457820083734],[10.6718490408837,45.345761372177],[10.6718188575762,45.3450419756354]],[[10.6698801403527,45.3280840405014],[10.6696040956455,45.3275564089192]],[[10.6698791467,45.334889912517],[10.6704715492907,45.3350864915799],[10.6713156332399,45.334888443144]],[[10.6698791467,45.334889912517],[10.6701945329218,45.33430540411],[10.6701061972524,45.3342760520839],[10.6705285544618,45.3337952470776],[10.6701343000197,45.333385944888]],[[10.6701367873071,45.34244204059],[10.6707891174972,45.3426387592312]],[[10.6698965798867,45.3305860798036],[10.6698531140118,45.3304849615501],[10.6706765553171,45.3303795164156],[10.671781385648,45.3302967396962],[10.6728622691812,45.3303412757421],[10.6731268725054,45.3302782814947],[10.6733728207216,45.3296609794975],[10.6741048868265,45.3298358838004],[10.6745852631136,45.3299224624282],[10.6749350000784,45.3299298158592],[10.674858506441,45.3294194814237],[10.6725692513761,45.3289037845688]],[[10.6704102932418,45.3385654844175],[10.6702552573661,45.3385574931172],[10.6701899800125,45.3388631889728]],[[10.6702552573661,45.3385574931172],[10.6691992801523,45.338882481473],[10.6689849844339,45.3387613123088],[10.6687916131238,45.3389535003967],[10.6679857554448,45.3392364898943],[10.6661828755362,45.3399005331204],[10.6656568388463,45.3399204245768],[10.6654570307886,45.3397229819671]],[[10.6703028998134,45.3390569346694],[10.6704285356175,45.3390746279536],[10.6709628789265,45.3391533970829],[10.6716137478011,45.3392766394162],[10.6726813388379,45.3395204564845],[10.6730253720188,45.3395722821686],[10.673348749802,45.3396164396148],[10.6745130869027,45.3397754224132],[10.6752026413565,45.3407494882734],[10.6756024179087,45.3413141956757],[10.6757118367699,45.3413621268467],[10.676564087899,45.3416894551808],[10.6768087469382,45.3417834207032],[10.6776323090828,45.3420997177404],[10.6779784441628,45.3422830213612],[10.6782153767847,45.3424356967169],[10.6784776943785,45.3426047281617],[10.6789039354006,45.3428616793939],[10.6789172426003,45.342873579499],[10.6792717819944,45.3431906276773],[10.6793205229219,45.3432277094114],[10.6794781845958,45.3433476567543],[10.6796636849952,45.3434800939715],[10.6802284276368,45.3440310530146],[10.6803856416075,45.3441844274351],[10.6807303578292,45.3445489052681],[10.6815991374573,45.345399862965],[10.6817632209579,45.3455199657707],[10.6829359305255,45.3466960136571],[10.6836366100512,45.3474611825085],[10.683625458996,45.3475934129834],[10.6835163599179,45.3488870950943],[10.6835157781417,45.3488938143751],[10.6834684855036,45.349440020841],[10.6811350819657,45.3496700547762],[10.6807364355435,45.3490979139626],[10.6802290135516,45.3492901460752]],[[10.6704309209286,45.3384710877556],[10.6703407929938,45.3388835300735],[10.6703006018153,45.3390674506037],[10.6691992801523,45.338882481473],[10.6653972685323,45.3401661051448],[10.6620218476783,45.3407703176514],[10.6622059440232,45.3394018470036],[10.664110817054,45.3394415469585]],[[10.6703217788407,45.3390595934114],[10.671038625232,45.3395788491366],[10.66953047174,45.3394249866043]],[[10.6707025041724,45.3484182242267],[10.6723742461229,45.3482781584695],[10.6724610122779,45.3488519499928]],[[10.6709168245926,45.3489629208931],[10.670788415475,45.3490349912768]],[[10.6705737213727,45.3400279032767],[10.6707021299096,45.3401530802555]],[[10.671038625232,45.3395788491366],[10.6708257531271,45.3398800563814],[10.6703113707343,45.340178343934],[10.6692656107138,45.339961515426],[10.6686195511959,45.3397877047569],[10.6679430763726,45.3398757762414]],[[10.6704248735146,45.3305159317514],[10.6713801805029,45.3304547563259],[10.6729840642983,45.3306387581446],[10.6730536348168,45.3307395261966],[10.6726611298354,45.3319236610102],[10.6728534318117,45.3322340357647],[10.6713145016533,45.3327500656908],[10.6710501107235,45.3323873077629],[10.6711184270399,45.3323741146685]],[[10.6706462901126,45.3286121827034],[10.6713874423847,45.3286236227238],[10.6713908203439,45.3288888371701],[10.6716673738968,45.3291157244155]],[[10.6710501107235,45.3323873077629],[10.6706536508921,45.3316687848662],[10.6704248735146,45.3305159317514],[10.6698965798867,45.3305860798036],[10.6693784161479,45.3307071884947]],[[10.6713125310074,45.3399547791024],[10.6718320388606,45.3395562334469],[10.6727451613415,45.3400789233916],[10.6715806114545,45.3410585199209]],[[10.6713145016533,45.3327500656908],[10.6711282786318,45.3328347865939],[10.6713990334757,45.3333593349206]],[[10.6718151686967,45.3492262681491],[10.6728650962029,45.3492264226323],[10.6728463109114,45.3508284893096],[10.6728275843963,45.3513298326711],[10.6736360831335,45.3518767683923]],[[10.6715848802837,45.3387303820329],[10.6716617319002,45.3382826027329],[10.6709873513485,45.3382789674406],[10.6702811481999,45.3385195797845],[10.670320536905,45.338241109543],[10.6696030337257,45.3379107100877],[10.6691239311354,45.3370120349664],[10.6689377829194,45.3364935014423],[10.668839960305,45.3364656106028]],[[10.6713801805029,45.3304547563259],[10.6713793711125,45.3303329169334]],[[10.6720332329338,45.3508289542703],[10.6728463109114,45.3508284893096],[10.6736537778149,45.3508280218271],[10.6736670158568,45.3518275159165],[10.6754683647966,45.3514729711558],[10.6757275274353,45.3531773793746],[10.681481406341,45.3528203645418],[10.6812541226285,45.3511403499265],[10.6804470378363,45.3511867667568],[10.6754683647966,45.3514729711558],[10.6754138009237,45.3501548777688],[10.6769068918633,45.350061171525],[10.6780044866905,45.3501002697728],[10.6786438027377,45.3502675846608],[10.6790689736799,45.3500790997029],[10.6803521618215,45.3500381348429],[10.6804470378363,45.3511867667568]],[[10.6713874423847,45.3286236227238],[10.6714896485705,45.3283381382314]],[[10.6735587999438,45.337391064308],[10.671667082317,45.3380442693875],[10.6716617319002,45.3382826027329],[10.6722872327168,45.3384236347398],[10.6721539543162,45.338917520244]],[[10.6720821663172,45.3442995827311],[10.6725997721386,45.3443744660392],[10.6730054253049,45.3447655721048]],[[10.6719232288195,45.3365719964862],[10.6720918448347,45.3359161080334]],[[10.6717541533771,45.3266584440557],[10.6721560058959,45.3268255018206],[10.6725030674151,45.3273124795778],[10.6742520398798,45.3285242061658],[10.6756822479859,45.3286263544574]],[[10.6733504861708,45.3257608301588],[10.672320404196,45.3260893781146],[10.6718144881824,45.3259315651876],[10.6717541533771,45.3266584440557],[10.6706058825479,45.3262742731744]],[[10.6718144881824,45.3259315651876],[10.6718456201406,45.3256009242203],[10.6719595779175,45.3256054321531]],[[10.6727373533169,45.3428697736257],[10.6723254948451,45.3425288692407],[10.6718893955514,45.3428681655146]],[[10.6723254948451,45.3425288692407],[10.6728128058565,45.3423109899441]],[[10.6722872327168,45.3384236347398],[10.6732858790489,45.3378258517431]],[[10.6720496314977,45.3273260282847],[10.6725030674151,45.3273124795778],[10.6726451285161,45.3273103581842]],[[10.6725977113818,45.3412423541641],[10.6725115257644,45.3411393657644]],[[10.6721560058959,45.3268255018206],[10.6725511928511,45.3266118101015]],[[10.672466278812,45.3344388643727],[10.6728476902204,45.3347621285931],[10.6734495961175,45.3357868416015],[10.6743124857418,45.3356841497238],[10.6748999076766,45.3358399604864],[10.6760857593128,45.3355837514461],[10.6764166953718,45.3355123400807],[10.6755108647964,45.334347251519],[10.6753310139119,45.3342715924798]],[[10.6733024599435,45.3396101187652],[10.6727451613415,45.3400789233916],[10.6735612973615,45.3405506052956],[10.6729128717566,45.3411204551301],[10.6725977113818,45.3412423541641],[10.6722256702485,45.3416289701785],[10.6713589942577,45.3416905266138]],[[10.672539252276,45.3231713586693],[10.6728999136165,45.3234159627757],[10.67324378457,45.323649176403]],[[10.6728534318117,45.3322340357647],[10.6737627281641,45.3322011362583]],[[10.6730040626549,45.3349829867058],[10.6733100396442,45.3348179925121]],[[10.6732927344245,45.3428045802815],[10.6727373533169,45.3428697736257],[10.6724660443624,45.3430692179473],[10.6725258415239,45.3440701268082],[10.6720821663172,45.3442995827311],[10.6695384970931,45.3440583590942]],[[10.6739215813037,45.342730759735],[10.6732927344245,45.3428045802815],[10.6733672681325,45.3430819752823],[10.6746964005867,45.3443623202415],[10.6736560243098,45.3448093596377]],[[10.6732969225218,45.3408281381523],[10.6742321270171,45.3415246384236],[10.6751979623776,45.3418492881352],[10.6753646838174,45.3417067550845]],[[10.6732832281748,45.3396262968753],[10.6733396588208,45.3396309579142],[10.673348749802,45.3396164396148],[10.6733592019607,45.3395997475048],[10.6733577598033,45.3395798282258],[10.6737882684342,45.3390388691288]],[[10.6735068545731,45.3468893761631],[10.6733586427325,45.3458063404456],[10.6718490408837,45.345761372177],[10.6723742461229,45.3482781584695],[10.6737780120298,45.3480781176854],[10.6735068545731,45.3468893761631],[10.6742935836651,45.3469725153897]],[[10.6736537778149,45.3508280218271],[10.6752128584075,45.3508271030403],[10.6752191576494,45.3513723313873]],[[10.6728999136165,45.3234159627757],[10.6731267376681,45.3233352682209]],[[10.6737780120298,45.3480781176854],[10.6740257620646,45.3487714257058]],[[10.6737780120298,45.3480781176854],[10.675215311054,45.3477806858225],[10.6763642816764,45.3479036053864],[10.6777704199953,45.3480330892564],[10.6785003076614,45.348691841583]],[[10.6735612973615,45.3405506052956],[10.6743770046668,45.339857758885]],[[10.6739215813037,45.342730759735],[10.6736356020465,45.3423898245819]],[[10.6736381605692,45.3419047392196],[10.6742321270171,45.3415246384236]],[[10.6733728207216,45.3296609794975],[10.6734935299344,45.3293580081943]],[[10.6733504861708,45.3257608301588],[10.673919289687,45.32619565668],[10.6740067762469,45.3261436753968]],[[10.6733504861708,45.3257608301588],[10.6734509945663,45.3257050555113]],[[10.6735847466414,45.3336843837854],[10.6736354964265,45.3338070942474],[10.6748807063277,45.3338710491756]],[[10.6739101098301,45.3334628386169],[10.672466278812,45.3344388643727],[10.671612395349,45.3337153672215]],[[10.6739215813037,45.342730759735],[10.6747295495366,45.3427666940729],[10.6755428237127,45.342354211092],[10.6757118367699,45.3413621268467]],[[10.6734846781103,45.3226807039353],[10.6740865515747,45.3226469511927],[10.6750329220362,45.3236000160782],[10.6758130856037,45.3237243220518],[10.6760584884851,45.3237626387975],[10.6761222427578,45.3237725931748],[10.6767435955723,45.3245457547753],[10.6767692522185,45.3251672802955],[10.6775863524962,45.3258819493885],[10.6765396464389,45.3258657113143],[10.6738499289218,45.3246679796897],[10.6744357796193,45.3244387568065]],[[10.6741402339487,45.3240453696175],[10.6735943151089,45.3242131924158]],[[10.6738676157042,45.3266707175257],[10.6741734360229,45.3269462351353],[10.6744405593405,45.3267192660832],[10.673919289687,45.32619565668]],[[10.6741048868265,45.3298358838004],[10.6741566786453,45.3296416378831]],[[10.6746964005867,45.3443623202415],[10.6752683049276,45.3438557063968],[10.6756678110471,45.3437444737808]],[[10.6746964005867,45.3443623202415],[10.6749554876137,45.344593308537]],[[10.6747726171596,45.3385603474935],[10.6751409329672,45.3375788146887]],[[10.6752128584075,45.3508271030403],[10.6753806651096,45.349381093944]],[[10.6750697044499,45.3241652796167],[10.6744357796193,45.3244387568065],[10.6752255611691,45.3247058674077]],[[10.6756421592247,45.3526159595715],[10.6752786166992,45.3526510707892]],[[10.6748141880337,45.3332195567402],[10.6747986119112,45.3331832609]],[[10.6754790512591,45.3391363950628],[10.6750144802254,45.3394779537792]],[[10.6751945420749,45.3407380474376],[10.6761885493716,45.3394049092604],[10.6754790512591,45.3391363950628],[10.6747726171596,45.3385603474935],[10.6739981692251,45.3373610091113]],[[10.6749284624696,45.3298581344796],[10.6757144512669,45.3298060327918],[10.6757549712744,45.3302797923055],[10.6755456264432,45.3306823204971],[10.67570067641,45.3309889995336],[10.6755777423132,45.3316211951374],[10.6739637038071,45.3316511097834],[10.6736510939154,45.3315527074433],[10.6734288769387,45.3313687192894],[10.673415577219,45.330616813313],[10.6731268725054,45.3302782814947]],[[10.6748780523372,45.3271196453792],[10.6749714584755,45.3270868854043]],[[10.6751394293881,45.3276124903156],[10.6752463985526,45.3276016775256]],[[10.6761455110875,45.3238015468689],[10.6750697044499,45.3241652796167]],[[10.6753671295994,45.3281775645648],[10.6754673078053,45.3281646148738]],[[10.6757219705526,45.3372825243688],[10.6759948188452,45.3368078362885],[10.6735587999438,45.337391064308],[10.6729007308319,45.3362220513954],[10.671776002256,45.3349059523373],[10.6716790185353,45.3344345242022],[10.6702983138078,45.3332667473261],[10.6701051690935,45.3332930194633],[10.6692615381374,45.3317344052939],[10.6689300883032,45.3313596968698],[10.668445601329,45.3311171686358],[10.6681697026095,45.3310186625034],[10.6676149405451,45.3308205886736],[10.6675837115404,45.3308094384583],[10.6663055937969,45.3303708800469],[10.6657074538421,45.3301040002663]],[[10.6756511128297,45.3345100612704],[10.6758116321926,45.334465939571]],[[10.6761211512872,45.3493671161039],[10.6763642816764,45.3479036053864],[10.6765546431202,45.347139777025],[10.6759437073484,45.3468381195203]],[[10.6756604940816,45.3312766982585],[10.676618975338,45.3313718549538],[10.6766038630802,45.3314594578608]],[[10.6757144512669,45.3298060327918],[10.675955065854,45.3293971505246],[10.6759374793143,45.3291009372573],[10.6761670721873,45.3290850842236]],[[10.6757653861327,45.3301828961794],[10.6764268269631,45.3296582631791]],[[10.6761885493716,45.3394049092604],[10.6773023585906,45.3381127280121]],[[10.6768285254846,45.3364889319469],[10.6760857593128,45.3355837514461]],[[10.6763519400295,45.3427356031369],[10.6764122194799,45.3422468061626],[10.6767951637695,45.341802019598],[10.6768087469382,45.3417834207032],[10.6768179930576,45.3417707603507],[10.6768009206415,45.3417446881544],[10.6770840439055,45.3413481621258],[10.6762674269397,45.3410829823111]],[[10.675993507912,45.3288797324582],[10.6755174475735,45.328429725711],[10.6753239979745,45.3281052100128],[10.6752144222163,45.3278782873895],[10.6750379921314,45.327314182345],[10.674903800411,45.3271432089425],[10.6744405593405,45.3267192660832],[10.6745154576742,45.3266673953685]],[[10.6765546431202,45.347139777025],[10.6773308599674,45.3470714294607]],[[10.6760584884851,45.3237626387975],[10.6760801744505,45.3236799141001],[10.6750210748503,45.3234462568964],[10.6742788918144,45.3225483100053],[10.6754120212814,45.3223240109864],[10.6760224365532,45.3218673055259]],[[10.6764166953718,45.3355123400807],[10.6772479045875,45.3352769846361]],[[10.6760801744505,45.3236799141001],[10.6775072867497,45.3236470490496],[10.6785376709285,45.3238986500056],[10.6791250220153,45.3239246216348],[10.678463699762,45.3238616843416],[10.6784126409942,45.3233714932377],[10.6779302941743,45.3223217522795],[10.6772356631998,45.3225588961459]],[[10.676049116849,45.3218508330597],[10.6763437094497,45.3217030198556]],[[10.6764075027588,45.3331081949426],[10.6774767609576,45.3332214011859],[10.6776883820135,45.3335270796652],[10.678565558212,45.3331579326352],[10.679829746283,45.3324014383097]],[[10.6785571293998,45.3435750928293],[10.6775902644572,45.3440803633289],[10.6770802271605,45.3445185006882],[10.6767581055246,45.3445003246271],[10.6766084711555,45.3448232150381]],[[10.6767581055246,45.3445003246271],[10.677195295419,45.3436852988019]],[[10.6763453497771,45.3290111189111],[10.675993507912,45.3288797324582],[10.6760591037728,45.3288332852141]],[[10.6763579303021,45.329022305874],[10.6762576937594,45.3290616737523]],[[10.6766438988585,45.3376044757386],[10.6790344944756,45.3386906359097],[10.681433751192,45.3400662222211],[10.6825635111862,45.3409064002812],[10.6828197718792,45.3412878193124],[10.6832341759156,45.3419046068771],[10.6834014483152,45.3421535661735],[10.6799660060445,45.3434851015109],[10.6796636849952,45.3434800939715],[10.6802284276368,45.3440310530146],[10.6816125753274,45.343431362292],[10.6820045472467,45.3437780921382]],[[10.6764612889074,45.3289869571556],[10.6769835838323,45.3288083298205],[10.6777992710012,45.3295707250865],[10.6778833113216,45.3300443937843]],[[10.676618975338,45.3313718549538],[10.676799020957,45.330726336539]],[[10.6771076231866,45.3430192483055],[10.6778083410511,45.3423362527102],[10.6780891904346,45.3424970536933],[10.6781974316502,45.3424501506755],[10.6782153767847,45.3424356967169],[10.6782349090803,45.3424199643636],[10.6782253415074,45.3423996826005],[10.6784390978937,45.3422468095647],[10.6785948781087,45.3423521809708]],[[10.6770840439055,45.3413481621258],[10.6778111092447,45.3416199880105]],[[10.6769835838323,45.3288083298205],[10.6785561058839,45.328167574936],[10.679897089516,45.3282111633557]],[[10.6770865106033,45.3254062209245],[10.6779631007185,45.3251621293122]],[[10.6773865824745,45.3336458988727],[10.6773667979952,45.3339946906463],[10.6776723554576,45.3341797991481],[10.6771065724575,45.3340515784399]],[[10.6805139503148,45.3326799313089],[10.679327232634,45.3334006197323],[10.6785581042272,45.3336120098516],[10.6773865824745,45.3336458988727],[10.6764075027588,45.3331081949426],[10.6751683607305,45.3331635316817],[10.6748141880337,45.3332195567402],[10.6746726694345,45.333241942623],[10.6742213465871,45.3333285933767],[10.6739101098301,45.3334628386169],[10.6724156650477,45.3324468504308]],[[10.6774767609576,45.3332214011859],[10.6769071423734,45.3323988308037],[10.6768900727438,45.3319615916019],[10.6780666940752,45.3317275706219],[10.6779097093254,45.3311859808895]],[[10.6773416529892,45.32719462243],[10.6782432936433,45.3272116423489],[10.6782181725132,45.327546914799]],[[10.6777490813331,45.3379298816176],[10.6782038708113,45.3374396446384],[10.6759948188452,45.3368078362885],[10.6760897087568,45.3366925555138],[10.6750085739736,45.3369131415288],[10.6741664390714,45.3367438243916]],[[10.6776723554576,45.3341797991481],[10.6784638207273,45.33454913626]],[[10.6775863524962,45.3258819493885],[10.6774370400097,45.3261772885336]],[[10.6778932548728,45.3400796750369],[10.678524780708,45.3393048013746],[10.6813107044436,45.3405669500837],[10.6802801326106,45.3419409050556],[10.6778932548728,45.3400796750369],[10.6774353515324,45.3407379703374]],[[10.6782503999005,45.3455100210373],[10.679156335428,45.3472103242933],[10.6799811775771,45.3478070871557],[10.6818014257505,45.3465183783456],[10.6786079638481,45.3450646395637],[10.6782503999005,45.3455100210373],[10.6762300050793,45.3450546219047]],[[10.6780666940752,45.3317275706219],[10.6790393088062,45.331534114433],[10.6798596230497,45.3324342205691]],[[10.6782081522696,45.3344007059506],[10.6782880746872,45.3343072831063],[10.6788593561863,45.3346352403507],[10.6784166289096,45.3353001443348]],[[10.6779302941743,45.3223217522795],[10.6778247019246,45.3220919441185],[10.6779397549056,45.3218260094093],[10.6778332379657,45.3213899203324]],[[10.6792409424921,45.3472715373004],[10.6786727671232,45.347838601388]],[[10.6794445818185,45.3433220921766],[10.6786568182796,45.3435684733488],[10.6785571293998,45.3435750928293],[10.6776263854418,45.3432139607877],[10.6763519400295,45.3427356031369],[10.6763276502899,45.3430131303811],[10.6759246367191,45.3430053021438]],[[10.6786079638481,45.3450646395637],[10.6786068882056,45.3450282540053]],[[10.678524780708,45.3393048013746],[10.6788888743394,45.3388596404129]],[[10.6782432936433,45.3272116423489],[10.6794763069781,45.3273225335898]],[[10.6790978585316,45.3410190179553],[10.6788416253572,45.3411679706636]],[[10.6789172426003,45.342873579499],[10.6803696647785,45.3420107166878],[10.6800377415951,45.3420408539646]],[[10.6788593561863,45.3346352403507],[10.6793433811818,45.3349364413171],[10.6768285254846,45.3364889319469],[10.6760897087568,45.3366925555138],[10.6763904236236,45.3363272165696]],[[10.6789695886644,45.3367320099951],[10.6793882488074,45.336345097637]],[[10.6793780375204,45.3433429048832],[10.6793154412115,45.3432943673094],[10.6793155607745,45.3432389857814],[10.6793205229219,45.3432277094114],[10.679324950498,45.3432176478388],[10.6795840377862,45.342930782165]],[[10.6792061443871,45.3378182560361],[10.6800293220814,45.3382326956516],[10.6806484480314,45.3385443947365],[10.6814828267286,45.338928947522],[10.681930964799,45.3391354829972],[10.6831111564241,45.3392937796264],[10.6843836229351,45.3396758013829]],[[10.6792464490928,45.3377862235815],[10.6782038708113,45.3374396446384],[10.6789695886644,45.3367320099951],[10.677971440291,45.3361429710563]],[[10.6792280859166,45.3256979695811],[10.679344855451,45.3258861776094],[10.6791595916322,45.3259549631401],[10.6790843925415,45.326183153564]],[[10.6791302984761,45.3239931788236],[10.6791250220153,45.3239246216348]],[[10.6802370637118,45.3528975980267],[10.6802700124836,45.3532176058044]],[[10.6795994436068,45.3298082523409],[10.680952111974,45.3292392827193],[10.6802405168384,45.3288240106337]],[[10.6809426764958,45.3304352952827],[10.6806136529182,45.3300399681565],[10.6800033796954,45.3298024782058],[10.6795994436068,45.3298082523409],[10.6791507725643,45.3299792769089]],[[10.6800293220813,45.3382326956516],[10.6800293220814,45.3382326956516],[10.6803556672277,45.3379892616795],[10.6809924056159,45.337540673083]],[[10.6802284276368,45.3440310530146],[10.6807303578292,45.3445489052681],[10.6798250830486,45.3456177780126]],[[10.6798859374857,45.3281756938081],[10.6811311362229,45.3283396931373],[10.6810738506377,45.3286231110852]],[[10.679869592862,45.3266092585442],[10.6819276942947,45.3273262764238]],[[10.6803696647785,45.3420107166878],[10.6803572479444,45.3420010348253]],[[10.6805955531248,45.3420061089679],[10.6803982488439,45.3419993361391],[10.6821086566821,45.3410502457963],[10.6822846571165,45.3413492853451],[10.6827071702996,45.3420671564016],[10.6817801757257,45.3423536571591]],[[10.6801446132638,45.3323032246884],[10.6810091486452,45.3317618830025],[10.6822678511503,45.3311848762576],[10.6821209000432,45.331036626752],[10.6828758716145,45.3307660114988],[10.682571564724,45.329808538283],[10.6818913546321,45.3297510273985],[10.6811694826681,45.3302549352472],[10.680417088849,45.330853245245],[10.6802542991059,45.3309789601483],[10.6793674238301,45.3311123902897]],[[10.679916260801,45.3237977572561],[10.6791302984761,45.3239931788236],[10.6783428207454,45.3239452291446],[10.6777641338987,45.3237702003699],[10.6761222427578,45.3237725931748]],[[10.6829990368721,45.3237633309895],[10.6810515142928,45.3235797917077],[10.6805176784326,45.3236228446527],[10.679916260801,45.3237977572561],[10.6795623248251,45.3239367603819],[10.6791086558054,45.3240332342004],[10.6780343055712,45.3239220665858],[10.6777641338987,45.3237702003699]],[[10.6799349160777,45.3238265001917],[10.6803417163147,45.3244532654677],[10.6809285241794,45.3252960813117],[10.6792280859166,45.3256979695811],[10.6788848518374,45.3251745288455]],[[10.6807364355435,45.3490979139626],[10.6827891918439,45.3480528550926],[10.6835728159741,45.3476008310179],[10.6836028416657,45.3476057512425],[10.683625458996,45.3475934129834],[10.6836554465019,45.3475770541137],[10.6837103926152,45.3475214703152],[10.6837642458627,45.3467500939322],[10.683181821386,45.345677670479],[10.6826129564691,45.3459066688305],[10.6819907521192,45.3456025633357],[10.6815530489227,45.3451898426605]],[[10.6802542991059,45.3309789601483],[10.680534233675,45.3315767562516],[10.681362773293,45.331441239875],[10.6821209000432,45.331036626752]],[[10.6807303578292,45.3445489052681],[10.6814689292176,45.3453045550078],[10.6830527177216,45.3468235515138]],[[10.6805186818895,45.3365572277915],[10.6820189988073,45.3356738601333]],[[10.6803417163147,45.3244532654677],[10.6817043477597,45.3239331025933]],[[10.6805938823691,45.3327720417187],[10.6805139503148,45.3326799313089],[10.6801075180398,45.3322653889351],[10.6791944523116,45.3313627031043],[10.677325437394,45.330680947471],[10.6773121558813,45.3298708133492],[10.6763579303021,45.329022305874],[10.6771760713939,45.3283665427852],[10.6773416529892,45.32719462243],[10.6762376778575,45.3265026680055],[10.6758623113169,45.3264422951265]],[[10.6813597886417,45.3336546221835],[10.6805938823691,45.3327720417187],[10.6816604235151,45.332602771976],[10.6816881427213,45.3322891718855]],[[10.6809676261761,45.3292008840534],[10.681518171983,45.3292927992524]],[[10.6820894532084,45.3408649755454],[10.6813107044436,45.3405669500837]],[[10.6809285241794,45.3252960813117],[10.6811820147169,45.3256650893112],[10.6810941673623,45.3262568026692],[10.6806206690124,45.326870707933]],[[10.6809285241794,45.3252960813117],[10.6816902331286,45.3250382838176]],[[10.6811311362229,45.3283396931373],[10.6811015371836,45.3280791720692]],[[10.6810101754059,45.3231367768205],[10.6817353795247,45.3232793804134]],[[10.6817680581536,45.3218250406891],[10.6819033620729,45.3225035279009],[10.6818133596415,45.3226883277099],[10.6810101754059,45.3231367768205],[10.6806819361182,45.3233924339951],[10.6803801529052,45.3235408678548],[10.6791233640639,45.3239030797898],[10.679038482835,45.3234816407656],[10.6796633082784,45.3232355606817],[10.6792425655175,45.3228120944084],[10.6787868612946,45.3219850329447],[10.6787370826502,45.321191484202],[10.6796265052494,45.3209879630064],[10.6799189510107,45.320746770123],[10.6809757751589,45.3206383186695],[10.6811208412611,45.3207569508173],[10.6815875557689,45.3207314988748],[10.6817680581536,45.3218250406891],[10.6806826336314,45.3219318560158]],[[10.6814828267286,45.338928947522],[10.6823931491972,45.3381816134867]],[[10.6818244851552,45.3423399629401],[10.6816922545826,45.3421146865576],[10.6815810186464,45.3420633848837]],[[10.6810953464762,45.3255053416724],[10.681669299284,45.3255175342697]],[[10.6813597886417,45.3336546221835],[10.6828391425378,45.3352274472075],[10.6801312756808,45.3368877327454],[10.6798850646207,45.3372786726528],[10.6792464490928,45.3377862235815],[10.6792061443871,45.3378182560361],[10.6785622459612,45.3384615022878]],[[10.6818014257505,45.3465183783456],[10.6823229910019,45.3461709492057]],[[10.6817660024332,45.3435458529931],[10.6830998699327,45.3431650034128],[10.6828539455599,45.3426256174524]],[[10.6818913546321,45.3297510273985],[10.6816183830545,45.3296698987165],[10.6814450632865,45.3290176840244]],[[10.6823048351484,45.3447993123894],[10.683181821386,45.345677670479],[10.6840467030256,45.3453031107587],[10.6838341406372,45.3448870781636]],[[10.6822846571165,45.3413492853451],[10.6828197718792,45.3412878193124],[10.6835938104398,45.3411989046048],[10.6837294048525,45.3409031908291],[10.6828916436349,45.3406925826314]],[[10.6822011616895,45.3330414904728],[10.6816604235151,45.332602771976],[10.6833388015603,45.3320508351977],[10.6839222585106,45.3320109131359],[10.6839044990224,45.3316614440938]],[[10.6822678511503,45.3311848762576],[10.682992253806,45.3309415742492]],[[10.6827071702996,45.3420671564016],[10.6832341759156,45.3419046068771],[10.6834281728971,45.341844769639],[10.6835845001053,45.3418587540174]],[[10.6825364314419,45.3359022493373],[10.6833183500022,45.3366752993716]],[[10.683094093817,45.3529869235687],[10.6848147820194,45.3529791971356]],[[10.6833983631865,45.3503747791623],[10.683094093817,45.3529869235687],[10.6821429188686,45.3529877028814]],[[10.6830635659876,45.3342141587704],[10.6830469343693,45.3339395084046],[10.6822803991938,45.3331057776425],[10.6813597886417,45.3336546221835],[10.6800905913005,45.3344614547483],[10.6793433811818,45.3349364413171],[10.6809200944874,45.3358662125867],[10.6817489224039,45.3354102794865],[10.6804915947508,45.3342814812639],[10.6801101314987,45.3344612514702],[10.6800905913005,45.3344614547483],[10.6800477798027,45.334461900108],[10.6792567902456,45.3348633925085]],[[10.6826461892761,45.333402548717],[10.6828158670902,45.3333843886242]],[[10.6828391425378,45.3352274472075],[10.6829774452107,45.3351671136158],[10.6833601107689,45.3354827846128],[10.6838877355113,45.3359180282915],[10.6857211820452,45.3380199854077],[10.6859250549876,45.3381513442568],[10.6867551125405,45.3386861544466],[10.6868043269779,45.3387612467382],[10.6860517502866,45.3390302483377],[10.6858692915185,45.3392452589372]],[[10.6830998699327,45.3431650034128],[10.6836028190689,45.3443074577581]],[[10.6830998699327,45.3431650034128],[10.6839980481524,45.3429219086128],[10.684113416371,45.3422957144987]],[[10.682926642592,45.3351892759436],[10.6832653649485,45.3355149011653],[10.6819246454499,45.3362273388569],[10.6837959829331,45.3379851319286]],[[10.6833983631865,45.3503747791623],[10.6842654566955,45.3504312791092],[10.6840758830449,45.3517636664631]],[[10.6833654339233,45.3488633918839],[10.6834840806422,45.3488935368711],[10.6835157781417,45.3488938143751],[10.6835632968108,45.348894230373],[10.6836025283558,45.3488767740749],[10.6837838175229,45.3488870061429],[10.6838895707448,45.3489714862234],[10.6844678176984,45.3489878623385],[10.6844343088476,45.349299336949],[10.6834684855036,45.349440020841],[10.6834138287738,45.3500712679286],[10.6833983631865,45.3503747791623],[10.6822975074508,45.3503910031969]],[[10.6834158847124,45.350134740802],[10.684308919694,45.3501257985497],[10.6842370987057,45.3503778707774],[10.6843558797376,45.3503783081112],[10.6844877801612,45.3495512652733]],[[10.6827519753043,45.3274823773566],[10.6846898761634,45.3274780893905],[10.6844657541104,45.327091631038],[10.6845341155866,45.3269588760698],[10.6838785431777,45.3266911894167]],[[10.6828164863435,45.328846971571],[10.6835700570036,45.3289924593156],[10.6838777688001,45.329449880183],[10.6850931906804,45.3301397538287],[10.6860864498871,45.3294407771317],[10.6857561168174,45.3293438670125]],[[10.6828758716145,45.3307660114988],[10.6829497187541,45.3309195563768],[10.6833889459829,45.3308631394328],[10.6841982761637,45.3305744258649]],[[10.6828758716145,45.3307660114988],[10.6836421797616,45.3305385457106],[10.6837719636621,45.3307039939515]],[[10.6832653649485,45.3355149011653],[10.6833601107689,45.3354827846128],[10.6839976200715,45.3352666813358],[10.6850514645745,45.336637841378],[10.685532462237,45.3377630977535]],[[10.6836318906417,45.3475171458628],[10.6837103926152,45.3475214703152],[10.684620178766,45.3475715838775],[10.6844678176984,45.3489878623385],[10.6856466654831,45.349034909945]],[[10.683880240339,45.3259533833077],[10.6831425959847,45.3258212269533],[10.683028380674,45.3261807407791]],[[10.6831585940666,45.3266247330105],[10.6844657541104,45.327091631038]],[[10.683622395153,45.3411365653255],[10.684335961062,45.3413493245075]],[[10.6836765360532,45.3394635211317],[10.6850800233171,45.3387459168892]],[[10.6831332932689,45.3211169945612],[10.6833019030421,45.3207336259231],[10.6838337201357,45.3200166607473]],[[10.6831884001205,45.3209916984962],[10.6834662695385,45.3209479655021],[10.6853839222921,45.321374878643],[10.6850719132712,45.3218068157642],[10.6847179745627,45.3217129468827],[10.6841408411356,45.3226783131794],[10.6841678245271,45.3228482287425],[10.6834835781256,45.3233468927766]],[[10.6840467030256,45.3453031107587],[10.6842687683546,45.3456175201587],[10.6845141265732,45.3456624359837],[10.6845238875434,45.345569633957]],[[10.6839980481524,45.3429219086128],[10.6854907295328,45.3428378614835],[10.6854010080661,45.34322369164],[10.6864691943292,45.3432662952775]],[[10.6845709908235,45.3529802934118],[10.6846007168253,45.3523028639891],[10.6842247865214,45.3514436020651],[10.6843558797376,45.3503783081112]],[[10.6837942404106,45.328067269059],[10.6838458570923,45.3277351709058],[10.6827387999578,45.3277081383364],[10.6827679203564,45.3272091553592]],[[10.6839222585106,45.3320109131359],[10.6839856031278,45.3320891313475],[10.6822803991938,45.3331057776425],[10.6822011616895,45.3330414904728],[10.6823890927776,45.3329678684602]],[[10.6838458570923,45.3277351709058],[10.6839205292529,45.3275885291674],[10.6839344425117,45.3277617340072]],[[10.6843645434613,45.3412908726549],[10.6851541563467,45.3414838552671]],[[10.6845141265732,45.3456624359837],[10.6852070488228,45.3456080888151],[10.6862902587849,45.345843597628]],[[10.684620178766,45.3475715838775],[10.6858179265112,45.3476375479604]],[[10.684620178766,45.3475715838775],[10.6847041155934,45.3467935907322],[10.6860360850449,45.3469768963153]],[[10.6839912146003,45.3260328748369],[10.6843891827053,45.3264264674306],[10.685669147139,45.3269556786779],[10.6858457969585,45.326547415084],[10.686753677502,45.3262243465978],[10.6872404588105,45.32679931713]],[[10.6839730510594,45.3245312874699],[10.6841558368515,45.3241817714193]],[[10.6843501360131,45.3339620512877],[10.6845305206624,45.3345544546616]],[[10.6842561042698,45.3305470212186],[10.6850931906804,45.3301397538287]],[[10.6844443875676,45.3241627819193],[10.6845823793162,45.3238020625546],[10.6825927744007,45.3230231828602],[10.6828591855954,45.3213470872684],[10.6831332932689,45.3211169945612],[10.6819575300152,45.320988778999]],[[10.6850719132712,45.3218068157642],[10.6853735698902,45.3219138416847],[10.6852246323664,45.322368145014],[10.6856998869162,45.3225562163253],[10.6853380684422,45.3230848843165],[10.6856811492947,45.3232563267934],[10.6857327063758,45.32395849604],[10.6845094135935,45.3240616350425]],[[10.6848146043517,45.3315948568759],[10.6839561143164,45.3321653022314],[10.6843501360131,45.3339620512877],[10.6829962564872,45.3342273478222],[10.6824816722948,45.3343445482792]],[[10.6848146043517,45.3315948568759],[10.6850421454687,45.3318855432479],[10.6861857694564,45.3314399500235],[10.6857961084955,45.3310122762775],[10.6848146043517,45.3315948568759]],[[10.6851702945791,45.3414439122009],[10.6855233883853,45.3415211646875],[10.6853242749206,45.3416707063592],[10.6852205087915,45.3419684974472]],[[10.6854010080661,45.34322369164],[10.6856253388135,45.3448938012415]],[[10.6847900332207,45.3211823632642],[10.6849925561534,45.3209068731222]],[[10.6855233883853,45.3415211646875],[10.6866153126419,45.3416852405321],[10.6863447385679,45.3421992919825]],[[10.6855233883853,45.3415211646875],[10.6859739269643,45.3406501681764]],[[10.6856196629118,45.3382415997934],[10.6858740282755,45.3381499020472],[10.6859020160196,45.3381592602153],[10.6859250549876,45.3381513442568],[10.6859416374128,45.3381456466975],[10.6864787810379,45.337916893222],[10.6867422439762,45.3385866244238],[10.6868125008932,45.3387141193604],[10.6868339807959,45.3387368933457],[10.6868043269779,45.3387612467382],[10.6877143156418,45.340070436843],[10.6869342654919,45.3400179112121]],[[10.6853962168892,45.3286462169569],[10.6853930956028,45.3285422347113]],[[10.6853326301494,45.3249008521965],[10.6852853741166,45.324866283601],[10.685290526529,45.3248376546432],[10.6853027986023,45.3248294473409],[10.6853204885186,45.3248176166937],[10.6853508528873,45.3248237289783],[10.6854307240645,45.3247718206016]],[[10.6853622954038,45.3248758149204],[10.6853201939197,45.3249113482823],[10.6853201939197,45.3249113482823]],[[10.6860864498871,45.3294407771317],[10.6870478827405,45.3304050127297],[10.6857961084955,45.3310122762775],[10.6850931906804,45.3301397538287]],[[10.6866153126419,45.3416852405321],[10.6879126116909,45.3419104089178],[10.6881151230881,45.3411469136808]],[[10.6867810457533,45.3387257238467],[10.6868125008932,45.3387141193604],[10.6879918305257,45.3382790293628],[10.6866042414465,45.335243317113],[10.6869950128515,45.3350774133442],[10.6880447804825,45.3352586316644],[10.6893581304082,45.3362320214025],[10.6896185836628,45.3362647691438],[10.689816054168,45.3361428924428]],[[10.6870121979249,45.3360928482963],[10.6874610590061,45.3359169343594],[10.6878448243333,45.3366066888816],[10.6882340914261,45.3370447261344],[10.6886422735278,45.3374641816122],[10.6890042555273,45.337856867951]],[[10.6869950128515,45.3350774133442],[10.6874610590061,45.3359169343594]],[[10.686753677502,45.3262243465978],[10.6870978769369,45.326089117971],[10.6876923847678,45.3267785067131]],[[10.6878163771071,45.3285388037797],[10.6878160760756,45.3278964956731],[10.6870772748424,45.3278980421107]],[[10.6870978769369,45.326089117971],[10.6873184783789,45.3256167596537],[10.687110626418,45.3254656163866],[10.6865129779883,45.3251995232865],[10.6858357838313,45.3251949654308],[10.6856827794799,45.3250927780437],[10.6853884853904,45.3248962255005],[10.6853027986023,45.3248294473409],[10.6849068287708,45.3245208538236],[10.6845338127825,45.324236200168],[10.6844443875676,45.3241627819193],[10.6829990368721,45.3237633309895],[10.6829721936414,45.3236714248038],[10.6806657802142,45.3235386812058],[10.6791250220153,45.3239246216348]],[[10.691210070348,45.3390033124296],[10.6906823537402,45.3392547551662],[10.6877143156418,45.340070436843],[10.6881414381179,45.3406490300933],[10.6897460535445,45.3408594875645],[10.6920086198851,45.3400037391584],[10.6918608161973,45.3392887709889],[10.691210070348,45.3390033124296],[10.6898149361192,45.3382278871946],[10.6895397700798,45.3378098992575]],[[10.687798489689,45.3378227442048],[10.6886422735278,45.3374641816122],[10.6892251330495,45.3372130762769]],[[10.6880455359961,45.3414816917537],[10.6889563887654,45.3416200948663]],[[10.6879918305257,45.3382790293628],[10.6882299706838,45.3388702811965]],[[10.6878736700933,45.3285354951046],[10.6878762943471,45.328638709464],[10.6884723330679,45.3286051244716]],[[10.6881271454242,45.3298814171176],[10.6897950661714,45.3303427992552],[10.6907034370065,45.3311823756951],[10.6925389677997,45.3317971672673],[10.6929598198836,45.3320107441469],[10.693359946114,45.332365308955],[10.694819297964,45.3330528840942],[10.6960962310553,45.334204114146],[10.6945863967377,45.3348643065461],[10.6937901944574,45.3336755849245],[10.6933583547558,45.333352599283],[10.6929628799612,45.3334259863547]],[[10.6885141481788,45.3332795234617],[10.6889722151762,45.3336496435874],[10.6904134814634,45.3339087958151],[10.689986715259,45.3347457234267],[10.6882627365597,45.3343907680089]],[[10.6908220532102,45.3316774120422],[10.6888532796489,45.3306605918533],[10.6882402803797,45.3315909551926],[10.6886337571084,45.3317292724151],[10.6884512854806,45.3320007639281],[10.6893924944337,45.3323569200275],[10.688927389719,45.3329676110556],[10.6885141481788,45.3332795234617],[10.6879818596251,45.3329309503537],[10.6864139471738,45.3326421488481],[10.6858336699233,45.3331883037683]],[[10.689986715259,45.3347457234267],[10.6900667557954,45.3351258776483],[10.688957748347,45.3354747070808]],[[10.6890718903822,45.3283102064634],[10.688531919173,45.3279350382678],[10.6885672315375,45.3276112509106],[10.6873483080302,45.3255528869063],[10.686488138804,45.3251165863628],[10.6856942672734,45.3250834574496],[10.6856827794799,45.3250927780437],[10.6856731976817,45.3251005522098],[10.6856007725417,45.3250937830799],[10.6853201939197,45.3249113482823],[10.6849548009813,45.3252197349105],[10.6839730510594,45.3245312874699],[10.6836832140304,45.3248235461768],[10.6833705043673,45.3249365380199],[10.6835337483556,45.3257051868592],[10.6839912146003,45.3260328748369],[10.68378392948,45.3263953102552],[10.6838785431777,45.3266911894167]],[[10.6910002373491,45.3280461551371],[10.6890718903822,45.3283102064634],[10.6884254170978,45.3285036301766],[10.6878163771071,45.3285388037797],[10.6877768148501,45.3285410884866],[10.6864687181571,45.3285449329555],[10.6863356286177,45.3286459899795],[10.6848430469436,45.328646346996],[10.6848052806289,45.3285571026375],[10.6844458275232,45.3285747922232],[10.6837942404106,45.328067269059],[10.6823189388597,45.3279094112755]],[[10.6905425179403,45.3323414462469],[10.6904201996663,45.3329389870384],[10.6899225108302,45.3337429274801]],[[10.6908220532102,45.3316774120422],[10.6905425179403,45.3323414462469],[10.6913415715575,45.3325046440719]],[[10.6908220532102,45.3316774120422],[10.6908468453168,45.3316581803476],[10.6923917447873,45.3321016053441],[10.6925989128216,45.3320794897024]],[[10.6912200064025,45.3313678262751],[10.6908468453168,45.3316581803476]],[[10.6912454691956,45.3366823564961],[10.6915389760004,45.336232363458],[10.6923713182233,45.3358668335646],[10.6938205631221,45.3364322744231],[10.6947769183896,45.3375906445316],[10.6943802774548,45.3377904427121],[10.6940288269391,45.338353153699],[10.6942571544453,45.3387652913162],[10.6932458246151,45.3382747369483],[10.6915519399889,45.3377804361685],[10.6907071228738,45.3371094956085],[10.6910600521528,45.3369666265991],[10.6912454691956,45.3366823564961],[10.6926156886362,45.3370652051819]],[[10.6915895521215,45.3391658288762],[10.6920571252342,45.3386922335168]],[[10.6932458246151,45.3382747369483],[10.6929300692485,45.3385529729331]],[[10.6936000964199,45.3356786418107],[10.6918410717734,45.3352484814031],[10.6902662917775,45.3359691070174],[10.6895325711113,45.3364630140336],[10.6900555117812,45.3368672296721],[10.690347293964,45.3372680478612],[10.6907071228738,45.3371094956085]],[[10.6942626057666,45.3327466115857],[10.6961887527648,45.3315866090696]],[[10.6944989399441,45.3400729835541],[10.6945430328235,45.3400697321824]],[[10.6943466075893,45.3349604177831],[10.6936000964199,45.3356786418107],[10.6931422098764,45.3361191666562]],[[10.6946680442803,45.331943014511],[10.6945252587947,45.3319196059492]],[[10.6952375447252,45.3321205062359],[10.6949396885653,45.3318576676976],[10.6946680442803,45.331943014511],[10.6945767658791,45.3319716926994]],[[10.6951456947006,45.3387017630879],[10.6948930343367,45.3388413352622],[10.6944989399441,45.3400729835541],[10.6939911836889,45.3400953181216]],[[10.6954349062105,45.3367600558725],[10.6954088994573,45.337276602422]],[[10.696555303498,45.3360019598957],[10.696264322099,45.3362354727422],[10.6959458845719,45.3365771679206],[10.6954349062105,45.3367600558725],[10.695105249751,45.3361708786975],[10.6945392489948,45.3356202681228]],[[10.6960962310553,45.334204114146],[10.6965736058056,45.3360100601763],[10.6955499273479,45.3355569898802],[10.6945863967377,45.3348643065461],[10.6943466075893,45.3349604177831],[10.6942280130634,45.3346533480761]],[[10.6960962310553,45.334204114146],[10.6963336848111,45.3341012462679],[10.6964805634266,45.3340631775906],[10.696574413929,45.3340461236021],[10.6967789928758,45.3340195943858],[10.6972052092693,45.3341659410755],[10.6978879795135,45.3341675353052],[10.6986988998741,45.3334429629993],[10.6988334574503,45.3334879399237],[10.6996352956744,45.3326460490484],[10.6992089677541,45.3324957981616]],[[10.6963416148502,45.3381913758249],[10.6964194345977,45.3382095380356]],[[10.6965221093989,45.3360285983244],[10.6965702036793,45.336049441307],[10.6965860589831,45.336052974556],[10.6965979131524,45.3360556161772],[10.696606446659,45.33604985845],[10.698626955497,45.3365591740787],[10.6991605887394,45.3368570351975]],[[10.6965736058056,45.3360100601763],[10.6965860589831,45.336052974556],[10.6968488121366,45.3369584210264],[10.6969132920511,45.3369722734255],[10.6959987142836,45.3388855694124]],[[10.6966336763208,45.3340384386637],[10.6985140893537,45.3350586499522],[10.6992019501012,45.3350445010143],[10.6995389590702,45.334620591471],[10.699342900214,45.3345608710952],[10.6996560464997,45.3337105924587],[10.6988334574503,45.3334879399237]],[[10.6969132920511,45.3369722734255],[10.6982037965541,45.3372495069524],[10.6987642047495,45.3375190535764]],[[10.6972516239727,45.3245865948481],[10.6973027267116,45.3245605808771]],[[10.6972516239727,45.3245865948481],[10.6973063247558,45.324570579396]],[[10.6973105178528,45.324580474178],[10.6972569239476,45.3245954455079]],[[10.6973167987667,45.3245923265536],[10.6972633777803,45.3246062230413]],[[10.6972701351845,45.3246175075167],[10.6973209861723,45.3246049566569]],[[10.6973112612249,45.3246330004157],[10.6956604864369,45.3251268942737],[10.6916678989552,45.327508169866],[10.6910002373491,45.3280461551371],[10.6881271454242,45.3298814171176],[10.6870478827405,45.3304050127297],[10.6873781181926,45.3306979541289],[10.6876652095939,45.3306467324789]],[[10.6973256011988,45.3246177297252],[10.6972766909697,45.3246284552952]],[[10.6981447525422,45.3372368231615],[10.697959967303,45.3378706498014]],[[10.6983565927863,45.3392807112505],[10.6983889701545,45.3397476955219],[10.6979204953781,45.3397209011976]],[[10.6983889701545,45.3397476955219],[10.6992135236993,45.33986008575]],[[10.6987962439331,45.3374822184511],[10.6996708078618,45.3379132964519],[10.6994120880872,45.3381275069286],[10.6991024265397,45.3384853116572],[10.6988334049358,45.3388477049625],[10.6983565927863,45.3392807112505],[10.6961880888474,45.3389259863438],[10.6959987142836,45.3388855694124],[10.6952096980116,45.3387171709841],[10.6951456947006,45.3387017630879],[10.6942342205345,45.3384823336762]],[[10.6991024265397,45.3384853116572],[10.701068651797,45.3394313189055],[10.7019770585823,45.3386144335912]],[[10.6996708078618,45.3379132964519],[10.7002504740156,45.3375956195949]],[[10.6996352956744,45.3326460490484],[10.6998209547678,45.3327294131455]]]}},{"type":"Feature","properties":{"NOME_COMPL":"Condotta PARADISO - GUIDELLI","COMUNI":"Volta Mantovana"},"geometry":{"type":"MultiLineString","coordinates":[[[10.6407270582656,45.34066378698],[10.6403481302907,45.3402076043383]],[[10.641862373934,45.3402342697958],[10.6416322565863,45.3398753359929]],[[10.6433043365551,45.3398512849383],[10.6430881078384,45.3394979655459]],[[10.6447491306734,45.3391873579148],[10.6447831123119,45.3395106553061],[10.6443908361823,45.3400025234097],[10.6443201896213,45.3405798228016],[10.6440506842151,45.3405872673561]],[[10.6443201896213,45.3405798228016],[10.6473865344628,45.3405354014376],[10.6471536688442,45.3410300587974]],[[10.6447491306734,45.3391873579148],[10.6444281734012,45.3389169087319]],[[10.6465357058946,45.3389446522536],[10.6466033926015,45.3380693031978],[10.6494793640528,45.3362047329618]],[[10.6473865344629,45.3405354014376],[10.647057847951,45.3393677736152],[10.6465357058946,45.3389446522536],[10.6450508053018,45.3390764703419],[10.6447491306734,45.3391873579148],[10.6443688419902,45.3393342450533],[10.6434160662558,45.3398206200815],[10.6433043365551,45.3398512849383],[10.641862373934,45.3402342697958],[10.6407270582656,45.34066378698],[10.6406967469692,45.3406752542293]],[[10.6474381352135,45.3405346532056],[10.6485730765258,45.3407222349205]],[[10.6485124702219,45.3350657239724],[10.6484886330675,45.3350251841893]],[[10.6490284460789,45.3336521529408],[10.6492350687744,45.3333573490189],[10.6495911848512,45.3335027567188],[10.6501980166333,45.332659190354],[10.650510241254,45.3322689870058],[10.6508375371998,45.3320378203026],[10.6508450955371,45.3318677010973]],[[10.6495185759276,45.3362712896182],[10.649546346098,45.3362533422056],[10.6495270703638,45.3362257816393],[10.6487774615993,45.335840992803],[10.6483621794516,45.3353372139039],[10.6484783170774,45.3351290884335],[10.6485124702219,45.3350657239724],[10.6485299561425,45.3350332822192],[10.6468239047724,45.3328393047965],[10.6482565634044,45.3329951276132],[10.6492350687744,45.3333573490189],[10.6497363240867,45.3327776094433]],[[10.6495335498353,45.3362557197372],[10.6495270703638,45.3362257816393]],[[10.650237901258,45.3348120901062],[10.6495508909675,45.3351257061002],[10.6490882997471,45.335037952847],[10.6485912028837,45.335180729665],[10.6485299561425,45.3350332822192],[10.6495911848512,45.3335027567188],[10.6504716854716,45.3338240768451],[10.6508749565548,45.3338397708482],[10.6509203709985,45.3340156957117],[10.650727071562,45.3340299076034]],[[10.650426606227,45.3323735106487],[10.6509167522164,45.3323255189271],[10.6508706821307,45.3316514689958]],[[10.6509203709985,45.3340156957117],[10.6511356749082,45.3348303928794],[10.650237901258,45.3348120901062],[10.650645247842,45.3352635755021],[10.6498794558982,45.3356705431039]],[[10.6509372742806,45.3320088807316],[10.6531093077311,45.331323221634],[10.6549454706742,45.331347523128],[10.6549261645357,45.3316768730924],[10.6555151055455,45.3323352126074],[10.6556719114262,45.3330405853929],[10.6571898385894,45.3331321387267],[10.6581757598972,45.3333857412848]],[[10.6515895389082,45.3354169984526],[10.6511356749082,45.3348303928794],[10.6518501027583,45.3344388007752],[10.6527863406778,45.3343755529175]],[[10.6524535462037,45.3320919664143],[10.6525020978916,45.3323417065319]],[[10.6536705147636,45.3321995699778],[10.6526968673004,45.3320826206916],[10.6524535462037,45.3320919664143],[10.6509167522164,45.3323255189271],[10.6510860195954,45.3329218043712],[10.6518056854798,45.3332492025497],[10.6541632696515,45.333808661907],[10.6545571277031,45.333013769921],[10.6542314372882,45.3326049669747],[10.6536705147636,45.3321995699778],[10.6542496508407,45.3318126051295]],[[10.6545571277031,45.333013769921],[10.6549156372316,45.3328526962981]],[[10.654888412142,45.3313453636151],[10.655884128636,45.3307190656007],[10.6558826329252,45.3302825245286]],[[10.6553138434676,45.3320876876406],[10.6577598137338,45.3318658273377],[10.6573836665974,45.3311432562801],[10.6549454706742,45.331347523128]],[[10.655884128636,45.3307190656007],[10.6562901938356,45.3304785209355],[10.6564370904498,45.3300415126253],[10.656184801864,45.329695717015],[10.6562947360602,45.3296902396217],[10.6578663261197,45.3294072827153],[10.6580463173977,45.3293503096035],[10.6578115254644,45.3289243651615],[10.6574709018472,45.32830641507],[10.656962501934,45.3280497607603]],[[10.6567255869063,45.3296126695106],[10.6564111347577,45.3289624610188]],[[10.6579948396827,45.3327040191106],[10.6577598137338,45.3318658273377],[10.6581582566599,45.3317959753076],[10.6585970532379,45.3311285500424],[10.658355035037,45.3306166189385]],[[10.6578899483074,45.3322324946252],[10.6583730523337,45.3322238504733]],[[10.6578115254644,45.3289243651615],[10.6586878721223,45.3286941225264]],[[10.6581582566599,45.3317959753076],[10.659032067133,45.3314629491794]]]}},{"type":"Feature","properties":{"NOME_COMPL":"Condotta PARADISO - SEI VIE","COMUNI":"Volta Mantovana"},"geometry":{"type":"MultiLineString","coordinates":[[[10.6610927532031,45.3147578262368],[10.6611960003141,45.3152687965445]],[[10.6612308477777,45.3169052961963],[10.6628883829436,45.316754570385],[10.6628938356863,45.3168542540342],[10.6640738380385,45.3168666405474],[10.664194364062,45.3174378676443]],[[10.662544107546,45.3153549358172],[10.662671691241,45.3153349925306]],[[10.6639770081767,45.3148989483424],[10.6647867271488,45.3147318369399],[10.6644748282881,45.3140378276639],[10.6657225523829,45.3137551309485],[10.6654166865598,45.3131689601422],[10.6640168314701,45.3135081274415]],[[10.6640448436106,45.3164596716532],[10.6640738380385,45.3168666405474]],[[10.6642657266609,45.3155517526396],[10.6643452309348,45.3157507886368],[10.6639654762019,45.3158309263059],[10.6640448436106,45.3164596716532],[10.6639152787337,45.316466443272]],[[10.6640097119337,45.3149865088938],[10.6642657266609,45.3155517526396],[10.6626558114084,45.3158144920146],[10.662544107546,45.3153549358172],[10.6604512886915,45.315813413825],[10.6610436485952,45.3169321336293],[10.6612308477777,45.3169052961963],[10.6613752118271,45.3173131358662]],[[10.6654166865598,45.3131689601422],[10.6652523455236,45.3128491144055]],[[10.6657225523829,45.3137551309485],[10.6659280842553,45.3143289005349]],[[10.665745791826,45.3137458057871],[10.6677981937071,45.3132979436714],[10.6674935932105,45.3142182226216],[10.6640097119337,45.3149865088938],[10.6637492667148,45.3148768340232],[10.6633767531725,45.3144651620642],[10.6610927532031,45.3147578262368],[10.6606717722189,45.3136118404566],[10.6596672240502,45.3136506070303],[10.6588659618173,45.3138618984788],[10.6584927367963,45.3136714868719],[10.6569291008237,45.3143567916556],[10.6576796742512,45.3152360482039]],[[10.6664582826488,45.321361281444],[10.6663205819074,45.3209584334764]],[[10.6665509600877,45.3168313808111],[10.6666494086215,45.317458388065],[10.6665605274691,45.3174596853369]],[[10.6665947174482,45.3162877273675],[10.6666924160639,45.3176049064035],[10.6675621055554,45.3175659666247]],[[10.6666494086215,45.317458388065],[10.6666797088489,45.3178360476432],[10.6665933287088,45.3178406994829]],[[10.666621043212,45.3162886552709],[10.6667540815366,45.3160560746334]],[[10.666621043212,45.3162886552709],[10.6694167530498,45.3161358527161],[10.6694428850886,45.3171728979613]],[[10.6666600502658,45.3175910253343],[10.6666792867092,45.3176046772126],[10.6666924160639,45.3176049064035],[10.6667624539274,45.3180560778897],[10.6667288504175,45.3180700241852],[10.6674816432482,45.3183178166925],[10.6668440353401,45.3193624461833]],[[10.6666797088489,45.3178360476432],[10.6667260915238,45.3180607110943],[10.6652663744808,45.3182196856815]],[[10.6667624539274,45.3180560778897],[10.6675611173722,45.3183282331641],[10.6676237541486,45.3183743691874],[10.667932795877,45.3186972593922],[10.6680601669239,45.3188117980953]],[[10.6667194188599,45.315793119962],[10.6668705325634,45.3158072068006],[10.6665947174482,45.3162877273675],[10.6665509600877,45.3168313808111],[10.6664340350414,45.316833904945]],[[10.6674985895585,45.3182973133155],[10.6675826708532,45.3183252509963],[10.6677274127493,45.318463927975],[10.6678793725319,45.3186255798127],[10.6679412135655,45.3186870660566],[10.6681287386884,45.3188735142849],[10.6684544707239,45.3191595691918],[10.6687369613357,45.3197555334209],[10.6691475012304,45.3197147544878],[10.6702717006504,45.3202107223687],[10.6712782168394,45.3209712232057],[10.6710823978943,45.3210771537575]],[[10.6674935932105,45.3142182226216],[10.6675410698647,45.3142060859606],[10.6677717642928,45.3141146491702],[10.6677632779239,45.3142038216412],[10.6688875998152,45.3138516346812],[10.6688898887861,45.3138394713],[10.6688845337928,45.3138406471251],[10.6688839772008,45.3138340996271],[10.6688836486365,45.3138302345449],[10.6689174831489,45.3136928370053],[10.6690226279223,45.3134632420314],[10.6691468208401,45.3121646717888],[10.668608124657,45.3122263820096],[10.6679247158707,45.3136429110344],[10.6678289052534,45.3137654933442],[10.6677547554674,45.3138200996948],[10.6677645185965,45.3138573576954],[10.667739606013,45.3138929019027],[10.6677228503248,45.314005303271],[10.6677116838991,45.3141384623814]],[[10.6676888585968,45.3141475093084],[10.6675720561948,45.31423908621],[10.6664639685046,45.3145008644707],[10.6668410984049,45.315553918913],[10.6667194188599,45.315793119962],[10.6666149033812,45.3160446321975]],[[10.6675720561948,45.31423908621],[10.6677517483627,45.3142066234454],[10.6677432867251,45.3143103182258],[10.6668955102612,45.315803509131]],[[10.6678142672365,45.3137863783201],[10.6677717642928,45.3141146491702],[10.6678296527363,45.3141046002613],[10.667911820761,45.3140831000745],[10.6688839772008,45.3138340996271],[10.6689596411631,45.3138147192231],[10.6700761714594,45.3135356160015],[10.6700919021698,45.3135700066636],[10.6701901647656,45.3135891422126],[10.671310963914,45.3138274185852],[10.6713400177035,45.3138335951036],[10.67355328913,45.3145670466024],[10.6726582701609,45.3152425791232]],[[10.667932795877,45.3186972593922],[10.6679370127194,45.318688950511],[10.6679412135655,45.3186870660566],[10.6679476895669,45.3186841609916],[10.6679526077556,45.3186870142913],[10.6680478492882,45.3186377629765],[10.6690816900318,45.318304745022],[10.6699347460851,45.3181690956141],[10.670143239539,45.3181022110587]],[[10.6679282033252,45.3137115672822],[10.6678289052534,45.3137654933442],[10.6677645185965,45.3138573576954]],[[10.6678424989473,45.3132788278172],[10.6681914300585,45.3126953280148],[10.6681649727701,45.3126834944715],[10.6681105059395,45.3126959016592],[10.6676052698699,45.3128109896418],[10.6675773759536,45.3127883221984],[10.667393798414,45.31240203765],[10.6675643931054,45.3116805189521],[10.6683926189532,45.3111576009628]],[[10.6681914300585,45.3126953280148],[10.6683969271936,45.31222499795]],[[10.6685456066526,45.3110942908081],[10.6684115861699,45.3109678410655]],[[10.6685622238273,45.3111084364047],[10.6688151103566,45.3113173156842],[10.6687847301372,45.3114692741621],[10.6685838770933,45.3117766838587],[10.6683501431505,45.3122171503608],[10.6681105059395,45.3126959016592],[10.6680782207661,45.3127604008901],[10.6678027725732,45.3132819165177],[10.6677168008569,45.3135997970992],[10.6678430154797,45.3137453613841]],[[10.6685702180377,45.3111040456687],[10.6685553215481,45.3111034625539]],[[10.6688785114469,45.3216797549014],[10.6674478834766,45.3214046029173],[10.6673933613964,45.3210515941792],[10.6664582826488,45.321361281444],[10.6650297252509,45.322015310684],[10.6639862107049,45.3221259117443],[10.6630170753927,45.3223883722537],[10.6629367437516,45.3225112461113]],[[10.6688817130378,45.3216549310467],[10.6688708147658,45.3215106331668],[10.6689902669409,45.3210664886702],[10.6689096257204,45.32143850645],[10.6688817130378,45.3216549310467]],[[10.6687847301372,45.3114692741621],[10.6688326382907,45.3117451048749],[10.6685418466809,45.3122146477175]],[[10.6688875186528,45.3216674423153],[10.6688286554745,45.3222468735991],[10.6695788041969,45.3222467143976]],[[10.6689902669409,45.3210664886702],[10.6703617040659,45.3214457985228],[10.670872427163,45.321901020571],[10.6707653144344,45.3222753747365]],[[10.6689902669409,45.3210664886702],[10.6693015704915,45.3207768885721],[10.6693240061311,45.3205603494856],[10.6701283491828,45.3206286460541],[10.6703253689401,45.3204607247232],[10.6702483728324,45.320215659342],[10.6694512823252,45.3198629439709]],[[10.6688875998152,45.3138516346812],[10.6690436868963,45.3147008987696],[10.6687774727895,45.3155226374311]],[[10.6688875998152,45.3138516346812],[10.6689596411631,45.3138147192231]],[[10.66898477176,45.3143283615778],[10.6701812008021,45.3142156322575]],[[10.6690772133522,45.3129840785486],[10.6703996414707,45.312753205895]],[[10.6694092612286,45.317172691958],[10.6694499303948,45.3177300189658]],[[10.6694167530498,45.3161358527161],[10.6694027796011,45.3158257079896]],[[10.6697331218119,45.3181909904842],[10.6696758298513,45.3180366436215]],[[10.6702635638345,45.3231097447513],[10.6703733432923,45.3240294919237],[10.6701585474698,45.3242305093068]],[[10.6700919021698,45.3135700066636],[10.6706709058094,45.3147961986438],[10.6708239282018,45.3159015242488],[10.6719960441595,45.31569752732]],[[10.6701478077936,45.314218778772],[10.67024987335,45.3147193525308]],[[10.670872427163,45.321901020571],[10.6715163115722,45.322338941042],[10.6714943562013,45.3224379413008]],[[10.6712782168394,45.3209712232057],[10.6714963912999,45.3212026661486],[10.6719306757855,45.321066929103],[10.6718238242243,45.3209215716975]],[[10.6715163115722,45.322338941042],[10.6718973625109,45.3225065985913]],[[10.671310963914,45.3138274185852],[10.6712698111627,45.314108000077],[10.6717994605558,45.3143633906321]],[[10.671310963914,45.3138274185852],[10.6713866350138,45.3135712306542]],[[10.6718993088094,45.3224670985481],[10.672591984556,45.3225556331971],[10.6725603996331,45.3231722904981],[10.6674909767385,45.3229767112038],[10.667258971734,45.3230151848217],[10.6673456980063,45.3234283696457],[10.6672619980432,45.3234361703938]],[[10.6719306757855,45.321066929103],[10.6724418590835,45.3209037497428],[10.6721112424412,45.3201257391359]],[[10.672736907576,45.3243243092637],[10.6721113524969,45.32474280446]],[[10.6728949391272,45.316647985047],[10.6722146139492,45.3163551523274],[10.6719835283244,45.3157380709592],[10.6722452678884,45.3163553202973],[10.6728498876081,45.3165966635329],[10.6729015724856,45.3166273293132],[10.6729539767712,45.3166509574527],[10.673062615998,45.3166999407637],[10.6734089085156,45.3168783561353],[10.6738330135198,45.3171162160943],[10.6740136181885,45.3172503203315],[10.674118094484,45.3173820783832],[10.6743243269484,45.3179698738816],[10.6743250940143,45.3179705742821],[10.6744102190699,45.318048300995],[10.6745054299728,45.3181413544272],[10.6753232437754,45.3186356863732],[10.6755494006829,45.318469472215],[10.6757511574323,45.3183546753469],[10.6759384779128,45.3182773687151],[10.67836835482,45.3177263553212],[10.6796563307068,45.3187835042367],[10.6801313246019,45.3184022671397]],[[10.6721377600868,45.3174546747776],[10.6721226528176,45.3174363937063]],[[10.6724418590835,45.3209037497428],[10.673832728697,45.3204250609746],[10.6740348520266,45.3207444489499],[10.6737826847247,45.321364340443],[10.6760224365532,45.3218673055259],[10.6773058332267,45.3207380305321],[10.6759296603915,45.319934207553],[10.6763507193627,45.319596660565],[10.6767113946745,45.3192260092958],[10.6772015944792,45.3188058275251],[10.6775817132057,45.3193316408121],[10.6780388806093,45.3194455308712],[10.6790031824815,45.3190497971641],[10.6795044900033,45.3189744459187],[10.6796563307068,45.3187835042367]],[[10.672591984556,45.3225556331971],[10.6734846781103,45.3226807039353]],[[10.6735068413109,45.3240575574545],[10.672736907576,45.3243243092637],[10.671869071487,45.3240612273739]],[[10.6728158259436,45.3169517529626],[10.6727650751529,45.3169452625681]],[[10.6728949391272,45.316647985047],[10.6729273405351,45.3166598452087],[10.672673029341,45.317325542136],[10.6714788278613,45.3175403873377],[10.6715513919938,45.3181252312935],[10.6719863305962,45.3188445647151],[10.6710288706207,45.3190847197112]],[[10.6728949391272,45.316647985047],[10.6729015724856,45.3166273293132]],[[10.6729273405351,45.3166598452087],[10.6729375003566,45.3166534435851],[10.6729468596611,45.3166552429122],[10.6729539767712,45.3166509574527],[10.6729593862836,45.3166477001965],[10.6730328719164,45.3165933506022],[10.6733205097562,45.3163671081351],[10.673602752006,45.3160566557332],[10.6739090549821,45.3160686123619]],[[10.6729336572374,45.3166558651046],[10.6740196045607,45.3172684208536],[10.6742804128307,45.3179628171125],[10.6743087880223,45.3179727382285],[10.6743250940143,45.3179705742821],[10.674345275289,45.3179678960485],[10.6743920426815,45.3179487016569],[10.6753673548242,45.3178395714033],[10.6756163208185,45.3177780985218],[10.6757645132909,45.3180233920456]],[[10.6738520058361,45.3245609345651],[10.6738054479786,45.3245888399211],[10.6735068413109,45.3240575574545],[10.67324378457,45.323649176403]],[[10.67355328913,45.3145670466024],[10.6754322283227,45.3152030477401],[10.6748767665869,45.3155726134823]],[[10.67355328913,45.3145670466024],[10.6735905940094,45.3145359722734]],[[10.6749841218154,45.3236352730262],[10.6741402339487,45.3240453696174]],[[10.6760217355775,45.3237942318759],[10.6749841218155,45.3236352730262]],[[10.6752458805437,45.3216520767142],[10.6752260016841,45.3205559362746],[10.6759780228426,45.3204440290572]],[[10.6752468619827,45.3161782629583],[10.6752978385528,45.3161958979651]],[[10.6754322283227,45.3152030477401],[10.6761658702056,45.3155269957],[10.6753265210258,45.3160689128417],[10.6752468619827,45.3161782629583],[10.6751760040867,45.3163050268256],[10.6751207801091,45.3165899224953]],[[10.6754322283227,45.3152030477401],[10.6761153387978,45.3147123786348]],[[10.6755898081661,45.3184464809674],[10.6763783168974,45.3189984560876],[10.6755227062496,45.3198620353704]],[[10.6756163208185,45.3177780985218],[10.6762974806184,45.3174766895268],[10.6770381895158,45.3173605812914]],[[10.6761658702056,45.3155269957],[10.6767222755396,45.316228890522],[10.6761515934056,45.316644492436]],[[10.6763783168974,45.3189984560876],[10.6767113946745,45.3192260092958]],[[10.67964604997,45.3187991924658],[10.6810072877291,45.3197614990998]]]}},{"type":"Feature","properties":{"NOME_COMPL":"Condotta POZZOLENGO","COMUNI":"Pozzolengo, Sirmione"},"geometry":{"type":"MultiLineString","coordinates":[[[10.5975577004078,45.4136484705024],[10.597263939192,45.4132658820628],[10.5967801391869,45.4130087360716],[10.5973333475891,45.4124437464902],[10.5972921295587,45.4094670048205]],[[10.5990785646582,45.4144802998921],[10.5981108416596,45.4146916951123]],[[10.6003063248296,45.4142082235452],[10.6003063321354,45.4142082244853]],[[10.6019986923145,45.4142725176043],[10.6018408994017,45.4133739858876],[10.600509151914,45.4136227964608],[10.600225472768,45.4137373853026],[10.6003063317128,45.4142082220249],[10.6004130072577,45.4147911773652]],[[10.6003082025932,45.4142078088001],[10.6003081864408,45.4142078123678]],[[10.6003265453725,45.412436809812],[10.6006412259455,45.4135858395724]],[[10.6001543317659,45.3954961091549],[10.6016884542429,45.3954013392279],[10.6024048868417,45.3944410417489],[10.6018144876279,45.3943050344086]],[[10.6035099245624,45.4184144568586],[10.6038646916236,45.4191282871698],[10.6009329478368,45.4197892653978],[10.6009725353915,45.4215813066407],[10.6017890387657,45.4226160068945]],[[10.6009725353915,45.4215813066407],[10.6054004267366,45.4210680704343],[10.6073977796808,45.4203939336187],[10.606320613229,45.4192314461855],[10.6057807992055,45.4186074192148],[10.6054781748822,45.4175749219621],[10.6051179605996,45.4169877304552]],[[10.6017102763056,45.4082303518653],[10.6011691545455,45.4083748828042]],[[10.6017102763056,45.4082303518653],[10.6024041512676,45.4088951253518],[10.6023419897498,45.4091197614587],[10.6022963570253,45.4099628047913],[10.6015155867226,45.4113090183835],[10.6001911434899,45.4115058531641],[10.6003265453725,45.412436809812],[10.5991576925728,45.4128695725543],[10.5975577004078,45.4136484705024],[10.5975239255721,45.4136649120829],[10.5961333998679,45.4143865632177],[10.5960329708161,45.4145921122611]],[[10.6017102763056,45.4082303518653],[10.6025850516096,45.4080489279285],[10.6022158506988,45.4073646312845],[10.6020598222851,45.4066431793329],[10.6035214240158,45.4060418208403],[10.6048599882397,45.4052400635197],[10.6042094462208,45.4049536191822],[10.6048199178873,45.4049581494858]],[[10.602140776117,45.4068569456169],[10.6049026265977,45.4064329410867],[10.6060007923094,45.4057856992954]],[[10.6022963570253,45.4099628047913],[10.6029031448082,45.4101092903951],[10.603312862876,45.4096926049649]],[[10.6023419897498,45.4091197614587],[10.6025648185927,45.4091026527654]],[[10.6024048868417,45.3944410417489],[10.602761717996,45.3945527576732]],[[10.6036101602001,45.4147673008997],[10.6054692567638,45.4153183156353],[10.6063265886509,45.4151858720314],[10.6064463767388,45.4156471276259]],[[10.6048270497336,45.4171005103528],[10.6039571076361,45.4163283875691],[10.6034696375925,45.4150628915491],[10.6036101602001,45.4147673008997],[10.6019986850094,45.4142725166643]],[[10.6031192735722,45.3919814452572],[10.6032223293521,45.3920838779904],[10.6045696619982,45.3925875804061],[10.6043330676312,45.393208553983],[10.6045806531624,45.3938921644295],[10.6052763718482,45.3942807518855],[10.6052470757157,45.394491758853]],[[10.6032223293521,45.3920838779904],[10.6054284319771,45.3907315984039],[10.6063288370286,45.3900464655272],[10.6065400037714,45.3896931469907],[10.6058806579049,45.3893661859049],[10.6046618423424,45.3883307566508],[10.6031796442034,45.3889374635634]],[[10.6043330676312,45.393208553983],[10.6036459516623,45.3936080448795]],[[10.6052470757157,45.3944917588529],[10.6056314716792,45.3949843076244],[10.6038522154076,45.3954151229953],[10.6036938754838,45.3951817122276]],[[10.6042094462208,45.4049536191822],[10.6042276229357,45.4046754754771]],[[10.6045696619982,45.3925875804061],[10.6054234781097,45.3922865528964],[10.6072477859472,45.3922138914044],[10.6071443691056,45.3916132761062]],[[10.6053221123584,45.4075693195271],[10.6025850516096,45.4080489279286]],[[10.606796816142,45.4075196534946],[10.6053221123584,45.4075693195271],[10.6053599604118,45.4077454183785]],[[10.6052763718482,45.3942807518855],[10.6064379859298,45.3937198618179],[10.6100440299787,45.393310454839],[10.6096563415255,45.3923501097243],[10.6095364048685,45.3915857262769],[10.609476362662,45.3914805853622],[10.6088203268238,45.3910888247336],[10.6065400037714,45.3896931469907],[10.6071108709545,45.3893337535908]],[[10.6051843834592,45.3864812127798],[10.6072702001548,45.3851315004737],[10.6065746839849,45.3849747836191],[10.6051852880578,45.3851412429725]],[[10.6063265886509,45.4151858720314],[10.6085081089686,45.414845611852],[10.6104693770069,45.4141783025362]],[[10.6071046184329,45.4082913952837],[10.6065948470833,45.4084323012119]],[[10.6070995841864,45.4043075854424],[10.6069040385782,45.4037549974273],[10.6067453322258,45.4037577767624]],[[10.6073977796808,45.4203939336187],[10.6077032796073,45.4206679800444],[10.6078971185517,45.4208298753939],[10.6084273690206,45.4209120582249],[10.6087583016249,45.4213810473925],[10.6095707051537,45.4220274477767]],[[10.6073984787746,45.4120821358648],[10.6080480938197,45.4120010159113],[10.6089976805493,45.4122137518597],[10.60916171564,45.412178934956],[10.6092332834392,45.41219912095],[10.6092549418029,45.4121956813797],[10.609295309427,45.4121892705749],[10.6103233298195,45.4133452824869],[10.6072039071515,45.4136436773423]],[[10.6077032796073,45.4206679800444],[10.6077854526164,45.420630597925]],[[10.6076067337725,45.4056630065181],[10.6079394367927,45.4056635035366],[10.608296969387,45.4056724504209],[10.6086839986463,45.4057881744765],[10.6086122183783,45.4058784041533],[10.6083390277498,45.4062218089345]],[[10.6072477859472,45.3922138914044],[10.6076734492066,45.3922993137104],[10.6080480164226,45.3922008440847],[10.6095364048685,45.3915857262769],[10.6110685641956,45.3918382250845],[10.6112168515112,45.3917630382838]],[[10.6079213524716,45.3874026834157],[10.6059731441846,45.3860071896109]],[[10.6071371951962,45.3868347549398],[10.6096837719287,45.3855163118373],[10.6105656962655,45.3854025186027]],[[10.6072702001548,45.3851315004737],[10.6085364906254,45.3844653599119],[10.6081023870767,45.3839796586887]],[[10.608066463173,45.4104509475645],[10.6072846231655,45.4104875308086],[10.6070142810621,45.4108963705744],[10.6070231179086,45.4113142771846]],[[10.6080023712706,45.4043840105164],[10.6082385622382,45.4043382798551]],[[10.6085004819078,45.4162414748866],[10.6088561057813,45.4168465770301],[10.609142366278,45.416790111948]],[[10.6083804955769,45.4111559803538],[10.6092486079872,45.4121274958741],[10.609295309427,45.4121892705749],[10.6099503318724,45.4120585834371]],[[10.6082393162921,45.4056710077876],[10.6082577204794,45.4058709031807],[10.608549150611,45.4058579802034],[10.6085659312073,45.4058791384337],[10.6086122183783,45.4058784041533],[10.6086626883674,45.4058776034971],[10.6092250057033,45.4058258352181]],[[10.6083314490524,45.4049450919186],[10.6082820174226,45.4049486187055],[10.6075078845065,45.4057675781014],[10.6065502066263,45.4057955717398],[10.6067784369185,45.407472802483],[10.607062235007,45.4081962310808],[10.608066463173,45.4104509475645],[10.6083804955769,45.4111559803537]],[[10.6079213524716,45.3874026834157],[10.6083741263538,45.387129203987],[10.610264667199,45.3868803526433],[10.6108232015168,45.3864826369254],[10.6127631471812,45.3862213520819],[10.612769644952,45.3859289759462],[10.6125889330062,45.3859314337009]],[[10.6089227528316,45.4134188389816],[10.6089132074142,45.4133652827264]],[[10.6089810006305,45.4118280174649],[10.6089976805493,45.4122137518597]],[[10.6092486079872,45.4121274958741],[10.6092549418029,45.4121956813797]],[[10.6099255771811,45.4129541843637],[10.6093294285218,45.4129975399521],[10.6092549418029,45.4121956813797]],[[10.6085364906254,45.3844653599119],[10.6123177654773,45.3836894616957],[10.6135419221164,45.3837872949588],[10.6143494655499,45.3839940865124],[10.6149055427587,45.3845049254626],[10.6149316232556,45.385420676799],[10.6150247123483,45.3861639514582],[10.6141539482433,45.3862404182932]],[[10.6102249398705,45.4157902537805],[10.6100789376937,45.4148605046903]],[[10.6095239128858,45.3889400754256],[10.6104009082567,45.388536667629]],[[10.6096563415255,45.3923501097243],[10.6103047983448,45.3922206034342],[10.6104961105143,45.393265812596],[10.6105057085624,45.393340346896]],[[10.6104693770069,45.4141783025362],[10.6107677106534,45.4140685701801]],[[10.6105329032867,45.413334274467],[10.6105792142309,45.4133727935024],[10.6110400075251,45.4133074810307]],[[10.6105936908209,45.41333128647],[10.6105552214062,45.4133331021664],[10.6103233298195,45.4133452824869],[10.6110574292578,45.4140296905832],[10.6107551783074,45.4140429820058]],[[10.6100440299787,45.393310454839],[10.6101186440568,45.3933019392657],[10.6104961105143,45.393265812596],[10.6110966473743,45.3932083335787],[10.6120264090987,45.3931467818629]],[[10.6110533329329,45.4154819034984],[10.6107770612704,45.4141148406763]],[[10.6110533329329,45.4154819034984],[10.6125901173271,45.4152276318341],[10.6137595459957,45.4161380934356],[10.6136694929962,45.4161608234197]],[[10.6113308953433,45.4248144667558],[10.6113925825972,45.425044162397],[10.611810148531,45.4257159804267],[10.6095445060197,45.4257510176012]],[[10.6110574292578,45.4140296905832],[10.6125901173271,45.4152276318341],[10.6154202901191,45.4153349406809]],[[10.6113925825972,45.425044162397],[10.6131251176029,45.424835741354]],[[10.6115056103902,45.4174524765809],[10.6112449883402,45.4164352078297],[10.6110533329329,45.4154819034984],[10.6108846559383,45.4156176239485],[10.6102249398705,45.4157902537805],[10.6085004819078,45.4162414748866],[10.6064729600999,45.4167719533014],[10.6055732329081,45.4168103859206],[10.6048270497336,45.4171005103528],[10.6044470004468,45.417328193484],[10.6031299607308,45.4176158396438],[10.6035051699957,45.4184044637469]],[[10.6112377774996,45.4163974540667],[10.6126187425365,45.416108217162]],[[10.611810148531,45.4257159804267],[10.6121451923202,45.4264752826306],[10.6147022207216,45.4262610010181]],[[10.6109003387937,45.3901249440162],[10.6108472388652,45.3900575989154],[10.6104114827339,45.3895049348937],[10.60966278605,45.3891169898808],[10.6079213524716,45.3874026834157],[10.6068710991959,45.387972922506]],[[10.6108472388652,45.3900575989154],[10.6110168383375,45.3900851896063],[10.6099502117048,45.3904491597672],[10.6088203268238,45.3910888247336]],[[10.612769644952,45.3859289759462],[10.6127916512496,45.3849387638021],[10.6134238999282,45.3849450436159]],[[10.6127916512496,45.3849387638021],[10.6130068916995,45.3837445375715]],[[10.6142393154649,45.4170798767143],[10.6137103199099,45.4165137149348]],[[10.6129572088077,45.3889591736808],[10.6131240380431,45.3892877802134],[10.6110168383375,45.3900851896063],[10.6116157943843,45.3911354639042],[10.6134638866386,45.3911405535367]],[[10.6137595459957,45.4161380934356],[10.6145435097593,45.4173373098224],[10.6143494109007,45.4171132300546],[10.6142393154649,45.4170798767143],[10.6134510728031,45.4168410748308],[10.6122512299428,45.4173535003576],[10.6115056103902,45.4174524765809],[10.6114390868963,45.4174613068963],[10.6105907731859,45.4175735501829],[10.6092388456714,45.417844281665],[10.6070715672447,45.4190948215748],[10.606320613229,45.4192314461855]],[[10.6144915372209,45.417316070825],[10.614615243481,45.4175895241224],[10.6143411023504,45.4191014714237]],[[10.614595376592,45.4192103928627],[10.6156483676264,45.4191645654722]],[[10.6145435097593,45.4173373098224],[10.6146754390451,45.4175216162769],[10.6151344158563,45.4176042449082],[10.6147061362658,45.4187071062793],[10.6145874945386,45.4192462082062],[10.6145052256343,45.419624879212],[10.6144326249575,45.4199509818102],[10.6139237954353,45.4206450287458]],[[10.6150518598537,45.4175529603051],[10.6180675173617,45.4178040236816],[10.6178782243589,45.4184038245334],[10.6173455560762,45.4183747516759]],[[10.6150732304972,45.41750149103],[10.6158760871477,45.4170633552262],[10.6162513834376,45.4158369687222],[10.6167751700337,45.4147710167039]],[[10.6144344054258,45.3886914058574],[10.6144867276603,45.3885532334894]],[[10.6146172326787,45.3887342138595],[10.6131240380431,45.3892877802134],[10.6135766258032,45.3900474141146]],[[10.615639968614,45.4236408622543],[10.6160344390682,45.4244706239733],[10.6153250160076,45.4246589286809]],[[10.615144166374,45.4050653528891],[10.6166927219153,45.4049613009239]],[[10.6150094888322,45.3988852026203],[10.6151706033176,45.3988975806338],[10.6151869001688,45.3985095859707],[10.6154261970642,45.3980331023904],[10.6154805480612,45.3975291661225],[10.6152413748602,45.3975115880795]],[[10.6149316232556,45.385420676799],[10.6158144126552,45.3852969163592]],[[10.616064513368,45.4244738178273],[10.6160344390682,45.4244706239733]],[[10.6151373442075,45.3901785493351],[10.6152952276445,45.390331276737],[10.6160445066865,45.3904142365408],[10.6167349482285,45.3903255211349]],[[10.6150247123483,45.3861639514582],[10.6149958081752,45.3868972561997],[10.6158441621156,45.3871581416979],[10.6170726881324,45.3875578780327],[10.6176230139826,45.3880373812819],[10.616951496573,45.3886845187008],[10.6168754930412,45.3886697649419],[10.6168025763117,45.3887253942394],[10.6167232035016,45.3887859488052],[10.6151373442075,45.3901785493351],[10.6149567392057,45.3901021614717]],[[10.6160172914069,45.4205270777371],[10.6165006072344,45.4209288620306],[10.6161607931538,45.4211867669098]],[[10.6230309897418,45.3956011800768],[10.62130011097,45.3955858974186],[10.6200097188992,45.3969072051037],[10.6190640142137,45.3972979323984],[10.6154805480612,45.3975291661225]],[[10.6165006072344,45.4209288620306],[10.61676681479,45.4206849214724]],[[10.6158441621156,45.3871581416979],[10.6159940653264,45.3876104466628]],[[10.6175271806432,45.4239987048746],[10.6179635985189,45.4239740441181]],[[10.6176201804985,45.4244764975085],[10.6175444055359,45.4240871995104],[10.6160644988157,45.4244738162818]],[[10.6175445626839,45.4240871891318],[10.6175444055359,45.4240871995104],[10.6175271806432,45.4239987048746],[10.6174635476905,45.423671781508]],[[10.6177057964104,45.4189372119973],[10.6180986988561,45.4193288246933]],[[10.6178782243589,45.4184038245334],[10.6177057964104,45.4189372119973],[10.6168139536509,45.4199192454753],[10.6160172914069,45.4205270777371],[10.6145086931146,45.4212343000895],[10.615639968614,45.4236408622543],[10.6117797388873,45.4241000469886],[10.6113308953433,45.4248144667558],[10.6103429553362,45.4249845323344]],[[10.616951496573,45.3886845187008],[10.6169064182106,45.3887279597938]],[[10.6201964984216,45.3847769340365],[10.616827247885,45.3858920515676]],[[10.6170726881324,45.3875578780327],[10.61896156214,45.3867778599173],[10.6201578843401,45.3864373269329],[10.6197677476502,45.3856935538083]],[[10.6180528578992,45.4178508332507],[10.6181161591185,45.4178552478462],[10.6181295506775,45.4178091872971],[10.6181398848682,45.4177736425806],[10.6181197828321,45.4177214957669],[10.6176506773446,45.4174581189402]],[[10.6180675173617,45.4178040236816],[10.6181295506775,45.4178091872971],[10.6207803296129,45.418029804075],[10.6209402432844,45.4189744201456],[10.6212761385416,45.4197849638543],[10.6203833343829,45.4199365798603],[10.6193294703508,45.4204443864632],[10.6181525716219,45.4205554463568]],[[10.6181197828321,45.4177214957669],[10.6198660970767,45.4173480667047]],[[10.6176230139826,45.3880373812819],[10.6198506465576,45.387108309064]],[[10.6183075570798,45.4009593253003],[10.6182579730972,45.4009506371939]],[[10.6183075570798,45.4009593253003],[10.6185682177371,45.4010049978653],[10.6183913776042,45.4020328675722],[10.6185029480862,45.4024617215404],[10.6183932936313,45.4024808215097]],[[10.6183075570798,45.4009593253003],[10.6191165766131,45.4002196878146]],[[10.6185029480862,45.4024617215404],[10.6185156253537,45.4026142137579],[10.6188003740873,45.4025049211316]],[[10.6186609391263,45.4049982639786],[10.6182356983868,45.4052385647684],[10.6171965811932,45.4051882935061],[10.615144166374,45.4050653528891],[10.610525317571,45.4047885445403],[10.6083314490524,45.4049450919186],[10.6080023712706,45.4043840105164],[10.6070995841864,45.4043075854424],[10.6070690722268,45.4045439578094],[10.6061961042433,45.4045129837331]],[[10.6192093998346,45.4234058542748],[10.6195120128338,45.4234756226473]],[[10.6191727550469,45.420459175872],[10.6195032072649,45.422187949498],[10.6196021126861,45.422567355597],[10.6196365822133,45.4226995811256],[10.6191713287718,45.423268853542],[10.6193317126124,45.4244031240703],[10.6176201976419,45.4244764967078]],[[10.6188103149707,45.4049877137936],[10.6186903008391,45.4041862146347]],[[10.6187617044656,45.4024543343742],[10.6195297940764,45.4021077886386]],[[10.6188479229827,45.4049850575665],[10.6201446429393,45.4048934634435],[10.6204109562371,45.4051956764138]],[[10.6188739849297,45.405057860287],[10.6191794519155,45.405394396527],[10.6195501596841,45.4062416339992],[10.6204923754272,45.4071371091659]],[[10.6196465181889,45.4225670345491],[10.6196021126861,45.422567355597],[10.6195485485964,45.4225708056358]],[[10.6211350054943,45.3954537433125],[10.6206398838246,45.3950574316649],[10.6201027048441,45.3927826259265],[10.6196017233188,45.3917732662316],[10.6188024103369,45.3908790210144]],[[10.6196783822275,45.4183976442916],[10.6198527882476,45.418736303902]],[[10.620772050486,45.4180737529343],[10.6196783822275,45.4183976442916],[10.6194664000905,45.4179815252059]],[[10.6195501596841,45.4062416339992],[10.6198083255619,45.4070121527021],[10.6201315899897,45.4073678470905]],[[10.6194837197007,45.4020586182917],[10.6204000443434,45.4016158926158]],[[10.619305974876,45.3888824308856],[10.6192837327489,45.3890249609846]],[[10.6193807954098,45.3887890646016],[10.6192677963696,45.3889300725554],[10.6179199302518,45.3893906693173],[10.6183542514073,45.390117897727]],[[10.6201446429393,45.4048934634435],[10.6211846685539,45.4048199901502],[10.6219327345659,45.4055679723499],[10.6225339328607,45.4067028707882],[10.622863769673,45.4071730690816],[10.6230515874105,45.4072871313213],[10.6233045352655,45.4079005147779],[10.6233374204386,45.4079802583033],[10.6228480481536,45.4081132560348],[10.6234338420068,45.4089292044831],[10.6226989684192,45.4097037105019],[10.6230584129383,45.4101549163538]],[[10.620847368687,45.4220536261249],[10.6208096951917,45.4227281256472],[10.6204307822884,45.4230166338325]],[[10.6208096951917,45.4227281256472],[10.6209919620584,45.4227229169247]],[[10.6198522013425,45.3891348873639],[10.6200674717302,45.3893819755066],[10.6208416091509,45.3902705116533],[10.6202515035932,45.3905886320752],[10.6196380498942,45.3899708730052]],[[10.6200418769554,45.3890015752025],[10.6198522013425,45.3891348873639],[10.6193817648859,45.3887890885323],[10.6168025763117,45.3887253942394],[10.6158976262569,45.3887030322149],[10.6146172326787,45.3887342138595],[10.6144601866566,45.3886867323653],[10.6144344054258,45.3886914058574],[10.6129572088077,45.3889591736808],[10.6126359131523,45.3873887653352],[10.6129034189358,45.3866793800615],[10.6127631471812,45.3862213520819]],[[10.6199215550195,45.3891945319029],[10.6201836160054,45.3889188226566],[10.6202802043293,45.3889050319483],[10.6203121661234,45.3889093016155],[10.6203506551285,45.3889144432178],[10.6203625870697,45.3889442053158],[10.620624613528,45.3889576215521]],[[10.6207803296129,45.418029804075],[10.6207803296129,45.418029804075],[10.6227404334296,45.4181928971499],[10.6227777333564,45.4181960004043]],[[10.6203638295277,45.4015821901316],[10.6206264800063,45.4014481587687],[10.6205188313665,45.4021016567586],[10.6208005464165,45.4031475117945],[10.6219935495358,45.4028134430697]],[[10.6200431071193,45.3894358096293],[10.6200655389781,45.3893820597416],[10.6200674717302,45.3893819755066],[10.6200854607496,45.3893811914908],[10.6201023381971,45.3893610411498],[10.6201452927458,45.3890402567438]],[[10.6200418769554,45.3890015752025],[10.6201836160054,45.3889188226566]],[[10.6224353171942,45.4238833797765],[10.6232323082676,45.424918707088],[10.6231325521606,45.4250026728621],[10.6216153970232,45.4254698958709],[10.6198179805051,45.4254534606308],[10.6192295115905,45.4255703592105],[10.6193476236872,45.4259974582774]],[[10.6212299128058,45.4254735946455],[10.6214209803451,45.4259804662067]],[[10.6202515035932,45.3905886320752],[10.620860929725,45.3912666261985],[10.621408218093,45.3922178579573]],[[10.6201578843401,45.3864373269329],[10.6217339124984,45.3862200361259],[10.6215014100512,45.3851855496959],[10.6213509907635,45.38510045919]],[[10.6206264800063,45.4014481587687],[10.6215174885888,45.4010437134582],[10.6216222776928,45.4015429674072],[10.6225777309983,45.4016339264224],[10.6230068337821,45.4022952841214],[10.623473644326,45.4030147392678],[10.6240876915097,45.402754119074]],[[10.6215406096227,45.4292654432534],[10.6217721247818,45.4306338051991],[10.6220640173529,45.4307812636861],[10.6221209627035,45.4311276703566],[10.6216103458181,45.4311930642944]],[[10.6252100240567,45.4276574610957],[10.6246858865698,45.4278206500557],[10.6242739459978,45.4282273204025],[10.6224054712207,45.4290834657656],[10.6215827013262,45.4292442908726],[10.6211685209374,45.4294524279574]],[[10.6206849889283,45.3987126270309],[10.621136040264,45.399127472063]],[[10.6221047093032,45.4211434519941],[10.6214214394908,45.4209103316679]],[[10.6210881177692,45.3895163298386],[10.620624613528,45.3889576215521]],[[10.6211768094531,45.388375447323],[10.620624613528,45.3889576215521]],[[10.6218953618054,45.4273270211531],[10.6217190784285,45.4268917210499]],[[10.6211846685539,45.4048199901502],[10.6218511713797,45.4044784503],[10.6221983973897,45.4049339058347]],[[10.62090638032,45.3902807896252],[10.6214909858459,45.3910158243597],[10.6202375346233,45.3894424197286],[10.6201632135066,45.3890208468561],[10.620284304265,45.3889292838095],[10.6203121661234,45.3889093016155],[10.6210121262415,45.3884072917455],[10.6213501169911,45.3881832093155],[10.6217798552879,45.3879753656094],[10.6226722378827,45.3878398892423],[10.624027013419,45.3877680015818],[10.6251607017437,45.3879448426132],[10.6273565070568,45.3885509565057],[10.6273537204598,45.3891766864548],[10.6290364076576,45.3892950800289],[10.6290515513961,45.3897916486049],[10.6289215740491,45.3906899948295],[10.6287500145268,45.3915683459343],[10.6286397755233,45.3921327344902],[10.6285756330098,45.3926046414039],[10.6286781835026,45.3936656397859],[10.6286404309889,45.3938922841819],[10.6283872859658,45.3946193567541],[10.6268693544961,45.3942488834464],[10.6249882058872,45.3939949850538],[10.6245525205927,45.3939803928103],[10.6239490104579,45.3940305597507],[10.6232400715962,45.3941741259204],[10.623255545272,45.3948868748275],[10.6229507442626,45.395856434549],[10.6229507441874,45.3958564370912]],[[10.6221209627035,45.4311276703566],[10.6224310583393,45.4322162168091],[10.6228564621582,45.4324079652228],[10.6248985208889,45.4323728510067],[10.6248911750056,45.4322620059387]],[[10.6209641839585,45.3902647880661],[10.6217053092781,45.3900596218176],[10.6216296928762,45.3897371300629]],[[10.62130011097,45.3955858974186],[10.6211350054943,45.3954537433125],[10.6204977615456,45.3955819822752],[10.6187836665248,45.3950406614778]],[[10.6212509774467,45.3980890525263],[10.6182579730972,45.4009506371939],[10.6183741165193,45.4036465973326],[10.6186609391263,45.4049982639786],[10.6188103149707,45.4049877137936],[10.6188739849297,45.405057860287],[10.6183380592765,45.4054467628119],[10.6186948770871,45.4061597816935]],[[10.6228388680684,45.3968362514824],[10.6222013872454,45.3972110320215],[10.6212509774467,45.3980890525263],[10.6214621805662,45.3981574617454],[10.6204748199179,45.3988627526835]],[[10.6214621805662,45.3981574617454],[10.6218257105272,45.3983194867422]],[[10.6214621805662,45.3981574617454],[10.6222479289521,45.3973025918068]],[[10.6216222776928,45.4015429674072],[10.6216980465694,45.4007241418881]],[[10.6224266201476,45.4211568907112],[10.6219372370614,45.4214770973452],[10.6219628468806,45.422272293655]],[[10.6222994674424,45.4211510749344],[10.6221047093032,45.4211434519941],[10.6217842797034,45.4214586605997],[10.6211373098148,45.4216484084545],[10.620847368687,45.4220536261249],[10.6204389262107,45.4219026740288],[10.6198938200003,45.421294008576]],[[10.6218511713797,45.4044784503],[10.6222318697071,45.4042833633171],[10.6220900133883,45.4039544280922]],[[10.6215014100512,45.3851855496959],[10.6215869398145,45.3844667996303],[10.6201964984216,45.3847769340365],[10.6200244046104,45.3841751261034],[10.6177407944508,45.3842152973848],[10.6149055427587,45.3845049254626]],[[10.6217053092781,45.3900596218176],[10.6222575275579,45.3907963687707]],[[10.6217053092781,45.3900596218176],[10.6235589062606,45.3896785300985],[10.6235310578497,45.388899249803]],[[10.6227989408693,45.4232238293314],[10.6221298963375,45.4232608616774],[10.6224353171942,45.4238833797765],[10.620793153973,45.4242897293041],[10.6194039984036,45.424392268074]],[[10.6226076720431,45.4181818516547],[10.6227619502136,45.4179742699925],[10.6231362978476,45.4180475971632],[10.6232507590953,45.4182315105367],[10.6336208045987,45.4189124237696],[10.6334590127351,45.4178655089922]],[[10.6222318697071,45.4042833633171],[10.6239229973859,45.4058887021067]],[[10.6217339124984,45.3862200361259],[10.622896449532,45.3862464022238],[10.6239955285711,45.386375016937],[10.6265176870206,45.3867406531828],[10.6277673261297,45.3869099691371],[10.627748814449,45.38579406817],[10.6271720265075,45.3847159389566],[10.6261175070833,45.3842111759173],[10.6250187753946,45.384273185267],[10.6220790574448,45.3844390421658],[10.6215869398145,45.3844667996303]],[[10.6227403940641,45.4181927028079],[10.6227404334296,45.4181928971499],[10.6231470176848,45.4202000689393],[10.6232359273043,45.4211521734412],[10.6235443604375,45.4227807632871],[10.6235512453674,45.4228123408266],[10.6236310258013,45.4231782487893],[10.6237082669768,45.4237177787263],[10.6240447346051,45.4246975454857],[10.6248089363445,45.4267917976687],[10.6229589157534,45.4267640005844],[10.622657080438,45.427274254716],[10.6218953618054,45.4273270211531],[10.6186409826115,45.4282080910345]],[[10.6220044357865,45.3916483120845],[10.6226919236324,45.3914032586574],[10.6238572948889,45.3912190080491],[10.6247420500346,45.3915397345029],[10.6274389220679,45.3915438764791],[10.6273158176568,45.3904183611617]],[[10.6227777333564,45.4181960004043],[10.6232507590953,45.4182315105367],[10.6233728375507,45.419027328301]],[[10.6220994823784,45.3935688872434],[10.6225582774477,45.3946487171697]],[[10.6225339328607,45.4067028707882],[10.6226122335988,45.4066752283023]],[[10.6220790574448,45.3844390421658],[10.6220115239261,45.3841274980026],[10.6236032679416,45.3833496865383],[10.623837016488,45.3837377043032]],[[10.6235565618375,45.4338538160598],[10.6236336339562,45.4345791881332]],[[10.622863769673,45.4071730690816],[10.6229383820485,45.4071481317822]],[[10.6235103133573,45.4227812486586],[10.6235210807954,45.4228132882478],[10.6235512453674,45.4228123408266],[10.6236354532979,45.4228096959472],[10.6241299356371,45.4227611257594],[10.624141192339,45.4231618529621]],[[10.6235443604375,45.4227807632871],[10.6230541739997,45.4227877503525],[10.6227329550248,45.4231838048297]],[[10.6230068337821,45.4022952841214],[10.6234050276209,45.4021407737243]],[[10.6233045352655,45.4079005147779],[10.6238788113486,45.4077434438036]],[[10.6233374204386,45.4079802583033],[10.6240146179516,45.4078212982363],[10.6272047269891,45.4075725553612]],[[10.6237211291024,45.4209813392172],[10.6250655397028,45.4209727888106],[10.6250883997201,45.4217694242912],[10.6258635109215,45.4217968409516]],[[10.6232400715962,45.3941741259204],[10.6230603720339,45.3934971091347],[10.62303208064,45.3934144646463],[10.6229689730306,45.393230114502],[10.6215055137614,45.3910324982921]],[[10.6230692234072,45.3934969833261],[10.6231349516977,45.3934034363937],[10.62303208064,45.3934144646463],[10.6228554708556,45.3934333978053],[10.6220994823784,45.3935688872434],[10.621832105294,45.3929905271495]],[[10.6240381788629,45.42466951358],[10.6262910304225,45.4242437915499],[10.6270184227882,45.4245095698948],[10.6294122321612,45.4245523378786],[10.6306530837558,45.4240312822152],[10.6327522399802,45.4238404973414],[10.6331329739704,45.4230577542239],[10.6315310299033,45.4225012836408],[10.6317749675171,45.4215356777679],[10.6312806788368,45.4214352550074],[10.6296240512757,45.4223397596133],[10.6285239605634,45.4225152080291]],[[10.6231703159093,45.3934822140372],[10.6233500375523,45.3934559570449],[10.6229325139962,45.3923450883119]],[[10.6241299356371,45.4227611257594],[10.6253037238799,45.4227286168493]],[[10.6233500375523,45.3934559570449],[10.6254767833993,45.3932583718587],[10.6254615867945,45.3923853512796]],[[10.6245453939995,45.4337977064562],[10.6253349042496,45.4334655760831],[10.6255815898519,45.434064833104]],[[10.6235589062606,45.3896785300985],[10.625335269942,45.3895454561561],[10.6254904055348,45.3906646310072],[10.6245784941776,45.3905060794508]],[[10.6237920718671,45.3953937753588],[10.6246898054736,45.39539035459]],[[10.623792084291,45.3953810396297],[10.6237743452767,45.3959763324782],[10.623911924328,45.3966324351272],[10.6241278968722,45.3971443474958],[10.6243387705112,45.397908589967],[10.6248458867582,45.3978254871806],[10.6251966057789,45.3984117618742]],[[10.6248985208889,45.4323728510067],[10.6252203706937,45.4323462390853],[10.6253988521406,45.4320465361727],[10.6269201665933,45.4319160384019],[10.6269175070798,45.4316694341957],[10.6271055034172,45.431574026309],[10.6278812063766,45.4315630719558],[10.6289558696312,45.4315478870215],[10.6291535332339,45.4316330595251],[10.6292060697796,45.4321606026785],[10.6295522873309,45.4320807677964]],[[10.6248044941774,45.4267793538946],[10.6248207349235,45.4267750479215],[10.6248418913922,45.4268649373951],[10.6252690392511,45.4275918225894],[10.6252896496203,45.4276268950976],[10.6259610643923,45.4287694099196]],[[10.6248207349235,45.4267750479215],[10.6246716047669,45.4263008856373],[10.6266736663663,45.4256641777539],[10.6276663722301,45.4260065673793],[10.6291082436413,45.425698834344],[10.6295695490663,45.4257487734293]],[[10.6250187753946,45.384273185267],[10.6250302513027,45.3847083206103],[10.6236518921401,45.3852581075961]],[[10.6236032679416,45.3833496865383],[10.6247175548593,45.3828051605126]],[[10.6240284438034,45.3971538169921],[10.6241278968722,45.3971443474958]],[[10.6253349042496,45.4334655760831],[10.6253353619314,45.4333570043213],[10.6235368584395,45.4334303629921],[10.6235565618375,45.4338538160598],[10.6228133275836,45.4338761290573]],[[10.6252100240567,45.4276574610957],[10.6252077959453,45.4276151529599],[10.6252690392511,45.4275918225894],[10.6253026105607,45.4275790337234],[10.6256561838264,45.4275000827492],[10.6257047477838,45.4275714480002]],[[10.6252100240567,45.4276574610957],[10.6252896496203,45.4276268950976],[10.625289771257,45.4276268484046]],[[10.6243456799448,45.3951172533236],[10.6243359438758,45.395381691903]],[[10.624384893999,45.393994428914],[10.6243456799448,45.3951172533236],[10.6237627542094,45.3951226425645]],[[10.6256561838264,45.4275000827492],[10.6264890756317,45.4271777940115],[10.6276232941197,45.4270157544398]],[[10.6252411145665,45.4057024040421],[10.6254696200312,45.4058456535381],[10.6262360440364,45.4057024411612],[10.6274064218591,45.4057140662107],[10.6276344584305,45.4065139042776],[10.6292403127383,45.4062762408606]],[[10.6310042558419,45.4269686397272],[10.6296631871383,45.4274596745533],[10.6277452931572,45.4279169676131],[10.6259610643923,45.4287694099196],[10.6265416113749,45.4292784671017]],[[10.6251973542672,45.3984218202383],[10.6258376038802,45.3981095974407],[10.6276048193789,45.3976976363033],[10.6281652005907,45.3963027920189]],[[10.6259401726381,45.4067229546093],[10.6259685129477,45.4065628175334],[10.6254696200312,45.4058456535381]],[[10.6264432047474,45.4319224433579],[10.6264434574693,45.4318323012133]],[[10.6259401726381,45.4067229546093],[10.6257744082242,45.4076595904394]],[[10.6257909070243,45.4075663668548],[10.6261670550679,45.4075389616463]],[[10.625335269942,45.3895454561561],[10.6273537204598,45.3891766864548]],[[10.6254767833993,45.3932583718587],[10.6263404446065,45.3931906311085]],[[10.626541611375,45.4292784671017],[10.6281279597149,45.430380375809],[10.629703471986,45.4299599269991],[10.6300667126568,45.4301377794149],[10.6304801120422,45.4304160328004],[10.6311334237373,45.4320741470074],[10.6313356937811,45.4321366226669],[10.6314493649657,45.4321345161164],[10.6346534636386,45.4320456915772],[10.6346515358684,45.4319004969437]],[[10.6259401726381,45.4067229546093],[10.6262698247495,45.406592370193]],[[10.6263668543936,45.4184653862073],[10.6264166049953,45.4186251374424],[10.6257039513047,45.4185998939024]],[[10.6264166049953,45.4186251374424],[10.626840122616,45.4196332929035],[10.6240972726707,45.41981852517]],[[10.6271055034172,45.431574026309],[10.6271058535326,45.43148808952]],[[10.626840122616,45.4196332929035],[10.6272512630014,45.4204998028982],[10.6268652338591,45.420711188903],[10.6273334785493,45.4215472640084],[10.6270304503624,45.4216249862288]],[[10.6271791871147,45.4297192791461],[10.6284209310793,45.4290664986165],[10.6294088744362,45.4299215727187],[10.6296186815274,45.4298561710679],[10.6294994071501,45.4292467853864],[10.6301525201129,45.4290240983086]],[[10.6273041617868,45.4230751774068],[10.627259569602,45.423520232369]],[[10.6272512630014,45.4204998028982],[10.6280189247703,45.4202686483125],[10.6280211081932,45.4196971122618],[10.6290321230887,45.4199029069985]],[[10.6264352283529,45.3867285792079],[10.6264691566744,45.3862083969659]],[[10.6280540155775,45.4278330433744],[10.627628178294,45.427015860075]],[[10.6278812063766,45.4315630719558],[10.6278815553146,45.4314771351805]],[[10.6278684847397,45.4226531742146],[10.6285239678589,45.4225152089668]],[[10.628119248922,45.3957880118162],[10.6273476717645,45.395777189522]],[[10.6274389220679,45.3915438764791],[10.6287500145268,45.3915683459343]],[[10.6273565070568,45.3885509565057],[10.627789570203,45.3881705393936]],[[10.6286973256689,45.4315515411582],[10.6286976733683,45.4314656043975]],[[10.6277673261297,45.3869099691371],[10.6300903744077,45.3872765120919],[10.6314141854366,45.3874024238867],[10.6323637988374,45.3879607574182],[10.6336518736349,45.388175516985],[10.6343278550245,45.3884932242254],[10.6346300301672,45.3886352422725],[10.6352753294924,45.3892690884913],[10.6362826133446,45.3897468357761],[10.6363101514037,45.3897598966331],[10.6369629039872,45.3900475385272],[10.6371859574712,45.3904110819179],[10.6372480391719,45.3905122647521],[10.6386429501951,45.3919457035963],[10.6395143375089,45.3920961035032],[10.6398689058491,45.3926495525764],[10.6404621644489,45.3924266697368],[10.6408564495066,45.3917664652541],[10.6401902363383,45.3909302257398],[10.6395171577804,45.3899783034016],[10.6395279999592,45.3890683374051],[10.6383489484095,45.3876452720184],[10.6373295268978,45.3870838983291],[10.6363218321382,45.3869281623043],[10.6352902604028,45.3864510541316],[10.6352579998645,45.3864361331541],[10.6343036243033,45.3858738008452],[10.6333383696401,45.3865454243218],[10.6322087095896,45.3866695759836],[10.6314141854366,45.3874024238867]],[[10.6281937725887,45.3950233660288],[10.6254964136154,45.3948469923772]],[[10.6295556290731,45.4321516478869],[10.6304250388863,45.4321036074945]],[[10.6284485129516,45.3931150706157],[10.6285963265268,45.3939473891544]],[[10.6286247091135,45.3931123937414],[10.628402885936,45.3931157637635]],[[10.6295695503339,45.4257487644771],[10.6295695651024,45.4257487660755]],[[10.6287402878774,45.3916181437041],[10.6312166439599,45.3914017567836],[10.6312614853086,45.3922459040627],[10.6306336043031,45.3938843942094],[10.6297429141646,45.3944662728167],[10.6296093070096,45.3948229319692],[10.6297150657164,45.3948448129262],[10.6296821174965,45.3948991207576],[10.6296411064958,45.3949667181391],[10.6294935650114,45.3950311976628],[10.6290519718755,45.3956456451355]],[[10.6290056396194,45.398457557213],[10.6303619234194,45.3988440764551],[10.6292624615723,45.3990697590149]],[[10.6301525228014,45.4290240973919],[10.6354154867972,45.4271383534804]],[[10.6296768160276,45.3872151658923],[10.6290364076576,45.3892950800289],[10.629270966082,45.3892984400643],[10.6292205353087,45.3894012615894]],[[10.6290426868351,45.387095567448],[10.6290558787524,45.3870011175767]],[[10.629357149449,45.3952210124197],[10.6303063031044,45.3953938414251]],[[10.6304283817228,45.4321744875439],[10.6305988201711,45.4321701196657],[10.6308356937404,45.4334989423818],[10.6294152128604,45.4335791483023],[10.6294747720142,45.433218343488],[10.6253354495492,45.4333362196358]],[[10.629270966082,45.3892984400643],[10.6294407207052,45.3886658153973]],[[10.6304801120422,45.4304160328004],[10.6303472750961,45.4299740121842],[10.6337301442371,45.4294022767233],[10.634028320008,45.4299293169718],[10.6335750161086,45.4300476564876]],[[10.6305988201711,45.4321701196657],[10.6311334237373,45.4320741470074]],[[10.631134222823,45.4320955277773],[10.6313307957502,45.4321599622846],[10.6331866739418,45.432110513652],[10.6362449031512,45.4320200850713],[10.6363352993278,45.4319569442002],[10.6366720898572,45.4319392312868],[10.6367691705508,45.4304439245165],[10.637113349197,45.4303164531151],[10.6371945541315,45.4307212088418],[10.6390126800284,45.430625255904],[10.639238549315,45.4314649488553],[10.6388390567105,45.4315224300072],[10.6388663210852,45.4316091313203]],[[10.630979556546,45.4255230202444],[10.6316742764413,45.4253426930726],[10.631941057669,45.425944465778],[10.6348815745153,45.4255353839225],[10.6352736229116,45.4256447347313],[10.635486584369,45.4263284213105]],[[10.6303619234194,45.3988440764551],[10.6312738720835,45.3991478971708],[10.6315378773055,45.3992049567792],[10.6316431592084,45.399227711217],[10.6320536580906,45.3999320195334],[10.6321439714862,45.4004870865705],[10.631515580087,45.4005543411019]],[[10.6315748213072,45.4321310398908],[10.6315729014237,45.4319858450977]],[[10.6310132062047,45.3952906015503],[10.6309541849412,45.3952743232374],[10.6309764770529,45.3952238157187],[10.6310021539463,45.3951656391437],[10.6315686763947,45.3943524628598]],[[10.6310397755379,45.3952385345104],[10.6310396057225,45.3952388672922],[10.6310132062047,45.3952906015503],[10.630887423495,45.3955370924021]],[[10.6324225528344,45.4353426023719],[10.6342280389575,45.4349228558921],[10.6339315932299,45.4341031681675],[10.6326118439353,45.4343819548993],[10.6321192065071,45.4334314400014],[10.6308356937404,45.4334989423818]],[[10.6323542121295,45.4321094409295],[10.6323522902493,45.4319642461767]],[[10.6312166439599,45.3914017567836],[10.6314190483425,45.3902695702736],[10.6321315426864,45.3903712236593],[10.6322090174147,45.3902517029767]],[[10.6312166439599,45.3914017567836],[10.6316579995091,45.3913631848147]],[[10.6315378773055,45.3992049567792],[10.6320606334454,45.399045019875],[10.6324425058821,45.3992391957452],[10.6335131808524,45.3991551582301],[10.6340271402188,45.3981299970403]],[[10.6327522399802,45.4238404973414],[10.6328161732813,45.4238343428547],[10.6328161798542,45.4238343560983]],[[10.6328161732813,45.4238343428547],[10.6329221776385,45.4245498102106],[10.6331213036777,45.424449130893]],[[10.6328161732813,45.4238343428547],[10.6328161926928,45.4238343409861]],[[10.6321439714862,45.4004870865705],[10.632387351427,45.400388699592],[10.6330450245115,45.4004807496878]],[[10.633163404514,45.4320870104465],[10.6331614805609,45.4319418157357]],[[10.6324191084571,45.4045795939747],[10.6337225895985,45.4045904070538],[10.6345242370274,45.4041878221684],[10.634805042781,45.4049111845179]],[[10.6322705732712,45.3962428804676],[10.6327583042043,45.3968470835727],[10.6322963125135,45.3970156867665]],[[10.6325483645328,45.4035026670834],[10.6334883080064,45.4035947696358]],[[10.6325457595088,45.4026865768331],[10.6325483645328,45.4035026670834],[10.6322517605128,45.40523526229]],[[10.6331329739704,45.4230577542239],[10.6333465052274,45.4231555144242],[10.6334888095754,45.4228549793366],[10.6342878602771,45.4231788473823],[10.6348097359194,45.4245616491709],[10.6345033993273,45.4246110136826],[10.634604247879,45.425288349805],[10.6348815745153,45.4255353839225],[10.635179982595,45.4254262481067]],[[10.6331329739704,45.4230577542239],[10.6333570987071,45.4229549286222],[10.6334495601768,45.4226757184751],[10.6332954022791,45.4226228702717]],[[10.6324831770476,45.3896191326359],[10.6343390734385,45.3903207610681],[10.635936751516,45.3912829656548],[10.6370767664825,45.3924393881613],[10.6375295069092,45.3928768489313],[10.6394741615083,45.3950711066496],[10.6411005024106,45.3973914613753],[10.6427036590599,45.3967749507604],[10.6419245932514,45.3953243513199],[10.6403270704095,45.3935546000603],[10.6398689058491,45.3926495525764]],[[10.6334495601768,45.4226757184751],[10.633557190828,45.4225352350504]],[[10.6327084289378,45.3960677280258],[10.6327023702999,45.3960701516405],[10.6322705732712,45.3962428804676],[10.6316017717805,45.3960045317512],[10.6314673729799,45.3964188116053],[10.6301479879029,45.3972587217673],[10.6293893115273,45.3975837284121],[10.6289536990425,45.3979433942683],[10.6290056396194,45.398457557213],[10.6277757062266,45.3983338248771]],[[10.6327084289378,45.3960677280258],[10.6345454891781,45.3944492516916],[10.6360456613019,45.3953487615801]],[[10.6327583042043,45.3968470835727],[10.6331839439513,45.3973515372263]],[[10.6334590127351,45.4178655089923],[10.6335335023997,45.4178370689451],[10.6368621020347,45.4184389816566]],[[10.6339288725174,45.4320657866949],[10.6339269466033,45.4319205920238]],[[10.6336208045987,45.4189124237696],[10.6342955665947,45.4213102999217],[10.6347889757288,45.42364441444],[10.6347889757289,45.42364441444],[10.6348985578777,45.42394454011],[10.6351480591966,45.4245664907435],[10.6354771650822,45.4255628772559]],[[10.634028320008,45.4299293169718],[10.6347600110722,45.4296805778301],[10.6350634908111,45.4304916838974],[10.6346264431812,45.4305713450065]],[[10.6329411222416,45.3913274819761],[10.6327942291953,45.3918183022277]],[[10.6329411120846,45.3913274790225],[10.6333029504554,45.3907638704723]],[[10.6342280389575,45.4349228558921],[10.6374987153812,45.4342148865593]],[[10.6346534636386,45.4320456915772],[10.6354544196436,45.4320234732656],[10.6354524898215,45.4318782786736]],[[10.6344817055641,45.423673998705],[10.6347889757288,45.42364441444],[10.63617550807,45.4229943887633],[10.6365090756552,45.4229834753392],[10.6371307666644,45.4231974166168],[10.6380434342928,45.4233201301227]],[[10.6347600110722,45.4296805778301],[10.6350572630342,45.4296314585325],[10.6356625038477,45.4291019707178],[10.6359438351437,45.4290455091435]],[[10.6338245968018,45.39516347275],[10.634762094815,45.3957795039215]],[[10.6344888460339,45.4118760169344],[10.6344839612038,45.4119911724899],[10.6339048466856,45.4103854099953],[10.6339361844069,45.4092533570653],[10.6372348177611,45.4078898200763],[10.6369900866301,45.4060834354525],[10.6367645917318,45.4053695805009],[10.6362000879003,45.4055330056717],[10.6364262688631,45.4065583676504],[10.6355907866247,45.4066607640388]],[[10.6348383042361,45.4236219996175],[10.6348383196097,45.4236219926317]],[[10.6350634908111,45.4304916838974],[10.635804129812,45.4303526195067],[10.6361743235534,45.4304076122627]],[[10.6341121314277,45.3916680016572],[10.6358749416933,45.3931493981063],[10.6385691689987,45.3957118478048],[10.6382970049302,45.395938296148],[10.6376952731638,45.396012381464]],[[10.6368621020347,45.4184389816566],[10.6375101457116,45.417039578027],[10.6368251089399,45.4151023681396],[10.6362573991795,45.4139229546964],[10.6362503881457,45.4134611880785],[10.6356541523744,45.412969447229],[10.6347458188351,45.4125634435732],[10.6344839612038,45.4119911724899]],[[10.6351622447177,45.4133846590884],[10.6347458188351,45.4125634435732]],[[10.6345242370274,45.4041878221684],[10.6356494121917,45.4036227436555],[10.6356549822475,45.4038609822841]],[[10.6343278550245,45.3884932242254],[10.6347429477691,45.3880634942858]],[[10.6358799943326,45.401542429049],[10.6350031419572,45.4005253017909],[10.6346857117851,45.4005017131626]],[[10.6345454891781,45.3944492516916],[10.634916468098,45.3941112150795],[10.6330211615389,45.3933957093287]],[[10.6354771650822,45.4255628772559],[10.6368216831806,45.4257199383663],[10.6367204457664,45.4264654634382],[10.6361340094681,45.4266136847974]],[[10.6354771650822,45.4255628772559],[10.637113349197,45.4303164531151]],[[10.6349900793029,45.3998967439944],[10.6356126745797,45.4005592211474],[10.6366884807412,45.4006671224099],[10.6353660088999,45.3992478094758],[10.6333692075658,45.396618554235],[10.6327023702999,45.3960701516405],[10.6326995772056,45.396067854587],[10.6320574636426,45.3954815460449],[10.6310396057225,45.3952388672922],[10.6309764770529,45.3952238157187],[10.6306991056565,45.3951576824027],[10.6296821174965,45.3948991207576],[10.6296718610768,45.3948965130809],[10.6283872859658,45.3946193567541],[10.628247634568,45.394890528486],[10.6281937725887,45.3950233660288],[10.6281236237905,45.3951963701292],[10.6280542099164,45.3955248235024],[10.62811455315,45.395735406139],[10.6281652005907,45.3963027920189]],[[10.634916468098,45.3941112150795],[10.6356416012362,45.3934192954556],[10.6358749416933,45.3931493981063],[10.6359023068894,45.3931177454736],[10.6367013287172,45.3926383002307],[10.6370767664825,45.3924393881613],[10.6376346041844,45.3921438332906],[10.6384394917113,45.3917415736103]],[[10.6352902604028,45.3864510541316],[10.6348238983234,45.38696817405]],[[10.6359647555905,45.4233602160466],[10.6359687768178,45.4233607093377]],[[10.6363514412432,45.4319563016292],[10.6364268192076,45.4327975279241],[10.6375053687545,45.4330266872091],[10.6376932546684,45.4335444831938],[10.6380888974872,45.4339454776277],[10.6383885263303,45.4339627204387],[10.6400148055944,45.4387357742879],[10.6389600034306,45.4387155761346],[10.638453239649,45.4382863560893],[10.6379479959351,45.4383919132041],[10.6360959641655,45.4383791391208],[10.6357689359694,45.4367594307179],[10.6339673696022,45.4371277753262]],[[10.6354164264019,45.3992917304583],[10.6373992846364,45.3985181009424],[10.6396603108619,45.3986167472297],[10.6411326520464,45.3980867949278],[10.6407514815738,45.3975565731658],[10.6412018341551,45.3974006023721]],[[10.6356494121917,45.4036227436555],[10.6356645381311,45.4031056206946]],[[10.6356494121917,45.4036227436555],[10.6368650390037,45.4034859355741],[10.6371054855235,45.4028119618216],[10.6373341378674,45.4034551266043],[10.6374555601483,45.4037966628867],[10.6376545561739,45.4043136506331],[10.6377764871195,45.4046441181923],[10.6387644645431,45.4057738853885],[10.6387995217216,45.4062236542859],[10.6373790911308,45.4066032316854]],[[10.6352902604028,45.3864510541316],[10.635350354822,45.386380754183]],[[10.6366659166921,45.4288623407584],[10.6379021182666,45.4285206541973],[10.6380773011262,45.4287418494386]],[[10.6368767727523,45.4295685464216],[10.6382369532156,45.4292388817809],[10.6393330145236,45.4291389296915],[10.6393285112922,45.4299024539013],[10.6383360367226,45.4303734343587]],[[10.6368216831806,45.4257199383663],[10.6422598098323,45.4255726159096],[10.6428019032821,45.4250090435686],[10.6432321030679,45.4241519253049],[10.6432653741501,45.4237930152556]],[[10.6369870061063,45.4231389386199],[10.6370106153189,45.4230072430368],[10.6365302055469,45.4228725635113],[10.6365662923267,45.4227042651439]],[[10.6370106153189,45.4230072430368],[10.6375207974033,45.4231414936109]],[[10.6362826133446,45.3897468357761],[10.6367507924119,45.3897104412135]],[[10.6367660816909,45.4053691491493],[10.6368010684027,45.4044178121419],[10.6367824420017,45.4048549687882]],[[10.63632260103,45.3896958885968],[10.6371899231442,45.388682977475]],[[10.6368010684027,45.4044178121419],[10.6368650390037,45.4034859355741],[10.6373249621945,45.4034573664387],[10.6374555601483,45.4037966628867],[10.6376399923471,45.4043154248126],[10.6377434007594,45.404606282488],[10.6379322270265,45.4050662116065]],[[10.6368025607368,45.4044174382432],[10.6376399923471,45.4043154248126],[10.6376545561739,45.4043136506331],[10.6379816968735,45.4042737975183],[10.6383488197976,45.4047362131533],[10.6393713966578,45.4060241692951],[10.6387995217216,45.4062236542859],[10.6388593846163,45.4069916505115],[10.6389531892182,45.4081950437558],[10.6391257845503,45.4085968359589],[10.6395270033317,45.4095308267372],[10.6399209137389,45.4101448831263],[10.6383910339944,45.4108068661128],[10.6383166501946,45.4114320100477],[10.6381014100842,45.4116943214467],[10.6372626801009,45.4118732019168],[10.6370541102088,45.4122020602287],[10.6355426289501,45.4122891886184],[10.6345838688186,45.4119606533048]],[[10.6363218321382,45.3869281623043],[10.6363814399275,45.386872152332]],[[10.6369704559126,45.4006326183186],[10.6380901498694,45.4005003115762],[10.6381492009057,45.4007082072462],[10.6385174869756,45.400420436744],[10.6393763087866,45.400262665687],[10.6391092956978,45.399070902473]],[[10.638519337999,45.4403265415489],[10.6381658632525,45.4403743938899]],[[10.6370779340092,45.4027344624773],[10.6371054855235,45.4028119618216],[10.6372376819096,45.4024414073726],[10.637231555013,45.4016997935376],[10.6372312960183,45.4016684430642],[10.6371965540969,45.401551939714],[10.6371965232913,45.4015518364105],[10.6371710132658,45.4014685588795],[10.637339854396,45.4014896891518],[10.6381492009057,45.4007082072462]],[[10.6379021182666,45.4285206541973],[10.6376850163131,45.428223160213],[10.6387548254631,45.4277953510244],[10.6388051720027,45.4275315137867],[10.6383181964902,45.4274060853364]],[[10.6371500765344,45.4015559396794],[10.637231555013,45.4016997935376],[10.6372819315905,45.4017887352068],[10.6373507168693,45.4022257532693]],[[10.6371500765344,45.4015559396794],[10.6366884807412,45.4006671224099],[10.6369704559126,45.4006326183186],[10.6369269363086,45.3997692511373],[10.6365558085697,45.3989825787148]],[[10.6371965540969,45.401551939714],[10.6371500765344,45.4015559396794],[10.6367869110803,45.4015871938607],[10.6362988961397,45.4015794607256],[10.6358799943326,45.401542429049],[10.6351042437296,45.4014738470969],[10.634600954068,45.4014196895481],[10.634880331619,45.4021262734109],[10.6331064137602,45.4021516566621],[10.6325457595088,45.4026865768331],[10.6316274006933,45.4026174760324],[10.6314492646248,45.4015130330308]],[[10.6377922758424,45.4236461765156],[10.6380434342928,45.4233201301227],[10.6381748916755,45.4233601896593],[10.6391127537146,45.4237639514183],[10.6392897168252,45.4237901078253],[10.6405006781511,45.4239690884829],[10.6410821893757,45.423994813579],[10.6415139361244,45.4238627722247],[10.6410371343165,45.4227826885601],[10.6406983721722,45.4227578002322],[10.6400820706497,45.4227125188785]],[[10.6371965540969,45.401551939714],[10.6373042196818,45.4015427993754]],[[10.6373249621945,45.4034573664387],[10.6373341378674,45.4034551266043],[10.637881794394,45.4033214388577]],[[10.6384116082007,45.4409134251384],[10.638519337999,45.4403265415489],[10.6385502967939,45.4401578840755],[10.6381213201269,45.4403147487752]],[[10.6400431998884,45.441620310204],[10.6400472562001,45.4413948251662],[10.6394415110939,45.4413620778625],[10.6395242805097,45.440893687884],[10.6384116082007,45.4409134251384],[10.6383552449025,45.4415547521956],[10.6380034547223,45.4416050118509]],[[10.6375191783362,45.4071908798898],[10.6387591909572,45.4070103234515],[10.6388593846163,45.4069916505115],[10.6399745441526,45.4067838131866],[10.6409650246791,45.4080312375964],[10.6416877302125,45.4084769591519],[10.6418856187097,45.4085735224572],[10.6423786294853,45.4088203426684],[10.6430607705098,45.4091618416288],[10.6439259913609,45.4094371734464],[10.6449419066192,45.409760447562]],[[10.638453239649,45.4382863560893],[10.6390167652889,45.4381681631532],[10.6389738685222,45.4380370447051],[10.6392705855708,45.4379639693613]],[[10.6383258454209,45.430666754013],[10.6384113160255,45.4308992051069],[10.6382489689994,45.4309246809259]],[[10.6383885263303,45.4339627204387],[10.6401193045196,45.4336058124201],[10.6400645417401,45.4333863864964],[10.6412577604787,45.4333168116426],[10.6421654437008,45.4329026610741]],[[10.6371859574712,45.3904110819179],[10.6378453749051,45.3901495654732],[10.6384097035281,45.3907145160135],[10.6388858498889,45.3909040452002]],[[10.6389632046768,45.4464010811369],[10.6401388870804,45.446475077238],[10.6399821922177,45.4467516522101]],[[10.638971870561,45.4464513153085],[10.6391651165821,45.4469198218367],[10.6392498462811,45.4485437653412]],[[10.6373295268978,45.3870838983291],[10.6380252071913,45.3865959222742]],[[10.6381013991959,45.4088277913282],[10.6387872040699,45.4086692498174],[10.6393671622357,45.4095852860736]],[[10.6388390567105,45.4315224300072],[10.638871585507,45.4318480593096],[10.6390006891675,45.4318318397179]],[[10.6388051720027,45.4275315137867],[10.6388324114274,45.4273887666767],[10.6401560629878,45.427327817584],[10.6429901774657,45.4268012101735],[10.6431189041214,45.4273027012747],[10.6438203957593,45.4276019882124],[10.644114697577,45.4282170994239]],[[10.6390126800284,45.430625255904],[10.639671490086,45.4305800725306]],[[10.6378453749051,45.3901495654732],[10.6382901569925,45.3897897336302],[10.6395171577804,45.3899783034016],[10.6400617743152,45.389981760999],[10.6405047677511,45.390363212476],[10.6407826250593,45.3908562614366],[10.6401902363383,45.3909302257398]],[[10.6388514903914,45.4236514755411],[10.6386754590142,45.4247057432587],[10.6398273318416,45.4247573691962]],[[10.6383488197976,45.4047362131533],[10.6388242579623,45.4046236176696],[10.63865842626,45.4039125953788]],[[10.6392390482119,45.4314648770705],[10.6393525033645,45.4318669526453],[10.6407413208801,45.4317749256374],[10.6407356460905,45.4317269572368]],[[10.6382970049302,45.395938296148],[10.6384884086267,45.3961319116697]],[[10.6393655836424,45.4318660666527],[10.6393599100054,45.4318180981684]],[[10.6393330145236,45.4291389296915],[10.6401778198869,45.4290618827459],[10.6409793314625,45.4286262545707],[10.6424722331725,45.4293790311917],[10.642694433601,45.4298512145724],[10.6412181128991,45.430127609044]],[[10.6387231402268,45.4052076853175],[10.6399842583285,45.4050110952937],[10.6404873578593,45.4057582037405],[10.6393713966578,45.4060241692951],[10.6399745441526,45.4067838131866],[10.6408125233465,45.4066676179927],[10.6433594657392,45.4059598263065]],[[10.6392897168252,45.4237901078253],[10.6393408605969,45.4231387454347]],[[10.6401388870804,45.446475077238],[10.6402001572091,45.4463495774745]],[[10.640677852978,45.4464631174286],[10.6402003782315,45.4463496274482],[10.6404166392211,45.4459084228902],[10.6404195123884,45.4455113316474],[10.6402115797285,45.445481844593],[10.6402149741467,45.4447579589172]],[[10.6409650246791,45.4080312375964],[10.6397767221209,45.4084576134415],[10.6391257845503,45.4085968359589],[10.6387872040699,45.4086692498174]],[[10.6400148055944,45.4387357742879],[10.6401191613259,45.4390463970389],[10.6430295054349,45.4392954046289]],[[10.6408800653918,45.4447609555381],[10.640216760554,45.4447579669712],[10.6402195288213,45.4443711851957],[10.6400989782406,45.4443444673962],[10.6382262005653,45.4442947724671]],[[10.6402195288213,45.4443711851957],[10.6402489331656,45.4429785745807],[10.6414463253957,45.4431802857293],[10.6411869842132,45.4437782331976],[10.6411846950362,45.4440136828877]],[[10.6401191613259,45.4390463970389],[10.6405761379087,45.4407752996866],[10.6404555273873,45.4429902854337]],[[10.6402924236908,45.4413682672058],[10.640339868777,45.4407802459584],[10.6405761379087,45.4407752996866],[10.6406172221529,45.4407744395419],[10.6442463851495,45.4409805522208],[10.6455103560394,45.4410107120837]],[[10.6400989917156,45.4318165390763],[10.6400933174643,45.4317685706367]],[[10.6393763087866,45.400262665687],[10.6412976213285,45.4000354322205],[10.6419633146712,45.4009362055232],[10.6423411527661,45.4018231247493]],[[10.6405994173716,45.4412724485969],[10.6405990927702,45.4412756614609]],[[10.6395143375089,45.3920961035032],[10.6395547792485,45.3917813438659]],[[10.6399842583285,45.4050110952937],[10.639865891225,45.4038898713789]],[[10.6407413208801,45.4317749256374],[10.6407413208801,45.4317749256374],[10.6421301334074,45.4316828817983],[10.6421154948117,45.4315407253784]],[[10.6411869842132,45.4437782331976],[10.6424799199653,45.4439090245521],[10.6430268302381,45.4423286022915]],[[10.6406983721722,45.4227578002322],[10.6407464594893,45.4223441094248]],[[10.6414463253957,45.4431802857293],[10.6419250093961,45.4420184805697]],[[10.6413627830582,45.4235143813062],[10.6417514801883,45.4232244977982]],[[10.6415991053252,45.4288950338094],[10.6427530488128,45.4283904002198]],[[10.641723895729,45.4317098070607],[10.6417182201162,45.4316618387201]],[[10.6415139361244,45.4238627722247],[10.642885814603,45.4241838489345],[10.6432321030679,45.4241519253049],[10.6450209850056,45.4241214684695],[10.644992965744,45.4237996007717]],[[10.6409697090866,45.3994924960987],[10.6412976213285,45.4000354322205],[10.6421914494696,45.3998335832974]],[[10.6407826250593,45.3908562614366],[10.6411004230449,45.3907633317841],[10.6416428371065,45.3917972742061]],[[10.6424357569429,45.4440666185913],[10.6424799199653,45.4439090245521]],[[10.6421211707456,45.4315886936958],[10.6428792630663,45.4315678481461]],[[10.6415343419508,45.4095501341449],[10.6421414793748,45.4096387273768],[10.641939406443,45.4103360455584],[10.6407556459464,45.4100476194561]],[[10.6412018341551,45.3974006023721],[10.6436412234371,45.3995560791126],[10.6445764480886,45.4010480529131],[10.6435087028157,45.4013939674478],[10.6422769907582,45.4015327778819]],[[10.6424722331725,45.4293790311917],[10.6434235578535,45.4293164080069],[10.6446462897892,45.4293687132349],[10.6464348852308,45.4290772861323],[10.647394947083,45.4284622245881],[10.6476042228891,45.4270674380098],[10.6491758440516,45.4269422186618]],[[10.641939406443,45.4103360455584],[10.6420774544494,45.4103742501155]],[[10.6421414793748,45.4096387273768],[10.6423593587596,45.4096668781255]],[[10.6421414793748,45.4096387273768],[10.6423786294853,45.4088203426684],[10.6424524571237,45.4085482682502],[10.644086394672,45.4078101417643]],[[10.6430295078339,45.4392954278054],[10.6440376475061,45.4393742526275],[10.6435454385618,45.4380258259439],[10.645191173247,45.4376954508757]],[[10.6428849396497,45.4316158164161],[10.6440772081704,45.4315232608123],[10.6440715305897,45.4314752926148]],[[10.6428019032821,45.4250090435686],[10.6444947460142,45.4249715696688],[10.6446934742186,45.4257892622294],[10.6454207037858,45.4262165897066],[10.6454676418997,45.4265382392311],[10.645723922933,45.4265160113804],[10.6458630813946,45.4272194896573]],[[10.6429901774657,45.4268012101735],[10.6454676418997,45.4265382392311]],[[10.6435379988385,45.4315651211179],[10.6435323217089,45.4315171528876]],[[10.6435361518681,45.4293287818363],[10.6437386603925,45.4301932625108]],[[10.6432015130416,45.4105710855528],[10.6437563608347,45.4100285785079],[10.6439259913609,45.4094371734464],[10.6440802376865,45.4088021521921],[10.643591143094,45.4086604913409]],[[10.6438203957593,45.4276019882124],[10.6445822036117,45.4274887778355]],[[10.6447299393943,45.4376677107926],[10.6447299455148,45.4376677095316]],[[10.6440802376865,45.4088021521921],[10.6446708285352,45.4089021595747]],[[10.6446934742186,45.4257892622294],[10.6453959650001,45.4254933900772]],[[10.6450209850056,45.4241214684695],[10.6453707287511,45.4241155105854],[10.6453719004668,45.424412834525]],[[10.6449419066192,45.409760447562],[10.6447526392734,45.4102285095779],[10.6449820853699,45.4106632711004]],[[10.6453494737552,45.4092659110686],[10.6450683912038,45.4094598565767],[10.6449419066192,45.409760447562],[10.647052541804,45.4106771717018],[10.6471375376688,45.4107140869818],[10.6477455908274,45.4108741109343],[10.6483143243179,45.4109573342547],[10.6498784720812,45.4110312007823],[10.6507462692804,45.4111551231491],[10.6517009856677,45.4112914493874],[10.6516250873192,45.4116389378784]],[[10.6453707287511,45.4241155105854],[10.6457627048385,45.4241088319995],[10.646586398045,45.4243552843105],[10.6469911866316,45.4244763956896],[10.647999189575,45.4243728609528],[10.6479154705124,45.4238020305792]],[[10.645723922933,45.4265160113804],[10.646581261677,45.4264414006583],[10.6464918331645,45.425397457655]],[[10.646581261677,45.4264414006583],[10.646825475543,45.4264193501591],[10.6470114226847,45.4271050606225]],[[10.6461641427038,45.4108918958898],[10.6468671794924,45.4110806974122],[10.647052541804,45.4106771717018],[10.6470907853733,45.4105288844815]],[[10.646586398045,45.4243552843105],[10.6467462249688,45.4237926820909]],[[10.646825475543,45.4264193501591],[10.6487206679387,45.4262508110537],[10.6491295997171,45.42597459215],[10.6496382415523,45.4261676506649],[10.6500474495564,45.4268095600175],[10.6505815371134,45.428102144829]],[[10.647394947083,45.4284622245881],[10.6501796580665,45.4282280205906]],[[10.647999189575,45.4243728609528],[10.6483989180453,45.4243318011871],[10.6485837762087,45.4255284571015],[10.6491295997171,45.42597459215]],[[10.6477455908274,45.4108741109343],[10.6477477305921,45.41075150181]],[[10.6485224995436,45.4251200528981],[10.6495925449971,45.4250167599597],[10.6504100492651,45.4253653952575],[10.6505228449715,45.4254134976436]],[[10.6504100492651,45.4253653952575],[10.6505355741412,45.4253388484125]],[[10.6507462692804,45.4111551231491],[10.6508524095444,45.4106765181539]],[[10.6517009856677,45.4112914493874],[10.6525428278722,45.4114116508529],[10.6546058271336,45.4111285829085],[10.6557477072973,45.4108106097937]]]}},{"type":"Feature","properties":{"NOME_COMPL":"Condotta POZZOLENGO - MONTE ULIVI","COMUNI":"Pozzolengo"},"geometry":{"type":"MultiLineString","coordinates":[[[10.6098797693848,45.4075655326269],[10.6113089393614,45.4072168032248],[10.611841982773,45.4072896758982],[10.610961089739,45.4064626615998],[10.6103908356681,45.4057786057458]],[[10.6112222085445,45.4090710899467],[10.6101116987337,45.4095681352727],[10.6099596024811,45.4093238505843],[10.6094600280011,45.4094252698546]],[[10.6099596024811,45.4093238505843],[10.6101780635456,45.4092840681907]],[[10.6107770612704,45.4141148406763],[10.6108559754581,45.4139340908191],[10.6115261355725,45.4136782064117],[10.611718201875,45.4137567648958],[10.6129787982888,45.413456542071],[10.6130938957969,45.4137504415632],[10.6133169526729,45.4139150718723]],[[10.610961089739,45.4064626615998],[10.6116686123205,45.4062149875498]],[[10.6123144223264,45.4102268632981],[10.6113411752367,45.409222736216],[10.6112222085445,45.4090710899467],[10.6109858839256,45.4087698452508],[10.6103897161437,45.4082224777338],[10.6098797693848,45.4075655326269],[10.6088524349745,45.4078199416899]],[[10.611841982773,45.4072896758982],[10.6141736952784,45.4067464042245],[10.614475897327,45.4081677689117],[10.6125048315262,45.4082774770846]],[[10.612958795662,45.4134067376524],[10.6129787982888,45.413456542071]],[[10.6148212269199,45.4114954963363],[10.6140036176666,45.4132373015197],[10.612958795662,45.4134067376524],[10.6129980609475,45.4130863496863],[10.6122314239707,45.412741951172]],[[10.6141736952784,45.4067464042245],[10.6148499076359,45.4065913549811]],[[10.614475897327,45.4081677689117],[10.6144652531741,45.408619338985],[10.6146371757599,45.4088802832812],[10.613739008733,45.4094672834925]],[[10.6146353792981,45.4088625681329],[10.6158042615763,45.4087200775706]],[[10.6146371757599,45.4088802832812],[10.6147869951169,45.4105331377707],[10.6128800485874,45.4108089175927],[10.6123144223264,45.4102268632981],[10.6109827680933,45.4106639070763]],[[10.6148274059833,45.4105294448291],[10.6148212269199,45.4114954963363],[10.6138201036621,45.4114991625697],[10.6119375997905,45.4117905313065]],[[10.6148212269199,45.4114954963363],[10.6154287046353,45.411392527245]],[[10.6148549013929,45.4105269321563],[10.6147869951169,45.4105331377707]],[[10.6150626891796,45.4139080010944],[10.6152048222614,45.4131056075856]],[[10.6160487405504,45.4134754258593],[10.6159774058632,45.4139215799738]],[[10.6163161526931,45.4103631975128],[10.6161596224021,45.4093452182983],[10.616765057276,45.4085969326351],[10.617543549829,45.4081316261614],[10.6175355057482,45.407631774242],[10.6179003154795,45.407106904764],[10.618285078153,45.4068448912911],[10.6178960961618,45.4064140292724]],[[10.6170646635589,45.4103184428154],[10.6164972436176,45.4103429047324],[10.6148549013929,45.4105269321563]],[[10.617105415989,45.4062465899315],[10.6164283193774,45.4063239963523],[10.6167727155223,45.4070834041473],[10.6175355057482,45.407631774242]],[[10.6173580678441,45.4120274280379],[10.6178135674896,45.4120431360056]],[[10.6186369564697,45.4142736889505],[10.6189434218946,45.4154867376022],[10.6199289491302,45.4157187948534]],[[10.6189434218946,45.4154867376022],[10.619000837772,45.4161234469236]],[[10.6188500812912,45.4104668105295],[10.6194602522028,45.4104651869285]],[[10.618864188388,45.409987793002],[10.6188500811562,45.4104668151122]],[[10.618864188388,45.409987793002],[10.6188636535602,45.4093431194374],[10.6178706982073,45.4092636309273]],[[10.6188636535602,45.4093431194374],[10.6186642332425,45.4091432311887],[10.619050531794,45.4087167310224],[10.6201370750734,45.4081984310607]],[[10.6195324461979,45.413814803795],[10.6239938608982,45.4145847123998],[10.6240958851719,45.4146811339086],[10.6239801664189,45.4156073249978],[10.6265282475987,45.4157754923095]],[[10.6197468498914,45.4156759176305],[10.62004270149,45.4161097552116]],[[10.6203524594776,45.4099701802437],[10.6201368341368,45.4096236492062],[10.6202060799813,45.4095291059085],[10.6214656896237,45.4090629148837],[10.6215395052635,45.4091281389948]],[[10.6209222290326,45.4103299722379],[10.6206897171766,45.4105709063252]],[[10.621480359765,45.4106595203343],[10.6220652338993,45.4102445192399],[10.6221567729531,45.4101796268037],[10.622386001132,45.4099220017875]],[[10.6214656896237,45.4090629148837],[10.621679106215,45.408978018571]],[[10.6216231069244,45.4132903289464],[10.622284945321,45.4139044233233]],[[10.6224708299325,45.4169568752586],[10.6240067896937,45.4168960691829],[10.6240865908753,45.4173877669897],[10.6247157217491,45.4174116834755],[10.6246627272921,45.4170781855809]],[[10.6235525432753,45.4109331815443],[10.6220690642303,45.4109672770239],[10.6214503834193,45.4106438494446],[10.6209222290326,45.4103299722379],[10.6203524594776,45.4099701802437],[10.618864188388,45.409987793002],[10.6170646635589,45.4103184428154],[10.6173662137608,45.412075290083],[10.6174063235385,45.4130439533196],[10.6160487405504,45.4134754258593],[10.6151630748751,45.4134243641132]],[[10.6252618442771,45.4106870976002],[10.6260905008199,45.4116858908926],[10.6257158461832,45.4119463929605],[10.6259379218694,45.4124018024578]],[[10.6260905008199,45.4116858908926],[10.6264077492744,45.4121917082204],[10.6271206192264,45.4128212197064],[10.6269408828156,45.4129566075829]],[[10.626425451649,45.4110510357072],[10.6276924100466,45.4113923453192],[10.628041033178,45.410699242632],[10.6281016829258,45.4088681141855]],[[10.6276026210833,45.4126693727457],[10.6275246066397,45.4127180270558]],[[10.6276151025285,45.4144059581051],[10.6283995214617,45.4143290168855]],[[10.6279298635409,45.4124902874858],[10.6276026210833,45.4126693727457],[10.6265344538164,45.4119377944055],[10.626424379573,45.411674445292],[10.6264143673633,45.4110810801936],[10.6264159794468,45.411076710566],[10.6265032211057,45.4108402369823],[10.6277650007927,45.4112128411276]],[[10.6279301329728,45.412492998072],[10.628326115169,45.4127616448427]],[[10.628220688578,45.4162080750413],[10.6283091498857,45.416036877553],[10.6272940681016,45.4158278638093]],[[10.6283091498857,45.416036877553],[10.629249182591,45.41524071476],[10.6292869092279,45.4149418984534]],[[10.628390869439,45.4175445599435],[10.6285946943495,45.4180633047471],[10.626630273397,45.4182011662948]],[[10.6285946943495,45.4180633047471],[10.6289694943333,45.418402624473],[10.6290801019802,45.4185977947846],[10.6289871313845,45.4187135670377]],[[10.6288556590302,45.4163923714963],[10.6279764251828,45.4166120246983],[10.628390869439,45.4175445599435],[10.6253767928301,45.4179611910671],[10.6253712713525,45.4174333998437],[10.6247157217491,45.4174116834755],[10.6248041978213,45.4180304290351]],[[10.6296527520039,45.4208021628968],[10.6296613782102,45.4208719486424]],[[10.6302670129226,45.4207571431614],[10.6299312982628,45.4197990248175],[10.6291620811928,45.4191991728604]],[[10.6299312982628,45.4197990248175],[10.6306095828804,45.419438049331]],[[10.6301014574876,45.4129084130362],[10.6306398744535,45.4133376567512]],[[10.6304024431272,45.4207472169064],[10.6304170618806,45.4208211462255]],[[10.6303016677907,45.4127606371492],[10.629833705492,45.412625717442],[10.6264159794468,45.411076710566],[10.6263114807184,45.4110293459036],[10.6262617708801,45.4110060226737],[10.6251852566843,45.4106626695898],[10.6236167018481,45.4108906055429],[10.6235525432753,45.4109331815443],[10.6233231368938,45.4113460080377],[10.6230410873688,45.4119714300817],[10.6220616783396,45.4128926090247],[10.6216230996274,45.4132903280075],[10.6203307648833,45.4138828435597],[10.6191839016267,45.4136876898313],[10.6193098048566,45.414098949769],[10.6186369564697,45.4142736889505],[10.6173829191709,45.4140382892954]],[[10.6307073679687,45.41645262716],[10.6307351295478,45.4164315206917]],[[10.6317481536629,45.415044675981],[10.6310533689854,45.4141842358283]],[[10.6314715657897,45.4170894202528],[10.6314715579593,45.4170894181689],[10.630464381903,45.4162501454306],[10.6301105192074,45.4159443563139],[10.6288556590302,45.4163923714963],[10.6265282475987,45.4157754923095],[10.6265117995349,45.4150010484765],[10.6276151025285,45.4144059581051],[10.6276914782802,45.4141817070935],[10.6275675706099,45.4136585008334],[10.6267091571784,45.4131891253466]],[[10.631803257736,45.4200935190306],[10.6318107793777,45.4193855843043]],[[10.6319292139234,45.417535722447],[10.6320633120611,45.4176664927041],[10.6324172026161,45.4173863385544],[10.6321045034202,45.4172578595619],[10.6319171642952,45.4175233401708],[10.6314715579593,45.4170894181689],[10.6319292139234,45.417535722447],[10.6318154090271,45.4178347669261]],[[10.6319794069987,45.4170669224504],[10.6319794070577,45.4170669209487],[10.6324124679823,45.416594089208],[10.6326106246892,45.4162775207689],[10.6326763983963,45.4150127296652],[10.6326792246175,45.4149583821027],[10.6317481536629,45.415044675981],[10.6310517735962,45.4151629835017],[10.6301885794744,45.4155365744854]],[[10.6319375475352,45.4131716071621],[10.631960851551,45.4131115655014],[10.6315751803065,45.4121469708445],[10.6311146013695,45.411491558346],[10.6307188365085,45.4114827346915],[10.629949031897,45.4099852206421],[10.6314791156378,45.4094809985793],[10.6317636866561,45.4090879546]],[[10.6321373147663,45.4203502477569],[10.632051205989,45.4206562373681],[10.6325932629018,45.4209611126688],[10.6331284970109,45.4212228268589],[10.6337822565994,45.4215280651162]],[[10.6324779724537,45.41741269086],[10.6324818856132,45.4173844005888],[10.6325959452233,45.4165597929066],[10.6326106246892,45.4162775207689],[10.632698653399,45.4161915170405]],[[10.6325932629018,45.4209611126688],[10.6326205480921,45.4209390945265]],[[10.6326022366457,45.4149655178289],[10.6326034794449,45.4150170489087],[10.6326763983963,45.4150127296652],[10.633041029279,45.4149911306002]],[[10.6327337830263,45.4183307969929],[10.6331809981277,45.419945256317],[10.6321373147663,45.4203502477569],[10.631803257736,45.4200935190306],[10.6307934467395,45.4207056652737],[10.6304024431272,45.4207472169064],[10.6302670129226,45.4207571431614],[10.6296527520039,45.4208021628968],[10.6287213306863,45.4208620572629]],[[10.6326792246175,45.4149583821027],[10.6327567054308,45.4134684146015],[10.6327567054308,45.4134684146015],[10.6318625411326,45.4131444294592],[10.6303016677907,45.4127606371492],[10.6294740771166,45.4133542979932],[10.6294444408651,45.4137042655455],[10.6287825591817,45.4139863529624]],[[10.6327567054308,45.4134684146015],[10.6328809691301,45.4134253729919],[10.6323103244818,45.4112889378907]],[[10.6331284970109,45.4212228268589],[10.6331529912577,45.4212008485046]],[[10.6332356884981,45.4199377017083],[10.6331809981277,45.419945256317]],[[10.6333058583057,45.4177716905478],[10.6333520119144,45.4178721969202],[10.6327105760875,45.4183480116129]],[[10.6333520119144,45.4178721969202],[10.6342265911167,45.4183813791621],[10.6337897108068,45.4184636564468]],[[10.6334058580739,45.4178150531529],[10.6334058580739,45.4178150531529],[10.6324172026161,45.4173863385544],[10.6319794070578,45.4170669209487]],[[10.6345258561203,45.4120216339927],[10.6350133891193,45.4124235107216],[10.6367179167551,45.4131881378014],[10.6366669065141,45.4131069939494],[10.6366396446029,45.412607778042],[10.6366264663569,45.4120405403262],[10.6348916411336,45.4112059618139],[10.634178320658,45.4112939744729]],[[10.6345306453237,45.4119240976393],[10.6345258561203,45.4120216339927],[10.6345481829876,45.4120503262071],[10.6345746216847,45.4122313238836],[10.6347299765319,45.4125677537332],[10.6355984291157,45.4129552157717],[10.6362309898016,45.4134623903083],[10.6362403290394,45.4139261929532],[10.636466671725,45.4143797093895],[10.6364978579925,45.4144459290086],[10.6366471572878,45.4147629425589],[10.6367495577265,45.4149715323162],[10.6368849345731,45.4154026467507],[10.6372205198735,45.4163120539399],[10.6372490982828,45.4163967574719],[10.6373388714291,45.4166628342762],[10.6374670470884,45.417025857933],[10.6368557484557,45.4184281198229],[10.6365206951757,45.4183667286239],[10.6362599243586,45.418318947288],[10.6334739110724,45.4178084204447],[10.6334058580739,45.4178150531529],[10.6362328205091,45.4188119948283],[10.6362058529676,45.4190147348216]],[[10.6345342430096,45.4120452968276],[10.634334546565,45.4120373798536],[10.6341358828015,45.4127989783382],[10.6347544696415,45.4130302317219],[10.635476828329,45.414911278525],[10.6347341442863,45.4149926213593]],[[10.6349153682993,45.4163438706527],[10.6344807863651,45.4163844203595],[10.6345668352319,45.416202335707],[10.6340595540234,45.4150360608268]],[[10.6349156587513,45.4163437247348],[10.6348006765702,45.4160225057374],[10.6356155582957,45.4159044476225],[10.6355317350413,45.4163805507042],[10.6358761288221,45.4167463661958],[10.6360530065733,45.4173135190114],[10.6360448860073,45.4180325257877]],[[10.6348916411336,45.4112059618139],[10.6350764478019,45.4104919601251],[10.6341813606819,45.410564866772]],[[10.6350764478019,45.4104919601251],[10.6351064244804,45.4101961374164],[10.6346938757424,45.4101129116071],[10.6344652164729,45.4096961000782]],[[10.6351064244804,45.4101961374164],[10.635325919582,45.4099428140872],[10.6359959516345,45.4106204587455],[10.6365374007773,45.4103389662486],[10.6374605711649,45.4105090397274],[10.6381036798339,45.4108464512856],[10.6383462622212,45.4112438622799],[10.638305037354,45.4115941031082]],[[10.635392470161,45.4145588185382],[10.6354659856221,45.4145480950644]],[[10.635476828329,45.414911278525],[10.6356155582957,45.4159044476225]],[[10.6356291319233,45.4156405470724],[10.6358347283269,45.4154487111437]],[[10.6360392948317,45.4118016911471],[10.6357696243911,45.4120876779088]],[[10.635991252992,45.4145359640154],[10.6364978579925,45.4144459290086],[10.6366961042497,45.4144106955405],[10.636797221569,45.414994192718],[10.63731714279,45.4163849869213],[10.6372490982828,45.4163967574719],[10.6369003358825,45.4164570867671]],[[10.6363360570192,45.4188547521042],[10.6366415376155,45.4186176020982],[10.6362711096954,45.4185241372911],[10.6362328205091,45.4188119948283],[10.6367022865851,45.4190064314435],[10.6373686707625,45.4192824190568],[10.6373325323693,45.419392256016],[10.6373389201456,45.4196132068439],[10.6373598294671,45.4196993783971],[10.6373713137821,45.4197467074673],[10.6376447301031,45.4200693844612],[10.6373865877266,45.4201927596707],[10.6357042453093,45.4197396192723]],[[10.636520702231,45.418467632244],[10.6365058203079,45.4183977971495],[10.6365206951757,45.4183667286239],[10.6365330660067,45.4183408901503],[10.6366449214188,45.4182126900214]],[[10.6367816557449,45.4186529557157],[10.6366415376155,45.4186176020982],[10.6367366086152,45.4185437962287],[10.636520702231,45.418467632244],[10.6364769115799,45.4184521844063],[10.6362608452245,45.4183258025232],[10.6362599243586,45.418318947288],[10.636259318749,45.418314438925],[10.6361950894835,45.4182737788681]],[[10.6365374007773,45.4103389662486],[10.636710343308,45.4103148282131]],[[10.6368076411014,45.4185688537924],[10.6367874472561,45.4185904449546]],[[10.6366539084656,45.4132398714387],[10.6366961042497,45.4144106955405],[10.6373778585994,45.4142870539655],[10.6377329168321,45.4150755992423]],[[10.6366624052134,45.4131877615041],[10.6366539084656,45.4132398714387],[10.6378007014958,45.4132462906134],[10.639088971217,45.4130268641993],[10.6390983089896,45.4127161206657]],[[10.6366396446029,45.412607778042],[10.6374383034622,45.4129218642278]],[[10.6373865877266,45.4201927596707],[10.6372861107096,45.4211587488865]],[[10.6371937024153,45.4160515855915],[10.6383851796989,45.4157954320342]],[[10.6373598294671,45.4196993783971],[10.6375264731874,45.4196029819602]],[[10.6372106311528,45.4138301161339],[10.6373778585994,45.4142870539655],[10.6379454668971,45.4141841101828]],[[10.6373686707625,45.4192824190568],[10.6392133839425,45.4182244760852],[10.6416198449449,45.4179413053952],[10.6409579300146,45.4180792562456]],[[10.63731714279,45.4163849869213],[10.6377088426072,45.4172555178466],[10.6376835638204,45.4175261001199],[10.6372140385337,45.418134451372],[10.6368076411014,45.4185688537924],[10.6367366086152,45.4185437962287],[10.6368557484557,45.4184281198229]],[[10.6376447301031,45.4200693844612],[10.6382371937868,45.421073939515],[10.6386012346422,45.4211033313628],[10.6385675853722,45.4215623580752],[10.6384202058551,45.4218230774483],[10.6383843522672,45.4218865032804],[10.6382456455358,45.4222702936663]],[[10.6377088426072,45.4172555178466],[10.6382895706468,45.4169872116912]],[[10.6381755058375,45.4188450414555],[10.6383124678134,45.4189084860802],[10.6389630919559,45.4187132732224]],[[10.6384202440055,45.4218230911221],[10.6384202058551,45.4218230774483],[10.6382905317991,45.4217765998358]],[[10.6381036798339,45.4108464512856],[10.6383194007555,45.4107589584136]],[[10.6386012346422,45.4211033313628],[10.6415867240166,45.4214817452258],[10.6413698381605,45.4227478941898]],[[10.6383462622212,45.4112438622799],[10.638957803773,45.4110813615655],[10.6402662483891,45.4110444892131],[10.6405303250061,45.4113390194864],[10.6411886128046,45.4113979431896],[10.6415838654081,45.4130434085662],[10.6408296360519,45.4131075874132],[10.6408365836965,45.4131275337891],[10.6408351844536,45.413181528276]],[[10.639099953427,45.4130416128528],[10.639088971217,45.4130268641993],[10.6393692299393,45.4129934268013],[10.639099953427,45.4130416128528],[10.6398655561438,45.4147095439211],[10.6397365641345,45.4151816140966],[10.6400605100356,45.4159244877409],[10.6391239837467,45.4162956214835]],[[10.6393646660277,45.4129799039791],[10.6397358537311,45.4129180648956],[10.6408902766225,45.4131970953542],[10.6408365836965,45.4131275337891]],[[10.6393692299393,45.4129934268013],[10.6394167734091,45.4129847811518]],[[10.6405040886337,45.4134942695979],[10.6408889335563,45.4131973442114],[10.6419047397155,45.4136573386198]],[[10.6417831085765,45.4185148783542],[10.6412274893749,45.4184310315271]],[[10.6417707190962,45.4160963892907],[10.6414013273277,45.4155337080483]],[[10.6415867240166,45.4214817452258],[10.6415694910457,45.4210218987793]],[[10.6415867240166,45.4214817452258],[10.6432987902207,45.4218611010499],[10.6432033576755,45.4225161473164],[10.6428319596348,45.4224907554993]],[[10.6416198449449,45.4179413053952],[10.6419752537246,45.4178906583316],[10.6419585259557,45.4178536990794],[10.6418037176165,45.4175116545274],[10.642336732644,45.4170744641138],[10.6417707190962,45.4160963892907],[10.6406405245829,45.4164178221047]],[[10.6419585259557,45.4178536990794],[10.64200391541,45.4178782818067],[10.6420061940388,45.4178861874058],[10.6420084305103,45.4178939467394],[10.6419867928236,45.4179177263407],[10.6420001857849,45.4179494554673],[10.6420609590713,45.4180934323493],[10.6420644957146,45.4181018109218],[10.6420645897627,45.4181020337288],[10.6420645906358,45.4181020426054]],[[10.6419769399079,45.4178943838749],[10.6419752537246,45.4178906583316],[10.6420061940388,45.4178861874058],[10.6420221614111,45.417883880091],[10.6434271381669,45.4169333687517]],[[10.6419047397155,45.4136573386198],[10.6432266374244,45.4141597604347],[10.6428704535393,45.4146583810162],[10.6429628590615,45.4151883073264]],[[10.6420644957146,45.4181018109218],[10.6417619671619,45.4182995163863],[10.6417831085765,45.4185148783542],[10.6418116281322,45.4188510275325],[10.6420745942038,45.4188412092194],[10.6416691743562,45.4203796835648],[10.6431771011152,45.4205355513559],[10.6431316045987,45.4209958736957]],[[10.6420644957146,45.4181018109218],[10.6426887137144,45.4178202102225],[10.6435457863048,45.4177420272315],[10.6436882016756,45.418172350192]],[[10.642284573019,45.4137841648885],[10.6422937687339,45.4131087024861]],[[10.6432033576755,45.4225161473164],[10.6431917092856,45.4225961005857]],[[10.6432987902207,45.4218611010499],[10.6435742717913,45.4219659765638],[10.6439758470164,45.4221188538791],[10.6447992062317,45.4224322947954],[10.644726194386,45.4231115444115]],[[10.6432266374244,45.4141597604347],[10.6462074572316,45.4142128234442],[10.6459788529358,45.4143878035931]],[[10.6432266374244,45.4141597604347],[10.6433325746219,45.412921947453],[10.6436795079614,45.4127843286504],[10.6439145112319,45.4124765097449]],[[10.6434271381669,45.4169333687517],[10.6437339266204,45.4167889690409],[10.6444465215773,45.4167334962214],[10.6444084418232,45.4164420201642]],[[10.6435742717913,45.4219659765638],[10.6436174900074,45.4217811590094]],[[10.6436882004166,45.4181723522514],[10.6459630178959,45.4193027258516]],[[10.6439758470164,45.4221188538791],[10.6440328250859,45.4218354644881]],[[10.6444465215773,45.4167334962214],[10.6447997100658,45.4167368870293],[10.6450042653004,45.4168724060525],[10.6452753204245,45.4175114089988],[10.6460369985367,45.4175368208531],[10.6467470706861,45.4174124164388],[10.6470280773599,45.4173517758923],[10.6499126381929,45.4171731993799],[10.6505631864849,45.4168736038461],[10.6514442321217,45.4167070626842],[10.6509211723174,45.4161615640377],[10.6515349762028,45.4159504560476],[10.6519220736281,45.416557337986],[10.6520566841253,45.416541955697]],[[10.6447992062317,45.4224322947954],[10.6454637981803,45.4219806356461],[10.6462183718274,45.4221707077238]],[[10.6450042653004,45.4168724060525],[10.6450042740925,45.4168724054352]],[[10.6454637981803,45.4219806356461],[10.645932930323,45.4214313162345]],[[10.6462074572316,45.4142128234442],[10.6465105683014,45.4141268877009],[10.6465146168128,45.4145533973073],[10.6474419640569,45.4148012545231],[10.6473776751634,45.4150433193699]],[[10.6465105683014,45.4141268877009],[10.6483968641141,45.4140278475731],[10.6486965707619,45.4128138586216]],[[10.6467467156562,45.4174063662832],[10.6467470706861,45.4174124164388]],[[10.6483968641141,45.4140278475731],[10.6489361185573,45.4140046580917],[10.6495284354603,45.4141005127836],[10.6496714079783,45.4141236495263],[10.6509733386595,45.4144484546806],[10.6514015498344,45.4153374854211],[10.6515349762028,45.4159504560476],[10.6518383475073,45.4158077929104],[10.6524563718911,45.416383929618]],[[10.6495284354603,45.4141005127836],[10.649258331965,45.4147147512167],[10.6496425400677,45.4151713815132],[10.6501626247471,45.4153949570849]],[[10.6495284354603,45.4141005127836],[10.6497224337473,45.4132612228441],[10.6498916450598,45.4131934700868],[10.6499120825823,45.4126707103023],[10.6486672449234,45.4121671375669],[10.6475649968482,45.4119666901211]],[[10.6499468119469,45.4141803381506],[10.6501606027145,45.4135934941252]],[[10.6499120825823,45.4126707103023],[10.6503077915855,45.4122982622885],[10.6500678351148,45.4121409715636]],[[10.6503077915855,45.4122982622885],[10.6509499491286,45.4125277502557],[10.6510716800209,45.4123223858966]],[[10.6509733386595,45.4144484546806],[10.6512808671282,45.4136934678663],[10.6510852692119,45.4133239460311]],[[10.6512808671282,45.4136934678663],[10.6520926351963,45.4133531766314],[10.6527449732418,45.4134160782132],[10.6529261340217,45.4130246219241],[10.6539403324327,45.4134620696825],[10.6535907898216,45.4139494067294]],[[10.6514442321217,45.4167070626842],[10.651509092586,45.4166927166096]],[[10.6518383475073,45.4158077929104],[10.6537790109549,45.4151192116113],[10.6525738305459,45.4141510100364],[10.6520926351963,45.4133531766314]],[[10.6539403324327,45.4134620696825],[10.6548483905011,45.4140013635522]],[[10.6539403324327,45.4134620696825],[10.6543374592627,45.4128854995041],[10.6544078463963,45.4123714397776],[10.6521494494343,45.4122689612104]],[[10.6544078463963,45.4123714397776],[10.6544373975864,45.4121556154791]]]}},{"type":"Feature","properties":{"NOME_COMPL":"Condotta POZZOLENGO - RONDOTTO","COMUNI":"Pozzolengo"},"geometry":{"type":"MultiLineString","coordinates":[[[10.5918129859128,45.4003075504759],[10.5919311777896,45.4005615305815],[10.5922943845491,45.4008234646337]],[[10.5918763102294,45.3972432668092],[10.5920357487414,45.3970405081444]],[[10.5926984036474,45.4005410864641],[10.5930831216569,45.3994410865134]],[[10.5933656932596,45.4032598862509],[10.5936808341544,45.4034998889139],[10.5944556212262,45.4035108173866],[10.5944028286502,45.4032978021923],[10.5946805912176,45.4024752655641],[10.593947820372,45.4020615481489]],[[10.5938822045572,45.3986529886398],[10.5935115639582,45.3987747369163]],[[10.5939358620301,45.398618195683],[10.5942899812512,45.3988592636803],[10.5942154772714,45.3989193504957]],[[10.5944556212262,45.4035108173866],[10.5963152201178,45.4034582202494],[10.5969893129616,45.4035556580588],[10.5977599427513,45.4036670446445],[10.6022161880234,45.40396033376],[10.6022094680249,45.4034780045663],[10.6012172466538,45.4021469833913],[10.6012594879438,45.4016834593227],[10.6002765626684,45.4014146059723],[10.6002659605685,45.4020190023266],[10.5994120881557,45.4024013103707]],[[10.5945702861773,45.3986886836602],[10.5951079369393,45.3992942886361],[10.5956662423549,45.3992243582613],[10.5962935852555,45.3988428084005],[10.5957519265508,45.3979695757954],[10.5942899812512,45.3988592636803]],[[10.5960955507138,45.4018058362609],[10.5961379163459,45.4028188209014]],[[10.5962935852555,45.3988428084005],[10.5965407291827,45.3993290866204],[10.5976272584129,45.3994820012758],[10.5972464496924,45.3987451435854],[10.5962935852555,45.3988428084005],[10.5966434637452,45.3981911419559],[10.5964373649538,45.397366227826],[10.5946208170486,45.396826953612],[10.593495669296,45.3961080596619],[10.5918016014938,45.3953559707515],[10.5913829485515,45.3949945056297],[10.5893736231008,45.3949292940609],[10.5895058599201,45.3953440924852],[10.5899595818309,45.3957078172409],[10.5910077524414,45.3961811244887],[10.5918303607137,45.3972112577491],[10.5918763102294,45.3972432668092],[10.5927986340785,45.3978857584538],[10.5939358620301,45.398618195683],[10.5938822045572,45.3986529886398],[10.5929767637286,45.3992400908133],[10.5930829101288,45.399440282391]],[[10.5967321470558,45.4017547266598],[10.5970944540486,45.4017641792947],[10.5972790436062,45.4020408958601],[10.5983075416566,45.4020929545222]],[[10.5969893129616,45.4035556580588],[10.5969046728651,45.4025352149709],[10.5971291503315,45.4025157573382]],[[10.5974940443558,45.4004729531686],[10.5970677714723,45.4011486370271],[10.597035982655,45.4015801526897],[10.596095563793,45.401805835817]],[[10.5970359899604,45.4015801536312],[10.5967312511486,45.4017455719449],[10.5967062207611,45.4018080890196],[10.5968911209532,45.4025370425992]],[[10.5976272584129,45.3994820012758],[10.5982178333418,45.3995651122035],[10.5977056755411,45.3996337343196],[10.5976272584129,45.3994820012758]],[[10.5977741621383,45.3979999001352],[10.597735143211,45.3978579117352]],[[10.5983696696534,45.3979262888584],[10.598562373731,45.3985868735035],[10.5979509863245,45.3986137041496]],[[10.5982178333418,45.3995651122035],[10.5990536633161,45.3993093983134],[10.5994258339045,45.3999063620957]],[[10.5991571540223,45.3974300986905],[10.5983696696534,45.3979262888584],[10.5977741621383,45.3979999001352],[10.5966434637452,45.3981911419559]],[[10.5990536633161,45.3993093983134],[10.5995448147403,45.3991591314997],[10.5993685641724,45.3987961275577],[10.5999955385274,45.3985863346136]],[[10.5995448147403,45.3991591314997],[10.6024694428343,45.398931736732],[10.6006042593846,45.4002204002545]],[[10.6002765626684,45.4014146059723],[10.6001669688323,45.4009629558652],[10.6007600966031,45.4009010403241],[10.6006042593846,45.4002204002545],[10.5992208673582,45.4004663753097],[10.5975509413114,45.4004860948336],[10.5974940443558,45.4004729531686],[10.5968198869083,45.4003172383079],[10.596061631789,45.4002876368393],[10.5955895803409,45.4004733151709],[10.5933457558471,45.4004394694166],[10.5926984036474,45.4005410864641],[10.5919311777896,45.4005615305815]],[[10.6023935521108,45.3985085588944],[10.6022197045989,45.3978641116335],[10.6010532870819,45.3977543833562],[10.5991571540223,45.3974300986905],[10.5982569887982,45.3969657591307],[10.5979616789119,45.3964271649099],[10.5980588385261,45.3962391140528]],[[10.6010532870819,45.3977543833562],[10.6008658948166,45.3967674931788],[10.6013116682133,45.3967091631732]],[[10.6012172466538,45.4021469833913],[10.6021715954148,45.4021384705181]],[[10.6022150292982,45.4044086627127],[10.6022161880234,45.40396033376],[10.6029880014129,45.4041005639545]],[[10.6024694428343,45.398931736732],[10.6024663149958,45.3988803199243]],[[10.6032153932132,45.3984043608497],[10.6034618683375,45.3978258898627],[10.6042205273288,45.3978007410071],[10.6042433033587,45.3983089117626],[10.6044129853529,45.3985151822773],[10.6023935521108,45.3985085588944],[10.6024663149957,45.3988803199243]],[[10.6034814450488,45.4015569253431],[10.6034643554165,45.4011913050517]],[[10.6035506723566,45.4025335602618],[10.6039405694122,45.4025130594828],[10.603762315139,45.4015909925268],[10.6042244301234,45.4015039603936],[10.6034814450488,45.4015569253431],[10.6030568609672,45.4019263710042]],[[10.6039405694122,45.4025130594828],[10.604619262493,45.4024773706082],[10.6048440916805,45.4029480862876],[10.6041497581494,45.4030651754682]],[[10.6042244301234,45.4015039603936],[10.6041866430444,45.4009744733443]],[[10.6040685665771,45.3957072010354],[10.6045150650691,45.3954477058545]],[[10.6041087295557,45.3957017502588],[10.6040685665771,45.3957072010354],[10.6039575559065,45.3957222669301],[10.6040672436113,45.3972738652049],[10.6042003077339,45.397283880919],[10.6042205273288,45.3978007410071],[10.6054733007549,45.397778136386]],[[10.6043653564618,45.3985150705114],[10.6047676508661,45.3997449538222],[10.6038167525212,45.4000687361854]],[[10.6045242382079,45.3989749379798],[10.6061843470046,45.3987649852057]],[[10.606522771707,45.4019619479195],[10.6067274868979,45.4024226769719],[10.6065456806917,45.4024837459384],[10.6065567831162,45.4025848401233],[10.6048440916805,45.4029480862876],[10.6049634216794,45.4031979191539],[10.6042000952443,45.4033955345875]],[[10.6049634216794,45.4031979191539],[10.6061258752395,45.4031213904132]],[[10.6058788357728,45.4004366671382],[10.6065204894568,45.4003789121978],[10.6077313226273,45.4006347573902],[10.6074658008041,45.4010283327286],[10.6074535576964,45.4013740288583],[10.6068222293626,45.4014761095612],[10.6065207036413,45.4019572935189]],[[10.6065204894568,45.4003789121978],[10.6062295699275,45.3996325676192],[10.6065965775392,45.3996468966054]],[[10.6065782820026,45.3953998143455],[10.6065725388264,45.3962953035293]],[[10.6074535576964,45.4013740288583],[10.6079130393488,45.4013864046614],[10.607979073304,45.4018624164159],[10.6081099563401,45.4029340742229],[10.6076618025533,45.4029475115497]],[[10.6075674307604,45.3953420369863],[10.6075559254053,45.3951192605169]],[[10.6077313226273,45.4006347573902],[10.6079814919393,45.4001877949499],[10.6079717605765,45.3999057567039],[10.6088659952055,45.4008555840251],[10.6092549528643,45.4012687099857]],[[10.6081099563401,45.4029340742229],[10.6088992645754,45.40282080041],[10.6099810369213,45.4023185321994]],[[10.6084300199426,45.3983740186746],[10.6084300199425,45.3983740186746],[10.6073652367066,45.3984273938684],[10.6044129853529,45.3985151822773],[10.6043894148002,45.3985682861761]],[[10.6086473548083,45.3974522055758],[10.6085338336959,45.3983688141883]],[[10.6088659952055,45.4008555840251],[10.6094424905748,45.4007276041422]],[[10.6089290140528,45.3968056145642],[10.6089033660439,45.3963538556569],[10.6089460949529,45.395666164752],[10.6089760667943,45.3952600676027],[10.6084175075305,45.395319102539],[10.6075674307604,45.3953420369863],[10.6065782820026,45.3953998143455],[10.6059615456336,45.3954565613262]],[[10.6089426666844,45.3957213407367],[10.6096832400159,45.3956850140139],[10.60971549526,45.3959074977529]],[[10.6089760667943,45.3952600676027],[10.6097325989819,45.3952311319081],[10.6103722395703,45.3945569527025]],[[10.6098021758609,45.3964771268331],[10.6097659547995,45.3962784190855]],[[10.6100033995989,45.3973148772942],[10.6098021758609,45.3964771268331],[10.6089290140528,45.3968056145642],[10.6086473548083,45.3974522055758],[10.6066967333712,45.3974029182542]],[[10.610180513246,45.3981116780375],[10.6100033995989,45.3973148772942],[10.6095712438754,45.3974415754355]],[[10.6101868482392,45.3981401775231],[10.6086009877175,45.3983654475105],[10.6084300199425,45.3983740186746],[10.6080280098171,45.399282747549],[10.6079717605765,45.3999057567039]],[[10.6115567341801,45.3998314114261],[10.6126785531985,45.4006099516127],[10.6114256141859,45.4014263915504]],[[10.6119389303437,45.3973855332844],[10.6120065415192,45.39737900994]],[[10.611981356259,45.3976919159176],[10.6102294988144,45.3981343906349],[10.6102116886454,45.3982755606132]],[[10.6119925203862,45.3976607235559],[10.611981356259,45.3976919159176],[10.6119122477703,45.3978850029763],[10.6119365111972,45.3985922155867],[10.6116917728272,45.3990342372056],[10.6110549865983,45.3992625064581],[10.6115567341801,45.3998314114261],[10.6112133239061,45.4000146079329],[10.6104530598598,45.4001335122795]],[[10.6126785531985,45.4006099516127],[10.6145497551158,45.4010218718694],[10.6151943350666,45.4008848410812],[10.6153701725394,45.4012295527177],[10.6139188204566,45.4012805840973],[10.6142593151254,45.4016599771907],[10.6128525160546,45.4020874527462],[10.6117472200682,45.4026256840827]],[[10.6126785531985,45.4006099516127],[10.6133762684575,45.4001050756106],[10.6127571334251,45.3995409431118]],[[10.6133762684575,45.4001050756106],[10.6150402126517,45.3995895027365],[10.6143366614704,45.3989896027231]],[[10.6134882844467,45.3974882814189],[10.6125101045605,45.3974757779765],[10.6119384481983,45.3976466805921],[10.6118459788794,45.3954724520231],[10.6124383378459,45.394986119275],[10.6128585706336,45.3943472598537]],[[10.613486144322,45.3974378494712],[10.6134532070517,45.3961273845484],[10.6134831031556,45.3954281780861],[10.6138904492007,45.3953054704512],[10.6141194517802,45.3946034495673]],[[10.6134824253569,45.3954440304916],[10.613969139298,45.3954152739337],[10.6140113236017,45.3952936959611]],[[10.6147970851334,45.3975486431651],[10.6135400257387,45.3974906680093],[10.6135879259728,45.398097526272]],[[10.6148863725704,45.3975312104908],[10.6159423689418,45.3973910263633],[10.6157970721565,45.3961695814511],[10.6157703299578,45.3959447653202],[10.6151139892137,45.3959659256776]],[[10.6153222595838,45.39752205691],[10.6151904624713,45.3975245663469],[10.6149100657013,45.3975475955151],[10.6148612707104,45.3975516030072],[10.6147970851334,45.3975486431651],[10.6149089463569,45.3975433866744],[10.6149100657013,45.3975475955151],[10.6149130488967,45.3975588126085],[10.6148929335578,45.3975648396235],[10.6149560432135,45.3978883135673],[10.6153530280513,45.3978653893112],[10.6152802828601,45.3981732504908],[10.6154212879142,45.3982062041823]],[[10.6150402126517,45.3995895027365],[10.6151932058745,45.3995558510197]],[[10.6153701725394,45.4012295527177],[10.6157390599001,45.401715684885],[10.6159119183684,45.4016395405714],[10.6160593027668,45.401747481221]],[[10.6153701725394,45.4012295527177],[10.6182376855291,45.3994243295086],[10.6203385516381,45.3978342167023]],[[10.6153530280513,45.3978653893112],[10.6190061627712,45.3977487320079],[10.6192610399187,45.398090489825],[10.6191870927004,45.3982258495976],[10.6188925046572,45.3985370233711],[10.6183556101048,45.3988105149568]],[[10.6157703299578,45.3959447653202],[10.6156977291085,45.3953344148755],[10.6156574950459,45.3946508189038],[10.6148740740471,45.3946823669719]],[[10.6157970721565,45.3961695814511],[10.6161374739743,45.3961541607341]],[[10.6159423689418,45.3973910263633],[10.6166886053333,45.3973381661142],[10.6170677433568,45.3964446989779]],[[10.6166886053333,45.3973381661142],[10.6186509106548,45.3971696607671],[10.6196491869895,45.3968134235585],[10.6199936902078,45.3960892862947],[10.6188729401834,45.3957894118253],[10.6184744826343,45.3959324777361],[10.6166762078581,45.3953030235844],[10.6156977291085,45.3953344148755]],[[10.6188729401834,45.3957894118253],[10.6175188169752,45.3954548230991]],[[10.6184623482545,45.3987559271859],[10.6184181289475,45.3987471274247]],[[10.6192610399187,45.398090489825],[10.6194316138714,45.3980688836249]]]}},{"type":"Feature","properties":{"NOME_COMPL":"Condotta RODIGO - GOITO","COMUNI":"Goito, Rodigo"},"geometry":{"type":"MultiLineString","coordinates":[[[10.6082820174226,45.4049486187055],[10.6063738151581,45.4051162317775],[10.6065502066263,45.4057955717398]],[[10.6162796194226,45.3760194364714],[10.6160197221427,45.3768015004776]],[[10.6215055137614,45.3910324982921],[10.6227702979933,45.3930210121293],[10.623215301844,45.3944432338622],[10.622824658862,45.3957469589021],[10.6228675483212,45.3960503479198]],[[10.623251178307,45.3530845401665],[10.6232346266123,45.3535457736147],[10.6237744804994,45.3543581940813],[10.6231241623014,45.3563390327675],[10.6224044145971,45.357197126518],[10.6225319684145,45.3582709607642],[10.6230491380842,45.3594192932818]],[[10.6354823614757,45.3992698109493],[10.6367380983525,45.4005988037561],[10.6372427239463,45.4015505237731],[10.6373611214734,45.4026733726002],[10.6397130296404,45.4055053640553],[10.6410222882435,45.408034171066],[10.6417912889879,45.4084902977135],[10.6431910002217,45.4086443053441],[10.6424088858334,45.4109851797516],[10.6432330603597,45.4111615235143],[10.6430930260822,45.4118082255133],[10.6428035786025,45.4123868786258],[10.6421767687207,45.412187479867],[10.6415035038447,45.4122658007719],[10.6415052365689,45.4128006962829],[10.6417033928421,45.4131925396648],[10.6396686791062,45.4129134695],[10.6374658061445,45.4131881304748],[10.6348251396805,45.4119805228199],[10.6345475819607,45.412068466226]],[[10.6363306822988,45.3201087038571],[10.6362597158665,45.3204631850999],[10.631998244948,45.3219087136406],[10.6283903714206,45.3226813076371],[10.62786982985,45.3216582916364],[10.6267222170429,45.3218922910638],[10.6261783200029,45.3217880586011],[10.6215239251524,45.3228580780128],[10.6137216897677,45.3243334391799],[10.6137489245148,45.3246461309731]],[[10.6365871460953,45.3203636718874],[10.6362597158665,45.3204631850999],[10.6269835942141,45.3319361352487],[10.6241170006252,45.3436420824886],[10.6249174427709,45.3452947445733]],[[10.6345387348212,45.2099721740673],[10.6384498286527,45.2083293041777],[10.6393273830116,45.2082584171367],[10.6398614147717,45.2080305376362],[10.6413824923044,45.2061239342486],[10.6403138439122,45.2056017171753],[10.6394394503878,45.2061000350732],[10.6390224929849,45.2059376243611],[10.6387136249743,45.205391529832],[10.6381845974678,45.2048356397187],[10.6371823537258,45.2053487282055],[10.6364464793787,45.2046079685583],[10.6360661732946,45.2044450217155],[10.6354734458326,45.2039029852724]],[[10.6381845974678,45.2048356397187],[10.6373774968749,45.2041671526806]],[[10.6414746957623,45.2023731640685],[10.6418085784427,45.2027959568837],[10.6419594759982,45.2033441995471],[10.6434249237361,45.2046286402366],[10.6430392507841,45.2048661826337],[10.643112688431,45.2049312822498],[10.6433826193158,45.2051705637596]],[[10.6416599725492,45.2059542513791],[10.643112688431,45.2049312822498],[10.646507789408,45.2025403172372],[10.6465865371724,45.2024515550124],[10.6465865371724,45.2024515550124],[10.6451077486668,45.2009516687947],[10.6414746957623,45.2023731640685],[10.6409492004887,45.201775718445],[10.6407013726207,45.2018839037201]],[[10.6451077486668,45.2009516687947],[10.6419652855545,45.1975079212391]],[[10.6423836640428,45.1979613396568],[10.645023907827,45.1971500240884],[10.6444486145715,45.1966101723746]],[[10.6430032029013,45.2090113060072],[10.643293152555,45.2085772661875],[10.6436219540223,45.2081517640595]],[[10.6444137784653,45.204744898696],[10.6461088871881,45.2037265468599],[10.6462338601512,45.2031515882807],[10.6468223732172,45.2026973130331],[10.6465865371724,45.2024515550124],[10.6484028364553,45.2004041841062],[10.6472634967068,45.200961528342],[10.6458341543066,45.2016884504896]],[[10.6456403925094,45.2091101083375],[10.6452998102348,45.2087766646368],[10.6452523108226,45.208798540172],[10.6441189547618,45.2093204889405],[10.643293152555,45.2085772661875]],[[10.6452998102348,45.2087766646368],[10.6455110029194,45.2086680482937]],[[10.645023907827,45.1971500240884],[10.6472971025999,45.1992279255384],[10.6475450374213,45.1991242732127],[10.6485919660269,45.2001909833009],[10.6486719891014,45.2002725163147],[10.6484028364553,45.2004041841062],[10.6485919660269,45.2001909833009],[10.6491420005153,45.1995709331739],[10.6491099879485,45.1995375196236]],[[10.6455929208593,45.214002259594],[10.6491590931348,45.2175454246278],[10.6504059084798,45.2162968203018],[10.6493754041912,45.2158356670189],[10.6489266466493,45.2152106617867],[10.648754747601,45.214732242604],[10.6486590862252,45.2147514350645],[10.648483217176,45.2142147816626],[10.64857668139,45.2141988594653],[10.648210332406,45.213491701521],[10.6499780086431,45.2129292315656],[10.6467114949085,45.2098826535426],[10.6459531182794,45.2091752776057],[10.6455110029194,45.2086680482937],[10.6459481744082,45.2084432085757]],[[10.6460110041158,45.1976907604033],[10.6488003184382,45.1957502260776]],[[10.6489600641641,45.2068940841155],[10.6502007598198,45.2081862315305],[10.6467114949085,45.2098826535426],[10.6464883502447,45.2099911357284],[10.6459314914821,45.2091551048689],[10.6456403925094,45.2091101083375],[10.6452523108226,45.208798540172],[10.6437791162006,45.2076157543115],[10.6431650254894,45.2074700364159],[10.6416599725492,45.2059542513791],[10.6413824923044,45.2061239342486]],[[10.6468223732172,45.2026973130331],[10.647010738534,45.20288356318],[10.6477496655022,45.2036141776273],[10.6473775560576,45.2037655127599],[10.6474503843876,45.2038546152701]],[[10.647010738534,45.20288356318],[10.6471152793107,45.2028136329857]],[[10.6476268475311,45.2075798259359],[10.6489600641641,45.2068940841155],[10.6473406416755,45.2051706546162],[10.6446151730837,45.2068475761856],[10.6459481744082,45.2084432085757],[10.6476268475311,45.2075798259359],[10.6468907145709,45.2068059641161]],[[10.6477496655022,45.2036141776273],[10.6480763587601,45.2034937509091],[10.6484308950504,45.2034044790271],[10.648326014028,45.2032263130339]],[[10.6481409458824,45.2104964825803],[10.6480508288672,45.2104061374549]],[[10.6483047037901,45.2104229426875],[10.6509482268336,45.2092077331678],[10.6521960287587,45.2082975391623],[10.6525765552111,45.2077717564074],[10.6523610422388,45.2072460703425],[10.6515386883306,45.2062216805902],[10.6515366030011,45.2059828955128],[10.6524872938476,45.2054812750773],[10.6530061151339,45.2053987089894],[10.654305719925,45.2047811430207]],[[10.6484308950504,45.2034044790271],[10.6503720343923,45.2029988825056],[10.6516325516196,45.2024211456592],[10.6521867774853,45.2014510424761],[10.6529093332021,45.2006286123482],[10.6530560830067,45.2000305864169],[10.6550743206174,45.2016230199524],[10.6539331572484,45.2026539525337],[10.6536822381047,45.2030988267065],[10.6536990794303,45.2034579430329],[10.653274758505,45.2039144252598],[10.6513900159888,45.2047127320823],[10.6515696008576,45.2049148334308],[10.65083590291,45.2052229293333],[10.6503298968921,45.2054354077368],[10.6493122666458,45.2057366900047],[10.6477754348265,45.2036046785083]],[[10.6487974475138,45.2109473758555],[10.6483047037901,45.2104229426875],[10.6481409458824,45.2104964825803],[10.6476211407702,45.2107310955014]],[[10.6486719891014,45.2002725163147],[10.6508324341378,45.2024475004461],[10.6502315472135,45.2028064490901]],[[10.6501558464724,45.2139092523842],[10.6494443591192,45.2140330614473]],[[10.6496091602555,45.2118628432551],[10.6487974475138,45.2109473758555],[10.6488985691851,45.2108894395536]],[[10.6495312592504,45.1999772233206],[10.6506950221342,45.2011726775756],[10.6512270501272,45.2008806807723],[10.6518115058722,45.2013998955164],[10.6518764709714,45.2013102527972]],[[10.6500018496646,45.2131381848859],[10.6500012152459,45.2129508741298]],[[10.6553963813789,45.2178813757739],[10.6499780086431,45.2129292315656],[10.650148983452,45.2124449957763],[10.6496091602555,45.2118628432551],[10.6497573709548,45.2117964721714]],[[10.6501744335927,45.200636613054],[10.6506428680883,45.2003705567681]],[[10.65083590291,45.2052229293333],[10.6506989297529,45.2050684387042]],[[10.6508952193485,45.1945961949689],[10.6523973395201,45.1959008864433],[10.6530281436603,45.1964487577476],[10.6510371194847,45.1974344568134],[10.6523973395201,45.1959008864433],[10.6530887780336,45.1951212917749],[10.653086020589,45.1951216131673]],[[10.6514789159981,45.2119202395245],[10.6511474204176,45.2128725463532],[10.6527249168647,45.2133818556106],[10.6541216597143,45.2131211875049],[10.6550252246171,45.2132992148656]],[[10.6509673955613,45.1930833539597],[10.6509732490365,45.1930805932039],[10.6530629012311,45.1920949855559]],[[10.6519936003933,45.1972711546773],[10.6529787390024,45.1982117094225]],[[10.6519549942877,45.1903214807351],[10.6542972782241,45.1894841237424]],[[10.6530299509831,45.1982606026292],[10.6538218679094,45.1990565589358],[10.6532062194383,45.1995703987222],[10.6543616139893,45.2004748094297],[10.6563742884931,45.1993243344271],[10.6552408888255,45.1980693622761],[10.6546007632199,45.1984038842478],[10.6538871510001,45.1977569116958],[10.6517423788903,45.1989558800228],[10.6500828292132,45.199471152751],[10.6495312592504,45.1999772233206],[10.6491420005153,45.1995709331739],[10.6510371194847,45.1974344568134],[10.6472541185725,45.198964711392],[10.6445874805815,45.1964614713025],[10.6453908534094,45.1959859125475],[10.6499429014486,45.1918762787227],[10.6509732490365,45.1930805932039],[10.6517939307965,45.1940397972495],[10.6493036993359,45.1955814711239],[10.6493353353526,45.1957857132657],[10.6482138648558,45.1966070572079]],[[10.6530260973444,45.1935709319644],[10.6548176142442,45.1927671244784],[10.6558465880687,45.1922964693501],[10.6579972903113,45.1900971302722],[10.6578146259908,45.1898629769437],[10.654424030116,45.1915990585986],[10.6531177378085,45.1899873683243]],[[10.653082252983,45.1951230140049],[10.6537659126512,45.1944240008664],[10.6530260973444,45.1935709319644],[10.6522243185751,45.1938759389559]],[[10.6538871510001,45.1977569116958],[10.6531489895285,45.1970704874555],[10.6535612951131,45.1967853527151]],[[10.6541216597143,45.2131211875049],[10.6548333870217,45.2117976898898],[10.6571347105576,45.212713721836],[10.6576130054511,45.2129040954427]],[[10.6542241392064,45.1949523588503],[10.6537659126512,45.1944240008664],[10.6558465880687,45.1922964693501],[10.6571746776948,45.1916889729425],[10.6587351020699,45.191093156754],[10.6579972903113,45.1900971302722],[10.6586723512265,45.1894067605492],[10.6574216455553,45.1877135921323],[10.6558764915778,45.1883727009245],[10.6529173965872,45.1839838336716],[10.648435137323,45.1856985959517],[10.6490403075334,45.1868788199241],[10.649180080561,45.1877092453848],[10.6506515721971,45.190212607359],[10.6525725583423,45.189737893489],[10.6536850805499,45.1893181795979],[10.6544815737786,45.1890176814921],[10.6558764915778,45.1883727009245]],[[10.6536850805499,45.1893181795979],[10.6506599414138,45.1848502997941]],[[10.654424030116,45.1915990585986],[10.654022605434,45.19180632246],[10.6548176142442,45.1927671244784]],[[10.6553302550447,45.2176545536782],[10.6548034401322,45.2170365275925],[10.6559494510351,45.2159536614527],[10.6557159326728,45.2154593460623],[10.6564299269507,45.2139138594593],[10.6568526131429,45.2135530999137],[10.6571347105576,45.212713721836],[10.6580981461666,45.2098468446521],[10.6560768396954,45.2119615024969],[10.651562265377,45.2100686091684],[10.65372499173,45.2084201864962],[10.655807643285,45.2093384408558],[10.6564258429215,45.2086880850533],[10.6556137297569,45.208310936019],[10.6585043825023,45.205976359082],[10.6603156048601,45.2069311897012],[10.6607739379952,45.2071728015836],[10.6583424314929,45.209335992606],[10.6581977585171,45.2094646942739],[10.6568612349631,45.2088789166924],[10.6564258429215,45.2086880850533]],[[10.6554167449295,45.2184828616062],[10.6551793914301,45.2183863045314],[10.6553094993026,45.2182248458841],[10.6553974853906,45.2178824305647],[10.6560597061427,45.2159122561703],[10.6568526131429,45.2135530999137],[10.6576130054511,45.2129040954427]],[[10.6552408888255,45.1980693622761],[10.6555773711592,45.1978903475381]],[[10.6559494510351,45.2159536614527],[10.6560597061427,45.2159122561703],[10.6564229385977,45.215775846423],[10.6568625985048,45.2155968422949],[10.6578121990519,45.2152563040934],[10.6585135371687,45.2147775651003],[10.6587060576349,45.2129991952199],[10.6576130054511,45.2129040954427]],[[10.6556546291895,45.1841554383627],[10.660854615059,45.1828766804611],[10.6606921845848,45.1824184569651]],[[10.6563742884931,45.1993243344271],[10.6566185827347,45.1995391358696],[10.6571245443669,45.1993243728825],[10.6569751571677,45.1991688062601],[10.6558514814657,45.1979986153748],[10.6530887780336,45.1951212917749],[10.6530869262888,45.1951206492448]],[[10.6568612349631,45.2088789166924],[10.6567380238809,45.2090093678752]],[[10.6603414295779,45.1977376718638],[10.6569751571677,45.1991688062601],[10.6567188354102,45.1992777717358],[10.6558328978725,45.1980146657181],[10.6558514814657,45.1979986153748],[10.6562989334797,45.1976121548445],[10.6551557411186,45.196461947545],[10.6569515094534,45.1954908743601],[10.6565588995309,45.1950974078254],[10.6597580729631,45.1939387495776],[10.663183303782,45.1924287201033],[10.6641711431574,45.1935435839384],[10.6595098754193,45.1960234652076],[10.659703434331,45.1962082926783],[10.6587633672906,45.1965699419641],[10.6579455239029,45.1968206359598],[10.6562989334797,45.1976121548445]],[[10.657137353056,45.1917060464098],[10.6582356771804,45.1931883432734],[10.6542241392064,45.1949523588503],[10.6535493306537,45.1953101219212]],[[10.6579737539303,45.2093665184852],[10.6578401260106,45.2094829422664]],[[10.6574216455553,45.1877135921323],[10.6573557167202,45.1876243363723],[10.6577893450442,45.1874420344745],[10.6556546291895,45.1841554383627],[10.6552114626423,45.1834710027509]],[[10.6580981461666,45.2098468446521],[10.6581608344435,45.209660294463],[10.6580756264086,45.2095733429069],[10.6581767800501,45.2096128427204],[10.6582904257474,45.2096572204232],[10.6580981461666,45.2098468446521]],[[10.6581608344435,45.209660294463],[10.6581767800501,45.2096128427204],[10.6582194468648,45.2094858722719],[10.6583424314929,45.209335992606],[10.6603156048601,45.2069311897012],[10.6616573708753,45.205295780683],[10.6625878633146,45.204161588408],[10.6625860233633,45.2041633350881]],[[10.6582178810092,45.2106080281499],[10.6587882134589,45.2110251418981],[10.6587060576349,45.2129991952199]],[[10.6581977585171,45.2094646942739],[10.6580756264086,45.2095733429069]],[[10.6579455239029,45.1968206359598],[10.6577963683268,45.1966692773518],[10.6579919430204,45.1965913812719]],[[10.6578146259908,45.1898629769437],[10.6583600063174,45.189578712992]],[[10.6582356771804,45.1931883432734],[10.6599447126507,45.1923924763913]],[[10.6584175950137,45.1906269605118],[10.6588343268658,45.1902115082797]],[[10.6587633672906,45.1965699419641],[10.6586391192502,45.1964455158146]],[[10.6586723512265,45.1894067605492],[10.6622238510097,45.1866850318959],[10.6610935467463,45.1862814391685],[10.6612286240173,45.1861672091233]],[[10.6587351020699,45.191093156754],[10.6592806134814,45.1908754138234]],[[10.6587842931515,45.1896796788637],[10.6589119443219,45.1896523150994],[10.6589682987775,45.1899105688909],[10.6604018099693,45.1921695699823]],[[10.658841876905,45.1897627192851],[10.6586719221961,45.1895176300735],[10.6599950666381,45.1889109374093],[10.6605866016063,45.1881656508001]],[[10.6599950666381,45.1889109374093],[10.6630474142247,45.1873986744584],[10.6622238510097,45.1866850318959],[10.6626732868384,45.1863405760058],[10.6626761295056,45.1863420147304]],[[10.6607739379952,45.2071728015836],[10.6608913158078,45.207234677066]],[[10.6620969713448,45.2047599510249],[10.6608062058203,45.2038512061665],[10.6556062088797,45.206260290639],[10.654232209665,45.2050338170158],[10.654643563847,45.2047958646337],[10.653924425668,45.2041830895213],[10.6585780197641,45.2017956657913],[10.6608062058203,45.2038512061665]],[[10.6621841172897,45.2045926062016],[10.660890481513,45.2032457363341],[10.6594340056974,45.2017292297609],[10.6571245443669,45.1993243728825],[10.6592815899654,45.1984087396306]],[[10.6608720744564,45.2004491187501],[10.6615405140951,45.1997616125438],[10.6616517006028,45.1998236786408]],[[10.660854615059,45.1828766804611],[10.6617009328739,45.1826743679013],[10.6623723687183,45.1839468596332],[10.6628991911102,45.1849452389531],[10.6630364501464,45.1852053517463],[10.6626817377234,45.185244991703],[10.6626827804538,45.1851098132196],[10.6628991911102,45.1849452389531],[10.6640932181839,45.1840371905076],[10.6640914792186,45.1840367912676]],[[10.6615405140951,45.1997616125438],[10.6620253436325,45.1991768502287],[10.6642312039281,45.2006867856965],[10.6620065613541,45.2021722887798],[10.6633546699609,45.2030151620616],[10.6625878633146,45.204161588408]],[[10.6620065613541,45.2021722887798],[10.660890481513,45.2032457363341],[10.6607577151565,45.2033734278794],[10.6590776010907,45.2019103742351],[10.6594340056974,45.2017292297609],[10.6605010563078,45.2011868823863],[10.6608720744564,45.2004491187501],[10.6608059075714,45.2003863970756]],[[10.6621290941591,45.2047207960258],[10.6624633575859,45.204964305836],[10.6618611575265,45.2053870187713]],[[10.6624633575859,45.204964305836],[10.6632828375997,45.2047112815346],[10.6646562227909,45.2056897422484],[10.6628745507943,45.2070450375085]],[[10.6623723687183,45.1839468596332],[10.663444835688,45.1837140520952]],[[10.6624955658608,45.1869000798751],[10.6626856794255,45.1867188392845]],[[10.6624825443792,45.1812582881711],[10.6629935202922,45.1812593781595]],[[10.6624825443792,45.1812582881711],[10.6626808120747,45.1820921454458],[10.6620300117786,45.1822492813033]],[[10.6632828375997,45.2047112815346],[10.6629621943926,45.2043898553358],[10.6643623481245,45.2036451621232]],[[10.6626808120747,45.1820921454458],[10.6656459162906,45.1815444214273],[10.6684482202197,45.180793293309],[10.6685540654645,45.1800417592184],[10.6655060432497,45.1791346689323],[10.664243013592,45.1791776956357],[10.6631711104814,45.1790128400383],[10.6624825443792,45.1812582881711],[10.6616247935584,45.1812789774249]],[[10.663183303782,45.1924287201033],[10.6635985818948,45.191777867625]],[[10.6630474142247,45.1873986744584],[10.663331828572,45.1876693548126],[10.6636670591299,45.1879883932383]],[[10.6633286613189,45.1961440316331],[10.6635392338538,45.1959653704357],[10.6627218814208,45.1946013138702],[10.664068673606,45.1938764408714],[10.6666067002364,45.1929585768575],[10.6674453288354,45.1939336866584],[10.666373782697,45.1943235458733],[10.6668227882026,45.1949214942796],[10.6668024042244,45.1950599637764],[10.6635392338538,45.1959653704357]],[[10.6630364501464,45.1852053517463],[10.6642178721694,45.1850989018928]],[[10.663331828572,45.1876693548126],[10.6636485249135,45.1876317187348]],[[10.6641711431574,45.1935435839384],[10.6651562230282,45.193239231581]],[[10.6643476233594,45.1973646764091],[10.6650409177693,45.1970907340925],[10.6665707281894,45.1982063964611],[10.6663968357969,45.1984664291997],[10.6649423696838,45.2006412869291],[10.6646446058117,45.2010865098446],[10.6633546699609,45.2030151620616],[10.664355108211,45.2036406358142],[10.6646692880606,45.2035734775717],[10.6653168019754,45.2031614609533],[10.6662313763326,45.2024202999111],[10.6656679692574,45.2020759833225],[10.6646446058117,45.2010865098446],[10.6642312039281,45.2006867856965]],[[10.6646562227909,45.2056897422484],[10.6651350763536,45.2056713877798],[10.6665184374994,45.2047587752949],[10.6670465101341,45.2032317461686],[10.6662313763326,45.2024202999111],[10.6667978638773,45.2017683673546]],[[10.6640932181839,45.1840371905076],[10.6655908371149,45.1836329836357],[10.6647425598077,45.1821892559082],[10.6648576693473,45.1821588657311],[10.6646364176399,45.1817314144226]],[[10.6707595480755,45.1868252947673],[10.671607495449,45.186553487872],[10.671174066043,45.1857221640364],[10.6675608184334,45.1857706740129],[10.666542021837,45.1860100784671],[10.6653026772495,45.186015207377],[10.6650603077748,45.186079192379],[10.6644046622725,45.1863893066875]],[[10.6648535801339,45.2005938191376],[10.6649423696838,45.2006412869291],[10.6667752321632,45.2016211202244],[10.6678290363352,45.2003616173657],[10.6684691509893,45.2006888814731],[10.6698408130892,45.1983102421659],[10.6683351278113,45.1974247532466],[10.6676410608832,45.1978920537378],[10.6666186228137,45.1982413240695],[10.6663968357969,45.1984664291997],[10.6656500550927,45.1992243663447],[10.6648535801339,45.2005938191376],[10.6623405370264,45.1989200602685],[10.6643476233594,45.1973646764091],[10.6634755959998,45.1965836066662]],[[10.6665599006947,45.1812644748404],[10.6648649034705,45.1806165256101]],[[10.6656500550927,45.1992243663447],[10.6658251041194,45.1993213589932]],[[10.6655908371149,45.1836329836357],[10.6664713865143,45.1833986441381]],[[10.6723752034509,45.3835190272443],[10.6714932356068,45.3829492151888]],[[10.6724112122658,45.3834913129431],[10.6715706134907,45.3829351673046]],[[10.6730815190626,45.1889218428223],[10.6726651907569,45.1889536708205],[10.6708516201993,45.1879093906997],[10.6698834797685,45.1882114124769],[10.6688292144291,45.1891882736666],[10.6669618283301,45.1899236836064],[10.6662691154865,45.1903008659097],[10.6638762241317,45.1916037257454],[10.665395630193,45.193170551994],[10.6677745991084,45.1921052954361],[10.6683825887622,45.1914162259403],[10.6673946615062,45.1903402295713],[10.6662691154865,45.1903008659097],[10.6662277363971,45.1902994185482],[10.6626732868384,45.1863405760058],[10.6626817377234,45.185244991703],[10.6618517082377,45.1853377449629],[10.6600671298649,45.1863999960505],[10.6577893450442,45.1874420344745]],[[10.66749329551,45.1958544395658],[10.6678627836791,45.1962742199437],[10.6666186228137,45.1982413240695]],[[10.6674453288354,45.1939336866584],[10.668174720552,45.1936078277229],[10.6688532731255,45.19479291728],[10.6683728045613,45.1955114809513],[10.66749329551,45.1958544395658],[10.6653574236224,45.1970240909646],[10.6633286613189,45.1961440316331],[10.66297003491,45.196131983919],[10.6625096419926,45.1957011440091]],[[10.6760887129222,45.3945333683472],[10.6753923429615,45.3940153805101],[10.6757766392847,45.3936300336387],[10.6760223938485,45.3884164297219],[10.6767824724964,45.3873788031886],[10.6772578102297,45.3870191725418],[10.6754708723306,45.386671607712],[10.6748248934687,45.3851919607462],[10.6737180596168,45.3842622081759],[10.6733902914266,45.3841959150581]],[[10.6688867906888,45.1931771490191],[10.668174720552,45.1936078277229]],[[10.6684297296393,45.1914675679518],[10.6716545842161,45.1905862355818],[10.6735314167934,45.1898966678124],[10.6727924553766,45.1882954890463]],[[10.6690507563977,45.1930849765224],[10.669196117309,45.1930439907075],[10.669003816362,45.1927326764542],[10.6691138620319,45.1926999837371],[10.6694624071516,45.1925964359046],[10.6701266255808,45.1924442323095],[10.6733382921556,45.1921705209352],[10.6729752547986,45.1930664024139],[10.6741114344627,45.1932343383669],[10.6743385150339,45.1947303902441],[10.6744948509827,45.195375778529]],[[10.6691464562241,45.1953049434823],[10.669702535821,45.1951082659075]],[[10.669196117309,45.1930439907075],[10.6696015624473,45.1936737756011],[10.6688532731255,45.19479291728],[10.6691464562241,45.1953049434823],[10.6683728045613,45.1955114809513],[10.6678627836791,45.1962742199437],[10.6687103205042,45.1972370892104],[10.6701036578188,45.1964337433436]],[[10.6696734320354,45.1935648359057],[10.6696015624473,45.1936737756011],[10.6697542471696,45.1939620139425],[10.6702252843692,45.1945639446817],[10.6710993361111,45.1950077707051],[10.6719483159533,45.1949079051808],[10.6723858019801,45.1949889350844],[10.6743385150339,45.1947303902441],[10.6755138018011,45.1943569251103],[10.677322717384,45.1932584538369],[10.6795169995142,45.1914062139128],[10.6779806146442,45.1905544332248],[10.6773340162703,45.190369629418],[10.6764503587361,45.1899097998235],[10.6747914629656,45.1901867405135],[10.6736720915759,45.1905901437265],[10.673610662658,45.1913067320417],[10.6733382921556,45.1921705209352]],[[10.669677158359,45.1935607116775],[10.6696739866287,45.1935655785564],[10.6691138620319,45.1926999837371],[10.6684565098343,45.1916840990986],[10.6683825887622,45.1914162259403],[10.6686209502709,45.1914145104341]],[[10.6745928909483,45.337149936783],[10.6765308772756,45.3377301878972],[10.682131945234,45.3399788139245],[10.6835455756654,45.3418337384337],[10.6835658415325,45.3421553065965],[10.6826319852261,45.3423669254476],[10.6799677096427,45.3433942506063],[10.6796608845417,45.3434106631169],[10.6831236057896,45.3468296850942]],[[10.6710816767417,45.1873290474746],[10.6707169434654,45.1867586678783],[10.6691524198109,45.1874767283229],[10.6684403885371,45.1880455806078],[10.6656388682684,45.188574403483],[10.665228768367,45.1876333307785],[10.6643462832927,45.1863011787249],[10.664341635639,45.1853038163965],[10.6652985165478,45.1850351094556],[10.6661079635636,45.1845267446586],[10.666415753501,45.1841940940681],[10.6670572860338,45.1829541332629],[10.6677112166109,45.1823487161338],[10.6679271387689,45.1822160256996],[10.669543183474,45.1819419699359],[10.6702203753469,45.183594450216],[10.6708948227419,45.1838997876329],[10.6716597716629,45.1856911622474],[10.6719464135073,45.1863162351497],[10.6727249234161,45.1880138373407]],[[10.6715533122079,45.1864495650983],[10.6719464135073,45.1863162351497]],[[10.6716597716629,45.1856911622474],[10.6736783965399,45.1850248465199]],[[10.6747914629656,45.1901867405135],[10.6744739334263,45.1912276878275],[10.6743702063747,45.1923756048],[10.6741114344627,45.1932343383669]],[[10.7038661990261,45.3935985001717],[10.702947405176,45.3936549553268],[10.6992175145841,45.3950422892186],[10.6984338861956,45.3951317807242],[10.6972418028151,45.3935772476624],[10.6965819190517,45.3939634723837],[10.6958836783151,45.3938484289684],[10.6950274528341,45.3941801773854],[10.6936982846775,45.3940671015556],[10.6933009264079,45.3940707736131],[10.690982038071,45.3925275702766],[10.690399690401,45.3920094865955],[10.6889829250566,45.3894146932218],[10.6884772231297,45.3893855296422],[10.6873079952692,45.3869294220228],[10.6872252220795,45.3863578662577],[10.6878259790828,45.3800280272423],[10.6883158047867,45.379871257878],[10.6878903218199,45.379126199708],[10.6879211288523,45.3786839534543],[10.6891742585271,45.378432483229]],[[10.6933034126338,45.3940730062633],[10.6925292525278,45.3940779008359]],[[10.6997143458329,45.3990304603188],[10.6995123538373,45.4001722835259],[10.6999571591266,45.4027320220853],[10.7000492828594,45.4068707156068]],[[10.6751177843367,45.3950163452616],[10.6751838213254,45.3950845794624],[10.6753023291855,45.3950290850108],[10.6752301740987,45.3949615585174],[10.6751177843367,45.3950163452616]]]}}]}