{"type":"FeatureCollection","features":[{"type":"Feature","properties":{"NOME":"SORIO D","ZONA":"Colli Morenici"},"geometry":{"type":"Polygon","coordinates":[[[10.6877073337436,45.3536419349973],[10.6786610638816,45.3536138986661],[10.6721729015805,45.3547083012708],[10.6686998614346,45.3549076653327],[10.6658975991562,45.3556147024839],[10.6556598423371,45.357023882225],[10.653489489481,45.356861826264],[10.6532365743817,45.3573830617645],[10.6527733890428,45.3578083284967],[10.6505337352751,45.3582818065101],[10.650366839419,45.3584147390926],[10.6501482659602,45.3593495257652],[10.6502402910396,45.3607568859706],[10.650585675857,45.3622595946354],[10.6505427393029,45.3637454165566],[10.6499007957375,45.3641732566868],[10.649603429642,45.3646501196968],[10.6421096417089,45.3651992690932],[10.640857503572,45.3647312160694],[10.6400933519932,45.3646341872705],[10.6383058491044,45.3649704076137],[10.636969619698,45.3656241708277],[10.6350679130721,45.3653228932237],[10.6343902509892,45.3656791480831],[10.6336921465712,45.3668773049937],[10.6327390048339,45.3675345339272],[10.6305779608947,45.3674304174377],[10.6294785030313,45.3679411899259],[10.6278350349453,45.368185176733],[10.6273991359368,45.3684029224083],[10.6263612931732,45.3683367087952],[10.6261284448259,45.3686775732591],[10.6263500181303,45.3692234886843],[10.626077323629,45.3695109130914],[10.6256027066191,45.3694366645262],[10.6248367898073,45.3688894985557],[10.6235532513952,45.368939273405],[10.6234107085481,45.3690898210243],[10.6235047276618,45.3700876172113],[10.6229391496382,45.3707392485555],[10.6223165487389,45.3710721453409],[10.6220300332257,45.3716027891155],[10.6197956562844,45.3722331090969],[10.6177152967104,45.373171742878],[10.6164320680485,45.373459964292],[10.6153703863497,45.374352615943],[10.6153135365828,45.374542445433],[10.6164818121531,45.3758760809091],[10.6161621371273,45.3767582252566],[10.6164787793447,45.3778968914649],[10.6162589850938,45.3782510515959],[10.6154633114973,45.3789014035242],[10.6158177243016,45.3794049520581],[10.6154498442245,45.3799412314341],[10.6155673703748,45.3804796382034],[10.6153082177927,45.3811899008537],[10.6130405958796,45.3828556939274],[10.6136732558693,45.3829817668457],[10.6144618583699,45.3829211045683],[10.6151502089676,45.383208402862],[10.6154672126036,45.3835189564616],[10.617108006492,45.3837792528102],[10.617641640416,45.3837356837323],[10.618790162966,45.3832513343699],[10.6216358113895,45.3837690027135],[10.6221104899695,45.3836182362962],[10.6233808395513,45.3826505460929],[10.6250959832252,45.382162570867],[10.6252318334249,45.3834478055532],[10.6266277935194,45.3843550360303],[10.6281105578797,45.3848919622064],[10.6289644957504,45.3862704579768],[10.6289850672802,45.3866527141842],[10.6291920371108,45.3867982785104],[10.6297179233866,45.3868177721448],[10.6311424645144,45.3857172765066],[10.6330333814897,45.3855102069852],[10.6333432414814,45.3850152074087],[10.6358560150101,45.3852222433057],[10.6366152475321,45.3859134488622],[10.6369784915308,45.3854986847622],[10.6379437990861,45.3861374178125],[10.6384404612571,45.3854777021095],[10.6389735751227,45.3862441470253],[10.6387550105202,45.3863057944967],[10.6393688871416,45.3870485750156],[10.6395982351704,45.386973270406],[10.6412001187111,45.3885839556735],[10.6417264976988,45.3896115189753],[10.6426161357702,45.3895087044142],[10.6428801845698,45.3904095212846],[10.6421646834171,45.3906808541057],[10.6421966915432,45.3914544948769],[10.6413933312163,45.3929377446485],[10.6434459150653,45.3970847431058],[10.6434746728958,45.3975253860877],[10.6430075675531,45.3978291512767],[10.6451859392964,45.4001380673126],[10.6452064398768,45.4006238344081],[10.6444763462906,45.4025966110263],[10.6445175065018,45.4045087633095],[10.6456254973598,45.4066350635852],[10.647648659351,45.4089191648378],[10.6483744634591,45.4095432629632],[10.649024309031,45.4098624154537],[10.6528498897472,45.4108962061904],[10.6540959321091,45.410734132703],[10.6557431325552,45.4101971779941],[10.6558871094339,45.4105866389692],[10.65526187336,45.4141151571757],[10.6545521287789,45.4155206268158],[10.6541806958915,45.4156025218701],[10.6550890732888,45.4160345269703],[10.6555544759912,45.4167073610922],[10.6560004863381,45.4168809122247],[10.6564132723913,45.417775032614],[10.6569290837835,45.418204096949],[10.6571445591429,45.4185790137116],[10.6571165265782,45.4193130095737],[10.6559126106809,45.4211937121821],[10.6563778243284,45.4220631931509],[10.6584753106903,45.4219939773848],[10.6600597088807,45.4222229317622],[10.6615425249316,45.4221968877463],[10.6635502718547,45.4224642912019],[10.6626328357104,45.4247909409167],[10.6628018686185,45.4261386411718],[10.6627466261839,45.4268685340076],[10.6632000640886,45.4270194453524],[10.6632858748333,45.4272207184994],[10.6630863593213,45.427934711902],[10.6633229916157,45.4280482768962],[10.6645562607709,45.4283643268245],[10.66601233854,45.427491862171],[10.6671753582951,45.4263992471335],[10.6690275303857,45.426516189356],[10.6698650085597,45.4260898876135],[10.6714150644382,45.4257161521724],[10.671691803023,45.4258512344288],[10.6717723357195,45.4260512913241],[10.6722600789318,45.426032311229],[10.6729370117479,45.425689348693],[10.6739643739179,45.4255797712439],[10.6745184440516,45.4251890958144],[10.6747527453107,45.4252822005783],[10.6757830866774,45.4247294782599],[10.6760684792587,45.4247789123188],[10.6772460310163,45.4255722343033],[10.6801531213451,45.4240846480425],[10.6804817614244,45.4240839293529],[10.6818492259628,45.4246668559512],[10.6825877271299,45.4248137993374],[10.6840014810017,45.4242214446964],[10.6858704352961,45.4239913238608],[10.6873514103506,45.4231818398508],[10.6891601666133,45.4224889988117],[10.6901223974896,45.4242295825635],[10.690752651213,45.4245491666819],[10.6914655728772,45.4244080852762],[10.6917751846354,45.4237014110696],[10.6925536832081,45.4237911917009],[10.6937876881954,45.4230909868284],[10.6943211832797,45.4231759271234],[10.6951963340299,45.422484997773],[10.6965704894058,45.4219020078792],[10.6971242725706,45.4218438863528],[10.6976573184376,45.4222500079457],[10.6975151867754,45.4232107388858],[10.6976820549122,45.4233325095598],[10.6989571986831,45.4226900979059],[10.6997410401639,45.4228267170691],[10.7005299217667,45.4226707915016],[10.7010337026991,45.4229104884002],[10.7022055681313,45.4215795598296],[10.7034030269334,45.4207560912943],[10.7049905423054,45.4199942903364],[10.7065801757226,45.4195159697879],[10.7113264747667,45.4187652994734],[10.7138689388956,45.4180475552294],[10.7153361754154,45.4170668881971],[10.7160164366224,45.4161610459423],[10.7165450378158,45.4146274002856],[10.7171453125309,45.4121925593684],[10.7169734550634,45.4106874535037],[10.7161316851998,45.4093724471944],[10.7159974343287,45.4084743513711],[10.7161426311248,45.4076260593111],[10.716399401559,45.4072441476166],[10.7171586772976,45.4068411733369],[10.7172936346069,45.4065511055716],[10.7191388289216,45.4059832489097],[10.7193230434753,45.4055799222037],[10.7192758624195,45.4049730549288],[10.7185323316837,45.4029995007482],[10.71839509901,45.4020564449872],[10.7177073460765,45.4016032406886],[10.7169023346272,45.3987574871358],[10.7158532842391,45.3966039864211],[10.7148040901038,45.3954451070848],[10.713570410234,45.3946265318541],[10.7125781822419,45.3941868698048],[10.7092761353534,45.393142742255],[10.7048340539742,45.3919400351682],[10.702042388009,45.3909195744739],[10.7003573404804,45.3899446538112],[10.6993687734341,45.3891638470561],[10.6975754104589,45.3870477309512],[10.6965688805392,45.3856641004867],[10.6957545423229,45.3840081491788],[10.6958000867163,45.3830964561427],[10.6960109623266,45.3822336314601],[10.6964754701762,45.3813285422207],[10.6997376525076,45.3765880313201],[10.6994365905792,45.3759714325896],[10.6993736337986,45.375522309614],[10.6994935070761,45.3750479612521],[10.6997191917488,45.3748015675374],[10.7009020726487,45.374374386569],[10.701562757619,45.3736759448507],[10.7026315029451,45.3729579079605],[10.7034395149958,45.3715326585943],[10.7044246566066,45.370743842517],[10.7059301669167,45.3701677689159],[10.7066963622768,45.369319197713],[10.7082388121386,45.3688055493049],[10.7095413231472,45.3686465221723],[10.7118903058144,45.3688363336393],[10.712127789547,45.368454719174],[10.7142313505592,45.3682881163699],[10.7145878814389,45.3676211701695],[10.7121757289743,45.3654971006851],[10.7106910777227,45.3644889792082],[10.7104706365448,45.3644115696264],[10.7092547287279,45.3649810187897],[10.7090110406364,45.3648786640547],[10.7090443144871,45.3644859464552],[10.7099800650627,45.3641009077198],[10.7100206823964,45.3639518916372],[10.7088722696539,45.3642659123228],[10.7082112891376,45.3632899613335],[10.7070315416168,45.3635620303086],[10.7068934317362,45.3629704671579],[10.7072228239551,45.3629231363586],[10.707176490627,45.362383203322],[10.7066063003937,45.3624235349065],[10.7055685283587,45.3629160758464],[10.7051813491349,45.3620420193898],[10.7045831270574,45.3611499138531],[10.7040612205598,45.3612955160269],[10.7034038590664,45.3604360896095],[10.7038183236885,45.3602178905951],[10.7027232919944,45.3588031664392],[10.7008302337738,45.3588526003575],[10.6995590902133,45.3590835507111],[10.6994002226216,45.358799702981],[10.6990279810904,45.358921851883],[10.6987626417833,45.3585971863309],[10.6983024457955,45.3587948462058],[10.6961001376844,45.3565484890829],[10.6960634245239,45.3563264233239],[10.696315425979,45.3555625372384],[10.6952791801161,45.3550379402527],[10.6877073337436,45.3536419349973]]]}},{"type":"Feature","properties":{"NOME":"NON SERVITA","ZONA":"Colli Morenici"},"geometry":{"type":"Polygon","coordinates":[[[10.5521124718477,45.3867922832167],[10.5514676175185,45.3885015829444],[10.5501177008358,45.3883491264688],[10.5500902866424,45.3905351609347],[10.5483626587987,45.3901296066948],[10.5449389482722,45.3890266729793],[10.5437482141283,45.3898534277197],[10.5429858168303,45.3899447400215],[10.5416272243712,45.3903376704529],[10.539289144637,45.3924132270131],[10.5400595994902,45.393315658938],[10.5416281236485,45.3947630149227],[10.5429727002343,45.3956132899094],[10.5448640432704,45.3965354954843],[10.5446794907327,45.3965354296935],[10.5430079571272,45.3975483787302],[10.5425504828938,45.3980282597763],[10.5416463867405,45.3986203810093],[10.5421012838327,45.3987452139893],[10.5432739356074,45.3985019527322],[10.545652832086,45.3975870985514],[10.5470160357287,45.397625092894],[10.5514172830108,45.3968828536284],[10.5525973399352,45.3969479168089],[10.5540527296821,45.3974259183847],[10.5549471009682,45.3975687142345],[10.5585340191197,45.3967526076992],[10.5613579176737,45.3967987157803],[10.5622053210574,45.3966229076103],[10.5635999058551,45.3960829375591],[10.5655260903747,45.3974192529292],[10.5665145591575,45.3978197536523],[10.568894675289,45.3996359695472],[10.5726684092411,45.3965999186312],[10.5813109758495,45.3969885910102],[10.5848534806055,45.3979186232886],[10.5849467128891,45.3998186919947],[10.5848708880599,45.401664658198],[10.5850244831255,45.4023373681097],[10.5837745913234,45.402708822333],[10.5808605613816,45.4038808116735],[10.5818964750905,45.4051058044659],[10.5829010675595,45.4079451992411],[10.5833035504764,45.4085297815062],[10.5833147061795,45.4086681869192],[10.5831567783555,45.4087524883686],[10.5822127293465,45.4088630882968],[10.5813805109239,45.4091953664512],[10.5834257714282,45.4117278111494],[10.5795314718237,45.4134291157694],[10.5766412182122,45.4143004453698],[10.5752296070926,45.4148946942865],[10.5744101105266,45.4150342913554],[10.573680286354,45.4155164817247],[10.5715195381765,45.4176066811932],[10.569378952785,45.4193783782741],[10.5647014085062,45.4223061307914],[10.5634397312787,45.4235909763319],[10.5591588067374,45.4238121660385],[10.5582558760776,45.4234421664854],[10.5548408421357,45.4224804295346],[10.5539841432493,45.4230657193507],[10.5533707442706,45.4237875412325],[10.5529074069606,45.4248585508014],[10.5522119113425,45.4258105404149],[10.5516138358107,45.4272498409468],[10.551511937944,45.428020818098],[10.5512803703515,45.4284335138678],[10.5518387423539,45.4288084734126],[10.5503004497928,45.4303876121996],[10.5486811531954,45.4327173025874],[10.5491485884854,45.4334387282663],[10.5491637424229,45.4337259067473],[10.548032256216,45.4348625567097],[10.5456625966774,45.4387050461684],[10.5430274163327,45.4420455865068],[10.5426284202163,45.4423845470332],[10.5420300987187,45.4434343908562],[10.5417392787884,45.4442696009587],[10.5415591663866,45.4453857495198],[10.5490623949253,45.4439986552641],[10.5497728977532,45.4451847322925],[10.5500954120223,45.4455139240495],[10.5509983924611,45.4454760046803],[10.5508140598593,45.4464638192373],[10.551113463716,45.4480762794814],[10.5517399834792,45.449386647569],[10.5512675261366,45.4507683970611],[10.5511768885135,45.4511853064458],[10.5512922998603,45.451671262273],[10.5510835249845,45.4523001806721],[10.5506371435925,45.4527732396534],[10.5496044420111,45.4534030766051],[10.548021197866,45.4552309534978],[10.5471849728281,45.4563815519296],[10.5470659946384,45.4570964877913],[10.5479775113096,45.4573549582309],[10.5502932308762,45.4563865930873],[10.5506414267404,45.4567837022823],[10.5513529756346,45.4580005425508],[10.5510401566756,45.458559028291],[10.5513734236532,45.4592828383671],[10.5516587355661,45.4593101343375],[10.5519341884951,45.4603122276559],[10.5525754757711,45.460826955956],[10.5526635547933,45.4611131403393],[10.5524244021133,45.4611677095226],[10.5530280656103,45.4621704693669],[10.5516811885958,45.4627840706628],[10.5517510599017,45.4632039302726],[10.5524349272718,45.4642056021839],[10.5517845157438,45.4649534249819],[10.5522958307493,45.4657176958212],[10.5568304878797,45.4643130918796],[10.5607857511901,45.46336799543],[10.5620997905299,45.4628954748549],[10.5652528663074,45.4622042225113],[10.566039802364,45.4621165433527],[10.5664906082414,45.4623762158246],[10.566696659977,45.4623370592662],[10.5671094786906,45.4625085503622],[10.5683774434016,45.4623323678901],[10.5684664226051,45.4622546370591],[10.5677044430213,45.4623371089761],[10.5676649130133,45.4621801343443],[10.5688363932932,45.4614709653597],[10.5702689369037,45.4609517180719],[10.5719544317689,45.4606179910417],[10.5748255632952,45.4603174001267],[10.5764137617932,45.4604121184418],[10.5767410613769,45.4606821307484],[10.5787359168645,45.4609923997751],[10.583066158792,45.4611260036438],[10.5834020514986,45.4609769470507],[10.5860625932736,45.4619481132759],[10.5878274381448,45.4629046818171],[10.5891297224001,45.4638991695042],[10.5912010015519,45.4647749086655],[10.5916144995561,45.465093179412],[10.5916890544089,45.4663207782491],[10.5922808421303,45.4670641076721],[10.5927970150888,45.4675069552192],[10.5951762046944,45.4687473649185],[10.5956743982098,45.4691184423983],[10.5960655373274,45.4696620347353],[10.5971417555863,45.4703985616581],[10.5980351469696,45.4715111808802],[10.5984781992532,45.4719100212754],[10.5991319516487,45.472238399533],[10.6009936644178,45.4728693695099],[10.6014123871147,45.4732550376771],[10.6022794124425,45.4737154199755],[10.6033529809914,45.4738852427655],[10.6041093655907,45.4736585883675],[10.6045915634476,45.4732377628567],[10.6039367121016,45.4719148194558],[10.6046246066193,45.4716032346214],[10.6057263573074,45.472951390158],[10.6036485556932,45.4741274354718],[10.6048602492297,45.4742687201274],[10.6053036285721,45.4745640178465],[10.6063223838937,45.4754092774981],[10.6068895124,45.4757253295527],[10.6070962586291,45.4761904705693],[10.6069399176726,45.476372692457],[10.6072171820573,45.47633728452],[10.6071259390117,45.4765590932807],[10.6072186753953,45.4769971479165],[10.6074433582425,45.4769060426607],[10.6076746726848,45.4770149156562],[10.6078490232309,45.477858553725],[10.6079493003846,45.4810434953831],[10.6077992814633,45.4812796348031],[10.6077337249828,45.4826847136695],[10.6081254242261,45.4851499675041],[10.6084677017934,45.4861037493652],[10.6084447199791,45.4868691571929],[10.6079248539379,45.489171736199],[10.6073346382799,45.4910837587098],[10.6072671644664,45.4912422267592],[10.6069903378037,45.4912956300512],[10.6067234283601,45.4915289136397],[10.6068269305408,45.4919054980687],[10.606306272548,45.4919353301976],[10.6061216774844,45.4920819448753],[10.6063894935012,45.4922176894276],[10.6062749411603,45.4925208347312],[10.6057237072385,45.4930506493128],[10.6057465482689,45.4936848975915],[10.6051052973461,45.4943689924646],[10.6040887449097,45.4947388240662],[10.6011224536911,45.4962521413963],[10.6005522082245,45.4966786861278],[10.6014548140788,45.4975346171372],[10.6023404493513,45.4980172384369],[10.6025388497382,45.4988065389324],[10.6040026836676,45.499591559788],[10.6039515006323,45.4999298152857],[10.6042220368727,45.5000475259755],[10.6042458291301,45.5004342331036],[10.6054276723933,45.5014842255625],[10.6054365666279,45.5017406272406],[10.6059452370316,45.5025751395154],[10.6064588931476,45.5028455333504],[10.6070195789318,45.502595262633],[10.6074403967947,45.5023006414345],[10.6079475063106,45.5011250948925],[10.6078877702965,45.5002078378288],[10.6076937910782,45.4999135393457],[10.607601585011,45.4994287855492],[10.6076256604777,45.4985328494407],[10.6079770004515,45.4975557946168],[10.60862680613,45.4966105350416],[10.6083760969601,45.4952234179972],[10.6083763072702,45.4944448310329],[10.6089886802587,45.4929735392517],[10.6093108372707,45.4925154337312],[10.6081889697191,45.4924177495455],[10.6086569907587,45.4923931509069],[10.6089047658304,45.4921061269798],[10.6088102179755,45.4919319408958],[10.6089141496177,45.49181796344],[10.6092875035013,45.4918397019197],[10.6094116328587,45.4915364185837],[10.6092127874044,45.4908461468105],[10.609569349075,45.4905035811405],[10.6095267993155,45.4903016590949],[10.6101523651059,45.4898562866405],[10.6108024990432,45.489599585054],[10.6115502582552,45.4890084637203],[10.6114200149512,45.4888167819091],[10.6107589819309,45.4886910993029],[10.6108263447722,45.4875200197441],[10.6111215872672,45.4876312287785],[10.6114239530829,45.4873855690401],[10.6112614471236,45.4872344660402],[10.6108678249634,45.4872359027943],[10.6108735937471,45.4867092640387],[10.6107558716532,45.4862833786544],[10.6105870772646,45.4861417453304],[10.6106420387157,45.4857134224543],[10.6105318715937,45.4853279347814],[10.6102751026897,45.4847374926019],[10.6096207211589,45.4839456358049],[10.6094207052625,45.4834939068984],[10.6094022616731,45.482229527257],[10.6095921561506,45.4807551857266],[10.6098472214543,45.480333040817],[10.6106142570344,45.4777299298529],[10.6109503205045,45.4772886374152],[10.6112906436612,45.4747545496455],[10.6112551247684,45.4725002981925],[10.6115726017033,45.4713526869075],[10.610768272986,45.469559339249],[10.6112991718732,45.4684942249162],[10.6121366699349,45.4673032633141],[10.6124340359142,45.4662369410314],[10.6131033413809,45.4655974107242],[10.6140522219273,45.4650619339155],[10.6144647140149,45.4650606000897],[10.6150661199228,45.4646200409265],[10.6151343680981,45.4644345537739],[10.6158447261054,45.4645055060319],[10.6181162445209,45.4634247000089],[10.619729859806,45.4629337542784],[10.6210185791097,45.462766938717],[10.6211791660145,45.462512628648],[10.6220780334025,45.4623558391286],[10.6226208054373,45.4623432414203],[10.6228948581513,45.4625425214653],[10.624577599301,45.4625408065171],[10.6247471873812,45.4624888860496],[10.6241487412467,45.462083357689],[10.6264802400407,45.4617621183267],[10.6270932603816,45.461618363227],[10.6274361397238,45.4613659456447],[10.6290346248714,45.4609650944756],[10.6294716010786,45.4609989804791],[10.6298966397382,45.4614426244929],[10.6303168586348,45.4613518288797],[10.6303050149921,45.4611629771043],[10.6327263565173,45.4614250117642],[10.6355256822641,45.4622445239446],[10.6370328715921,45.4629429946146],[10.6374009471313,45.4632302473465],[10.6380143472719,45.4633462465007],[10.6385360851928,45.463227455764],[10.6382190027334,45.4635203662229],[10.6384648222501,45.4633998782147],[10.6391148795837,45.4629899975506],[10.6394673309053,45.4624628746727],[10.639454596463,45.4614729442918],[10.6401087802409,45.4603249139284],[10.6403984005646,45.4601677335836],[10.6404302260116,45.4599422495931],[10.6411533722122,45.4592432732965],[10.6411105743731,45.4590908706299],[10.6415797347581,45.4584000446004],[10.6431295134397,45.4573201181431],[10.6430983763276,45.4570190321435],[10.6425794000204,45.4565449480223],[10.6424791601253,45.4562313538749],[10.6431308246705,45.454835813039],[10.6438246320638,45.4542857585607],[10.6443671289069,45.4532608243962],[10.644724604792,45.4528551264182],[10.6452028090098,45.4525331964441],[10.6457923920387,45.452358175667],[10.6475365959375,45.4509918514864],[10.6474840378138,45.4506145655447],[10.6469193764667,45.4502176696368],[10.6468659053921,45.4498088938934],[10.6481092715151,45.4486478100377],[10.6467480491265,45.4478483662241],[10.6451708504277,45.4474404316734],[10.6431348899942,45.4471668638353],[10.6434913067132,45.4456810578678],[10.6444360851009,45.4449158593053],[10.6444396512334,45.4447087840205],[10.6443000522953,45.4445802802054],[10.643679499717,45.4442921852967],[10.6385073877693,45.4441501616181],[10.6364093823482,45.4438698775867],[10.6350003270999,45.443975437665],[10.6314113886695,45.4437706537878],[10.6310557827764,45.4426911093275],[10.6300276032149,45.4421207323692],[10.6293551028413,45.4420399460485],[10.6271074730788,45.4422475372541],[10.6263651121216,45.442721674527],[10.6263190669707,45.4431768839704],[10.6247557576641,45.4439507410228],[10.6241901957864,45.443887164093],[10.6237902441313,45.4434293014606],[10.623682028927,45.442944784741],[10.6231489972229,45.4421377719842],[10.6246813504892,45.4415669013986],[10.624514289733,45.441064211811],[10.6240260517572,45.4411216759952],[10.6235357470193,45.4401880419349],[10.6241439436092,45.4379921295707],[10.6259324000482,45.4383499151484],[10.6271915492149,45.4383762629087],[10.6271154329588,45.4381748241434],[10.6272810754459,45.4375275826877],[10.6269932503993,45.436961466498],[10.6267888963017,45.4347680760644],[10.6225712168622,45.434666387302],[10.6222131583938,45.4330100605386],[10.6224080521485,45.4326320941946],[10.6217700477803,45.4307260257019],[10.6204193005168,45.4309658937293],[10.6205440824789,45.4303468228724],[10.6199750469425,45.4303979958713],[10.6198548050543,45.4301088673004],[10.6190401373042,45.429742385446],[10.6166070803347,45.4294548416453],[10.616509891193,45.4288384283925],[10.6158918027089,45.4280100825288],[10.6143410380323,45.4283641525578],[10.6136073696364,45.4265944914693],[10.6133914009363,45.4264375491827],[10.6121608238934,45.4265124290819],[10.611789628004,45.4256977468355],[10.6092117719329,45.4256786902234],[10.6100465244457,45.4243529453336],[10.6097063302696,45.4230118951978],[10.609018847739,45.422490527164],[10.6086258642517,45.4213124250611],[10.6082877220591,45.4208266321713],[10.6080845499487,45.4208244273142],[10.6075696711675,45.4204928867091],[10.6056726934631,45.418532176897],[10.606256557458,45.4183889433724],[10.6055336541882,45.4176295236714],[10.6029929311309,45.4185698529765],[10.6025236480792,45.4175796571201],[10.6023917406934,45.4168506458417],[10.602546368155,45.4154915251019],[10.6023168671554,45.4152309323376],[10.5980291786144,45.4154360235009],[10.5976581393789,45.4153587727228],[10.5970809287417,45.4147458909765],[10.5945015675351,45.4154201543553],[10.5938775984963,45.4156911525399],[10.5938886978045,45.4155942629522],[10.5935968518468,45.415598339106],[10.5937299783389,45.4150339933323],[10.5931291650001,45.4151107688339],[10.5915588108527,45.4149477758058],[10.5895319831181,45.4140281073618],[10.5892115871109,45.4136905377915],[10.5879352675779,45.4133264284857],[10.5864546900271,45.4121728433816],[10.5856807665566,45.4107407387916],[10.5849082188841,45.4102177863806],[10.5846701665068,45.4097088989076],[10.5849226083034,45.4086848349425],[10.585305285192,45.407895622647],[10.585618505185,45.404689501302],[10.5870177006459,45.4033987844291],[10.5886004757998,45.4027105489289],[10.5894136663971,45.4025560723476],[10.5893345814209,45.4021536216364],[10.5895886298334,45.4019013901834],[10.5899482763491,45.4008771842648],[10.5903389597618,45.4005722620022],[10.5916261911136,45.4000272191987],[10.5924180656191,45.3998338640941],[10.5923795759703,45.3994175198542],[10.591676269561,45.3993669846782],[10.5908576056935,45.397191337351],[10.5904612966718,45.39672363884],[10.5882842640974,45.3949642572976],[10.5883322614901,45.3945153870493],[10.5884176894667,45.3944133503192],[10.5892257285704,45.3947514239667],[10.5897662810536,45.3948060788861],[10.5908507580609,45.3944617168878],[10.5919174831827,45.3945390680395],[10.5945993448874,45.3960179824923],[10.5971647552869,45.3967502033902],[10.5972559846305,45.3962694996059],[10.597615916677,45.3963686958607],[10.5981573065837,45.3962668085735],[10.59990632525,45.3952424009864],[10.6007561560557,45.395034276982],[10.6008684179733,45.3939859322627],[10.6012374293068,45.3934339604568],[10.6018516345223,45.3928166136056],[10.602412608052,45.3925967284164],[10.6017643498573,45.3922358355449],[10.6004854126623,45.3903775223546],[10.5987187326808,45.3886661683403],[10.5979806032299,45.3875360379585],[10.5978679018409,45.3868766686527],[10.5976133916083,45.3863446624086],[10.5969952559493,45.3857142312527],[10.5955723416841,45.3850815522811],[10.5937789455984,45.3853541475704],[10.59077201122,45.3850000553643],[10.5872513079525,45.3838024203062],[10.5847702198639,45.3832923344203],[10.5824441046399,45.3823839934738],[10.5814475208696,45.3812861634522],[10.5805656781652,45.3808663251274],[10.5800459564441,45.3807790103887],[10.5800806126943,45.381048566398],[10.5797790000891,45.3821418855047],[10.5741163543957,45.3831382226847],[10.5738980032929,45.38326724783],[10.5737745143134,45.3838225217545],[10.5735945906899,45.3839555182824],[10.5709303457053,45.384437750042],[10.5690924924543,45.3853001210644],[10.5676194664414,45.3857884089643],[10.5667613800886,45.3865157760489],[10.5662348373394,45.3873961116591],[10.5656485625902,45.3877912004869],[10.5626001036108,45.3886520525525],[10.5596139681479,45.3896919970946],[10.5587658611477,45.3896270637382],[10.5580134944632,45.3893852960385],[10.5555690880602,45.3880594340864],[10.5521124718477,45.3867922832167]]]}},{"type":"Feature","properties":{"NOME":"CAUZZI","ZONA":"Colli Morenici"},"geometry":{"type":"Polygon","coordinates":[[[10.675056516976,45.3542265150243],[10.6745558430367,45.3522836233502],[10.6713659769491,45.3525936679854],[10.6713607418905,45.3528740850524],[10.6693988263504,45.3529776888947],[10.6695283734959,45.352532615332],[10.6693640329927,45.3524718363965],[10.6694041013572,45.3521678445715],[10.6678646555754,45.3522070470235],[10.6678037937139,45.3516656757598],[10.6680298363601,45.3507506588758],[10.6654552255532,45.3510537995976],[10.6658668411736,45.3519437115741],[10.6638823123892,45.353135891004],[10.6632945985987,45.3523982385825],[10.662759143163,45.3525501718436],[10.6614622239968,45.3509129475798],[10.6618996275692,45.3507548680634],[10.6611852983456,45.3499904341377],[10.6606278597669,45.3503767872962],[10.6598502945959,45.3495465484141],[10.6602137355581,45.3493281261532],[10.6597352170253,45.3489131099883],[10.6595649051499,45.3490329941742],[10.659179116287,45.3488629540305],[10.6586005855036,45.3500306610847],[10.6583601435239,45.3498435390756],[10.658038976296,45.3492101539936],[10.6569086643294,45.3495143264675],[10.6567165199219,45.3490876646311],[10.6572781786193,45.3490213557491],[10.6574411479688,45.3480584076661],[10.6567374096638,45.3481954796529],[10.655885446837,45.3480889017151],[10.6556878674986,45.3482378918062],[10.6547603562008,45.3477181688624],[10.6534814073564,45.3479612630035],[10.6530081183577,45.3483747509325],[10.6527383217008,45.3477148216161],[10.6536021072226,45.3472486347657],[10.6534730025821,45.3469612823041],[10.6529244508624,45.3471960651833],[10.6528603079817,45.3468662709892],[10.6524052282503,45.3461370977202],[10.6517938747435,45.3459946308353],[10.6523159956469,45.3438552208537],[10.6513127565615,45.3439280001926],[10.650317683299,45.34350949096],[10.645202005142,45.3441338337336],[10.6436251328639,45.343960623117],[10.6437165582008,45.3434906260361],[10.6435967888861,45.3425178509721],[10.6438502482526,45.3422591322535],[10.6441801408679,45.3404916137483],[10.6432761485328,45.3408558841782],[10.6429579897121,45.341129846952],[10.6421777771442,45.3407327258038],[10.6407439209373,45.3411223819827],[10.6406073509801,45.3408200047115],[10.6407122504225,45.3407808402781],[10.6404048078354,45.3403209145409],[10.6394524169124,45.3406878905384],[10.6390412944361,45.3401277079669],[10.6394061719896,45.3400739721077],[10.6387266696002,45.3382188026411],[10.6394617510819,45.3377846968541],[10.6392797313628,45.3364505285498],[10.6404563427007,45.336090985479],[10.6410901020172,45.3360425298496],[10.6410208697799,45.3356272140636],[10.6406878141204,45.3354865728141],[10.6406007968822,45.3352882362769],[10.640825504791,45.3351861371452],[10.6408925579797,45.3353733156849],[10.6413512416627,45.3355086117202],[10.6420797052092,45.3352517212073],[10.6449397600031,45.3349043260842],[10.6454436237049,45.3347319581099],[10.6458499626889,45.3344179599588],[10.6463363320047,45.3337345938138],[10.6469604462046,45.3334366694431],[10.6461937439148,45.3324959280132],[10.647154233797,45.3319972808205],[10.6478121834993,45.3318893069356],[10.6486032955495,45.331418600124],[10.6497813958924,45.3309974639575],[10.6503545997861,45.3304648239212],[10.6515670349911,45.3303467841184],[10.6521596825488,45.3299670638552],[10.6531380394571,45.3298030932359],[10.6555618005781,45.3297979021451],[10.6563742159858,45.3290112119559],[10.6568413602166,45.3281942671029],[10.6581980005733,45.3265875843388],[10.6589716183753,45.3241132658747],[10.6592789042882,45.3235372076825],[10.6593838586102,45.3225068143772],[10.6607743329284,45.3201811717841],[10.6608814818874,45.3192269571166],[10.6604030908964,45.3185670550892],[10.6602806466478,45.3180734541841],[10.6594507911037,45.3173996047264],[10.658246929297,45.3168645531557],[10.6552769862563,45.3151360521386],[10.6508916055464,45.3174478712206],[10.6499431353521,45.3177912478406],[10.6450777068279,45.3188102679071],[10.6418159000284,45.3196532497384],[10.6377347198703,45.3197842615115],[10.6350816956102,45.3191871129965],[10.6333692217222,45.3191553553415],[10.6192531566307,45.3207074776733],[10.6161797729018,45.3221742089081],[10.6152396706735,45.3224206935742],[10.6125274351441,45.3221454768902],[10.6010154465351,45.3193728112174],[10.597673610787,45.3190174884259],[10.5956543181326,45.3190296623359],[10.5926601979753,45.3192725046328],[10.5922778036364,45.3194708115889],[10.5927172203349,45.3213059460714],[10.5927070662438,45.3254195817814],[10.5929019380748,45.3287054061122],[10.5929427661826,45.3321943920658],[10.5931374436466,45.3334380824396],[10.5929295286362,45.3349765573885],[10.5936419286604,45.3363656278565],[10.5940328835483,45.3368747476312],[10.5957568463659,45.3377029260078],[10.5962630571582,45.3382506277005],[10.5967748265036,45.3394012747493],[10.5972561252622,45.3410911869673],[10.5928463728365,45.342181993463],[10.5925326076297,45.3427974375756],[10.5913028127098,45.343313095177],[10.5907930906216,45.3442689604276],[10.5904711803222,45.3445950607226],[10.5863682256369,45.3456491778457],[10.5855786426895,45.3459898058218],[10.5827573597438,45.3463425477055],[10.5825568839335,45.3465222148714],[10.5822579987332,45.3476761253557],[10.581992633337,45.3479853369955],[10.5799309024667,45.3489707010217],[10.5778069250929,45.3489518487163],[10.5758536978999,45.3485044423004],[10.5737556186227,45.3490077440504],[10.5704441928746,45.3510473120792],[10.568253811323,45.3535859806678],[10.5663390982669,45.3545368863552],[10.566901947365,45.3554858254025],[10.566760230621,45.3557289786523],[10.5637424919332,45.3568477291268],[10.5603559850195,45.3574327360843],[10.5600083425044,45.3576626135157],[10.5590932334514,45.3588489916638],[10.5565264616011,45.3597684288447],[10.5536335439194,45.3596228821648],[10.5474894302961,45.362102291565],[10.5403998171304,45.3638463756789],[10.5396900318045,45.3642016787582],[10.5406083032494,45.3668514211211],[10.5413129086368,45.3666343473497],[10.5461066983945,45.3661393091943],[10.5479215195261,45.365634966437],[10.5535797381852,45.3667215175733],[10.5557914585311,45.3670507412104],[10.5577043448559,45.3671717605468],[10.5602352908822,45.3679184423788],[10.561534810707,45.3681576355756],[10.5617602188227,45.3676174773851],[10.5608815743399,45.3675779867083],[10.5599010524655,45.3672529474832],[10.5609196095661,45.3657700625872],[10.5612167568161,45.364441330234],[10.5608747330915,45.3639009942477],[10.5623239596139,45.3635687835337],[10.5653313312721,45.362319111456],[10.5658600338646,45.3616938812982],[10.566036369918,45.3610185478421],[10.5664231554753,45.3609033807816],[10.5659961923165,45.3595634032636],[10.5682675241047,45.3588026223064],[10.5692038997026,45.3589621992849],[10.569356233633,45.3592241023826],[10.5692620618677,45.3597533851187],[10.5688410072207,45.3607044403492],[10.5679493478826,45.3635669380899],[10.5687098323159,45.3641897223153],[10.5700659138524,45.3638080420232],[10.5705193552067,45.3641648587244],[10.5710918724599,45.3634592477881],[10.5715497016297,45.3631620049728],[10.5726306477363,45.3641901955197],[10.5703190318106,45.3649612615524],[10.569128034018,45.3656825869301],[10.5702768831919,45.3672092549843],[10.5720013095144,45.3664555005634],[10.5721560616555,45.3661846382283],[10.5728155875215,45.3659491092393],[10.5732233824623,45.3665743188],[10.5732681381745,45.3669457276379],[10.5721927727429,45.3679229455642],[10.5713702606173,45.3680798390725],[10.5673167669057,45.3704471323289],[10.567260035411,45.3709037336005],[10.5676664990843,45.3717032888532],[10.5685293605681,45.3720765684353],[10.5682600797033,45.3722275186354],[10.5694546706546,45.3723810192095],[10.5701417020684,45.37221299738],[10.570281086059,45.3720185188133],[10.5722658371383,45.3716627297435],[10.5722919654653,45.3720248401647],[10.5738911105078,45.3716856561383],[10.5738271572419,45.3711201789526],[10.5753606880859,45.371559687704],[10.5758696303475,45.3719730261149],[10.576267999041,45.3719875469435],[10.5762781763783,45.3724332968829],[10.573272484485,45.3723839978125],[10.5696645598003,45.3728931615639],[10.5697494549402,45.3742607769617],[10.5688856536947,45.3747693788234],[10.568135400732,45.3742829459277],[10.5673786427334,45.3741277543104],[10.5655966574206,45.3748807363823],[10.5658287133052,45.3751918879689],[10.562566159423,45.3767036240605],[10.5620581241459,45.3763165891732],[10.5600932356864,45.3779878292622],[10.560506459306,45.3787813443145],[10.5600234788466,45.3790083986193],[10.5605965496056,45.3796379640558],[10.5609438712063,45.3809480732798],[10.5601218841256,45.3812393189102],[10.5599173431339,45.3807186055788],[10.5603118875823,45.3806036452989],[10.5599690660778,45.380084821354],[10.5603463196238,45.3799700962471],[10.5595415029531,45.3796280245209],[10.5587510834348,45.3798092583052],[10.5582594104722,45.379535951448],[10.5591010123471,45.379329674476],[10.5587991370134,45.3790416040807],[10.5580283507725,45.379307786206],[10.5576450194411,45.3788343769918],[10.556836433435,45.3792295098667],[10.5557462770985,45.3801892899185],[10.5550239387282,45.3820390711264],[10.5544196648655,45.3828111689842],[10.554106584906,45.3830311109312],[10.5536990770912,45.3840576659325],[10.5530705424494,45.384517593527],[10.5521034407409,45.3864491050914],[10.5521124718477,45.3867922832166],[10.5555690880602,45.3880594340864],[10.5580134944632,45.3893852960385],[10.5587658611477,45.3896270637383],[10.5596139681479,45.3896919970947],[10.5626001036108,45.3886520525525],[10.5653992265641,45.3878981315926],[10.5662348373394,45.3873961116591],[10.5667613800886,45.3865157760489],[10.5676194664414,45.3857884089643],[10.5690924924543,45.3853001210644],[10.5709303457053,45.384437750042],[10.5735945906899,45.3839555182824],[10.5737745143134,45.3838225217546],[10.5738980032929,45.38326724783],[10.5741163543957,45.3831382226847],[10.5797790000891,45.3821418855047],[10.5800806126943,45.3810485663979],[10.5800459564441,45.3807790103887],[10.5805656781652,45.3808663251274],[10.5814475208696,45.3812861634522],[10.5822407120239,45.3822472952137],[10.5837570218978,45.382973357829],[10.585574898988,45.3835196868026],[10.5875153250083,45.3838797579747],[10.5902240940111,45.384877175252],[10.5932433776808,45.3853301227465],[10.5940451095839,45.385336927687],[10.595037535095,45.3850845284161],[10.5958276353826,45.3851319885212],[10.5971956305702,45.3858554460502],[10.5976133916083,45.3863446624086],[10.5979484071731,45.387240088978],[10.5984798415156,45.3872866529765],[10.6004112356368,45.3865844917903],[10.60149633986,45.3864477515254],[10.602519272309,45.3861453528194],[10.6030063726454,45.3856974530797],[10.6034888933204,45.3849750794599],[10.6039409743894,45.3847571984696],[10.6060765505687,45.3844481229453],[10.6064424976948,45.3841774370706],[10.6082265323837,45.3835222238651],[10.6106418337268,45.3828895781753],[10.6120132207231,45.3827171920411],[10.6130405958796,45.3828556939274],[10.6151395175738,45.3813768132994],[10.6155392429735,45.3806690621517],[10.6154498442245,45.3799412314341],[10.6158177243016,45.3794049520581],[10.6154633114973,45.3789014035242],[10.6162589850938,45.3782510515959],[10.6164787793447,45.3778968914649],[10.6161621371273,45.3767582252566],[10.6164818121532,45.3758760809091],[10.6153135365828,45.374542445433],[10.6153703863497,45.374352615943],[10.6164320680485,45.373459964292],[10.6177152967104,45.373171742878],[10.6197956562844,45.3722331090969],[10.6220300332257,45.3716027891155],[10.6223165487389,45.371072145341],[10.6229391496382,45.3707392485555],[10.6235047276618,45.3700876172114],[10.6234107085481,45.3690898210244],[10.6235532513952,45.3689392734051],[10.6248367898073,45.3688894985557],[10.6256027066191,45.3694366645263],[10.626077323629,45.3695109130914],[10.6263500181303,45.3692234886843],[10.6261284448259,45.3686775732591],[10.6263612931732,45.3683367087952],[10.6273991359368,45.3684029224083],[10.6278350349453,45.3681851767331],[10.6294785030313,45.3679411899259],[10.6305779608947,45.3674304174377],[10.6327390048339,45.3675345339273],[10.6336921465712,45.3668773049937],[10.6343902509892,45.3656791480831],[10.6350679130721,45.3653228932237],[10.636969619698,45.3656241708277],[10.6383058491044,45.3649704076138],[10.6400933519932,45.3646341872706],[10.640857503572,45.3647312160695],[10.6421096417089,45.3651992690932],[10.6496034296421,45.3646501196969],[10.6499007957375,45.3641732566868],[10.6505427393029,45.3637454165566],[10.650585675857,45.3622595946354],[10.6502402910395,45.3607568859706],[10.6501482659602,45.3593495257652],[10.650366839419,45.3584147390926],[10.6505337352751,45.3582818065101],[10.6527733890428,45.3578083284967],[10.6532365743817,45.3573830617646],[10.6534894894811,45.356861826264],[10.6556598423371,45.3570238822251],[10.6658975991562,45.355614702484],[10.6686998614346,45.3549076653327],[10.6721729015806,45.3547083012708],[10.675056516976,45.3542265150243]]]}},{"type":"Feature","properties":{"NOME":"HALIUC & GORRIERI","ZONA":"Medio Nord"},"geometry":{"type":"Polygon","coordinates":[[[10.677751292995,45.2565122232411],[10.6752345337619,45.2575968725259],[10.6746220327833,45.2571148866836],[10.6738677912631,45.2576255383346],[10.6722895671948,45.2571060169465],[10.6714142891561,45.257337482162],[10.6712264293468,45.2569573897473],[10.6704234499321,45.2569990023611],[10.668387685877,45.2575811544477],[10.6680659972817,45.2574365664046],[10.6662360580365,45.2578215933535],[10.6656520301462,45.2581137703],[10.6643221378733,45.2589542692166],[10.664203937377,45.2592545742187],[10.6641485538721,45.2602556294847],[10.664703395639,45.2604117576935],[10.6650113607596,45.2608103501854],[10.6651121392491,45.2613612557743],[10.6649581721707,45.2618860188763],[10.664177811881,45.262703568585],[10.6640829401422,45.2630781785383],[10.6645239682299,45.2636838387016],[10.6629756056561,45.2635720482102],[10.6629082101334,45.2634386691706],[10.6623764275442,45.2655215551304],[10.6596291051741,45.2642179226458],[10.6593605927659,45.2644457626728],[10.6582654952362,45.2639093032894],[10.6587068210583,45.2601706236171],[10.6552994925459,45.2601753046192],[10.6529426502047,45.2606424052388],[10.6507066948915,45.2616302265963],[10.6466948245413,45.2641514769208],[10.6466145144093,45.2643019264875],[10.649840293353,45.2638671857391],[10.6498000993217,45.263210887298],[10.6509188031976,45.263105135583],[10.6519360517264,45.2631501330755],[10.6519671740319,45.263493051929],[10.6542944113919,45.2634593422653],[10.6536502999341,45.2675144524335],[10.6526849903499,45.2692602051823],[10.6521292255955,45.2690741740281],[10.6519409631832,45.2691515448493],[10.6519068786276,45.2694356896916],[10.651165449771,45.269416560945],[10.6512022647924,45.270684997587],[10.6509786050456,45.2710017432262],[10.6504691559015,45.2724124417663],[10.6499604971851,45.2731214619515],[10.6504515135279,45.2732636523809],[10.6502287076243,45.2736102430298],[10.6508078367069,45.2738705897634],[10.6494822838765,45.2753929023716],[10.6432424108188,45.2798922817748],[10.641144093029,45.2815789865734],[10.6305908750925,45.2893739204229],[10.6319739361326,45.2910814377746],[10.6335773061135,45.2938203650391],[10.6372264051367,45.29699273568],[10.6379075985028,45.297848842247],[10.6386898434594,45.29927079519],[10.6414071834425,45.3024265458528],[10.6424783321916,45.3013810341827],[10.6429626456222,45.3020160083278],[10.6428382056964,45.3021073734207],[10.6438206974711,45.3031233254414],[10.643895435762,45.303510402339],[10.643760145689,45.3054232596046],[10.6436291847794,45.306753824867],[10.6434805422815,45.3067410363318],[10.6433992810589,45.3075931576613],[10.6438897202318,45.3077055251193],[10.6450572751604,45.3085247222133],[10.6519071087128,45.3153528018237],[10.6520562077847,45.3153805007943],[10.6525319698343,45.314985458894],[10.6532017833484,45.3147070361765],[10.658342794892,45.3130201138887],[10.6588099552704,45.3130581096628],[10.6587979311218,45.3133717928395],[10.6607174512385,45.3136066883702],[10.6614245269868,45.3135963961567],[10.6634406257685,45.3130926375553],[10.666688428713,45.3121849200793],[10.6686536830977,45.3110203311274],[10.6690058692193,45.3114655805604],[10.6710009430027,45.3123371824684],[10.6711676606017,45.3126840301698],[10.6718176312528,45.3126101677131],[10.6744861626532,45.3128743702496],[10.6768573192268,45.3127843997778],[10.6785451007763,45.3125205989619],[10.6810569080327,45.3118953461918],[10.6848573550286,45.3107454693785],[10.693079177143,45.3096034872398],[10.6948794478827,45.3091815146625],[10.6986298989771,45.3085558560694],[10.6989158036436,45.3098301773911],[10.6995105572271,45.3114004604028],[10.6994528365402,45.3125227218308],[10.6983321935231,45.3143023807057],[10.6978640896927,45.3147873209412],[10.6971338597713,45.3161034216928],[10.6967073974535,45.3171098157941],[10.6964646116024,45.3181521010312],[10.6965173939445,45.3194822746059],[10.6962401386956,45.3215545524886],[10.6962578401202,45.3225837716529],[10.6963331945157,45.322922748785],[10.6966712598875,45.3233221622241],[10.6970882616524,45.3241799904651],[10.6970908752647,45.3247038838716],[10.6974109640014,45.325089299389],[10.6974336183578,45.3254106753958],[10.6979109012443,45.3261021512618],[10.697904455033,45.3263228501548],[10.6987460969405,45.3278545449819],[10.7007366548899,45.3298470869497],[10.7012546181016,45.330151886695],[10.7037824939034,45.330913853294],[10.7065217445573,45.3326285473051],[10.707694463506,45.3343114785619],[10.7081979905914,45.335434523075],[10.7090483904418,45.3368097375739],[10.7097500662627,45.3384445414395],[10.7092670608797,45.3401706284958],[10.7090466715501,45.340651898786],[10.7086664377605,45.3410252616199],[10.708625054225,45.341384358284],[10.7082936223552,45.3420786997016],[10.7081266048178,45.3443331687579],[10.7083302102187,45.3454606998115],[10.7090125712678,45.3468843857724],[10.7096521724014,45.3490532373817],[10.7107986714608,45.3511501427439],[10.711309381736,45.3516388350394],[10.7128021655315,45.352232279175],[10.7191057613527,45.3535070396993],[10.7214715103054,45.3549052732517],[10.7224818868731,45.3563698868011],[10.7239891517275,45.3574317410446],[10.7244789690455,45.358086140646],[10.7246204261874,45.3588744868949],[10.7242973425479,45.3619861587059],[10.7241507193719,45.3624438183478],[10.7258580561365,45.3631356189827],[10.7259512486595,45.3630715624595],[10.7261421302793,45.3633936032454],[10.7272728027659,45.3624458642391],[10.7275434128474,45.3615555439025],[10.7279105329131,45.3611185339174],[10.7278604170555,45.360559572521],[10.7274538827079,45.3597028265112],[10.7277708791121,45.3587068551985],[10.7256700051278,45.3565230896737],[10.7254018970354,45.3547780180334],[10.7242926389079,45.3536520242661],[10.7234957344248,45.3524629968871],[10.7152953494078,45.350359349271],[10.7118894482926,45.3487429988371],[10.710972592812,45.3479521525727],[10.7102604514789,45.3468200647722],[10.7098557082633,45.3454618104363],[10.709683083916,45.3441233982199],[10.7100699724775,45.3421469134751],[10.7106305285189,45.3409957451976],[10.7149181113748,45.3340514640252],[10.7154217725537,45.3328919958817],[10.7154569109572,45.3308137945551],[10.7136475887418,45.3243647064525],[10.7130738417218,45.3230794132984],[10.7118224008358,45.3218110254442],[10.710440579376,45.3209691422554],[10.7090307823411,45.3198311402732],[10.7068163593926,45.3170271199626],[10.7026996215214,45.3116083567635],[10.7005901359278,45.3075649901707],[10.7004481736082,45.3067088548915],[10.7006202192932,45.3057435574236],[10.7010861578224,45.3050574750197],[10.7035304895412,45.3036925859142],[10.7051073432239,45.30337797398],[10.7088416433571,45.3034191293884],[10.7117903651252,45.3030092418292],[10.71238703611,45.3024554857337],[10.7149933440936,45.3008640271738],[10.7161724119391,45.299988048717],[10.7169090965375,45.2991709562569],[10.7179875317229,45.2977665964028],[10.718295333978,45.2971052123012],[10.7191128942471,45.2961674787934],[10.7212903267134,45.2943957605423],[10.7223128992036,45.2922011156978],[10.7225177649723,45.2909367655895],[10.7223867127159,45.2897521167054],[10.722629264395,45.2893827652496],[10.7227182135592,45.2888291548423],[10.7235138322249,45.2882200954029],[10.7235618586367,45.2877118817288],[10.7219781740845,45.2853401463592],[10.7209280596089,45.2841768227236],[10.7207229564425,45.2836873528799],[10.7205593587367,45.2824733392727],[10.719823648521,45.2815664710663],[10.718248751098,45.2808737419472],[10.7146429497851,45.2804876589131],[10.7142506467817,45.2800980092092],[10.7093291737106,45.2788434099125],[10.7088035974975,45.2785900733228],[10.7086496243292,45.2783908758115],[10.7084231001954,45.2775360127124],[10.7087527465898,45.2765459498416],[10.7087962211329,45.2755303189964],[10.7091505676097,45.2746592938308],[10.711182348045,45.2719272063855],[10.711034928576,45.2712428122289],[10.7100032931687,45.2699746251614],[10.7095926576905,45.2696747905084],[10.7086841688096,45.2693376320309],[10.706268153972,45.2691275009489],[10.7045652583772,45.2694365485225],[10.7038538814019,45.2693277635106],[10.7008968213948,45.2683419680044],[10.6975644839471,45.2682348569423],[10.6970093699494,45.2680490715266],[10.6964698260434,45.2676764745664],[10.696249874183,45.26738868309],[10.6960653957368,45.2665182412341],[10.6961690286903,45.2650315444656],[10.6966433650338,45.2632184228691],[10.697076216283,45.2624955287322],[10.6970864404896,45.262129684609],[10.6967807779915,45.2614476237776],[10.6965187034242,45.2601006967178],[10.6962527509988,45.2596867160849],[10.6955371832751,45.2590779099313],[10.6931810312486,45.2587322689975],[10.6907966963947,45.2592154028287],[10.6893955317243,45.2586465656067],[10.6888239988058,45.2582594788952],[10.6879517038762,45.2580634154675],[10.6854493973622,45.2584884769757],[10.6844468670294,45.2585331300708],[10.6818502719392,45.2579146678366],[10.6792570383505,45.2577662731251],[10.6787355321352,45.2576396088432],[10.6780162121693,45.2572546415713],[10.677751292995,45.2565122232411]]]}},{"type":"Feature","properties":{"NOME":"MORESCHI","ZONA":"Destra Chiese"},"geometry":{"type":"Polygon","coordinates":[[[10.383264435179,45.2523224806737],[10.3835852105853,45.2495889693296],[10.3832718139325,45.2482585740841],[10.3838541062328,45.2478634917121],[10.3873848102599,45.2468478517124],[10.3895872133819,45.247007298123],[10.3910138806235,45.2465368619629],[10.3918607260675,45.2465512532347],[10.393406772112,45.2453916148267],[10.3943808589037,45.2449027076546],[10.395462767929,45.2446616593012],[10.3958313059125,45.2447225189502],[10.3958753670606,45.2451983860218],[10.3954651827984,45.24691639288],[10.3959455679652,45.2468657548413],[10.3966743168156,45.2466061523321],[10.3976713793223,45.2459179837539],[10.3983093685729,45.2450596159959],[10.3982085568721,45.2427361471894],[10.3983079198404,45.2412865385667],[10.3997327556933,45.2404858118788],[10.4000258572874,45.2401634390901],[10.400173775392,45.2391431837621],[10.3998988279147,45.2378003612605],[10.3997789724671,45.2347675512128],[10.4001260340563,45.2341222501318],[10.4009218566773,45.2332791291294],[10.4035581255738,45.2298064718143],[10.4039738515341,45.2288825274682],[10.406149786202,45.2263770368161],[10.4063155489786,45.2245159606213],[10.4067700408779,45.2227154308992],[10.4072898774711,45.2217260858878],[10.4075907319227,45.2204402824921],[10.407643444584,45.2189011195011],[10.4073164167141,45.2179008447871],[10.4069201993605,45.2134825011164],[10.4069579857966,45.212563200215],[10.4073176650639,45.2112125658192],[10.4079322721245,45.2103929939312],[10.4087038812515,45.2099698076464],[10.4092546560921,45.2097605681313],[10.4113377047029,45.2095204905736],[10.4120867300792,45.2091539780816],[10.4134863931927,45.2078505528582],[10.4137570560723,45.2072160566601],[10.4137848391993,45.2069775443489],[10.4103814584736,45.2049118422948],[10.409257075832,45.2044017544999],[10.4086099020482,45.2034332494183],[10.4084994620891,45.2030535425203],[10.4085423419536,45.2027433947389],[10.4091495290687,45.2020928482096],[10.4104607071827,45.2013026132432],[10.4106852724698,45.2008473185632],[10.4104089300496,45.1992073702097],[10.4105800305158,45.1986336516091],[10.4112125873082,45.1976493446283],[10.4111845643042,45.197197170943],[10.4104724468539,45.1963247457146],[10.410382447933,45.1954089079527],[10.4105027321857,45.1948239093822],[10.4111387809367,45.1939824599993],[10.4118047123554,45.1923070472647],[10.4120652607456,45.191946572224],[10.4129992521994,45.1915777651919],[10.4155400320373,45.1914867543995],[10.4165909582138,45.1910807434976],[10.4170003346775,45.1906112344756],[10.4170954334458,45.1896931049425],[10.4169294381386,45.1891116505526],[10.4164267404981,45.1885343738209],[10.415727050636,45.1881619806934],[10.4146906934709,45.1871149722726],[10.4146136214389,45.1867229485855],[10.4146948456193,45.1866028577497],[10.4157571999755,45.1866611417104],[10.4180135934513,45.1863218370193],[10.4201661146681,45.1863379565874],[10.4226631780833,45.1851779522662],[10.4227271197914,45.184905642495],[10.4223453968293,45.184588869863],[10.4208660855972,45.1840142455983],[10.4198498375698,45.1837768089416],[10.4182203331171,45.1840685722345],[10.4177418924057,45.1839244667898],[10.4175540535893,45.1832765970325],[10.4176933208564,45.1827818575407],[10.4185046763523,45.1820929991815],[10.4184908385521,45.1815358553609],[10.4177388355602,45.1813594220614],[10.4175630613189,45.1811972683237],[10.4173638965052,45.1809067917199],[10.4173458195199,45.180585487813],[10.4166152760806,45.1796442584339],[10.4159428615029,45.1794168108475],[10.4145787183899,45.1794051379536],[10.4140787121704,45.1792041236857],[10.4138501585476,45.1789497305744],[10.4137187331849,45.1781296738847],[10.4144735789117,45.176791340788],[10.4145033637659,45.1763622668567],[10.4140257455545,45.175432176104],[10.4131861835131,45.1745708692753],[10.4124581463364,45.1729079277528],[10.4102206325739,45.1690186446],[10.4096790920465,45.1675391524986],[10.4088314443498,45.1670935187753],[10.4081919441112,45.167101407042],[10.405555142398,45.167693593151],[10.4050046815843,45.1675574659582],[10.4045933210973,45.1672588597631],[10.4044835687794,45.1669029557935],[10.4047270756282,45.1665367509792],[10.4058409876078,45.1659692979425],[10.4064926172542,45.1657707376642],[10.4092876757383,45.1654564261635],[10.4106472936997,45.1649573432971],[10.4106489480888,45.1646834279091],[10.4098692096841,45.1637820574811],[10.4088799798373,45.1632583854776],[10.4066520276685,45.1626725647646],[10.4062476429237,45.1623143367389],[10.4061991298056,45.1620529474365],[10.4062421420102,45.1617487504981],[10.40648203744,45.1615790775296],[10.4080651828381,45.1612737621626],[10.4092732165278,45.1623734944157],[10.4097591158533,45.1626235295575],[10.4112743383306,45.1626345838306],[10.4122376314981,45.1627893933981],[10.4126231959882,45.1627250816791],[10.4129495948271,45.1623102002705],[10.4129426782827,45.1620304361716],[10.4122453414526,45.1607172187818],[10.4120612822128,45.1590582592505],[10.4120577835562,45.1585760074431],[10.4122985612787,45.1581026438175],[10.413063031798,45.1573667669386],[10.4126391996634,45.1565622325735],[10.4124963853441,45.1558911688128],[10.4123139813913,45.1556612092752],[10.4117801531267,45.1555129995403],[10.4109238135905,45.1555950348046],[10.4100057492764,45.1559040878577],[10.4088353385206,45.1558768546719],[10.4083609005373,45.1554063665643],[10.4082842131893,45.1550262401535],[10.4087672659948,45.1541390518551],[10.4094950971758,45.1536239578893],[10.4110167686535,45.1532240923202],[10.4113155010994,45.1530536809816],[10.4114085155577,45.1527310015534],[10.4111577977059,45.1524602047685],[10.4092330490044,45.151322893955],[10.4080013610005,45.150101983834],[10.4076778835961,45.1496772652001],[10.4079539767944,45.1485878042061],[10.408308568891,45.1482261754972],[10.4087582251056,45.1480348553107],[10.4099188594951,45.1480133856852],[10.4118320928769,45.1482112446931],[10.4120701155393,45.148036818147],[10.4122020826527,45.1476564952808],[10.4121780519834,45.1470923280402],[10.4124001903624,45.146275037922],[10.4132180186287,45.1454575200946],[10.4139341562275,45.1450199474745],[10.4147662382526,45.1451882691466],[10.4166637977688,45.145979286463],[10.4180514018161,45.1457477095218],[10.4183687259009,45.1455151240816],[10.4185583711216,45.1450197546585],[10.418282642785,45.1432654809061],[10.4185455898741,45.1428763778993],[10.419604979259,45.1420343777793],[10.4211234805995,45.1413867177578],[10.4214022410933,45.1411161195312],[10.4197659656378,45.1406589524976],[10.4191390981737,45.1403201898987],[10.4189435368537,45.1399355545905],[10.418932594182,45.1394946164249],[10.4206432367979,45.1372544572883],[10.4219447977907,45.1358295089887],[10.4222739716323,45.1352583099082],[10.4224995266569,45.1346118878815],[10.4222532242621,45.1326346180371],[10.4219995888502,45.1321516936181],[10.421320504162,45.1314355283534],[10.4189157289405,45.1300608407067],[10.4174988730915,45.1299610646881],[10.4158698883858,45.1304594713213],[10.4153093947842,45.1309345034551],[10.4144515785846,45.1327959578902],[10.4137520986256,45.1357967157386],[10.4133225634393,45.1364725702971],[10.4120885805294,45.1369739262746],[10.4099518448232,45.1367122931978],[10.4084996225754,45.1361001141829],[10.4074584214183,45.1353928348369],[10.4062154340014,45.1350120868007],[10.405403075892,45.1350761020735],[10.4032116995695,45.1369888866864],[10.401970704425,45.1374677160033],[10.4003176113815,45.1374790077496],[10.3977523114495,45.1368533387836],[10.3952964656568,45.1365413276878],[10.3934719789062,45.1365714612089],[10.3921402287465,45.1368941949565],[10.3913529463645,45.1372870873613],[10.3899267139095,45.138347277938],[10.3891234796342,45.1402929558622],[10.389073981506,45.1415692897814],[10.3891198912728,45.1421073523051],[10.3893925115444,45.1427073886564],[10.3893570989644,45.1431679221429],[10.3891934011173,45.1434119319518],[10.3882876978248,45.1438280203492],[10.3877428795102,45.1439156592024],[10.3866406598524,45.1438345395161],[10.3851854484368,45.143096080568],[10.3845356408379,45.1422623212761],[10.3836546602321,45.139496030789],[10.3830475702586,45.1386716323854],[10.3825133820332,45.1383216575859],[10.3814793593719,45.1381631485925],[10.3801508942154,45.1381882210845],[10.3784492702119,45.1388253893762],[10.3771531557906,45.1397664434611],[10.3769795833186,45.1401168472199],[10.3768324806925,45.142167555722],[10.3766623707396,45.1427896274322],[10.3760529860775,45.1442082587513],[10.3755583926643,45.1450128133775],[10.3745574090926,45.1455269923476],[10.3731319814594,45.1458324254832],[10.370496561169,45.1453681464548],[10.369608285514,45.1455139980778],[10.3681431097824,45.146485271488],[10.3670738116839,45.1476808831719],[10.3659496165143,45.1498939670429],[10.3658266067942,45.1511753854371],[10.3648046771924,45.1551184597425],[10.3635840158415,45.1573687708724],[10.3637903057148,45.1580063965851],[10.3651911750005,45.1590444917289],[10.3654441559505,45.1595012532036],[10.3655532870807,45.1603383677675],[10.3654534375799,45.1609616078146],[10.3647973473926,45.1617717820865],[10.3644453610027,45.1619743072613],[10.3618227243258,45.1625354071607],[10.3593196107535,45.1634596460114],[10.3586203834322,45.1639803628868],[10.3577220732732,45.1651047844449],[10.357053296981,45.1654788315698],[10.3555540664524,45.1656484296894],[10.3514487085279,45.1647337585958],[10.3502354197115,45.1646218513665],[10.3494036876512,45.1650193052629],[10.3486781062841,45.1655958074551],[10.3475249569961,45.1672393634922],[10.3464880229804,45.1683892456259],[10.3450995625365,45.1695054182429],[10.3435488564186,45.1702268063249],[10.3397514770741,45.1713440930065],[10.3377672306451,45.1723109504513],[10.3370789547558,45.1728087436839],[10.335377302616,45.175064374724],[10.3346400247867,45.1762449510542],[10.3340218102306,45.1776134561631],[10.3327968678539,45.1786554511044],[10.3322917409067,45.1788596611438],[10.3307011123829,45.1789773138601],[10.3294330296651,45.1787125611894],[10.3287453037891,45.1776387088947],[10.3283952597687,45.1762949992583],[10.3277680944484,45.1750716710746],[10.3271133818519,45.174254939493],[10.3255555780094,45.1729894548627],[10.3233835677052,45.1719387558906],[10.3210305085003,45.1711045063521],[10.3193954030711,45.1709362452187],[10.3189474636723,45.1710261553635],[10.3185925226745,45.1712961295474],[10.3184720627764,45.1717109732997],[10.3184416782163,45.172091653498],[10.3190932011778,45.1751981005921],[10.3189218334127,45.1760605298263],[10.3182892043781,45.1771002838666],[10.3177703796885,45.17767388352],[10.3166710932824,45.1785116729692],[10.3151116880221,45.1791927813431],[10.3121373780971,45.1797836277729],[10.3108894263414,45.1797109859053],[10.3079910794721,45.1791755959539],[10.3060045588957,45.1791402651457],[10.3038078850722,45.17935658675],[10.3023568208119,45.1798102152851],[10.3018156132882,45.1802860306313],[10.3015517100024,45.1809844588401],[10.3014766034033,45.1816715701605],[10.3017866672479,45.1821972185676],[10.3023468247511,45.1826335982316],[10.3037467217402,45.1832530062244],[10.3066310019926,45.1841761017553],[10.3079568633255,45.1847317065787],[10.3086201980535,45.1852123047435],[10.3093350610559,45.1863514401012],[10.309264990651,45.1872647994906],[10.3089449821906,45.1876165210954],[10.3109772292247,45.1883619067405],[10.3109858122515,45.1885857114121],[10.3105096731619,45.1895227906756],[10.3100150689705,45.1895059248738],[10.3099405039917,45.1896671462624],[10.3100607950371,45.190081174807],[10.3109701719028,45.19024458793],[10.3110709777524,45.190468893714],[10.3101374115813,45.1904288887323],[10.3101059711347,45.1907956322952],[10.3096664131833,45.1910937839353],[10.3091336664785,45.1919003686564],[10.309174154787,45.1922603056476],[10.3095258682708,45.192842586184],[10.3092332851445,45.1931164347806],[10.3092872946898,45.1933863065217],[10.3096068342731,45.1935298865524],[10.3100300494675,45.1939753955239],[10.3098282298493,45.1940368828862],[10.3098340477373,45.1942904011306],[10.3105365533023,45.1950612457676],[10.3110339558665,45.1965107963561],[10.310907976431,45.1968054643951],[10.3113583639899,45.197155307425],[10.3119732276206,45.1987464475709],[10.3119232868109,45.1993668363165],[10.3120709946365,45.1995511001979],[10.3121241183895,45.2000430361366],[10.3124759498407,45.2004242065327],[10.3124054188795,45.2008673037807],[10.3125071175427,45.2017792404903],[10.3130366044281,45.2019871570497],[10.3132493584144,45.2019195495729],[10.3136399485609,45.2027856936593],[10.3147584343516,45.2030686586924],[10.3151069701142,45.205130646068],[10.3164978455919,45.2050575338813],[10.317686600487,45.2045690613378],[10.3179091861443,45.2048876973375],[10.3239288357597,45.2051138454083],[10.3243377586461,45.2096576050021],[10.3217330740024,45.2101237119973],[10.3217352782483,45.2129720593579],[10.3244251408336,45.2129634091908],[10.32450949424,45.2133908126405],[10.3278129379866,45.2132472007438],[10.3280883808987,45.2143176962067],[10.33195434625,45.2137353312735],[10.3319790711308,45.216381834999],[10.3314432411168,45.2172528791359],[10.330088828718,45.2227718963656],[10.3397063888247,45.2233407938467],[10.3410514541914,45.2237705014095],[10.341338787901,45.223374038079],[10.341668736803,45.2232129257564],[10.3560862131861,45.2238717701974],[10.355738909324,45.2263126416268],[10.3567469066788,45.2263452987229],[10.3564825181026,45.2266278119781],[10.3565602754228,45.2268607611374],[10.3562071939704,45.2273406329711],[10.3565457328188,45.2280980664896],[10.3563263934887,45.228340859341],[10.355773063786,45.2280888948888],[10.3557663978872,45.2287964731545],[10.3554925398054,45.2292545813427],[10.3549674599076,45.2297256779912],[10.3548059655016,45.230983062331],[10.3555018469373,45.231189137955],[10.3579407571812,45.2312577562544],[10.3610644417764,45.2315694578453],[10.3620468488269,45.2318135996434],[10.362055923661,45.2321934011418],[10.3618020510428,45.2330492895841],[10.3610354865293,45.232963174044],[10.3609336152163,45.2331349644317],[10.3604594582647,45.2352130943557],[10.3595475563314,45.2376777252539],[10.3597774206586,45.2394825542183],[10.3595449224768,45.2396651395861],[10.358113163191,45.2400181700708],[10.3580596515384,45.2405161276003],[10.3584079269737,45.2413248073783],[10.3589243878175,45.2420532286802],[10.3600253141635,45.2430845146119],[10.3619250026574,45.244482837245],[10.3619488645695,45.2458718736521],[10.3630447173928,45.2450047433201],[10.3645982839567,45.2442815234445],[10.3682463698104,45.2419673413236],[10.3696799547696,45.2407052903263],[10.3727299942636,45.2403585457147],[10.3727940888239,45.240930787759],[10.3758379262441,45.2409799477586],[10.3760154928232,45.2405803576643],[10.378150514188,45.2406364384493],[10.3782940774393,45.2407869131789],[10.3784589908508,45.2415791980016],[10.3797728684969,45.2418221789929],[10.3798855593276,45.2435446135581],[10.379820135398,45.2440266742951],[10.3793530564771,45.2450180733705],[10.3795419622989,45.2457007882689],[10.3795663457776,45.2469565149634],[10.3796506641006,45.2471930626018],[10.3805594368392,45.2481312553714],[10.3804674080083,45.2485250102735],[10.3796365828171,45.2487025294679],[10.3797990691816,45.249355033955],[10.3779928606407,45.2495101869934],[10.3783043312943,45.2509295279808],[10.3782764932582,45.2513542482872],[10.3778788549324,45.2522310791167],[10.3806108389736,45.2521937724614],[10.3820696955472,45.252478110924],[10.3831523140828,45.2525199212868],[10.383264435179,45.2523224806737]]]}},{"type":"Feature","properties":{"NOME":"BUZZAGO","ZONA":"Medio Sud"},"geometry":{"type":"Polygon","coordinates":[[[10.6617707065243,45.1533559650535],[10.6548537484145,45.1538462320516],[10.6524405609206,45.1539485977485],[10.6519503491367,45.15385032907],[10.6484403573868,45.1507536999691],[10.6427888970154,45.1489744830302],[10.6383840480489,45.1472037505372],[10.6224997432891,45.1413093239078],[10.6068834385764,45.1353446328946],[10.6020705045164,45.1380146703172],[10.6032455280266,45.1391175637384],[10.60346604956,45.1397813368959],[10.605969748039,45.1414609510168],[10.6085184832318,45.1447355988805],[10.6111160892463,45.1461517918933],[10.611392602475,45.1464098737896],[10.611894469214,45.1474983589849],[10.6132871040702,45.1521229519031],[10.6107724786051,45.1524680775318],[10.606766381235,45.1548347531922],[10.6059358358599,45.1558229254457],[10.6054652526981,45.1570441966055],[10.6024443039781,45.1573486241339],[10.602285412728,45.1576842874219],[10.5987903355694,45.1590908402317],[10.597862149068,45.1596039859287],[10.597071871322,45.1602342784873],[10.5965671253903,45.1602413382561],[10.5960180875656,45.1598679482487],[10.5943086063134,45.160130001694],[10.5891507858299,45.1616785494352],[10.588542425026,45.161591750012],[10.5877764022214,45.1618882064169],[10.587381854789,45.1622271272275],[10.5863419790424,45.162360664228],[10.5850731463801,45.1627355387326],[10.5845446314317,45.1631001260048],[10.5839573894762,45.1637751419762],[10.5758524333057,45.1671263654745],[10.5711173963738,45.1687873176332],[10.5703723949166,45.1686308435068],[10.5690258222302,45.167410872283],[10.5682349394125,45.1674217328957],[10.5656722502334,45.1685048287605],[10.5632032621403,45.169324598498],[10.5617736409236,45.1699872087633],[10.5602701673388,45.1704126403965],[10.557709174891,45.1714494460489],[10.5589937767934,45.1726611567987],[10.5595444418758,45.1737585773334],[10.5601312706715,45.1737966024607],[10.5636595831399,45.1731038123516],[10.5661929334277,45.1759603305119],[10.5740472728078,45.1728304193582],[10.5754330358439,45.175106252149],[10.575216302575,45.1752429269629],[10.5758410203249,45.176192390074],[10.57639232378,45.1767640876196],[10.5763934309997,45.1779449617227],[10.5772395014655,45.1794929450975],[10.5768522701871,45.1803004060019],[10.5777574152175,45.1811345758195],[10.5774998441028,45.1820739341939],[10.5779635155438,45.1828919196166],[10.5795142662882,45.1848534730651],[10.5819516004197,45.1875379922516],[10.5818361161958,45.1879183679993],[10.5842860208662,45.1899119531536],[10.5863246918255,45.1907080341548],[10.5937483005566,45.1874407498498],[10.5956636108597,45.1900208560122],[10.5951134898616,45.1906301268396],[10.5951661570327,45.1913869405337],[10.5971245513095,45.1938104517546],[10.597241492314,45.1946109258634],[10.6010175813454,45.1944243437244],[10.6031168203741,45.1934368056548],[10.6052417594658,45.1928053621765],[10.6064204813025,45.1921426362639],[10.6075002924616,45.1913253254918],[10.6094549729949,45.1913646261954],[10.6105441549744,45.1908813665502],[10.6116383518873,45.19057627264],[10.6128099807662,45.1924535976186],[10.6144088190837,45.1955057530489],[10.6174568607792,45.1985373585903],[10.6213841434476,45.1970111111111],[10.6214947939326,45.195360758757],[10.6219482773671,45.1946858914062],[10.6237000421705,45.1936806318957],[10.6235601078359,45.1931924437221],[10.6229010140169,45.1921768975222],[10.6228082469858,45.1911310171251],[10.6233990737174,45.1908552462041],[10.6232578805401,45.1903225144952],[10.6241881771756,45.1897968223699],[10.6243361438787,45.1894605043969],[10.6221777462433,45.1872408305603],[10.6203881385833,45.1863527326092],[10.619612692168,45.1856730307784],[10.6189662975709,45.1839888537466],[10.619987847204,45.1833504978286],[10.6198530288405,45.1830404779929],[10.6188105422495,45.1818298186674],[10.6177681357161,45.1811761692612],[10.6194584296356,45.1796816644694],[10.6216997710889,45.1787363310419],[10.6232816684788,45.1778671741713],[10.6222732259237,45.1767451842433],[10.6229520416858,45.1762453564852],[10.6244022967365,45.1757345495785],[10.6321031367895,45.1762485779397],[10.6329475784782,45.1760359741792],[10.6350391991172,45.1748251490671],[10.6415553192568,45.1724812674332],[10.6567673506272,45.1664462064174],[10.6593212728231,45.1649162998036],[10.6607866457937,45.1644048133863],[10.6631944679616,45.1638127399012],[10.6650849181506,45.1627602648553],[10.6664275132816,45.1623619011058],[10.6680264778233,45.1621157415516],[10.671350479362,45.1605520291419],[10.6736123772063,45.1603629263693],[10.6717424873128,45.1578057479328],[10.6705493903821,45.1557733761623],[10.6700996095587,45.1554680247948],[10.6692766800681,45.1553240946604],[10.6690654577291,45.1556391147022],[10.6652192348141,45.1587254766591],[10.6639526759809,45.1574070948777],[10.6645082318096,45.1570202212878],[10.6630869404813,45.1557932091413],[10.6617707065243,45.1533559650535]]]}},{"type":"Feature","properties":{"NOME":"PEGORARO G","ZONA":"Medio Nord"},"geometry":{"type":"Polygon","coordinates":[[[10.6305933949603,45.2893720106927],[10.6163057320299,45.2746753739714],[10.611436649337,45.2778551238934],[10.6099917176647,45.2764736738105],[10.6089558390763,45.2769117953119],[10.6080635764955,45.2776992060459],[10.6073661759561,45.2779857571492],[10.604813558992,45.2754942419915],[10.6038545863711,45.2748435791018],[10.6003026556217,45.2716465092016],[10.5996879763297,45.2711570183066],[10.5986601148416,45.2708393481423],[10.5976320408011,45.2714440949742],[10.5969848236152,45.2716560871805],[10.5963802784113,45.2724578288138],[10.596267803098,45.2731050985083],[10.5957480461393,45.2732046091039],[10.5958582054812,45.2734060026023],[10.5953968848728,45.2737260765114],[10.5946361036956,45.2745484409525],[10.5949670858255,45.277034358517],[10.5891897956184,45.2764692566242],[10.5808079198903,45.2761982468227],[10.5758369561634,45.2787944178803],[10.5741316629008,45.2766594566571],[10.5743607922677,45.274553172144],[10.5741406193697,45.2741503389335],[10.5733653078186,45.2736614382725],[10.573254337765,45.2734199594851],[10.5695162845537,45.2702373243193],[10.5689399745383,45.2695721632872],[10.5599993112479,45.2741763077558],[10.5512931760961,45.278054238375],[10.5460141017357,45.280588274168],[10.5453055618557,45.2810411047717],[10.5440801998419,45.2821575780377],[10.547499793481,45.2856244343301],[10.5476097489916,45.2862467707651],[10.5480254916221,45.2869962956547],[10.5510401046361,45.2900909515051],[10.548637920313,45.2915517714438],[10.5485753239929,45.2918152830613],[10.5520340376489,45.2959579412658],[10.5362031152199,45.3089993101152],[10.5321892658825,45.3116343967114],[10.5327069968527,45.3119237444822],[10.5331308914986,45.3118827772772],[10.5439924137724,45.3104664193271],[10.5445563715137,45.3105205362595],[10.5496808402058,45.3123386255413],[10.5500307136732,45.3123338795342],[10.5546065612157,45.3109928003062],[10.5553562702573,45.3109825955983],[10.5562146343767,45.3112884274327],[10.562288319912,45.3144248414804],[10.5639205498166,45.3146847499755],[10.5836716842981,45.3137951524818],[10.5841485660663,45.3147587359693],[10.5841917511297,45.3154108175001],[10.5845876823283,45.3152641998721],[10.5874656545171,45.3153653186493],[10.5883048503751,45.316795843042],[10.5889742891431,45.3172394784186],[10.5914043407408,45.3168934705256],[10.5921519798096,45.3192672950567],[10.5923613499819,45.3193473131869],[10.5970223452175,45.3189864036929],[10.6010154465351,45.3193728112174],[10.6125274351442,45.3221454768902],[10.614623721512,45.3224294110972],[10.6155804934192,45.3223676250888],[10.6161797729018,45.3221742089081],[10.6192531615849,45.3207073380805],[10.6333692217222,45.3191553553416],[10.6350816956102,45.3191871129965],[10.6377347198703,45.3197842615116],[10.6418159000284,45.3196532497384],[10.645077706828,45.3188102679071],[10.6499431353521,45.3177912478406],[10.6508916055464,45.3174478712206],[10.6560837252845,45.3147273297902],[10.6590218486116,45.3133660175149],[10.6587979311218,45.3133717928396],[10.6588099552704,45.3130581096629],[10.6583427948921,45.3130201138887],[10.6532017833484,45.3147070361765],[10.6525319698343,45.314985458894],[10.6520562077848,45.3153805007943],[10.6519071087128,45.3153528018238],[10.6450572751604,45.3085247222134],[10.6438897202318,45.3077055251193],[10.6433992810589,45.3075931576613],[10.6434805422815,45.3067410363318],[10.6436291847794,45.3067538248671],[10.6437601456891,45.3054232596046],[10.643895435762,45.303510402339],[10.6438206974711,45.3031233254414],[10.6428382056965,45.3021073734207],[10.6429626456222,45.3020160083277],[10.6424783321916,45.3013810341827],[10.6414071834425,45.3024265458528],[10.6386898434594,45.29927079519],[10.6379075985028,45.297848842247],[10.6372264051368,45.29699273568],[10.6335773061135,45.2938203650392],[10.6319739361326,45.2910814377747],[10.6305933949603,45.2893720106927]]]}},{"type":"Feature","properties":{"NOME":"CERINI","ZONA":"Medio Nord"},"geometry":{"type":"Polygon","coordinates":[[[10.6411440930291,45.2815789865734],[10.6432424108189,45.2798922817748],[10.6494822838765,45.2753929023717],[10.6508078367069,45.2738705897635],[10.6502287076243,45.2736102430299],[10.6504515135279,45.2732636523809],[10.6499604971851,45.2731214619515],[10.6504691559015,45.2724124417664],[10.6509786050457,45.2710017432263],[10.6512022647924,45.270684997587],[10.6511654497711,45.2694165609451],[10.6519068786276,45.2694356896917],[10.6519409631832,45.2691515448494],[10.6521292255955,45.2690741740281],[10.6526849903499,45.2692602051824],[10.6536502999341,45.2675144524334],[10.654294411392,45.2634593422653],[10.6519671740319,45.263493051929],[10.6519360517264,45.2631501330755],[10.6509188031976,45.263105135583],[10.6498000993218,45.2632108872981],[10.649840293353,45.2638671857392],[10.6466145144093,45.2643019264875],[10.6466948245413,45.2641514769208],[10.6507066948915,45.2616302265964],[10.6529426502047,45.2606424052389],[10.6552994925459,45.2601753046193],[10.6587068210583,45.2601706236171],[10.6582654952362,45.2639093032894],[10.659360592766,45.2644457626729],[10.6596291051741,45.2642179226458],[10.6623764275442,45.2655215551304],[10.6629082101335,45.2634386691707],[10.6629756056561,45.2635720482102],[10.6645239682299,45.2636838387017],[10.6640829401422,45.2630781785383],[10.664177811881,45.262703568585],[10.6649581721707,45.2618860188763],[10.6651121392492,45.2613612557744],[10.6650113607596,45.2608103501854],[10.6647033956391,45.2604117576935],[10.6641485538721,45.2602556294848],[10.6642039373771,45.2592545742187],[10.6643221378734,45.2589542692167],[10.6656520301462,45.2581137703],[10.6662360580365,45.2578215933535],[10.6680659972818,45.2574365664046],[10.668387685877,45.2575811544477],[10.6704234499321,45.2569990023611],[10.6712264293468,45.2569573897474],[10.6714142891561,45.2573374821621],[10.6722895671949,45.2571060169465],[10.6738677912632,45.2576255383346],[10.6746220327833,45.2571148866836],[10.6752345337619,45.2575968725259],[10.677751292995,45.2565122232411],[10.6771105633477,45.2555663609423],[10.6767363132719,45.2546986743831],[10.6759618205569,45.2542324091117],[10.6757840514701,45.2539364943479],[10.6740601802253,45.2531632375534],[10.6734109298363,45.2526428762464],[10.6730474990905,45.2521407113673],[10.6730807545568,45.2518342359787],[10.6746232180024,45.250393620492],[10.6749772895763,45.2495003106605],[10.6740896654405,45.2480580205316],[10.6744552209113,45.2439628540763],[10.673802293671,45.2425230873485],[10.6738069104313,45.2421050839533],[10.673230413093,45.2417553051619],[10.6721205151792,45.2413715453316],[10.6700200357916,45.2408882794345],[10.6672421014853,45.2405828804918],[10.6666063567676,45.2400997657076],[10.6665685991173,45.2388094325354],[10.6669652949502,45.2382047759226],[10.6671364405503,45.2376167210316],[10.6668266358293,45.2373284667963],[10.6670699741833,45.2366328918559],[10.6677606424538,45.2364198544836],[10.6689527396091,45.2353211475385],[10.6705319187953,45.2353812216305],[10.6711443958921,45.2345904051941],[10.671162074371,45.2343905246748],[10.6707699393007,45.2338639421454],[10.6686547242079,45.2323810872835],[10.6686935085472,45.2320977230856],[10.6691548946245,45.2317749101843],[10.6701412892506,45.231693940299],[10.6710512314533,45.2314144607284],[10.6729794692339,45.2305378230993],[10.6746715723007,45.2272358890841],[10.6754231292011,45.2263764679888],[10.6775119506242,45.224565828654],[10.6766110927324,45.2227491984267],[10.6766336891358,45.2219171089233],[10.676902812815,45.2214640066131],[10.6779826364763,45.2213649616404],[10.6782620291668,45.2212610438164],[10.6785355440592,45.2209575895008],[10.6786566281701,45.2202737670209],[10.678372366061,45.2194129196763],[10.6787193905686,45.2192081940491],[10.6791208134981,45.2192521954651],[10.6813539252674,45.2207497583604],[10.6817328151391,45.2208273523075],[10.6822675632404,45.2206032149822],[10.6824464545192,45.2202845112887],[10.6825870892314,45.2194673158646],[10.6830012422579,45.2191451423188],[10.6839227090037,45.2192646332891],[10.6855685911555,45.2192070699629],[10.6864267741645,45.2187785156611],[10.686801625412,45.2179245843962],[10.6857845147378,45.2169581354505],[10.6829176087344,45.2160236150938],[10.6832088312895,45.2150165619348],[10.6839914850694,45.2144227874848],[10.6842257491891,45.2143860604203],[10.6840137303942,45.2141817244613],[10.6826398025496,45.2137542239071],[10.6824812228567,45.2138613547245],[10.680604582835,45.2169565969585],[10.6793265750429,45.2174993702701],[10.6774046161519,45.218146858414],[10.6761686910095,45.218288855861],[10.6751559369191,45.2182275048819],[10.6742978785971,45.2179257086572],[10.6737592188774,45.217943132815],[10.6692646330734,45.2195808383781],[10.6658931267861,45.2204493758755],[10.6651202460479,45.2207559777055],[10.6640059167398,45.2213724056943],[10.6630610331138,45.222253102791],[10.662644543564,45.2236881748307],[10.6606955569226,45.2234212103346],[10.6596183878454,45.222654490958],[10.6577523605798,45.2207762559146],[10.6556787258862,45.2181458018582],[10.6543381829535,45.2198531205023],[10.6528788283967,45.2199246463196],[10.6513075937643,45.2210558467886],[10.6493559342908,45.2213611794711],[10.6489022070543,45.2216952333899],[10.6479481832558,45.2219861261685],[10.6459793846897,45.2223168402864],[10.6447860887303,45.2229638480713],[10.6440087278298,45.2232017773433],[10.6433695321541,45.2232865580213],[10.6431513843371,45.2231385454029],[10.6422991216448,45.223251579735],[10.6422358391577,45.2235296049853],[10.6370691690613,45.2236038218257],[10.6369731231645,45.2239830831403],[10.6363367989377,45.2241685534102],[10.6343512347709,45.2257841126817],[10.6301516871855,45.2266503176396],[10.6273308221028,45.2264890314951],[10.6259518627959,45.2268865665424],[10.6209654279989,45.2239669619856],[10.6108837114217,45.2177790708561],[10.6036621666117,45.2212035675339],[10.6035925590049,45.2211293515491],[10.6034204419712,45.2215194701874],[10.6039357906209,45.2218694838712],[10.6050262296543,45.2232545874829],[10.6022024542701,45.2235085961443],[10.6013457332535,45.2239636062031],[10.5980786172091,45.2249953926696],[10.5942677576776,45.2268349216745],[10.5951743651632,45.2274367320188],[10.5955327994205,45.2279604559515],[10.5963811936061,45.2286488103237],[10.5906588409043,45.2315723891064],[10.5915632175354,45.2328173105731],[10.5896843917163,45.2336151453411],[10.5888481219456,45.2348128579178],[10.5846097851953,45.2373153501181],[10.5834296218879,45.2377890027768],[10.5818676695002,45.2390824644328],[10.5819675754916,45.2397670014741],[10.5823584763282,45.2400045154728],[10.5826118137297,45.2403868350669],[10.5831046109835,45.2406515141898],[10.5837417520275,45.2417430103455],[10.5848170034875,45.2425854926072],[10.5804823744746,45.2445604342448],[10.5816658749902,45.2463874580421],[10.5802805131773,45.2467638895291],[10.5792923783179,45.2483351711935],[10.5792693269493,45.2496930401437],[10.5776534600405,45.250515617294],[10.576424550864,45.251432859804],[10.577901930985,45.2529129031666],[10.5780529928106,45.2532537753847],[10.5780505756843,45.2538968583714],[10.5775888886118,45.2554894266542],[10.5778256024775,45.2560005954543],[10.5784533224427,45.256749289015],[10.5766345980854,45.2575603648027],[10.5770826638892,45.2583972860448],[10.5770544739951,45.2588406647344],[10.57727413668,45.2594663897163],[10.5769322185,45.2602713508512],[10.576752083684,45.2615891889768],[10.5754744874928,45.2622330361854],[10.5764668535387,45.2632713247186],[10.5774055657806,45.2639182326964],[10.5764936940355,45.2644962777742],[10.5752951654308,45.2650176825162],[10.5761971663135,45.2660713823556],[10.5705647351279,45.2688818048214],[10.5694351850259,45.2694827155783],[10.5693280112574,45.2696486904456],[10.5692840896801,45.2699693337065],[10.5695162845537,45.2702373243193],[10.573254337765,45.2734199594851],[10.5733653078186,45.2736614382724],[10.5741406193697,45.2741503389335],[10.5743607922677,45.274553172144],[10.5741316629008,45.276659456657],[10.5758369561634,45.2787944178803],[10.5808079198903,45.2761982468227],[10.5891897956184,45.2764692566242],[10.5949670858254,45.2770343585169],[10.5946361036956,45.2745484409525],[10.5953968848728,45.2737260765114],[10.5958582054812,45.2734060026022],[10.5957480461393,45.2732046091039],[10.596267803098,45.2731050985083],[10.5963802784113,45.2724578288138],[10.5969848236152,45.2716560871805],[10.5976320408011,45.2714440949742],[10.5986601148416,45.2708393481423],[10.5996879763296,45.2711570183066],[10.6003026556217,45.2716465092016],[10.603854586371,45.2748435791018],[10.604813558992,45.2754942419914],[10.6073661759561,45.2779857571492],[10.6080635764955,45.2776992060459],[10.6089558390763,45.2769117953119],[10.6099917176647,45.2764736738105],[10.611436649337,45.2778551238933],[10.6163057320299,45.2746753739714],[10.6305933949603,45.2893720106927],[10.6411440930291,45.2815789865734]]]}},{"type":"Feature","properties":{"NOME":"TONELLI","ZONA":"Medio Ovest"},"geometry":{"type":"Polygon","coordinates":[[[10.5118020227112,45.241588772647],[10.5082864741217,45.2393137623831],[10.5083429512313,45.2392234336477],[10.5061811270756,45.2365228567692],[10.50090803676,45.2309891214013],[10.4983364377523,45.2285111265585],[10.492852307381,45.2226899621287],[10.4914040575443,45.2213241932488],[10.4897305343646,45.2217968568479],[10.4886914723792,45.2203935136934],[10.485018016697,45.2210531615836],[10.4848578990605,45.2201535871827],[10.4821822912824,45.2206391602987],[10.477805381184,45.221037364437],[10.4729455830302,45.2218050970438],[10.471671035178,45.2215166710218],[10.4707681252662,45.224138597944],[10.4717472404362,45.2244689476252],[10.4721762111498,45.2264640138892],[10.4724222308294,45.226594216524],[10.4707159857598,45.2283881477371],[10.4702124919068,45.2292520251937],[10.4703561073384,45.2295931354283],[10.4702571327066,45.2299373683446],[10.4703728119967,45.2302407309175],[10.4698479604862,45.2308000294716],[10.4694970548132,45.2307854903913],[10.4691108939672,45.2314954270602],[10.4685037500852,45.2340944751784],[10.4661729641399,45.2373063015133],[10.4664989124132,45.2384453117757],[10.4664552890006,45.238845989977],[10.4661087437324,45.2390028634838],[10.4664101936461,45.2391895270767],[10.4665523414376,45.2394735004297],[10.4662660832163,45.2398772926443],[10.4647742145951,45.2411158358812],[10.4637477792477,45.2410527790428],[10.4625850090158,45.2419822255697],[10.4617574584851,45.2433646478697],[10.4616426875338,45.2441472977556],[10.4617676362526,45.2448125618464],[10.4616632100698,45.2449472702026],[10.4617480046874,45.2450986108848],[10.461620524598,45.2453860404162],[10.4616553058303,45.2456904465159],[10.4618675820504,45.2455543584232],[10.462306308401,45.24583454134],[10.4629643141216,45.2478267037432],[10.462725558232,45.2479821866148],[10.4623470960727,45.2479489249681],[10.4621171368732,45.2484472513604],[10.4626872169661,45.2496403049812],[10.4605948998456,45.2502150321382],[10.4616871599275,45.2512239696594],[10.4630462920932,45.2519583770322],[10.4636101533588,45.2524245129809],[10.4642471145841,45.2526669519554],[10.4644935815955,45.2530536177118],[10.4644190603297,45.2532216403616],[10.4647092351812,45.253774811996],[10.4643961150581,45.2538623596125],[10.4641057591943,45.2594349971154],[10.4639144232969,45.2596602058747],[10.4640391019997,45.2599092093481],[10.460778296426,45.2634315178704],[10.4593456224636,45.2644522307476],[10.4584419093342,45.2645751489156],[10.4579796108144,45.2649987180855],[10.4578756204362,45.2655569362299],[10.4570549944882,45.2658458500613],[10.4559087386483,45.266041127461],[10.455696031449,45.2664416410838],[10.455831996763,45.2674667893541],[10.4554544388659,45.2677234766783],[10.4550319216133,45.2683682368976],[10.4546518787156,45.2685280769805],[10.4540672462534,45.2692717738779],[10.4518699223076,45.2713341055501],[10.4514762442368,45.2720366146473],[10.4553479258067,45.2721423567762],[10.4557460074589,45.2716141574454],[10.4619382873294,45.2712638366933],[10.4670619808665,45.2715081598818],[10.4723764053003,45.2711685423079],[10.4749034693912,45.2712715723186],[10.4770182297418,45.2708179988707],[10.4816327641324,45.2707862827294],[10.4812326431453,45.2713991259088],[10.4814531791426,45.2719766893608],[10.4814421475462,45.2727200636941],[10.4865036789455,45.2719660366975],[10.4880404216006,45.2705640806248],[10.4920921401987,45.2709303330134],[10.4941374550852,45.2712819472439],[10.4955307574429,45.2712889399285],[10.4971348834821,45.2698049937523],[10.4976586175158,45.2700251371176],[10.5001078357147,45.2694380970297],[10.5034674011458,45.2681580059844],[10.5037920926306,45.2682798472705],[10.5078030753241,45.2679999741238],[10.5081761756547,45.2686004023124],[10.5090621594355,45.2683364715489],[10.5096497759904,45.267597240258],[10.510397596903,45.267511686979],[10.5103391402354,45.2666548764252],[10.5121835694833,45.2675132844571],[10.5124779289857,45.2678372872805],[10.5152818117957,45.26850637764],[10.5172780993025,45.2670169456026],[10.5171521613237,45.2663123733142],[10.5167513415027,45.2660150189],[10.5164098420931,45.2652628605699],[10.516775832925,45.2644885522776],[10.516499710385,45.2632162666908],[10.5164473773992,45.2620422612967],[10.5178763119083,45.2603578868376],[10.5182178549707,45.2597436936047],[10.5187511880245,45.2592161673266],[10.5189263290059,45.2586785322898],[10.5186023074773,45.2583705775761],[10.5186126957669,45.2567868240393],[10.5183197519137,45.2544859232538],[10.5163012026786,45.2526019830322],[10.514739286226,45.2516561760232],[10.5130433188114,45.2500206847862],[10.5116560576345,45.2477193852369],[10.5111007483826,45.247020424419],[10.5113668001088,45.2467343812963],[10.509356335251,45.2447386895077],[10.5097272784141,45.2440423486936],[10.5109062551386,45.2424654488241],[10.5111309967315,45.2422096929068],[10.5113819015126,45.2421468943681],[10.5118020227112,45.241588772647]]]}},{"type":"Feature","properties":{"NOME":"VIAPIANA","ZONA":"Medio Ovest"},"geometry":{"type":"Polygon","coordinates":[[[10.5439199451208,45.2443704351775],[10.5450435429907,45.2437672948749],[10.545112175839,45.2435703949311],[10.5456484776738,45.2431767175228],[10.5465150862711,45.2431971912399],[10.547983662563,45.2435637234708],[10.5483737748802,45.2435030844607],[10.5464586770916,45.2395829795973],[10.5439723685502,45.2368905712298],[10.541994730104,45.2353653800395],[10.540838227863,45.2342783166458],[10.5414883181081,45.233738632906],[10.5417622935226,45.233183601631],[10.5426607505073,45.2322117427331],[10.5433593834637,45.2318653800089],[10.5440832372192,45.2319168578175],[10.5446504795298,45.2315212140599],[10.5454349739053,45.2306121330985],[10.5448778180823,45.2303133720184],[10.5491648321397,45.227498645364],[10.5507649245018,45.2263027969393],[10.554056008794,45.2247172045447],[10.5517620462322,45.2219558358179],[10.552011450626,45.2218031132803],[10.5510444926034,45.2208231734205],[10.5553158538658,45.2186146834941],[10.5559331918326,45.2180089384329],[10.5737246651808,45.209626490192],[10.574683933906,45.210703413755],[10.5750096862621,45.2117890657274],[10.5760193359195,45.2134830479426],[10.580498466526,45.2115156965923],[10.5844457453909,45.2095266711759],[10.5904731424642,45.2074508060218],[10.592011817438,45.2062456790155],[10.5946900688627,45.207825026242],[10.5972951090911,45.2060563920492],[10.5972421621313,45.2056240800113],[10.5956849097437,45.2039713873198],[10.5951732657627,45.2031990424422],[10.5976467327589,45.2011146657765],[10.5971245513095,45.1938104517547],[10.5951661570328,45.1913869405338],[10.5951134898616,45.1906301268397],[10.5956636108597,45.1900208560122],[10.5937483005566,45.1874407498499],[10.5863246918255,45.1907080341548],[10.5842860208662,45.1899119531536],[10.5818361161958,45.1879183679993],[10.5819516004197,45.1875379922516],[10.5795142662883,45.1848534730651],[10.5779635155438,45.1828919196167],[10.5774998441028,45.182073934194],[10.5777574152175,45.1811345758195],[10.5768522701871,45.1803004060019],[10.5772395014656,45.1794929450975],[10.5763934309997,45.1779449617228],[10.57639232378,45.1767640876196],[10.5758410203249,45.176192390074],[10.575216302575,45.1752429269629],[10.5754330358439,45.175106252149],[10.5740472728078,45.1728304193582],[10.5718954998,45.1736176020204],[10.5709952255516,45.1740978871012],[10.5661929334277,45.1759603305119],[10.5662790837034,45.1760604616243],[10.5642822139247,45.1768244491718],[10.5653197727815,45.1778691325274],[10.5636844879724,45.1787662706511],[10.5632138819938,45.1782202438145],[10.5619282507372,45.1788133180911],[10.5536745702064,45.1834837345518],[10.5436308046654,45.1773816181462],[10.5429699763569,45.178219248199],[10.5427001728266,45.179074613704],[10.5420737126476,45.1799808320081],[10.5422770075875,45.180277340995],[10.5419321666023,45.1807654061243],[10.5414509605969,45.1810251144937],[10.5406387984768,45.1810821100544],[10.5379203305246,45.1828682213668],[10.5366271846675,45.1844049093466],[10.5358133872787,45.1856128660493],[10.5351123840635,45.1861747553248],[10.5311775608797,45.1881381803556],[10.5272729938945,45.1918505423777],[10.526169696301,45.1932004145715],[10.5239128721712,45.1946347290532],[10.5208837255857,45.197023078709],[10.5197887578231,45.1986950489515],[10.5196517666089,45.1996636867797],[10.5194036451732,45.2001273751398],[10.5173576894374,45.2009372295305],[10.514369207825,45.2024271071254],[10.5146399855953,45.2028148468522],[10.5131562057683,45.2035057782763],[10.5139970389944,45.2038323717633],[10.5147077240502,45.2043662925079],[10.5166350553775,45.2063952330219],[10.503831952725,45.2113369918247],[10.4980971170647,45.2137544212528],[10.4912061975019,45.2154721249248],[10.477452936046,45.2179948014328],[10.4790014256875,45.2209702027128],[10.4821822912824,45.2206391602987],[10.4848578990605,45.2201535871827],[10.485018016697,45.2210531615836],[10.4886914723792,45.2203935136934],[10.4897305343646,45.2217968568479],[10.4914040575443,45.2213241932488],[10.492852307381,45.2226899621287],[10.4983364377523,45.2285111265585],[10.50090803676,45.2309891214013],[10.5061811270756,45.2365228567692],[10.5083429512313,45.2392234336478],[10.5082864741217,45.2393137623831],[10.5118020227112,45.241588772647],[10.5128665812144,45.2398001420111],[10.5132643544036,45.2397205254613],[10.5141378234283,45.2391722846008],[10.5190345915803,45.2391220364064],[10.5197386341264,45.2398855179043],[10.5275614974697,45.2460605525158],[10.530188092751,45.2502902143102],[10.5439199451208,45.2443704351775]]]}},{"type":"Feature","properties":{"NOME":"PEVERADA","ZONA":"Medio Ovest"},"geometry":{"type":"Polygon","coordinates":[[[10.4593456224636,45.2644522307476],[10.460778296426,45.2634315178704],[10.4637345354921,45.2603307797627],[10.4640391019997,45.2599092093481],[10.4639144232969,45.2596602058747],[10.4641057591943,45.2594349971154],[10.4643961150581,45.2538623596125],[10.4647092351812,45.253774811996],[10.4644190603297,45.2532216403616],[10.4644935815955,45.2530536177118],[10.4642471145841,45.2526669519554],[10.4636101533588,45.2524245129809],[10.4630462920932,45.2519583770322],[10.4616871599275,45.2512239696594],[10.4605948998456,45.2502150321382],[10.4626872169661,45.2496403049812],[10.4621171368732,45.2484472513604],[10.4623470960727,45.2479489249681],[10.462725558232,45.2479821866148],[10.4629643141216,45.2478267037432],[10.462306308401,45.24583454134],[10.4618675820504,45.2455543584232],[10.4616553058303,45.2456904465159],[10.461620524598,45.2453860404162],[10.4617480046874,45.2450986108848],[10.4616632100698,45.2449472702026],[10.4617676362526,45.2448125618464],[10.4616426875338,45.2441472977556],[10.4617574584851,45.2433646478697],[10.4625850090158,45.2419822255697],[10.4637477792477,45.2410527790428],[10.4647742145951,45.2411158358812],[10.4662660832163,45.2398772926443],[10.4665523414376,45.2394735004297],[10.4664101936461,45.2391895270767],[10.4661087437324,45.2390028634838],[10.4664552890006,45.238845989977],[10.4664989124132,45.2384453117757],[10.4661729641399,45.2373063015133],[10.4685037500852,45.2340944751784],[10.4691108939672,45.2314954270602],[10.4694970548132,45.2307854903913],[10.4698479604862,45.2308000294716],[10.4703728119967,45.2302407309175],[10.4702571327066,45.2299373683446],[10.4703561073384,45.2295931354283],[10.4702124919068,45.2292520251937],[10.4707159857598,45.2283881477371],[10.4724222308294,45.226594216524],[10.4721762111498,45.2264640138892],[10.4717472404362,45.2244689476252],[10.4707681252662,45.224138597944],[10.4707627204189,45.2239290817102],[10.471671035178,45.2215166710218],[10.4717796020743,45.2215412404442],[10.4719371338632,45.2207417180331],[10.4725263258537,45.2191469769952],[10.4726096684411,45.2185281521738],[10.466458329868,45.2180016834911],[10.4669392474879,45.2173095906269],[10.4672670370699,45.2164289300775],[10.4676320362383,45.2138520453665],[10.4680406356887,45.2129703434274],[10.4683181592265,45.2117092585339],[10.4686110796389,45.2094762551621],[10.4712555662267,45.2028000197825],[10.4696589005675,45.2028322921376],[10.467414696912,45.203353544896],[10.4670964737854,45.2012521821376],[10.4667664737017,45.2005602628591],[10.4659694291827,45.1994498507318],[10.4634984981697,45.1976817114066],[10.4635151051622,45.1973928477818],[10.4640769015445,45.1968253277388],[10.4648900730953,45.1942698622943],[10.4644376116743,45.1944205292819],[10.4502065280655,45.193763741305],[10.449973277136,45.1941287185736],[10.4498069037474,45.1941356910754],[10.4399447914519,45.1943340573344],[10.4377286569639,45.1942786232573],[10.4286877270577,45.1931586379577],[10.4277581802905,45.194398598702],[10.4252440613311,45.1939116572194],[10.4252969934055,45.1933334372135],[10.4226703000604,45.1930208492086],[10.4199402248559,45.1932227389391],[10.4192329090521,45.192546797603],[10.4197510777541,45.1913733289646],[10.4191507612467,45.1885644444929],[10.41676058088,45.1889177430764],[10.4170954334458,45.1896931049425],[10.417110207085,45.1902883432092],[10.4170003346775,45.1906112344756],[10.4165909582138,45.1910807434976],[10.4155400320373,45.1914867543995],[10.4129992521994,45.1915777651919],[10.4120652607456,45.191946572224],[10.4118047123554,45.1923070472647],[10.4111387809367,45.1939824599993],[10.4105027321857,45.1948239093822],[10.410382447933,45.1954089079527],[10.4104724468539,45.1963247457146],[10.4111845643042,45.197197170943],[10.4112125873082,45.1976493446283],[10.4105800305158,45.1986336516091],[10.4104089300496,45.1992073702097],[10.4106852724698,45.2008473185632],[10.4104607071827,45.2013026132432],[10.4091495290687,45.2020928482096],[10.4085423419536,45.2027433947389],[10.4084994620891,45.2030535425203],[10.4086099020482,45.2034332494183],[10.409257075832,45.2044017544999],[10.4103814584736,45.2049118422948],[10.4137848391993,45.2069775443489],[10.4137570560723,45.2072160566601],[10.4134863931927,45.2078505528582],[10.4120867300792,45.2091539780816],[10.4113377047029,45.2095204905736],[10.4092546560921,45.2097605681313],[10.4087038812515,45.2099698076464],[10.4079322721245,45.2103929939312],[10.4073176650639,45.2112125658192],[10.4069579857966,45.212563200215],[10.4069201993605,45.2134825011164],[10.4073164167141,45.2179008447871],[10.407643444584,45.2189011195011],[10.4075907319227,45.2204402824921],[10.4072898774711,45.2217260858878],[10.4067700408779,45.2227154308992],[10.4063155489786,45.2245159606213],[10.406149786202,45.2263770368161],[10.4039738515341,45.2288825274682],[10.4035581255738,45.2298064718143],[10.4009218566773,45.2332791291294],[10.4001260340563,45.2341222501318],[10.3997789724671,45.2347675512128],[10.3998988279147,45.2378003612605],[10.400173775392,45.2391431837621],[10.4000258572874,45.2401634390901],[10.4002599515844,45.2399831848147],[10.3998846055872,45.2418573802505],[10.3994950942286,45.2424694747717],[10.3993124684653,45.2432695644279],[10.3993250122484,45.245496248818],[10.3990770636627,45.2467258336574],[10.3989039632543,45.2472280996711],[10.3977682994852,45.2483494730751],[10.3976913360712,45.2486481207847],[10.3992325348075,45.2506536402679],[10.3986446225798,45.2521136503122],[10.398310082682,45.2535943700261],[10.3985763489505,45.2541388883302],[10.3992634523072,45.2567145590545],[10.3994077747702,45.2577845318447],[10.3992179076748,45.2589776827854],[10.3989317572888,45.2596837748399],[10.3989165018755,45.260582044042],[10.4061291663986,45.2603539953497],[10.4062869464114,45.2612809000584],[10.4145921038623,45.2612135365191],[10.4181960185666,45.2613383624678],[10.4194043686165,45.2616624116187],[10.4227304241698,45.2616452351973],[10.4258225574606,45.2618730709873],[10.4267249908094,45.2616196095236],[10.4286442238707,45.2615713919338],[10.4304220640174,45.2613553820239],[10.4323840945033,45.261645630742],[10.4334064824814,45.2613906107938],[10.4360064656842,45.261139971279],[10.4368602240015,45.2637158087834],[10.436814169015,45.2640651409076],[10.4372059757815,45.2643702113253],[10.4374224230801,45.265336242361],[10.4453607767096,45.2646160256698],[10.4449962995548,45.2637681331291],[10.445267128418,45.2636290795969],[10.4465635817959,45.263903288788],[10.4475803574792,45.263967902468],[10.4504038752488,45.2638739449846],[10.4512301441489,45.2639990722269],[10.4529575455468,45.2639577354806],[10.4535634042193,45.2640469039225],[10.4535389448753,45.2641634664479],[10.4548010708715,45.2641667767733],[10.455045436209,45.2640667887837],[10.4560451829668,45.264538430358],[10.4559087386483,45.266041127461],[10.4570549944882,45.2658458500613],[10.4578756204362,45.2655569362299],[10.4579796108144,45.2649987180855],[10.4584419093342,45.2645751489156],[10.4593456224636,45.2644522307476]]]}},{"type":"Feature","properties":{"NOME":"NEGRISOLI","ZONA":"Medio Ovest"},"geometry":{"type":"Polygon","coordinates":[[[10.4729455830302,45.2218050970438],[10.478894395543,45.2209280050306],[10.4774831360042,45.2179726610098],[10.4912061975019,45.2154721249248],[10.4980971170646,45.2137544212528],[10.503831952725,45.2113369918247],[10.5166350553775,45.2063952330219],[10.5147077240502,45.2043662925079],[10.5139970389944,45.2038323717633],[10.5130959657129,45.2035338280571],[10.5079451008679,45.1980440459095],[10.5041300241646,45.1944224263245],[10.4929734394548,45.1825341777537],[10.4931564630504,45.1819438262736],[10.4937492966295,45.1814905986238],[10.4951933291448,45.1808302185128],[10.4964297688981,45.1799408921689],[10.4978224250389,45.1792455134435],[10.4982668851301,45.1789011219099],[10.4994826532212,45.1772279906129],[10.4999009675873,45.1768482974641],[10.5002997075106,45.1766826890323],[10.5005435945704,45.1763765603579],[10.5005542679653,45.1758240276602],[10.4979919838621,45.1751448904592],[10.4977853748176,45.174951589535],[10.4977566207736,45.17337497302],[10.4976166920772,45.1728422335676],[10.4963048167485,45.1708458614854],[10.4959541231428,45.1699594972187],[10.495484999228,45.1693597883772],[10.4932297140596,45.1674024559931],[10.4897246441577,45.1654184689063],[10.4909450190293,45.1641084025236],[10.4912078677135,45.1634301366276],[10.491140898876,45.1630142009319],[10.4915450029636,45.1623737868147],[10.4914956822797,45.1620965572049],[10.4918567037805,45.1608811099103],[10.49329427603,45.1600684022871],[10.4928258654081,45.1593202974167],[10.4923667960224,45.1589293337476],[10.4920271630652,45.1588146825349],[10.4921217176968,45.1581386119812],[10.4916891524428,45.1576877547863],[10.4910945518337,45.1574771895154],[10.4888161341951,45.1545495407533],[10.487777704837,45.1534515770681],[10.4876393399393,45.1513693275299],[10.4873694205274,45.1506980062163],[10.4869244790761,45.150306836984],[10.4906254424113,45.1470233552071],[10.4917553138795,45.1462543763964],[10.4905440571213,45.1455159593492],[10.4899265605493,45.1457822386672],[10.4878679082988,45.1444301826313],[10.487554588279,45.1440293751954],[10.4865332248015,45.1435782432728],[10.4856116899164,45.1424351092542],[10.4844744762166,45.142056917117],[10.4829192080453,45.140949904504],[10.4797115378681,45.1442905720878],[10.4779460343561,45.1453711103367],[10.477266260798,45.1456454492115],[10.4758197855431,45.145907189129],[10.4746876332342,45.1459038084871],[10.4720166121795,45.1456007029434],[10.4677211308488,45.1448818451303],[10.4651340700311,45.1448115400506],[10.4640307583328,45.1450642278173],[10.4631660148761,45.1454443711069],[10.4603776561087,45.147203848697],[10.4592548956883,45.1475692575323],[10.4577325887854,45.1475436871833],[10.4569739842575,45.1472878199041],[10.4563707660295,45.1468274328512],[10.4561897845561,45.1463391570714],[10.4558699690854,45.1440208369155],[10.4554840820479,45.143040086193],[10.455149782767,45.1427112899011],[10.4540707723452,45.1424819883317],[10.4497484348322,45.1443237554825],[10.4483210332213,45.1447784514094],[10.4415649628744,45.145210538516],[10.4388292223177,45.1458752126746],[10.4377479752328,45.1459292974458],[10.4369138489057,45.1456382489465],[10.4364898188063,45.144266352567],[10.4356373541586,45.1428008256088],[10.4330526295222,45.1406009273752],[10.4312547330359,45.139854936808],[10.4284744965273,45.1395466250785],[10.4270120453946,45.1396819387488],[10.4250455118225,45.1406426682644],[10.4242139643424,45.1408960874219],[10.4218561271007,45.1412135337326],[10.4214022410933,45.1411161195312],[10.4211234805995,45.1413867177578],[10.419604979259,45.1420343777793],[10.4185455898741,45.1428763778993],[10.418282642785,45.1432654809061],[10.4185583711216,45.1450197546585],[10.4183687259009,45.1455151240816],[10.4180514018161,45.1457477095218],[10.4166637977688,45.145979286463],[10.4147662382526,45.1451882691466],[10.4139341562275,45.1450199474745],[10.4132180186287,45.1454575200946],[10.4124001903624,45.146275037922],[10.4121780519834,45.1470923280402],[10.4122020826527,45.1476564952808],[10.4120701155393,45.148036818147],[10.4118320928769,45.1482112446931],[10.4092719629491,45.1479856454168],[10.408308568891,45.1482261754972],[10.4079539767944,45.1485878042061],[10.4076778835961,45.1496772652001],[10.4092330490044,45.151322893955],[10.4111577977059,45.1524602047685],[10.4114085155577,45.1527310015534],[10.4114126302404,45.1528976701989],[10.4110167686535,45.1532240923202],[10.4094950971758,45.1536239578893],[10.4091218177776,45.1538429186784],[10.4087672659948,45.1541390518551],[10.4084597598992,45.1546370481094],[10.4082842131893,45.1550262401535],[10.4083609005373,45.1554063665643],[10.4088353385206,45.1558768546719],[10.4100057492764,45.1559040878577],[10.4109238135905,45.1555950348046],[10.4117801531267,45.1555129995403],[10.4123139813913,45.1556612092752],[10.4124963853441,45.1558911688128],[10.4126391996634,45.1565622325735],[10.413063031798,45.1573667669386],[10.4122985612787,45.1581026438175],[10.4120577835562,45.1585760074431],[10.4120612822128,45.1590582592505],[10.4122453414526,45.1607172187818],[10.4129426782827,45.1620304361716],[10.4129495948271,45.1623102002705],[10.4126231959882,45.1627250816791],[10.4122376314981,45.1627893933981],[10.4112743383306,45.1626345838306],[10.4097591158533,45.1626235295575],[10.4092732165278,45.1623734944157],[10.4080651828381,45.1612737621626],[10.40648203744,45.1615790775296],[10.4062421420102,45.1617487504981],[10.4061991298056,45.1620529474365],[10.4062476429237,45.1623143367389],[10.4066520276685,45.1626725647646],[10.4088799798373,45.1632583854776],[10.4098692096841,45.1637820574811],[10.4106489480888,45.1646834279091],[10.4106472936997,45.1649573432971],[10.4092876757383,45.1654564261635],[10.4064926172542,45.1657707376642],[10.4058409876078,45.1659692979425],[10.4047270756282,45.1665367509792],[10.4044835687794,45.1669029557935],[10.4045933210973,45.1672588597631],[10.4050046815843,45.1675574659582],[10.405555142398,45.167693593151],[10.4081919441112,45.167101407042],[10.4088314443498,45.1670935187753],[10.4096790920465,45.1675391524986],[10.4102206325739,45.1690186446],[10.4124581463364,45.1729079277528],[10.4131861835131,45.1745708692753],[10.4140257455545,45.175432176104],[10.4145033637659,45.1763622668567],[10.4144735789117,45.176791340788],[10.4137187331849,45.1781296738847],[10.4138501585476,45.1789497305744],[10.4140787121704,45.1792041236857],[10.4145787183899,45.1794051379536],[10.4159428615029,45.1794168108475],[10.4166152760806,45.1796442584339],[10.4173458195199,45.180585487813],[10.4173638965052,45.1809067917199],[10.4175630613189,45.1811972683237],[10.4177388355602,45.1813594220614],[10.4184908385521,45.1815358553609],[10.4185046763523,45.1820929991815],[10.4176933208564,45.1827818575407],[10.4175540535893,45.1832765970325],[10.4177418924057,45.1839244667898],[10.4182203331171,45.1840685722345],[10.4198498375698,45.1837768089416],[10.4214469588623,45.1842142233531],[10.4223453968293,45.184588869863],[10.4227271197914,45.184905642495],[10.4226631780833,45.1851779522662],[10.4222349046549,45.1854262192659],[10.4201661146681,45.1863379565874],[10.4174181823962,45.1863506650291],[10.4157571999755,45.1866611417104],[10.4146948456193,45.1866028577497],[10.4146136214389,45.1867229485855],[10.4146906934709,45.1871149722726],[10.415727050636,45.1881619806934],[10.4164267404981,45.1885343738209],[10.41676058088,45.1889177430764],[10.4191507612467,45.1885644444929],[10.4197510777541,45.1913733289646],[10.4192329090521,45.192546797603],[10.4199402248559,45.1932227389391],[10.4226703000604,45.1930208492086],[10.4252969934055,45.1933334372135],[10.4252440613311,45.1939116572194],[10.4277581802905,45.194398598702],[10.4286877270577,45.1931586379577],[10.4377286569639,45.1942786232573],[10.4399447914519,45.1943340573344],[10.4498069037474,45.1941356910754],[10.449973277136,45.1941287185736],[10.4502065280655,45.193763741305],[10.4644376116743,45.1944205292819],[10.4648900730953,45.1942698622943],[10.4640769015445,45.1968253277388],[10.4635151051622,45.1973928477818],[10.4634984981697,45.1976817114066],[10.4659694291827,45.1994498507318],[10.4667664737017,45.2005602628591],[10.4670964737854,45.2012521821376],[10.467414696912,45.203353544896],[10.4696589005675,45.2028322921376],[10.4712555662267,45.2028000197825],[10.4686110796389,45.2094762551621],[10.4683181592265,45.2117092585339],[10.4680406356887,45.2129703434274],[10.4676320362383,45.2138520453665],[10.4672670370699,45.2164289300775],[10.4669392474879,45.2173095906269],[10.466458329868,45.2180016834911],[10.4726096684411,45.2185281521738],[10.4725263258537,45.2191469769952],[10.4719371338632,45.2207417180331],[10.4717796020743,45.2215412404442],[10.4729455830302,45.2218050970438]]]}},{"type":"Feature","properties":{"NOME":"TIA","ZONA":"Medio Sud"},"geometry":{"type":"Polygon","coordinates":[[[10.6259518627959,45.2268865665424],[10.6273308221028,45.2264890314951],[10.6301516871854,45.2266503176396],[10.6343512347709,45.2257841126816],[10.6363367989377,45.2241685534102],[10.6369731231645,45.2239830831403],[10.6370691690613,45.2236038218256],[10.6422358391577,45.2235296049853],[10.6422991216448,45.223251579735],[10.6431513843371,45.2231385454028],[10.6433695321541,45.2232865580213],[10.6440087278297,45.2232017773433],[10.6447860887302,45.2229638480713],[10.6459793846897,45.2223168402864],[10.6479481832557,45.2219861261685],[10.6489022070543,45.2216952333899],[10.6493559342908,45.2213611794711],[10.6513075937643,45.2210558467886],[10.6528788283967,45.2199246463195],[10.6543381829534,45.2198531205023],[10.6556787258862,45.2181458018582],[10.6577523605798,45.2207762559145],[10.6596183878454,45.222654490958],[10.6606955569226,45.2234212103346],[10.662644543564,45.2236881748306],[10.6630610331138,45.2222531027911],[10.6640059167398,45.2213724056943],[10.6658931267861,45.2204493758755],[10.6692646330734,45.2195808383781],[10.6737592188774,45.217943132815],[10.6742978785971,45.2179257086572],[10.6751559369191,45.2182275048818],[10.6769347232086,45.2182109208878],[10.6774046161518,45.218146858414],[10.6802200312968,45.217171844331],[10.680604582835,45.2169565969584],[10.6826398025496,45.2137542239071],[10.6840137303942,45.2141817244613],[10.6842257491891,45.2143860604203],[10.6857278825005,45.214247441035],[10.6866840253998,45.2139505188711],[10.6878798312048,45.2137997617873],[10.6882042480639,45.2136286121784],[10.6884276707407,45.2132260636078],[10.6885030504514,45.2125928123978],[10.6883912266788,45.2119956003057],[10.6885847160805,45.2113772364321],[10.6900307008146,45.2101414697879],[10.690153953629,45.2087422899309],[10.6903979082779,45.2082396223862],[10.6913455387156,45.2076599892545],[10.6919761862626,45.2075009271091],[10.6928004325363,45.2075219763378],[10.6936133182484,45.2071605804953],[10.693412306958,45.2067310474633],[10.6918049594469,45.2064887186602],[10.6914187538832,45.2061617386696],[10.6911225403508,45.2049018526888],[10.6916656664989,45.2033800035827],[10.6913926436105,45.2029016286065],[10.6904859871836,45.2026780078052],[10.6899481707226,45.2023948556553],[10.68988321203,45.2021878767537],[10.6899603233148,45.2018124432092],[10.6906100100598,45.2009086808223],[10.6905802592764,45.1989128977314],[10.6898497578131,45.1960957287959],[10.6891164023764,45.1941727390711],[10.688495139051,45.1920609395936],[10.688718463263,45.1906644360643],[10.6890257929712,45.190119244131],[10.6897792379791,45.1877583679054],[10.6897598473458,45.1851178105742],[10.689306065658,45.1846878514898],[10.6852641574933,45.1832296276625],[10.6841185183621,45.1822692134521],[10.6826006445607,45.1806488646997],[10.6823857354202,45.1803401212981],[10.6824022556446,45.1799032019105],[10.6827310118978,45.1790873876558],[10.6836756623968,45.1782209016294],[10.684579302079,45.1779580414363],[10.684903172113,45.1779740564594],[10.6856182805556,45.17829620481],[10.6860590882968,45.1782896953921],[10.6886731781436,45.1772113522747],[10.6909077850579,45.1772198632403],[10.6912567270878,45.1770899293005],[10.6917696656245,45.1765416830142],[10.6921973246414,45.1751005527609],[10.6923750982052,45.1731640675901],[10.6926950466106,45.1720572374835],[10.6925160832801,45.1709785986746],[10.6929155371732,45.1695794702745],[10.6933879136459,45.1686575241049],[10.6943016172835,45.1677498207328],[10.6949122291981,45.1665347004424],[10.6949305061694,45.1661601356316],[10.693815060155,45.1652201645384],[10.6935058496205,45.1647049004495],[10.6937217811831,45.1640570815194],[10.694006330072,45.1637409481602],[10.6945246780048,45.1633797566772],[10.6951422601778,45.1633913814558],[10.6955309788959,45.1636143442678],[10.6958822977232,45.1635675370614],[10.6975105907511,45.1619837819579],[10.6986922395769,45.1611968245891],[10.699671534537,45.161265425428],[10.7004732457691,45.1610455455019],[10.7005941020782,45.1611110448126],[10.7005526398271,45.1608985833832],[10.7006945286015,45.1608661928214],[10.7008403077995,45.160414011557],[10.7008464771492,45.1599480902984],[10.708844531473,45.1607688531912],[10.7103873812327,45.1567762688945],[10.7094341703936,45.1566282733578],[10.7071280506141,45.1559291576626],[10.7032027824654,45.1557139883123],[10.7016817226335,45.1557683415843],[10.7016140726034,45.1554145362397],[10.7007322579023,45.15529997674],[10.7003750258851,45.1549938728502],[10.6987294848394,45.1532189546017],[10.6985410108691,45.1527481278089],[10.7003030996435,45.1524060894588],[10.700537348033,45.1522192946781],[10.6960847962108,45.1516526743939],[10.6933902405584,45.1515964696353],[10.6892629950906,45.1509497809635],[10.6877431416536,45.1509598844115],[10.6848411334041,45.1514986464074],[10.6772227465449,45.1516340280773],[10.6729381121431,45.1524422253681],[10.6658311234224,45.1531517820835],[10.6617707065243,45.1533559650536],[10.6630869404813,45.1557932091413],[10.6645082318096,45.1570202212878],[10.6639526759809,45.1574070948777],[10.6652192348141,45.1587254766591],[10.6690654577291,45.1556391147022],[10.6692766800681,45.1553240946604],[10.6700996095587,45.1554680247948],[10.6705493903821,45.1557733761623],[10.6717424873128,45.1578057479328],[10.6736123772063,45.1603629263693],[10.671350479362,45.1605520291419],[10.6680264778233,45.1621157415516],[10.6664275132816,45.1623619011058],[10.6650849181506,45.1627602648553],[10.6631944679616,45.1638127399012],[10.6607866457937,45.1644048133864],[10.6593212728231,45.1649162998036],[10.6567673506272,45.1664462064174],[10.6415553192568,45.1724812674332],[10.6350391991172,45.1748251490671],[10.6329475784782,45.1760359741792],[10.6321031367895,45.1762485779397],[10.6244022967365,45.1757345495785],[10.6229520416858,45.1762453564852],[10.6222732259237,45.1767451842433],[10.6232816684788,45.1778671741713],[10.6216997710889,45.1787363310419],[10.6194584296356,45.1796816644694],[10.6177681357161,45.1811761692613],[10.6188105422495,45.1818298186675],[10.6198530288405,45.1830404779929],[10.6199878472041,45.1833504978287],[10.6189662975709,45.1839888537466],[10.619612692168,45.1856730307784],[10.6203881385833,45.1863527326092],[10.6221777462433,45.1872408305603],[10.6243361438787,45.1894605043969],[10.6241881771756,45.1897968223699],[10.6232578805401,45.1903225144952],[10.6233990737174,45.1908552462041],[10.6228082469858,45.1911310171251],[10.6229010140169,45.1921768975222],[10.6235601078359,45.1931924437221],[10.6237000421705,45.1936806318957],[10.6219482773671,45.1946858914062],[10.6214947939326,45.195360758757],[10.6213841434476,45.1970111111111],[10.6174568607792,45.1985373585903],[10.6144088190837,45.1955057530489],[10.6128099807662,45.1924535976186],[10.6116383518873,45.19057627264],[10.6105441549744,45.1908813665502],[10.6094549729949,45.1913646261954],[10.6075002924616,45.1913253254918],[10.6064204813025,45.1921426362639],[10.6052417594658,45.1928053621765],[10.6031168203741,45.1934368056548],[10.6010175813454,45.1944243437244],[10.597241492314,45.1946109258634],[10.597646732759,45.2011146657765],[10.5951732657627,45.2031990424422],[10.5956849097437,45.2039713873198],[10.5972421621313,45.2056240800113],[10.5972951090911,45.2060563920492],[10.5946900688627,45.207825026242],[10.592011817438,45.2062456790155],[10.5904731424642,45.2074508060218],[10.5844457453909,45.2095266711759],[10.5804984665259,45.2115156965923],[10.5760747221367,45.2134587235493],[10.5773347917599,45.2154328531977],[10.5784432629222,45.2165251362076],[10.5764571344168,45.217487436198],[10.5756590658657,45.2177423241186],[10.5787513552943,45.2203822518731],[10.580350042837,45.2221905297077],[10.5880784769779,45.2187032361522],[10.5891124506449,45.218714038225],[10.593102137903,45.2227451289566],[10.5978650270575,45.2200756461319],[10.5992760009159,45.2191210275338],[10.600385583098,45.218699016423],[10.6018012320411,45.2184251218325],[10.6031059148501,45.2198294169003],[10.6026838988248,45.2201605113609],[10.6036621666117,45.2212035675339],[10.6108837114217,45.2177790708561],[10.6209654279989,45.2239669619856],[10.6259518627959,45.2268865665424]]]}},{"type":"Feature","properties":{"NOME":"BELDUVINI","ZONA":"Medio Ovest"},"geometry":{"type":"Polygon","coordinates":[[[10.5429699763569,45.178219248199],[10.5436308046654,45.1773816181462],[10.5536745702064,45.1834837345518],[10.5619282507372,45.1788133180911],[10.5632138819938,45.1782202438145],[10.5636844879724,45.1787662706511],[10.5653197727815,45.1778691325274],[10.5642822139246,45.1768244491717],[10.5662790837034,45.1760604616244],[10.5636595831399,45.1731038123516],[10.5601312706715,45.1737966024607],[10.5595444418758,45.1737585773334],[10.5589937767934,45.1726611567987],[10.5576742726983,45.1714130837504],[10.5567071409253,45.1717485411093],[10.5558638523738,45.1718521085195],[10.5545074565192,45.1686478409638],[10.5514447127913,45.1697023398204],[10.5487667975319,45.1675518228632],[10.5471561874119,45.165755118965],[10.5463099831447,45.1645465525687],[10.5434888645899,45.1649069771469],[10.5418061601263,45.1652519729228],[10.5393269289012,45.1638121709345],[10.5374572951356,45.1614433394777],[10.5330042409383,45.1567612020542],[10.5318143480956,45.1542450352495],[10.5306323427364,45.1526265057804],[10.5260412595904,45.1476006528801],[10.5258475029442,45.1476151875099],[10.5256618882339,45.1472558424104],[10.5161468139123,45.1369242719189],[10.5134847070127,45.1338758335661],[10.5125244032214,45.1328964645428],[10.5123316731795,45.1329168605986],[10.509406558346,45.1296161483758],[10.5090108283767,45.1293387902563],[10.5084282387799,45.1285216386639],[10.5081771580191,45.128410392062],[10.5077841757819,45.1278274943013],[10.5070882153999,45.127210406446],[10.5062547978236,45.1260641980426],[10.5046924927094,45.1270727758335],[10.5040484797517,45.1276663608948],[10.5035626870117,45.1285954194216],[10.5035030259552,45.129590879315],[10.5032613377659,45.1306157398972],[10.5024143631458,45.1313515113625],[10.5005783458285,45.1322578015884],[10.4989710076662,45.1326119658183],[10.4977882692971,45.1324879568981],[10.4959353660228,45.1320846650344],[10.4938724243984,45.1320981634828],[10.4926863355338,45.132271198024],[10.4909725319686,45.1333602676227],[10.4889724548325,45.1353622025409],[10.4844530356132,45.1392826972398],[10.4829192080453,45.140949904504],[10.4844744762166,45.142056917117],[10.4856116899164,45.1424351092542],[10.4865332248015,45.1435782432728],[10.487554588279,45.1440293751954],[10.4878679082988,45.1444301826313],[10.4899265605493,45.1457822386672],[10.4905440571213,45.1455159593492],[10.4917553138795,45.1462543763964],[10.4906254424113,45.1470233552071],[10.4869244790761,45.150306836984],[10.4873694205274,45.1506980062163],[10.4876393399393,45.1513693275299],[10.487777704837,45.1534515770681],[10.4888161341951,45.1545495407533],[10.4910945518337,45.1574771895154],[10.4916891524428,45.1576877547863],[10.4921217176968,45.1581386119812],[10.4920271630652,45.1588146825349],[10.4923667960224,45.1589293337476],[10.4928258654081,45.1593202974167],[10.49329427603,45.1600684022871],[10.4918567037805,45.1608811099103],[10.4914956822797,45.1620965572049],[10.4915450029636,45.1623737868147],[10.491140898876,45.1630142009319],[10.4912078677135,45.1634301366276],[10.4909450190293,45.1641084025236],[10.4897246441577,45.1654184689063],[10.4932297140596,45.1674024559931],[10.495484999228,45.1693597883772],[10.4959541231428,45.1699594972187],[10.4963048167485,45.1708458614854],[10.4976166920772,45.1728422335676],[10.4977566207736,45.17337497302],[10.4977853748176,45.174951589535],[10.4979919838621,45.1751448904592],[10.5005542679653,45.1758240276602],[10.5005435945704,45.1763765603579],[10.5002997075106,45.1766826890323],[10.4999009675873,45.1768482974641],[10.4994826532212,45.1772279906129],[10.4982668851301,45.1789011219099],[10.4978224250389,45.1792455134435],[10.4964297688981,45.1799408921689],[10.4951933291448,45.1808302185128],[10.4937492966295,45.1814905986238],[10.4931564630504,45.1819438262736],[10.4929734394548,45.1825341777537],[10.5041300241646,45.1944224263245],[10.5079451008679,45.1980440459095],[10.5130959657129,45.2035338280571],[10.5146399855953,45.2028148468522],[10.514369207825,45.2024271071254],[10.5173576894374,45.2009372295305],[10.5194036451732,45.2001273751399],[10.5196517666089,45.1996636867797],[10.5197887578231,45.1986950489515],[10.5208837255857,45.1970230787089],[10.5239128721712,45.1946347290532],[10.526169696301,45.1932004145715],[10.5272729938945,45.1918505423777],[10.5311775608797,45.1881381803555],[10.5351123840635,45.1861747553248],[10.5358133872787,45.1856128660493],[10.5366271846674,45.1844049093466],[10.5379203305246,45.1828682213668],[10.5406387984768,45.1810821100544],[10.5414509605969,45.1810251144936],[10.5419321666023,45.1807654061242],[10.5422770075875,45.180277340995],[10.5420737126476,45.1799808320081],[10.5427001728266,45.179074613704],[10.5429699763569,45.178219248199]]]}},{"type":"Feature","properties":{"NOME":"BERTANI","ZONA":"Medio Ovest"},"geometry":{"type":"Polygon","coordinates":[[[10.474014143678,45.3352236062692],[10.4733404608583,45.3310307009072],[10.4761737856343,45.3289322879307],[10.4764155252276,45.3286116442377],[10.4775255656924,45.3251398539321],[10.4768619811889,45.3215916405165],[10.4840619022052,45.3199392833139],[10.4951026062696,45.3184003383576],[10.4987988430977,45.3169375369521],[10.4959157262961,45.3148634520708],[10.4955273364476,45.3147135378242],[10.4933673819197,45.3150711652551],[10.4927309228004,45.3148857332315],[10.4917742031846,45.3140069813922],[10.4905425132256,45.3125893090945],[10.4880376722494,45.3092119654464],[10.4857827381806,45.3054050652228],[10.4817925896217,45.2982106347958],[10.4803642560789,45.2971247748841],[10.4794234814378,45.2970554424778],[10.4795271693139,45.2962995532794],[10.4790725577506,45.2954202986244],[10.4792390331897,45.2947071273974],[10.4789220828815,45.2943774891066],[10.4786041882924,45.2932207621664],[10.4790438607391,45.2927362231797],[10.4790498751466,45.2913866669619],[10.4788517199646,45.2908813637824],[10.4790085767983,45.2905891223399],[10.4788070304166,45.289953268366],[10.4792033130059,45.2893822279445],[10.4794400136989,45.2842569433115],[10.4796315302029,45.2837175726472],[10.4793327253903,45.2825025566588],[10.479606424499,45.2819621220789],[10.4797321429423,45.2812639870714],[10.4795517973102,45.2786761892754],[10.4796409451695,45.278152653967],[10.4804846071615,45.2774016866372],[10.4806918388464,45.2770725130021],[10.4804980379591,45.2759432006702],[10.4808717766934,45.2752998922841],[10.4812703579198,45.2740323057845],[10.4814652632792,45.2724408715123],[10.4814531791426,45.2719766893608],[10.4812326431453,45.2713991259088],[10.4816327641324,45.2707862827294],[10.4770182297418,45.2708179988707],[10.4749034693912,45.2712715723186],[10.4723764053003,45.2711685423079],[10.4670619808665,45.2715081598818],[10.4619382873294,45.2712638366933],[10.4557460074589,45.2716141574454],[10.4553479258067,45.2721423567762],[10.4514762442368,45.2720366146473],[10.4518699223076,45.2713341055501],[10.4540672462534,45.2692717738779],[10.4546518787156,45.2685280769805],[10.4550319216133,45.2683682368976],[10.4554544388659,45.2677234766783],[10.455831996763,45.2674667893541],[10.455696031449,45.2664416410838],[10.4559060412782,45.2660708380915],[10.4560451829668,45.264538430358],[10.455045436209,45.2640667887837],[10.4548010708715,45.2641667767733],[10.4535389448753,45.2641634664479],[10.4535634042193,45.2640469039225],[10.4529575455468,45.2639577354806],[10.4512301441489,45.2639990722269],[10.4504038752488,45.2638739449846],[10.4475803574792,45.263967902468],[10.4465635817959,45.263903288788],[10.445267128418,45.2636290795969],[10.4449962995548,45.2637681331291],[10.4453607767096,45.2646160256698],[10.4374224230801,45.265336242361],[10.4372059757815,45.2643702113253],[10.436814169015,45.2640651409076],[10.4368602240015,45.2637158087834],[10.4360064656842,45.261139971279],[10.4334064824814,45.2613906107938],[10.4323840945033,45.261645630742],[10.4304220640174,45.2613553820239],[10.4286442238707,45.2615713919338],[10.4267249908094,45.2616196095236],[10.4258225574606,45.2618730709873],[10.4227304241698,45.2616452351973],[10.4194043686165,45.2616624116187],[10.4181960185666,45.2613383624678],[10.4145921038623,45.2612135365191],[10.4062869464114,45.2612809000584],[10.4061291663986,45.2603539953497],[10.3989165018755,45.260582044042],[10.3989101496861,45.2608629553427],[10.3982522602716,45.2615378744656],[10.3980424773504,45.2619215067156],[10.3977766641468,45.2627702458552],[10.397377046918,45.2650377000642],[10.3974489087408,45.2655607825037],[10.3976797563057,45.2660342856482],[10.3981236229624,45.2662551080696],[10.3981608492229,45.2663975506129],[10.3976171934601,45.2676069365004],[10.3973433065536,45.2691583576911],[10.397479832894,45.2705975811632],[10.3974118580149,45.2709199346987],[10.3980968726318,45.2720309211674],[10.3981780604062,45.2725896126858],[10.3977058355824,45.2736194997501],[10.3977017481003,45.2755129543694],[10.397852773364,45.276511395166],[10.3984617525044,45.2779567385773],[10.3988516136801,45.2797501010842],[10.3980474683527,45.2816890776705],[10.3981255051279,45.282462154293],[10.3979679222351,45.282981321558],[10.3979767458132,45.2841449239554],[10.3976744465722,45.2855332484139],[10.3977463781336,45.2856447408799],[10.3992470467516,45.2855921523942],[10.399786379485,45.28710013794],[10.4004357747337,45.2871591001075],[10.4012190332876,45.287538498578],[10.4026058977282,45.2893194344765],[10.4030322875776,45.2904580285836],[10.4061878375721,45.2890489740867],[10.40837903074,45.2939327716993],[10.4096194247866,45.2938861560849],[10.4153195341462,45.2945084988126],[10.41638437163,45.3032059865527],[10.416954696619,45.3064700822107],[10.4185341082112,45.306438761635],[10.4186579617088,45.3067923480236],[10.4194079554492,45.3068844918445],[10.4226303231903,45.3069458538876],[10.4255245063313,45.3065343407635],[10.4268528965465,45.3061829172146],[10.4277554116279,45.3083399279583],[10.4266322957017,45.3088511407584],[10.4274543093937,45.3106641803212],[10.4272296055688,45.3108780345211],[10.4273533053983,45.3123680123449],[10.4268653000007,45.3124045503996],[10.427287324009,45.3137487506504],[10.4274487203072,45.3138766071965],[10.4273059470234,45.3167802672192],[10.4272093855941,45.3169438161854],[10.4276631606596,45.319549830135],[10.4258746408697,45.3199171558765],[10.4263352508163,45.3210782395485],[10.4289086989114,45.3206915577648],[10.4288909656263,45.3212339133629],[10.4291674506019,45.3214211310532],[10.4309355895405,45.3211914225797],[10.4355648980335,45.3210510298769],[10.4429971966228,45.3206161087656],[10.4437965344523,45.3204779407383],[10.4483991958232,45.3203632651635],[10.4486186670547,45.3204594656651],[10.4489218299658,45.3237689857643],[10.4493765909261,45.326604383596],[10.4533844422786,45.3264589367612],[10.4530035836022,45.3246098188721],[10.4643190209622,45.3251806400801],[10.4643452861654,45.3250857890393],[10.4661812447975,45.3250802330679],[10.4664687830571,45.3277634706043],[10.4661862522279,45.3305980328825],[10.4654114764228,45.3322237215427],[10.4653629714962,45.3334350291299],[10.4647896995459,45.3342164979113],[10.4647984350373,45.3346169439929],[10.4694374987214,45.3340623014981],[10.4700524100491,45.3339058690351],[10.4706512010433,45.3335829758021],[10.4708679029568,45.3337333486039],[10.4708358733771,45.3342828428991],[10.4681900250703,45.3424470728183],[10.475371410171,45.3418233552412],[10.474014143678,45.3352236062692]]]}},{"type":"Feature","properties":{"NOME":"MARCHINI","ZONA":"Medio Sud"},"geometry":{"type":"Polygon","coordinates":[[[10.557709174891,45.1714494460489],[10.5602701673388,45.1704126403965],[10.5617736409236,45.1699872087633],[10.5632032621403,45.169324598498],[10.5656722502334,45.1685048287605],[10.5682349394125,45.1674217328957],[10.5690258222302,45.167410872283],[10.5703723949166,45.1686308435068],[10.5711173963738,45.1687873176332],[10.5758524333057,45.1671263654745],[10.5839573894762,45.1637751419762],[10.5845446314317,45.1631001260048],[10.5850731463801,45.1627355387326],[10.5863419790424,45.162360664228],[10.587381854789,45.1622271272275],[10.5877764022214,45.1618882064169],[10.588542425026,45.161591750012],[10.5891507858299,45.1616785494352],[10.5943086063134,45.160130001694],[10.5960180875656,45.1598679482487],[10.5965671253903,45.1602413382561],[10.597071871322,45.1602342784873],[10.597862149068,45.1596039859287],[10.5987903355694,45.1590908402317],[10.602285412728,45.1576842874219],[10.6024443039781,45.1573486241339],[10.6054652526981,45.1570441966055],[10.6059358358599,45.1558229254457],[10.606766381235,45.1548347531922],[10.6107724786051,45.1524680775318],[10.6132871040702,45.1521229519031],[10.611894469214,45.1474983589849],[10.611392602475,45.1464098737896],[10.6111160892463,45.1461517918933],[10.6085184832318,45.1447355988805],[10.605969748039,45.1414609510168],[10.60346604956,45.1397813368959],[10.6032455280266,45.1391175637384],[10.6020705045164,45.1380146703172],[10.6068834385764,45.1353446328946],[10.586046617908,45.1273919946522],[10.5789334233341,45.1248374632579],[10.5770926919557,45.1244370142962],[10.5756055890138,45.1242685191534],[10.5753010302322,45.1234706591315],[10.5748943229558,45.1231927480279],[10.5697383739004,45.1212772502392],[10.569884466487,45.121003355692],[10.5705528958591,45.1208718170946],[10.5707670134083,45.1209776271911],[10.5712239348416,45.1208353988172],[10.5715179691796,45.1203555533117],[10.5726190913906,45.1196127410939],[10.5715862298879,45.1193813395533],[10.5714818022046,45.1190925335105],[10.5712917807081,45.1190039249325],[10.5712934006414,45.1184618866777],[10.5717254524602,45.1182903521166],[10.5719320579153,45.1180592109917],[10.5724572262935,45.1179260065659],[10.5717739580252,45.1174539583944],[10.5718277007068,45.1171395381843],[10.572367339315,45.1166946167567],[10.5719051478508,45.1163249387497],[10.5718723429244,45.1159778957343],[10.5716335016558,45.1157696567312],[10.5714667789949,45.1152506149403],[10.5710803312056,45.1147543003502],[10.5710746793955,45.1146290637979],[10.5716006493446,45.114261291689],[10.5707695183556,45.1140422592812],[10.5694856256827,45.1142201564969],[10.5684295071714,45.1139771221479],[10.5676046878338,45.1144603149046],[10.5667621796552,45.1144919805578],[10.5664054043544,45.1146860618652],[10.5659270520692,45.1147170818854],[10.5657620935065,45.1140980276916],[10.5649384095447,45.113562589317],[10.5642236587541,45.1124019083285],[10.5627401491614,45.1118718726508],[10.5612874513256,45.1109320629392],[10.5604750913936,45.1102023412795],[10.5592985090605,45.1120997531915],[10.5580499686745,45.1152088522243],[10.557257701421,45.1159937975411],[10.5563233971301,45.1162900851142],[10.5546154425958,45.11630434515],[10.5535346072346,45.1160039955788],[10.5522645218063,45.1149365705479],[10.5514421991413,45.1137955358123],[10.5512205771342,45.1130649137103],[10.5507782931517,45.1122247681125],[10.5500894299985,45.1116670175537],[10.5496033783177,45.1114980816281],[10.5483136999385,45.1114030533703],[10.5473619622292,45.1115824822436],[10.5448601735607,45.1130881170997],[10.5439106833669,45.1134700235341],[10.5424985935426,45.1136691363719],[10.5405560150848,45.113524326455],[10.5380794512219,45.112549525226],[10.5373620980925,45.1124646667115],[10.5367944934693,45.1125713242619],[10.5356886990921,45.1128742501393],[10.5328669282759,45.1142533994678],[10.5313118151047,45.1147513472052],[10.5298009080416,45.1158337854507],[10.5265615936662,45.1175964370273],[10.5253500760624,45.117873671548],[10.5209059953421,45.118027455301],[10.519554434834,45.1182389804473],[10.5171637773102,45.1188198610201],[10.5157591643281,45.1193696053021],[10.5149320962659,45.1200647007307],[10.514429066179,45.1209940353828],[10.5123197727856,45.1223047124058],[10.5091474547493,45.1245925713565],[10.5062547978236,45.1260641980426],[10.5070882153999,45.127210406446],[10.5077841757819,45.1278274943013],[10.5081771580191,45.128410392062],[10.5084282387799,45.1285216386639],[10.5090108283767,45.1293387902563],[10.509406558346,45.1296161483758],[10.5123316731795,45.1329168605986],[10.5125244032214,45.1328964645428],[10.5134847070127,45.1338758335661],[10.5161468139123,45.1369242719189],[10.5256618882339,45.1472558424104],[10.5258475029442,45.1476151875099],[10.5260412595904,45.1476006528801],[10.5306323427364,45.1526265057804],[10.5318143480956,45.1542450352495],[10.5330042409383,45.1567612020542],[10.5374572951356,45.1614433394777],[10.5393269289012,45.1638121709345],[10.5418061601263,45.1652519729228],[10.5434888645899,45.1649069771469],[10.5463099831447,45.1645465525687],[10.5471561874119,45.165755118965],[10.5487667975319,45.1675518228632],[10.5514447127913,45.1697023398204],[10.5545074565192,45.1686478409638],[10.5558638523738,45.1718521085195],[10.557709174891,45.1714494460489]]]}},{"type":"Feature","properties":{"NOME":"BIGNOTTI","ZONA":"Alto Mantovano"},"geometry":{"type":"Polygon","coordinates":[[[10.5600719360966,45.3576060387198],[10.5598992905655,45.3572797908313],[10.5596965997225,45.3572795824418],[10.5591766648819,45.3556299648869],[10.5580362690035,45.3558027174253],[10.5545530319612,45.3504796223527],[10.5560747366003,45.3502969457791],[10.554284959242,45.3475967384828],[10.5557870813999,45.3471952223484],[10.5541031078463,45.3444078306405],[10.5557489346356,45.3433375025274],[10.5570046580101,45.3423296293627],[10.5541123677772,45.3407971529904],[10.5561408107054,45.3393977087241],[10.5572915159693,45.3399821928097],[10.557420280352,45.3397518000799],[10.5576889429875,45.3353873667028],[10.5554570291187,45.3328027568989],[10.5468577598429,45.3235383049202],[10.5407247925061,45.3173622724036],[10.5379272945805,45.3186455812323],[10.5361917409049,45.3163825683258],[10.536643969132,45.3161287930492],[10.5362228255257,45.3155342861236],[10.5354477683123,45.3147859710051],[10.5306812814663,45.3165373161623],[10.528489044203,45.3178286619036],[10.5258590548162,45.3190703710273],[10.5248692347408,45.319795650243],[10.5240028082571,45.3207610556906],[10.5234069545097,45.3209795134569],[10.5212111655838,45.3215167090214],[10.5204172332611,45.3220032541219],[10.5192991951861,45.3205985703637],[10.5174179576903,45.321851581999],[10.5163994800327,45.3228229527178],[10.514779676872,45.323960719739],[10.5121599283849,45.3262871727678],[10.5073807694609,45.3301237195347],[10.5072221502737,45.330770591581],[10.5081936819126,45.3322704664772],[10.5086452883889,45.332746781833],[10.5091942134739,45.3330729571272],[10.5097516866858,45.3337205372535],[10.5118034926988,45.3365930295148],[10.5133405493162,45.3378825675284],[10.5158118197433,45.3406422527592],[10.5188747793516,45.3434178310839],[10.5194759416349,45.3441124141497],[10.5196296195223,45.3444914298558],[10.5195984107481,45.3455338078571],[10.518540152193,45.3466910672409],[10.5204845716512,45.3489872809512],[10.5196181805443,45.349427506633],[10.5226537706646,45.3521021248461],[10.522531778448,45.3522764193325],[10.5227130399706,45.3524228540721],[10.5213271039974,45.3539596129665],[10.5231087554475,45.3558411633576],[10.5224173486878,45.3565112840951],[10.5237376123684,45.3578750169014],[10.5232358911256,45.358375897479],[10.5246428827198,45.3598218193299],[10.5260571528333,45.3590229463848],[10.5276151262709,45.3607407003302],[10.529355588751,45.3598242954345],[10.5295161574747,45.3598280989322],[10.5295339033428,45.360173196619],[10.5320849231285,45.3605021966438],[10.5320797816212,45.3603117357716],[10.534788594493,45.3606659468852],[10.5350763973575,45.3653110049143],[10.5364037654699,45.364921620748],[10.5366552733212,45.3666892621992],[10.537293232708,45.3663566012343],[10.5384952590871,45.3647805980733],[10.5401168351801,45.3639386348264],[10.5474894302961,45.362102291565],[10.5536335439194,45.3596228821648],[10.5565264616011,45.3597684288446],[10.5568550533441,45.3596755071177],[10.5590932334514,45.3588489916638],[10.5600719360966,45.3576060387198]]]}},{"type":"Feature","properties":{"NOME":"GABUSI","ZONA":"Medio Nord"},"geometry":{"type":"Polygon","coordinates":[[[10.5138331049098,45.3248566263841],[10.514779676872,45.323960719739],[10.5163994800327,45.3228229527178],[10.5174179576903,45.321851581999],[10.5192991951861,45.3205985703637],[10.5204172332611,45.3220032541218],[10.5212111655838,45.3215167090214],[10.5234069545097,45.320979513457],[10.5240028082571,45.3207610556906],[10.5248692347408,45.3197956502431],[10.5258590548163,45.3190703710273],[10.528489044203,45.3178286619036],[10.5306812814662,45.3165373161623],[10.5355086892826,45.3147614515056],[10.5346427317414,45.3123211198035],[10.5345501376313,45.3116696815418],[10.5327069968527,45.3119237444822],[10.5321892658825,45.3116343967114],[10.5362031152199,45.3089993101152],[10.5520340376489,45.2959579412658],[10.5485753239929,45.2918152830613],[10.548637920313,45.2915517714439],[10.5510401046361,45.2900909515051],[10.5480254916221,45.2869962956547],[10.5476097489916,45.2862467707651],[10.547499793481,45.2856244343301],[10.5440801998418,45.2821575780376],[10.5453055618556,45.2810411047717],[10.5460141017357,45.280588274168],[10.5512931760961,45.278054238375],[10.5599993112479,45.2741763077558],[10.5689399745383,45.2695721632872],[10.5692840896801,45.2699693337065],[10.5694351850259,45.2694827155783],[10.5761971663135,45.2660713823556],[10.5752951654308,45.2650176825162],[10.5764936940355,45.2644962777742],[10.5774055657806,45.2639182326964],[10.5764668535387,45.2632713247186],[10.5754744874928,45.2622330361854],[10.576752083684,45.2615891889768],[10.5769322185,45.2602713508512],[10.57727413668,45.2594663897163],[10.5770544739951,45.2588406647344],[10.5770826638892,45.2583972860448],[10.5766345980854,45.2575603648027],[10.5784533224427,45.256749289015],[10.5778256024775,45.2560005954543],[10.5775888886118,45.2554894266542],[10.5780505756843,45.2538968583714],[10.5780529928106,45.2532537753847],[10.577901930985,45.2529129031666],[10.576424550864,45.251432859804],[10.5776534600405,45.250515617294],[10.5792693269493,45.2496930401437],[10.5792923783179,45.2483351711935],[10.5802805131773,45.2467638895291],[10.5816658749902,45.2463874580421],[10.5804823744746,45.2445604342448],[10.5848170034875,45.2425854926072],[10.5837417520275,45.2417430103455],[10.5831046109835,45.2406515141898],[10.5826118137297,45.2403868350669],[10.5823584763282,45.2400045154728],[10.5819675754916,45.2397670014741],[10.5818676695002,45.2390824644328],[10.5834296218879,45.2377890027768],[10.5846097851953,45.2373153501181],[10.5888481219456,45.2348128579178],[10.5896843917163,45.2336151453411],[10.5915632175354,45.2328173105731],[10.5906588409043,45.2315723891064],[10.5963811936061,45.2286488103237],[10.5955327994205,45.2279604559515],[10.5951743651632,45.2274367320188],[10.5942677576776,45.2268349216745],[10.5980786172091,45.2249953926696],[10.6013457332535,45.2239636062031],[10.6022024542701,45.2235085961443],[10.6050262296543,45.2232545874829],[10.6039357906209,45.2218694838712],[10.6034204419712,45.2215194701874],[10.6035925590049,45.2211293515491],[10.6026838988247,45.2201605113608],[10.6031059148501,45.2198294169003],[10.601801232041,45.2184251218325],[10.600385583098,45.2186990164229],[10.5992760009159,45.2191210275338],[10.5978650270575,45.2200756461319],[10.593102137903,45.2227451289566],[10.5891124506449,45.2187140382249],[10.5880784769779,45.2187032361523],[10.580350042837,45.2221905297077],[10.5787513552944,45.2203822518731],[10.5756590658657,45.2177423241186],[10.5764571344168,45.217487436198],[10.5784432629222,45.2165251362076],[10.5773347917599,45.2154328531977],[10.5750096862621,45.2117890657274],[10.574683933906,45.210703413755],[10.5737246651808,45.209626490192],[10.5559331918326,45.2180089384329],[10.5553158538659,45.2186146834941],[10.5510444926034,45.2208231734205],[10.552011450626,45.2218031132803],[10.5517620462322,45.2219558358179],[10.554056008794,45.2247172045447],[10.5507649245018,45.2263027969393],[10.5491648321397,45.227498645364],[10.5448778180823,45.2303133720184],[10.5454349739053,45.2306121330985],[10.5446504795298,45.2315212140599],[10.5440832372192,45.2319168578175],[10.5433593834637,45.2318653800089],[10.5426607505073,45.2322117427331],[10.5417622935226,45.2331836016311],[10.5414883181081,45.233738632906],[10.540838227863,45.2342783166458],[10.541994730104,45.2353653800395],[10.5439723685502,45.2368905712298],[10.5464586770916,45.2395829795973],[10.5483737748802,45.2435030844607],[10.547983662563,45.2435637234708],[10.5465150862711,45.2431971912399],[10.5456484776738,45.2431767175228],[10.545112175839,45.2435703949311],[10.5450435429907,45.243767294875],[10.5438073731084,45.2445032693187],[10.530188092751,45.2502902143102],[10.5275614974697,45.2460605525158],[10.5197386341264,45.2398855179043],[10.5190345915803,45.2391220364064],[10.5141378234283,45.2391722846008],[10.5132643544036,45.2397205254613],[10.5128665812144,45.2398001420111],[10.5117686488564,45.2416510786662],[10.5113819015126,45.2421468943681],[10.5111309967315,45.2422096929068],[10.5109062551386,45.2424654488241],[10.5097272784141,45.2440423486936],[10.509356335251,45.2447386895077],[10.5113668001088,45.2467343812963],[10.5111007483826,45.247020424419],[10.5116560576345,45.2477193852369],[10.5130433188114,45.2500206847862],[10.514739286226,45.2516561760232],[10.5163012026786,45.2526019830322],[10.5183197519137,45.2544859232538],[10.5186126957669,45.2567868240393],[10.5186023074773,45.2583705775762],[10.5189263290059,45.2586785322898],[10.5189120249557,45.2589315065458],[10.5164473773992,45.2620422612967],[10.516499710385,45.2632162666908],[10.516775832925,45.2644885522776],[10.5164098420931,45.2652628605699],[10.5167513415027,45.2660150189],[10.5171521613237,45.2663123733142],[10.5172780993025,45.2670169456026],[10.5159838539597,45.2680430493504],[10.5152818117957,45.26850637764],[10.5124779289858,45.2678372872805],[10.5121835694833,45.2675132844571],[10.5103391402354,45.2666548764252],[10.510397596903,45.267511686979],[10.5096497759904,45.267597240258],[10.5090621594355,45.2683364715489],[10.5081761756547,45.2686004023124],[10.5078030753241,45.2679999741238],[10.5037920926306,45.2682798472705],[10.5034674011458,45.2681580059844],[10.5001078357147,45.2694380970296],[10.4976586175158,45.2700251371176],[10.4971348834821,45.2698049937524],[10.495530757443,45.2712889399285],[10.4941374550852,45.271281947244],[10.4920921401987,45.2709303330135],[10.4880404216006,45.2705640806248],[10.4865036789455,45.2719660366975],[10.4814421475462,45.2727200636941],[10.4811016973944,45.274658447186],[10.4804980379591,45.2759432006702],[10.4806918388464,45.2770725130021],[10.4804846071615,45.2774016866372],[10.4796409451695,45.278152653967],[10.4795517973102,45.2786761892754],[10.4797321429423,45.2812639870714],[10.4796064244991,45.2819621220789],[10.4793327253903,45.2825025566588],[10.4796315302029,45.2837175726472],[10.4794400136989,45.2842569433115],[10.4792033130059,45.2893822279445],[10.4788070304166,45.289953268366],[10.4790085767983,45.2905891223399],[10.4788517199646,45.2908813637824],[10.4790498751466,45.2913866669619],[10.4790438607391,45.2927362231797],[10.4786041882924,45.2932207621664],[10.4789220828815,45.2943774891066],[10.4792390331897,45.2947071273974],[10.4790725577505,45.2954202986244],[10.479527169314,45.2962995532794],[10.4794234814378,45.2970554424778],[10.4803642560789,45.2971247748841],[10.4817925896217,45.2982106347958],[10.4857827381806,45.3054050652228],[10.4880376722494,45.3092119654464],[10.4905425132256,45.3125893090945],[10.4917742031846,45.3140069813922],[10.4927309228004,45.3148857332316],[10.4933673819197,45.3150711652551],[10.4955273364476,45.3147135378242],[10.4959157262961,45.3148634520708],[10.4987988430977,45.3169375369521],[10.4951026062696,45.3184003383576],[10.4840619022052,45.319939283314],[10.4768619811889,45.3215916405166],[10.4775255656924,45.3251398539321],[10.4764155252276,45.3286116442377],[10.4761737856343,45.3289322879307],[10.4733404608583,45.3310307009072],[10.474014143678,45.3352236062692],[10.4753714101711,45.3418233552412],[10.4681900250703,45.3424470728184],[10.4681089251634,45.3426486238249],[10.4682230869341,45.344964990478],[10.4689077489705,45.3521417738595],[10.4685840900039,45.358052721104],[10.4688292274982,45.3596388252308],[10.4670823274838,45.3601875060954],[10.4645592606229,45.3702423075528],[10.4619585005635,45.3745093870505],[10.4612239154714,45.3759001063426],[10.4600253855424,45.3786971239843],[10.4504143320194,45.3835288466779],[10.4513223721454,45.3851144715349],[10.4516321344354,45.3865670321933],[10.4525373846179,45.3859456853625],[10.4524339309675,45.3858414675557],[10.4586181590292,45.3843007464584],[10.4576387218073,45.3824734204587],[10.4614485888565,45.3783508312801],[10.4956765359748,45.3610864984252],[10.4970832412555,45.3606543892838],[10.4976258425087,45.3602293471502],[10.497959778857,45.359867950402],[10.4981580446038,45.3593240651466],[10.5043662495884,45.3393185360602],[10.5061177355737,45.333848034845],[10.5070110242723,45.331631571972],[10.5073807694609,45.3301237195347],[10.5138331049098,45.3248566263841]]]}},{"type":"Feature","properties":{"NOME":"PEGORARO L","ZONA":"Alto Mantovano"},"geometry":{"type":"Polygon","coordinates":[[[10.4813811029457,45.3682622051234],[10.4825678855808,45.3708684507786],[10.4833018653279,45.3737406770616],[10.4854537560274,45.3733316468337],[10.4866038909048,45.3766033114759],[10.4900664214483,45.3765581836706],[10.4902106096433,45.3781877091391],[10.489484595253,45.3794951614465],[10.4914419732838,45.3792647952105],[10.4914559971232,45.3797980938576],[10.4933971123407,45.3795917226583],[10.4936606913637,45.3808743474719],[10.4957509823145,45.380685037919],[10.4954681618888,45.3802124190073],[10.4965401660462,45.3798554228116],[10.4966553068791,45.3801206547177],[10.4970647219921,45.3802677115289],[10.4985625381876,45.3827249449844],[10.496631740244,45.3846187628967],[10.4970708462773,45.384636239392],[10.4974849891226,45.3845118924672],[10.4990663917668,45.3834278886394],[10.5004136819228,45.3821370830487],[10.5025696139466,45.3806117827845],[10.506605934941,45.3769281367538],[10.5077344164576,45.3763021373016],[10.509244392343,45.3759979276788],[10.5107296650832,45.3754256769561],[10.5109829084969,45.3752334587853],[10.511331438908,45.3745153431299],[10.5119156991151,45.3740669173206],[10.5134842791819,45.3736404263394],[10.5252295760787,45.372162122606],[10.525973378296,45.3717394743739],[10.5261555159782,45.3714922110116],[10.5272320641425,45.369036515983],[10.5275225042817,45.3687528269735],[10.5286373219428,45.368458108394],[10.5333027341963,45.3678357778772],[10.5366552733212,45.3666892621992],[10.5364037654699,45.364921620748],[10.5350763973575,45.3653110049143],[10.534788594493,45.3606659468852],[10.5320797816212,45.3603117357716],[10.5320849231285,45.3605021966438],[10.5295339033428,45.360173196619],[10.5295161574747,45.3598280989322],[10.529355588751,45.3598242954345],[10.5276151262709,45.3607407003302],[10.5260571528333,45.3590229463848],[10.5246428827198,45.3598218193299],[10.5232358911256,45.358375897479],[10.5237376123684,45.3578750169014],[10.5224173486878,45.3565112840951],[10.5231087554475,45.3558411633576],[10.5213271039974,45.3539596129665],[10.5227130399706,45.3524228540721],[10.522531778448,45.3522764193325],[10.5226537706646,45.3521021248461],[10.5196181805443,45.349427506633],[10.5204845716512,45.3489872809512],[10.518540152193,45.3466910672409],[10.5195984107481,45.3455338078571],[10.5196296195223,45.3444914298558],[10.5194759416349,45.3441124141497],[10.5188747793516,45.3434178310839],[10.5158118197433,45.3406422527592],[10.5133405493162,45.3378825675284],[10.5118034926988,45.3365930295148],[10.5097516866858,45.3337205372535],[10.5091942134739,45.3330729571272],[10.5086452883889,45.332746781833],[10.5081936819126,45.3322704664772],[10.5072221502737,45.330770591581],[10.5052563917363,45.33650824242],[10.497959778857,45.3598679504021],[10.4970832412555,45.3606543892838],[10.4956765359748,45.3610864984252],[10.4813811029457,45.3682622051234]]]}},{"type":"Feature","properties":{"NOME":"BRIGNANI","ZONA":"Alto Mantovano"},"geometry":{"type":"Polygon","coordinates":[[[10.5354477683123,45.3147859710051],[10.5362228255257,45.3155342861236],[10.536643969132,45.3161287930492],[10.5361917409049,45.3163825683258],[10.5379272945805,45.3186455812323],[10.5407247925061,45.3173622724036],[10.5468577598429,45.3235383049202],[10.5554570291187,45.3328027568989],[10.5576889429875,45.3353873667028],[10.557420280352,45.3397518000799],[10.5572915159693,45.3399821928097],[10.5561408107054,45.3393977087241],[10.5541123677772,45.3407971529904],[10.5570046580101,45.3423296293627],[10.5557489346356,45.3433375025274],[10.5541031078463,45.3444078306405],[10.5557870813999,45.3471952223484],[10.554284959242,45.3475967384828],[10.5560747366003,45.3502969457791],[10.5545530319612,45.3504796223527],[10.5580362690035,45.3558027174253],[10.5591766648819,45.3556299648869],[10.5596965997225,45.3572795824418],[10.5598992905655,45.3572797908313],[10.5600719360966,45.3576060387198],[10.5603559850195,45.3574327360844],[10.5637424919332,45.3568477291268],[10.566760230621,45.3557289786523],[10.566901947365,45.3554858254025],[10.566339103352,45.3545367467637],[10.5682538176795,45.3535858410587],[10.5704441979495,45.3510471724876],[10.5737556249655,45.3490076044412],[10.5758537029614,45.3485043027087],[10.5778069314507,45.3489517100067],[10.5799309087943,45.3489705614123],[10.5819926396595,45.3479851973861],[10.5822580037789,45.3476759857638],[10.5825568890035,45.3465220761794],[10.5827573647883,45.3463424081136],[10.5855786490031,45.3459896662122],[10.5863682306725,45.3456490382538],[10.5904711866488,45.3445949220127],[10.5907930956463,45.3442688208356],[10.5913028190092,45.3433129555672],[10.59253261265,45.3427972979836],[10.5928463778561,45.342181853871],[10.5972561302709,45.3410910473752],[10.5967748265036,45.3394012747493],[10.5962630571582,45.3382506277005],[10.5957568463658,45.3377029260078],[10.5940328835483,45.3368747476312],[10.5936419286604,45.3363656278564],[10.5929295286363,45.3349765573885],[10.5931374436466,45.3334380824396],[10.5929427661826,45.3321943920658],[10.5929019380748,45.3287054061122],[10.5927070662437,45.3254195817814],[10.5927172203349,45.3213059460714],[10.5922778036364,45.3194708115889],[10.5923613499819,45.3193473131869],[10.5921519798096,45.3192672950567],[10.5914043407408,45.3168934705256],[10.5889742891431,45.3172394784185],[10.5883048503751,45.316795843042],[10.5874656545171,45.3153653186493],[10.5845876823283,45.3152641998722],[10.5841917511298,45.3154108175001],[10.5841485660662,45.3147587359694],[10.5836716842981,45.3137951524818],[10.5639205498166,45.3146847499755],[10.562288319912,45.3144248414804],[10.5562146343767,45.3112884274327],[10.5553562702573,45.3109825955983],[10.5546065612157,45.3109928003062],[10.5514700773302,45.3119439004291],[10.5496808402057,45.3123386255413],[10.5445563715137,45.3105205362595],[10.5439924137724,45.3104664193271],[10.5345597579843,45.3117373638876],[10.5346427317414,45.3123211198036],[10.5354477683123,45.3147859710051]]]}},{"type":"Feature","properties":{"NOME":"NON SERVITA","ZONA":"Alto Mantovano"},"geometry":{"type":"Polygon","coordinates":[[[10.4650212923523,45.4034912418156],[10.4649943820553,45.4035002400117],[10.4650291321355,45.4035039150219],[10.4650212923523,45.4034912418156]]]}},{"type":"Feature","properties":{"NOME":"GUIDETTI","ZONA":"Colli Morenici"},"geometry":{"type":"Polygon","coordinates":[[[10.5416463867405,45.3986203810093],[10.5425504828938,45.3980282597763],[10.5430079571272,45.3975483787302],[10.5446794907327,45.3965354296935],[10.5448640432704,45.3965354954843],[10.5429727002343,45.3956132899094],[10.5416281236485,45.3947630149227],[10.5400595994902,45.393315658938],[10.539289144637,45.3924132270131],[10.5416272243712,45.3903376704529],[10.5429858168303,45.3899447400215],[10.5437482141283,45.3898534277197],[10.5449389482722,45.3890266729793],[10.5483626587987,45.3901296066948],[10.5500902866424,45.3905351609347],[10.5501177008358,45.3883491264688],[10.5514676175185,45.3885015829444],[10.5521124718477,45.3867922832167],[10.5521034407409,45.3864491050914],[10.5530705424494,45.3845175935271],[10.5536990770912,45.3840576659325],[10.554106584906,45.3830311109312],[10.5544196648655,45.3828111689842],[10.5550239387282,45.3820390711264],[10.5557462770985,45.3801892899185],[10.5571900363966,45.3789828344312],[10.5576450194411,45.3788343769918],[10.5580283507725,45.379307786206],[10.5587991370134,45.3790416040807],[10.5591010123471,45.379329674476],[10.5582594104722,45.3795359514479],[10.5587510834348,45.3798092583052],[10.5595415029531,45.379628024521],[10.5603463196239,45.3799700962471],[10.5599690660778,45.380084821354],[10.5603118875823,45.3806036452989],[10.5599173431339,45.3807186055788],[10.5601218841256,45.3812393189101],[10.5609438712062,45.3809480732798],[10.5605965496056,45.3796379640558],[10.5600234788466,45.3790083986193],[10.5605064593061,45.3787813443145],[10.5600932356864,45.3779878292622],[10.5620581241459,45.3763165891732],[10.5625661594231,45.3767036240605],[10.5658287133052,45.3751918879689],[10.5655966574206,45.3748807363823],[10.5673786427334,45.3741277543104],[10.568135400732,45.3742829459276],[10.5688856536947,45.3747693788234],[10.5697494549402,45.3742607769617],[10.5696645598003,45.3728931615639],[10.573272484485,45.3723839978125],[10.5762781763783,45.3724332968828],[10.576267999041,45.3719875469435],[10.5758696303475,45.3719730261148],[10.5753606880859,45.371559687704],[10.5738271572419,45.3711201789526],[10.5738911105078,45.3716856561383],[10.5722919654654,45.3720248401647],[10.5722658371383,45.3716627297435],[10.570281086059,45.3720185188134],[10.5701417020684,45.3722129973799],[10.5694546706546,45.3723810192095],[10.5682600797033,45.3722275186355],[10.5685293605681,45.3720765684353],[10.5676664990843,45.3717032888533],[10.567260035411,45.3709037336005],[10.5673167669057,45.370447132329],[10.5713702606172,45.3680798390726],[10.572192772743,45.3679229455642],[10.5732681381745,45.3669457276379],[10.5732233824623,45.3665743188],[10.5728155875214,45.3659491092392],[10.5721560616555,45.3661846382283],[10.5720013095144,45.3664555005634],[10.5702768831919,45.3672092549843],[10.5691280340179,45.3656825869302],[10.5703190318106,45.3649612615524],[10.5726306477363,45.3641901955197],[10.5715497016297,45.3631620049729],[10.5710918724599,45.363459247788],[10.5705193552067,45.3641648587244],[10.5700659138524,45.3638080420232],[10.5687098323159,45.3641897223153],[10.5679493478826,45.3635669380899],[10.5688410072207,45.3607044403492],[10.5692620618676,45.3597533851187],[10.569356233633,45.3592241023826],[10.5692038997026,45.3589621992849],[10.5682675241047,45.3588026223064],[10.5659961923165,45.3595634032636],[10.5664231554753,45.3609033807816],[10.566036369918,45.3610185478421],[10.5658600338646,45.3616938812982],[10.5653313312721,45.362319111456],[10.5623239596139,45.3635687835337],[10.5608747330915,45.3639009942478],[10.5612167568161,45.364441330234],[10.5609196095661,45.3657700625871],[10.5599010524655,45.3672529474832],[10.5608815743399,45.3675779867083],[10.5617602188227,45.3676174773851],[10.561534810707,45.3681576355756],[10.5602352908822,45.3679184423788],[10.5577043448559,45.3671717605468],[10.5557914585311,45.3670507412104],[10.5535797381852,45.3667215175733],[10.5479215195261,45.3656349664369],[10.5461066983945,45.3661393091942],[10.5413129086368,45.3666343473497],[10.5406083032494,45.3668514211211],[10.5396900318045,45.3642016787582],[10.5384952590871,45.3647805980733],[10.537293232708,45.3663566012343],[10.5369228248807,45.3665947544765],[10.5333027341963,45.3678357778772],[10.5286373219428,45.368458108394],[10.5275225042817,45.3687528269735],[10.5272320641425,45.369036515983],[10.5261555159782,45.3714922110116],[10.525973378296,45.3717394743739],[10.5252295760787,45.372162122606],[10.512851906034,45.3737747160597],[10.5116124244576,45.3742458099507],[10.511331438908,45.3745153431299],[10.5109251692272,45.375304174197],[10.51030810843,45.3756411065342],[10.509244392343,45.3759979276788],[10.5080770490337,45.3761952187993],[10.5070160961242,45.3766569106864],[10.5053043142304,45.378057526022],[10.5025696139466,45.3806117827845],[10.5004136819228,45.3821370830487],[10.4990663917668,45.3834278886394],[10.4974849891226,45.3845118924672],[10.4937899982641,45.3849729883441],[10.4935434552577,45.3850461635094],[10.4930912288038,45.3856116877358],[10.4929420225474,45.3859843799086],[10.4936817095862,45.3868980686408],[10.4936488013896,45.3875350566167],[10.4934924244158,45.3880127710173],[10.4927376843958,45.3887921024616],[10.492490763859,45.3892290274213],[10.4925592311586,45.3899416378788],[10.4905836562817,45.3921521762257],[10.4904786796828,45.3932936033781],[10.4904975146668,45.3963081915505],[10.4901442238653,45.3967984242835],[10.487952957899,45.3986307338791],[10.4879594513975,45.3991460044195],[10.4887934853219,45.4011370906281],[10.4889272214418,45.4019381117138],[10.4888747850729,45.4026226308083],[10.487601420289,45.4042843934605],[10.4858561614727,45.4054121498216],[10.4845353464308,45.4059884070182],[10.4840867228972,45.4064262214631],[10.4823915064801,45.4094709879774],[10.4820287958938,45.4117601009516],[10.4817979025558,45.4125232806136],[10.4845948488121,45.4134131073442],[10.4851937963654,45.4133309298332],[10.486761358781,45.4135808147205],[10.4874016523321,45.4125194187129],[10.4891794611025,45.4126351432589],[10.489831833644,45.4122623213936],[10.4900635941079,45.4120139946955],[10.4901024334271,45.41140022924],[10.4908073391319,45.410884265007],[10.4911406276421,45.4101694315661],[10.4918129940601,45.410096181826],[10.4926040693723,45.4097039910644],[10.4947800318941,45.4108792084039],[10.4956483036398,45.4120715156551],[10.4951793786987,45.4123339551128],[10.4945889820634,45.4124039420591],[10.4935238018761,45.4135758931585],[10.4928630503763,45.4139954417708],[10.4928428667274,45.4141250373632],[10.4938653376062,45.4148492592647],[10.4968881460727,45.4149874959544],[10.498589346998,45.4149201803966],[10.50021417259,45.4145027980244],[10.5014024965646,45.4139516127363],[10.5062234396735,45.4124068747458],[10.5080446539166,45.412230421627],[10.5111748303678,45.4122880285787],[10.5125835068211,45.4119183347719],[10.5186211082938,45.4090298495295],[10.521694127314,45.4066396413711],[10.523078977706,45.406045107394],[10.5251205057207,45.4055182996224],[10.525472228893,45.4052930737517],[10.5273184321848,45.4036256859058],[10.5300248338619,45.4002779392824],[10.530723505069,45.3996112654482],[10.5318822576688,45.3989574695398],[10.532610500653,45.3983856502495],[10.5340006402634,45.3987569227374],[10.5347680858799,45.3993263213199],[10.5354687078846,45.3994436480474],[10.5367928981562,45.3993847829882],[10.5401342729677,45.3989009990564],[10.5411236450297,45.3985848715242],[10.5416463867405,45.3986203810093]]]}},{"type":"Feature","properties":{"NOME":"MARTELLI S","ZONA":"Colli Morenici"},"geometry":{"type":"Polygon","coordinates":[[[10.6424403108388,45.4438040028515],[10.6436232366814,45.4411471266563],[10.6482391791718,45.4409320300255],[10.6491391974445,45.4408290159447],[10.6493603893461,45.4406863024235],[10.6494042726418,45.4404921455319],[10.6493462022672,45.4399259178917],[10.6490403426976,45.4391382446856],[10.6481239080865,45.4379093381398],[10.6452386882043,45.4365738091919],[10.6447342365218,45.4361535309385],[10.644620357264,45.4318526601815],[10.6473489565553,45.4305081469741],[10.6498087591991,45.4302520830968],[10.6497954725149,45.4292486555837],[10.6499041547115,45.4290850646905],[10.6516067222663,45.4290019281158],[10.6520759898264,45.428108529135],[10.6514042383066,45.4263900452901],[10.6508057769474,45.4255391009189],[10.64894981582,45.424193270224],[10.6476896419595,45.4234418800154],[10.646167841557,45.4229777852083],[10.6461344879593,45.4226002210066],[10.646458328949,45.4217044407422],[10.6443239045936,45.42038955531],[10.6437180371134,45.4197727083657],[10.6436505276631,45.4195936583551],[10.6438717494318,45.4185193420531],[10.6437325936226,45.4176887452446],[10.650239357913,45.4171852816943],[10.6521942416312,45.4165089122383],[10.6534262544185,45.4157529739793],[10.6545412145159,45.4155297862723],[10.65526187336,45.4141151571757],[10.6558871094339,45.4105866389693],[10.6557431325552,45.4101971779941],[10.6540959321091,45.410734132703],[10.6528498897472,45.4108962061904],[10.649024309031,45.4098624154537],[10.6483744634591,45.4095432629632],[10.6476486593511,45.4089191648378],[10.6456254973598,45.4066350635852],[10.6445175065019,45.4045087633095],[10.6444763462906,45.4025966110263],[10.6452064398768,45.4006238344081],[10.6451859392964,45.4001380673126],[10.6430075675531,45.3978291512767],[10.6434746728958,45.3975253860878],[10.6434459150653,45.3970847431058],[10.6413933312163,45.3929377446485],[10.6421966915433,45.3914544948769],[10.6421646834172,45.3906808541056],[10.6428801845698,45.3904095212846],[10.6426161357702,45.3895087044142],[10.6417264976988,45.3896115189753],[10.6412001187111,45.3885839556735],[10.6395982351704,45.386973270406],[10.6393688871416,45.3870485750156],[10.6387550105202,45.3863057944968],[10.6389735751227,45.3862441470253],[10.6384404612571,45.3854777021095],[10.6379437990861,45.3861374178125],[10.6369784915308,45.3854986847622],[10.6366152475321,45.3859134488623],[10.6358560150101,45.3852222433057],[10.6333432414814,45.3850152074087],[10.6330333814897,45.3855102069852],[10.6311424645144,45.3857172765066],[10.6297179233866,45.3868177721448],[10.6291920371108,45.3867982785104],[10.6289850672802,45.3866527141842],[10.6289644957504,45.3862704579768],[10.6281105578797,45.3848919622064],[10.6266277935194,45.3843550360303],[10.6252318334249,45.3834478055532],[10.6250959832252,45.382162570867],[10.6233808395513,45.3826505460929],[10.6221104899695,45.3836182362963],[10.6216358113895,45.3837690027136],[10.6187901629661,45.38325133437],[10.617641640416,45.3837356837323],[10.617108006492,45.3837792528102],[10.6154672126036,45.3835189564616],[10.6151502089676,45.3832084028621],[10.6144618583699,45.3829211045683],[10.6136732558693,45.3829817668457],[10.612542257434,45.3827367203404],[10.6114612680253,45.3827339892346],[10.6082265323837,45.3835222238651],[10.6064424976948,45.3841774370706],[10.6060765505686,45.3844481229453],[10.6036845797005,45.3848373119587],[10.602519272309,45.3861453528194],[10.60149633986,45.3864477515254],[10.6004112356368,45.3865844917904],[10.5984798415156,45.3872866529764],[10.5979484071731,45.3872400889779],[10.5982061351453,45.3880052871088],[10.5987187326808,45.3886661683403],[10.6004854126623,45.3903775223546],[10.6017643498573,45.3922358355449],[10.602412608052,45.3925967284164],[10.6018516345223,45.3928166136056],[10.6012374293068,45.3934339604568],[10.6008684179733,45.3939859322627],[10.6007561560557,45.395034276982],[10.59990632525,45.3952424009864],[10.5981573065837,45.3962668085735],[10.597615916677,45.3963686958607],[10.5972559846305,45.3962694996059],[10.5971647552869,45.3967502033902],[10.5945993448874,45.3960179824923],[10.5919174831827,45.3945390680395],[10.5908507580609,45.3944617168878],[10.5897662810536,45.3948060788861],[10.5892257285704,45.3947514239667],[10.5884176894667,45.3944133503192],[10.5882842640974,45.3949642572976],[10.5904612966718,45.39672363884],[10.5910325796707,45.3975709378998],[10.5914393495308,45.3989554680537],[10.591676269561,45.3993669846782],[10.5923795759703,45.3994175198542],[10.5924180656191,45.3998338640941],[10.5916261911136,45.4000272191987],[10.5903389597618,45.4005722620022],[10.5899482763491,45.4008771842648],[10.5895886298334,45.4019013901834],[10.5893345814209,45.4021536216364],[10.5894136663971,45.4025560723476],[10.5886004757998,45.4027105489289],[10.5870177006459,45.4033987844291],[10.585618505185,45.404689501302],[10.585305285192,45.407895622647],[10.5849226083034,45.4086848349425],[10.5846701665068,45.4097088989076],[10.5849082188841,45.4102177863806],[10.5856807665566,45.4107407387916],[10.5864546900271,45.4121728433816],[10.5879352675779,45.4133264284857],[10.5892115871109,45.4136905377915],[10.5895319831181,45.4140281073618],[10.5915588108527,45.4149477758058],[10.5931291650001,45.4151107688339],[10.5937299783389,45.4150339933323],[10.5935968518468,45.415598339106],[10.5938886978045,45.4155942629522],[10.5938775984963,45.4156911525399],[10.5945015675351,45.4154201543553],[10.5970809287417,45.4147458909765],[10.5976581393789,45.4153587727228],[10.5980291786144,45.4154360235009],[10.6023168671554,45.4152309323376],[10.602546368155,45.4154915251019],[10.6023917406934,45.4168506458417],[10.6025236480792,45.4175796571201],[10.6029929311309,45.4185698529765],[10.6055336541882,45.4176295236714],[10.606256557458,45.4183889433724],[10.6056726934631,45.418532176897],[10.6075696711675,45.4204928867091],[10.6080845499487,45.4208244273142],[10.6082877220591,45.4208266321713],[10.6086258642517,45.4213124250611],[10.609018847739,45.422490527164],[10.6097063302696,45.4230118951978],[10.6100465244457,45.4243529453336],[10.6092117719329,45.4256786902234],[10.611789628004,45.4256977468355],[10.6121608238934,45.4265124290819],[10.6133914009363,45.4264375491827],[10.6136073696364,45.4265944914693],[10.6143410380323,45.4283641525578],[10.6158918027089,45.4280100825288],[10.616509891193,45.4288384283925],[10.6166070803347,45.4294548416453],[10.6190401373042,45.429742385446],[10.6198548050543,45.4301088673004],[10.6199750469425,45.4303979958713],[10.6205440824789,45.4303468228724],[10.6204193005168,45.4309658937293],[10.6217700477803,45.4307260257019],[10.6224080521485,45.4326320941946],[10.6222131583938,45.4330100605386],[10.6225712168622,45.434666387302],[10.6267888963017,45.4347680760644],[10.6269932503993,45.436961466498],[10.6272810754459,45.4375275826877],[10.6271154329588,45.4381748241434],[10.6277045513906,45.4388366216463],[10.6280268312186,45.4397377725372],[10.631078929242,45.4393378847411],[10.6317356356004,45.4399581894176],[10.6327371923744,45.4402760093363],[10.6347718010368,45.4401622635314],[10.6352468677831,45.4421765748782],[10.636883567955,45.441945704107],[10.637187205666,45.4422203810687],[10.6372585666345,45.442777231081],[10.6382889888801,45.4426640022881],[10.6399294176849,45.4428650858158],[10.6404459203163,45.4429836770502],[10.6404184773981,45.4434701285488],[10.6424403108388,45.4438040028515]]]}},{"type":"Feature","properties":{"NOME":"MARTELLI S","ZONA":"Colli Morenici"},"geometry":{"type":"Polygon","coordinates":[[[10.6552769862563,45.3151360521386],[10.658246929297,45.3168645531557],[10.6594507911037,45.3173996047264],[10.6602806466478,45.3180734541841],[10.6604030908964,45.3185670550892],[10.6608814818874,45.3192269571166],[10.6607743329284,45.3201811717841],[10.6593838586102,45.3225068143772],[10.6592789042882,45.3235372076825],[10.6589716183753,45.3241132658747],[10.6581980005733,45.3265875843388],[10.6568413602166,45.3281942671029],[10.6563742159858,45.3290112119559],[10.6555618005781,45.3297979021451],[10.6531380394571,45.3298030932359],[10.6521596825488,45.3299670638552],[10.6515670349911,45.3303467841184],[10.6503545997861,45.3304648239212],[10.6497813958924,45.3309974639575],[10.6486032955495,45.331418600124],[10.6478121834993,45.3318893069356],[10.647154233797,45.3319972808205],[10.6461937439148,45.3324959280132],[10.6469604462046,45.3334366694431],[10.6463363320047,45.3337345938138],[10.6458499626889,45.3344179599588],[10.6454436237049,45.3347319581099],[10.6449397600031,45.3349043260842],[10.6420797052092,45.3352517212073],[10.6413512416627,45.3355086117202],[10.6408925579797,45.3353733156849],[10.640825504791,45.3351861371452],[10.6406007968822,45.3352882362769],[10.6406878141204,45.3354865728141],[10.6410208697799,45.3356272140636],[10.6410901020172,45.3360425298496],[10.6404563427007,45.336090985479],[10.6392797313628,45.3364505285498],[10.6394617510819,45.3377846968541],[10.6387266696002,45.3382188026411],[10.6394061719896,45.3400739721077],[10.6390412944361,45.3401277079669],[10.6394524169124,45.3406878905384],[10.6404048078354,45.3403209145409],[10.6407122504225,45.3407808402781],[10.6406073509801,45.3408200047115],[10.6407439209373,45.3411223819827],[10.6421777771442,45.3407327258038],[10.6429579897121,45.341129846952],[10.6432761485328,45.3408558841782],[10.6441801408679,45.3404916137483],[10.6438502482526,45.3422591322535],[10.6435967888861,45.3425178509721],[10.6437165582008,45.3434906260361],[10.6436251328639,45.343960623117],[10.645202005142,45.3441338337336],[10.650317683299,45.34350949096],[10.6513127565615,45.3439280001926],[10.6523159956469,45.3438552208537],[10.6517938747435,45.3459946308353],[10.6524052282503,45.3461370977202],[10.6528603079817,45.3468662709892],[10.6529244508624,45.3471960651833],[10.6534730025821,45.3469612823041],[10.6536021072226,45.3472486347657],[10.6527383217008,45.3477148216161],[10.6530081183577,45.3483747509325],[10.6534814073564,45.3479612630035],[10.6547603562008,45.3477181688624],[10.6556878674986,45.3482378918062],[10.655885446837,45.3480889017151],[10.6567374096638,45.3481954796529],[10.6574411479688,45.3480584076661],[10.6572781786193,45.3490213557491],[10.6567165199219,45.3490876646311],[10.6569086643294,45.3495143264675],[10.658038976296,45.3492101539936],[10.6583601435239,45.3498435390756],[10.6586005855036,45.3500306610847],[10.659179116287,45.3488629540305],[10.6595649051499,45.3490329941742],[10.6597352170253,45.3489131099883],[10.6602137355581,45.3493281261532],[10.6598502945959,45.3495465484141],[10.6606278597669,45.3503767872962],[10.6611852983456,45.3499904341377],[10.6618996275692,45.3507548680634],[10.6614622239968,45.3509129475798],[10.662759143163,45.3525501718436],[10.6632945985987,45.3523982385825],[10.6638823123892,45.353135891004],[10.6658668411736,45.3519437115741],[10.6654552255532,45.3510537995976],[10.6680298363601,45.3507506588758],[10.6678037937139,45.3516656757598],[10.6678646555754,45.3522070470235],[10.6694041013572,45.3521678445715],[10.6693640329927,45.3524718363965],[10.6695283734959,45.352532615332],[10.6693988263504,45.3529776888947],[10.6713607418905,45.3528740850524],[10.6713659769491,45.3525936679854],[10.6745558430367,45.3522836233502],[10.675056516976,45.3542265150243],[10.6786610638817,45.3536138986661],[10.685399313879,45.3536405879309],[10.6853444971319,45.351742137048],[10.6868031275295,45.344555597314],[10.6866901870539,45.3432790895531],[10.6864659282308,45.3429808623054],[10.6864864087096,45.3423279690496],[10.6870152157412,45.3424523840044],[10.6880835162745,45.3420073113474],[10.6894443755224,45.3419511656224],[10.6908886197954,45.3411061583967],[10.6932908531539,45.3407149859504],[10.6931859070694,45.340406000068],[10.6956188273839,45.3405093913521],[10.6981346284611,45.3401299307363],[10.6994843100517,45.340181846844],[10.7031889993352,45.3411795514108],[10.703987025616,45.3404213781785],[10.7028721654613,45.3394852110415],[10.7018530895848,45.3382805841278],[10.698866809027,45.3364622804889],[10.6986812904082,45.3357460562198],[10.6983495988717,45.3353570242744],[10.6963545454235,45.3341995222826],[10.6951133756941,45.333086648239],[10.6928146302634,45.3318108609165],[10.6908881751707,45.3310641158027],[10.68990536813,45.3302924467748],[10.6879387467599,45.3297537231561],[10.6888430452463,45.3284081207997],[10.6890124917828,45.3278596200327],[10.6889543802923,45.3274673656742],[10.6884774091832,45.3265243969411],[10.6881843999722,45.3249999527261],[10.6882546237546,45.3247586765313],[10.6902035736455,45.3248587954056],[10.6916002297598,45.3251834286045],[10.6949428598138,45.3250668946964],[10.6951752220378,45.3251592684647],[10.696686623594,45.3249199006911],[10.6972743154261,45.3249853322563],[10.6970908752648,45.3247038838716],[10.6970882616524,45.3241799904652],[10.6966712598875,45.3233221622241],[10.6963331945157,45.322922748785],[10.6962578401202,45.3225837716529],[10.6962401386956,45.3215545524887],[10.6965173939445,45.3194822746059],[10.6964646116024,45.3181521010312],[10.6967073974536,45.3171098157941],[10.6971338597713,45.3161034216929],[10.6978640896927,45.3147873209412],[10.6983321935232,45.3143023807057],[10.6994528365402,45.3125227218308],[10.6995105572272,45.3114004604028],[10.6989158036436,45.3098301773911],[10.6986298989771,45.3085558560694],[10.6948794478827,45.3091815146625],[10.6930791771431,45.3096034872398],[10.6848573550286,45.3107454693785],[10.6810569080327,45.3118953461918],[10.6785451007763,45.3125205989619],[10.6768573192268,45.3127843997778],[10.6744861626532,45.3128743702496],[10.6718176312528,45.3126101677131],[10.6711676606017,45.3126840301698],[10.6710009430027,45.3123371824684],[10.6690058692193,45.3114655805604],[10.6686536830977,45.3110203311274],[10.6672052324078,45.3119120364533],[10.6660787343548,45.312402875075],[10.6614245269868,45.3135963961568],[10.6590218486116,45.3133660175149],[10.6552769862563,45.3151360521386]]]}}]}