<?xml version="1.0" encoding="utf-8" ?>
<kml xmlns="http://www.opengis.net/kml/2.2">
<Document id="root_doc">
<Schema name="acquaioli_2026" id="acquaioli_2026">
	<SimpleField name="ID" type="int"></SimpleField>
	<SimpleField name="NOME" type="string"></SimpleField>
	<SimpleField name="ZONA" type="string"></SimpleField>
	<SimpleField name="Shape_Area" type="float"></SimpleField>
</Schema>
<Folder><name>acquaioli_2026</name>
  <Placemark id="acquaioli_2026.1">
	<Style><LineStyle><color>FF12fa4b</color><width>3.40157</width></LineStyle><PolyStyle><fill>0</fill></PolyStyle></Style>
	<ExtendedData><SchemaData schemaUrl="#acquaioli_2026">
		<SimpleData name="ID">0</SimpleData>
		<SimpleData name="NOME">SORIO D</SimpleData>
		<SimpleData name="ZONA">Colli Morenici</SimpleData>
		<SimpleData name="Shape_Area">4038.00015070815</SimpleData>
	</SchemaData></ExtendedData>
      <MultiGeometry><Polygon><outerBoundaryIs><LinearRing><coordinates>10.685399313879,45.3536405879309 10.6817396088666,45.3535685672215 10.6786610638816,45.3536138986661 10.6761889203876,45.3540372942253 10.6721729015805,45.3547083012708 10.6708417549584,45.354754804652 10.6686998614346,45.3549076653327 10.6658975991562,45.3556147024839 10.6618590306706,45.3561776611575 10.6613902946052,45.3562474954715 10.6556598423371,45.357023882225 10.6541663647146,45.3569240259919 10.653489489481,45.356861826264 10.6532365743817,45.3573830617645 10.6529380257953,45.3576529224755 10.6527733890428,45.3578083284967 10.6522531415902,45.3579733846445 10.650552748055,45.3582770309888 10.6505433070811,45.3582816681546 10.6505337352751,45.3582818065101 10.6505274861773,45.3582863975379 10.6505165807276,45.3582955565703 10.6505007585413,45.3583002859683 10.6504913188354,45.3583049231115 10.6504821395048,45.3583185578918 10.6504664494108,45.3583277860765 10.650366839419,45.3584147390926 10.6502338456233,45.3588352191092 10.6501482659602,45.3593495257652 10.6501883067873,45.3601770596481 10.6501889608204,45.3601995527927 10.6501929364043,45.3602264995354 10.6501967824296,45.3602489465509 10.6501963656382,45.360289457967 10.6501971505162,45.3603164508195 10.6502402910396,45.3607568859706 10.6502506494568,45.360783740465 10.6502993280862,45.361030569985 10.6503376740788,45.3611965371363 10.6503448418604,45.3612234377335 10.6503689846532,45.3613401042613 10.6503760216115,45.3613625051482 10.6503865097419,45.3613938575512 10.6503966054087,45.3614117144304 10.6503972608287,45.3614342075493 10.6504042965607,45.361456609352 10.650411201437,45.361474511447 10.6504183680159,45.3615014120558 10.6504220833946,45.361519360249 10.6504243329697,45.3615418312265 10.6504313687007,45.361564232127 10.6504389290661,45.3616046282372 10.6504460956501,45.3616315279435 10.6504502035911,45.3616629734563 10.65046241806,45.3616988015971 10.6504775376114,45.3617795938279 10.6504880271576,45.3618109461991 10.6505010279999,45.361873766257 10.6505438997696,45.3620306674047 10.6505529235945,45.362066542553 10.650585675857,45.3622595946354 10.6505860684153,45.3622730910543 10.6505727800831,45.3628583621164 10.6505705064542,45.3628898989623 10.6505653036689,45.3629304795427 10.6505583746166,45.3629665852781 10.6505529088336,45.3629981682645 10.6505536952055,45.3630251601811 10.6505467661359,45.3630612659154 10.6505418250276,45.3631108441055 10.650539550099,45.3631423809684 10.6505355501534,45.363169442068 10.6505255130843,45.3633181074505 10.6505231073151,45.3633451464064 10.6505388590383,45.3635024395174 10.6505380499688,45.3635294544932 10.6505417642861,45.3635474035922 10.6505427393029,45.3637454165566 10.6505323575031,45.3637725698997 10.650248146498,45.3639882094813 10.6500938907805,45.3640624498082 10.6500719467475,45.3640762689986 10.6500484085157,45.3640901112212 10.6499007957375,45.3641732566868 10.6497799427689,45.3644630428697 10.6497629170069,45.3644812916377 10.6497289949429,45.3645222870914 10.6497215420124,45.3645403975506 10.649709170573,45.3645540783719 10.6496644737213,45.3646087315588 10.6496364103072,45.3646316404614 10.6496175273948,45.3646409146444 10.649603429642,45.3646501196968 10.6495906670725,45.3646503040673 10.6485885483592,45.3647683005099 10.6485328396679,45.364773606378 10.6484516019246,45.3647792807628 10.6483974886671,45.3647845626327 10.6483481606056,45.3647897763017 10.6482940460508,45.3647950581413 10.6482191914688,45.364800640221 10.6481729236743,45.3648013089462 10.6480838403587,45.3648115970054 10.6470402610771,45.3648761716885 10.646055189021,45.3649218897693 10.6458972392619,45.3649241683292 10.6458319571793,45.3649296108668 10.6457730557741,45.3649349614046 10.6456757333486,45.3649363649396 10.6456184273854,45.3649416915042 10.6455657774465,45.3649424511473 10.6455148547112,45.3649476856719 10.6454398678697,45.3649487671386 10.6439360805596,45.3651054608069 10.6421096417089,45.3651992690932 10.640857503572,45.3647312160694 10.6403942063138,45.3646613670006 10.6400933519932,45.3646341872705 10.639134939525,45.364773976419 10.6383058491044,45.3649704076137 10.6382885583985,45.3649796570774 10.6382602303563,45.3649935655854 10.6380257566202,45.3651094475888 10.6370124365522,45.3656145556274 10.6369998034764,45.3656192374282 10.636969619698,45.3656241708277 10.6364310346698,45.3656003918953 10.6363829109472,45.3655920810473 10.6360840756217,45.3655243564634 10.6359472919831,45.3654858117311 10.6359135267814,45.3654772949757 10.6358910611458,45.3654731161274 10.635693260496,45.3654219449238 10.635318920459,45.3653372979855 10.6352820953431,45.3653333255596 10.6352469953683,45.365333828212 10.6350679130721,45.3653228932237 10.6345850166985,45.3655143361309 10.6343902509892,45.3656791480831 10.6341288743254,45.3660249371499 10.6339786987358,45.3662971242303 10.6338991938414,45.366473786243 10.6338785929743,45.3666451046915 10.6336921465712,45.3668773049937 10.6335157419826,45.3670148485611 10.6333362761963,45.3671569363328 10.6331374024311,45.3672903000048 10.632946376138,45.3674190513129 10.6327390048339,45.3675345339272 10.6324717325128,45.3675653611543 10.6321985084281,45.3675557683874 10.6319250243198,45.3675371763955 10.6316516697743,45.3675230834905 10.6313777979301,45.3674909945472 10.6311136291575,45.36746326704 10.6308337634814,45.3674447635885 10.6305779608947,45.3674304174377 10.630306419373,45.3674793033302 10.6301102113971,45.3675946217843 10.6299111991461,45.3677234811057 10.6297087363953,45.3678433888361 10.6294785030313,45.3679411899259 10.6292250249965,45.3680078173473 10.628938988718,45.3680524069928 10.6286476499031,45.3680790687771 10.6283838219618,45.3681188386868 10.6281086953608,45.3681542683886 10.6278350349453,45.368185176733 10.6276046665396,45.3682784752681 10.6273991359368,45.3684029224083 10.6271352226352,45.3683841834404 10.6268769166211,45.3683383598184 10.6266156790428,45.3683015787567 10.6263612931732,45.3683367087952 10.6261758081973,45.368492373076 10.6261284448259,45.3686775732591 10.6261849226668,45.3688657935527 10.6262715875064,45.3690490832082 10.6263500181303,45.3692234886843 10.6262896318026,45.3693998730065 10.626077323629,45.3695109130914 10.6258178872332,45.369537112446 10.6256027066191,45.3694366645262 10.6254213392058,45.3692907279765 10.6252402305038,45.3691537897377 10.6250558025457,45.3690123968532 10.6248367898073,45.3688894985557 10.6245689095063,45.3688438068479 10.6243147774202,45.3688879300947 10.6240543114502,45.3688781354509 10.6237937167946,45.3688638413504 10.6235532513952,45.368939273405 10.6234107085481,45.3690898210243 10.6234131851436,45.3692878126648 10.623433213763,45.3694855538648 10.6234645407792,45.3696876351161 10.6235051831736,45.369880582528 10.6235047276618,45.3700876172113 10.6233721420315,45.37025152526 10.6232141550189,45.3704202949239 10.6230718663437,45.3705798398514 10.6229391496382,45.3707392485555 10.622721785397,45.3708413528484 10.6224960559999,45.3709300744112 10.6223165487389,45.3710721453409 10.6221903414425,45.371235961371 10.6221236860185,45.3714169331755 10.6220300332257,45.3716027891155 10.621789038115,45.3716602212784 10.6215484283108,45.3717311504308 10.6212889265624,45.3718113477861 10.621056551087,45.3718911594673 10.6208192605586,45.3719665397484 10.6205593711406,45.3720332397741 10.6202879256158,45.3720866011113 10.6200422679538,45.3721485973283 10.6197956562844,45.3722331090969 10.6195653876398,45.3723308897085 10.6193222227333,45.3724243529449 10.619090227099,45.372517657295 10.6188630178539,45.372610892416 10.6186312786942,45.3727131935727 10.618373052902,45.3728383721886 10.6181479502511,45.3729495796815 10.617942766729,45.3730875068348 10.6177152967104,45.373171742878 10.6174293529022,45.3732208021078 10.6171669600797,45.3732560259284 10.6169097388377,45.3733046770841 10.6166627326925,45.3733756855833 10.6164320680485,45.373459964292 10.6162412390092,45.3735976851769 10.616058644193,45.373744290584 10.6158764328968,45.3739043923334 10.6157078136808,45.3740372973418 10.615531855412,45.3741928084693 10.6153703863497,45.374352615943 10.6153135365828,45.374542445433 10.6154347693466,45.3747072513963 10.6155635974007,45.3748584477063 10.6157203235843,45.3750362523582 10.6158882213922,45.375213898704 10.6160114941258,45.3753381698845 10.6161663709086,45.375506999609 10.6163818309269,45.3757289771209 10.6164818121531,45.3758760809091 10.6164401524919,45.3760386917619 10.6164038503362,45.3761652230646 10.6163289354182,45.376337306874 10.6162367954096,45.3765771438282 10.6161621371273,45.3767582252566 10.6162390949244,45.3770496734418 10.616273006972,45.3771752099626 10.616331185561,45.3773679114788 10.6163887235344,45.3775381194988 10.6164218108957,45.3776906708531 10.6164787793447,45.3778968914649 10.6163955705949,45.378114098629 10.6162589850938,45.3782510515959 10.6161019099544,45.3783972948493 10.6159658922655,45.3784982348423 10.6157784935958,45.3786449076605 10.615564605572,45.3788144574624 10.6154633114973,45.3789014035242 10.6156614265836,45.3791866363385 10.6157808196662,45.3793424664741 10.6158177243016,45.3794049520581 10.6157107014923,45.3796269972211 10.6154498442245,45.3799412314341 10.6154902114489,45.3801251838984 10.6155425776268,45.3802819633841 10.6155673703748,45.3804796382034 10.6155392429735,45.3806690621516 10.6154886437306,45.3808543024192 10.615418508125,45.3810263178835 10.6153082177927,45.3811899008537 10.6151395175738,45.3813768132993 10.6150283862161,45.3814548958107 10.614865485166,45.3815652160171 10.6146622418938,45.3817166116769 10.614534193728,45.3818174363169 10.6142955819344,45.3819603309156 10.6140654610952,45.3821211068244 10.6139289188194,45.3822040490104 10.6136228996212,45.3824469080836 10.6134419940741,45.3825979858938 10.6132640236311,45.3827400205833 10.6130405958796,45.3828556939274 10.6131818110657,45.3828807013639 10.6136732558693,45.3829817668457 10.6139443175213,45.3829689320155 10.614199989078,45.3829203095409 10.6144618583699,45.3829211045683 10.6146959677936,45.3830123051647 10.6149267577613,45.3830990506425 10.6151502089676,45.383208402862 10.615289144994,45.3833774581362 10.6154672126036,45.3835189564616 10.6157523829868,45.3834969163795 10.6160103654805,45.3835292676208 10.6162887829939,45.3836063349534 10.6165495165574,45.3836791521685 10.6168400612137,45.3837335430704 10.617108006492,45.3837792528102 10.617388206002,45.3838067856298 10.617641640416,45.3837356837323 10.6178789854432,45.3836603094471 10.618131518679,45.3835577153577 10.6183369969691,45.383428785297 10.6185265139973,45.3833000801959 10.618790162966,45.3832513343699 10.6190568216681,45.3832520518598 10.6193174816532,45.3832663558381 10.6195764940695,45.3833346889681 10.6198291216918,45.3834031120796 10.6201094490051,45.3834351370885 10.6203716539198,45.3835034240188 10.6206053891994,45.3835811148536 10.6208424458028,45.3836632596474 10.6211126315137,45.3837314306931 10.6213736812463,45.383759225586 10.6216358113895,45.3837690027135 10.6218897547444,45.3837158868788 10.6221104899695,45.3836182362962 10.622286974512,45.3834807096171 10.6224581539927,45.3833252562107 10.6226507244505,45.38319200019 10.6228370386963,45.383063334334 10.6230116649427,45.382916831566 10.6231816310286,45.3827748954514 10.6233808395513,45.3826505460929 10.6236443522201,45.3825972903014 10.6238919056104,45.3825442608558 10.624125529633,45.3824509237473 10.6243441433207,45.3823352971662 10.6245781523654,45.3822554556985 10.6248448539947,45.382202151762 10.6250959832252,45.382162570867 10.6251633864664,45.38234163441 10.625183039021,45.3825258790941 10.6251788830828,45.3827149632985 10.6251728719814,45.3828950725355 10.6251562044524,45.3830933361562 10.6251501945493,45.3832734453639 10.6252318334249,45.3834478055532 10.6254002204908,45.3835849254848 10.625619164375,45.3837033227269 10.6258305159117,45.3838353287897 10.6260433354935,45.3839628137731 10.6262308785838,45.3840996587922 10.6264151001928,45.3842320510269 10.6266277935194,45.3843550360303 10.6268526108591,45.3844553445032 10.6271329011984,45.3845413600574 10.6274112089622,45.3846139011346 10.6276541458165,45.3846779452445 10.6279067899935,45.3847463502307 10.6281105578797,45.3848919622064 10.6282222752722,45.3850568899978 10.6283471482392,45.3852351321218 10.6284512742195,45.3854136699734 10.6285567385316,45.3855831872778 10.628651290566,45.3857618614771 10.6287423912844,45.3859315834604 10.628857432793,45.3861009638707 10.6289644957504,45.3862704579768 10.629001979327,45.3864634479852 10.6289850672802,45.3866527141842 10.6291920371108,45.3867982785104 10.6294524567565,45.3868035614102 10.6297179233866,45.3868177721448 10.6299374927452,45.3866796187969 10.6300732872129,45.3865156577574 10.6302581294788,45.3863915006458 10.6304853739374,45.3862982425569 10.6306587818645,45.3861652475971 10.6308238203128,45.3860188698599 10.630980490537,45.3858591102628 10.6311424645144,45.3857172765066 10.6314178033362,45.3856863363681 10.6316918059521,45.385664416019 10.6319479911868,45.3856337491875 10.6322282468651,45.3856072375048 10.6325070357043,45.3855852467844 10.6327774565597,45.3855498738929 10.6330333814897,45.3855102069852 10.6332018631628,45.3853727779108 10.6332895063059,45.3852005012116 10.6333432414814,45.3850152074087 10.6336109853341,45.3849978726517 10.6338779107277,45.3850075530622 10.6341508314997,45.3850036450082 10.634425048911,45.3850447227505 10.634678908214,45.3850995942106 10.6358560150101,45.3852222433057 10.6363399092882,45.3855573502224 10.6366152475321,45.3859134488622 10.6369784915308,45.3854986847622 10.6379437990861,45.3861374178125 10.6384404612571,45.3854777021095 10.6389735751227,45.3862441470253 10.6387550105202,45.3863057944967 10.6390662964487,45.3866343672173 10.6393688871416,45.3870485750156 10.6395982351704,45.386973270406 10.6402620657818,45.3876208163177 10.640717179187,45.3881183388084 10.6412001187111,45.3885839556735 10.6417264976988,45.3896115189753 10.6426161357702,45.3895087044142 10.6428801845698,45.3904095212846 10.6421646834171,45.3906808541057 10.6421966915432,45.3914544948769 10.6420860063166,45.3917126206465 10.6414202699407,45.3928203425689 10.6413933312163,45.3929377446485 10.6417183246098,45.3935721523626 10.642157450601,45.3944524495175 10.6425765512056,45.3952475210199 10.6430077222661,45.3961279282011 10.6434459150653,45.3970847431058 10.6434746728958,45.3975253860877 10.6430075675531,45.3978291512767 10.6435562942643,45.3983568176011 10.6451859392964,45.4001380673126 10.6452064398768,45.4006238344081 10.6449759776062,45.4012122316808 10.6446978202725,45.4019183318802 10.6444763462906,45.4025966110263 10.6445565309276,45.4039276260379 10.6445175065018,45.4045087633095 10.644742628608,45.4050005817705 10.6456254973598,45.4066350635852 10.6463350168485,45.4075249442964 10.6470205309058,45.4083026528107 10.647648659351,45.4089191648378 10.6483744634591,45.4095432629632 10.649024309031,45.4098624154537 10.6504170108569,45.4102383320049 10.6523093132918,45.4107645169322 10.6528498897472,45.4108962061904 10.653372570102,45.410852629765 10.6540959321091,45.410734132703 10.6550134714694,45.410482297734 10.6557431325552,45.4101971779941 10.6558871094339,45.4105866389692 10.6557556674164,45.4113356414089 10.6555446101335,45.4122028132912 10.655503811417,45.4124464360043 10.6555011436629,45.4124644773261 10.6555003369251,45.4124914920905 10.6554976691682,45.4125095334121 10.6554948712153,45.4125230759597 10.6554906066053,45.4125411395312 10.6554913954359,45.4125681320638 10.6554904572214,45.4125906480723 10.6554909831092,45.4126086430939 10.6554899134224,45.4126266603469 10.6554904393107,45.4126446553684 10.6554896312901,45.4126716701505 10.6554902899289,45.4126941639086 10.6554892189636,45.4127121811799 10.655483514273,45.413063309154 10.6554640354994,45.4132166113164 10.6553921856783,45.41360020188 10.65526187336,45.4141151571757 10.6552452280231,45.4141469030771 10.6551867855277,45.4142242605244 10.6550993362488,45.4142930370476 10.6550822964284,45.4143112866616 10.6550699170522,45.4143249680657 10.6545521287789,45.4155206268158 10.6545412145159,45.4155297862723 10.6545317644718,45.4155344238534 10.6544734685419,45.4155622724427 10.6544576321505,45.4155670034461 10.6544371351241,45.4155763017305 10.6541806958915,45.4156025218701 10.6541941352275,45.4156075695561 10.6542154653015,45.4156061381017 10.6544577574909,45.4156971372895 10.6546844768331,45.4158018635957 10.6548924295723,45.4159203633968 10.6550890732888,45.4160345269703 10.6552657465301,45.4161759818376 10.6553921103521,45.4163451706033 10.6554949166236,45.4165282018262 10.6555544759912,45.4167073610922 10.6558081026311,45.4167486867312 10.6560004863381,45.4168809122247 10.656071488129,45.4170689056909 10.6561313129914,45.4172570612068 10.6562244087741,45.41743573192 10.6563046004239,45.4176100890633 10.6564132723913,45.417775032614 10.6565618693562,45.417939395982 10.6567461423944,45.4180672362969 10.6569290837835,45.418204096949 10.6570683646875,45.4183775952368 10.6571445591429,45.4185790137116 10.6571850936557,45.4187629470112 10.6571938200499,45.4189518434608 10.6571703443827,45.4191322068139 10.6571165265782,45.4193130095737 10.6570080149931,45.419481105789 10.6569058908675,45.4196491092159 10.6567893941474,45.4198173201756 10.6566646471592,45.4199766511918 10.656548938613,45.4201718543976 10.6564498744022,45.4203353114519 10.6563386924319,45.4205214483601 10.6562074228635,45.42067637191 10.6560681685767,45.4208314111027 10.6559467430276,45.4209951928928 10.6559126106809,45.4211937121821 10.656005713882,45.4213723828549 10.6561434030076,45.4215459061687 10.6562247507596,45.4218687644935 10.6563778243284,45.4220631931509 10.6567350489704,45.422037258494 10.6570380947608,45.422019356769 10.657678513381,45.422010055629 10.6578299695431,45.4219988538059 10.6580361217872,45.4220003595917 10.6582308296703,45.4219930298839 10.6584753106903,45.4219939773848 10.6585809794027,45.4220014421675 10.6585920083265,45.4220033792835 10.6586157529962,45.4220050569957 10.6589706797523,45.4220674056544 10.6591456825129,45.4220963649936 10.6594302078172,45.422155235334 10.6600597088807,45.4222229317622 10.6602312103094,45.4222114731513 10.6604035592345,45.4222044648089 10.6606109134875,45.4221924465028 10.6609432327182,45.4221921104234 10.6612437433424,45.4221967367787 10.6615425249316,45.4221968877463 10.6615736609411,45.4222004996934 10.6615772975312,45.4222005016866 10.6617841104422,45.4222244925624 10.6620525963876,45.4222526657789 10.662316545255,45.422275625143 10.6623355017707,45.4222778632545 10.6623513192234,45.4222792388275 10.6625549385506,45.4223032756969 10.6628777984769,45.4223615793136 10.6631234699617,45.4224030045131 10.6633816555552,45.422435245589 10.6635502718547,45.4224642912019 10.6634625159977,45.4227401041067 10.6633497264615,45.4230882893436 10.6632654477069,45.4232650397358 10.6631990010294,45.4234505298475 10.6631163183981,45.4236272559714 10.6630488126247,45.4237767579816 10.6629170048449,45.4240217082769 10.662702908475,45.4244568804314 10.6626792045987,45.4245202329108 10.6626520327112,45.424628642408 10.6626328357104,45.4247909409167 10.6626261397426,45.4249980639321 10.6626320890251,45.425200501275 10.6626627994087,45.4253755750747 10.6626964401597,45.4255416048895 10.6627256858742,45.4257212006411 10.6627756846901,45.4259545002166 10.6628018686185,45.4261386411718 10.6628000982392,45.4263501921807 10.6627884896828,45.426498879118 10.6627680917467,45.4266746979419 10.6627466261839,45.4268685340076 10.6629280866182,45.4270073705145 10.6631652871268,45.4270158310715 10.6631663141079,45.4270182410648 10.6632000640886,45.4270194453524 10.6632858748333,45.4272207184994 10.6631475202316,45.4275692765485 10.6630970409833,45.4277545339136 10.6630863593213,45.427934711902 10.6633229916157,45.4280482768962 10.6635756072103,45.4281076016482 10.6638412657949,45.4281757371002 10.6640812366234,45.4282397456217 10.66433718062,45.4283035217341 10.6645562607709,45.4283643268245 10.6649751252396,45.4281370764382 10.6651967581833,45.4280123280692 10.6654182565375,45.4278830805791 10.6656268448511,45.427749520313 10.6658293079406,45.4276250503182 10.66601233854,45.427491862171 10.6661755395946,45.4273364616048 10.6663256983884,45.4271722489148 10.6665145843522,45.4270209728036 10.6667328826495,45.4268917694399 10.6669059281633,45.4267452245276 10.6670379829405,45.4265632743457 10.6671753582951,45.4263992471335 10.6674519406595,45.4263502004692 10.6677995860746,45.4263811243023 10.6678168219225,45.4263831760027 10.6678343628742,45.4263847362737 10.6680364018599,45.4264087864359 10.6682889298277,45.4264898185948 10.6685192311633,45.4265101209192 10.6687713195214,45.4264974341621 10.6690275303857,45.426516189356 10.6692898680914,45.4264718470875 10.6694629056227,45.4263252984019 10.6696262277011,45.4261743908496 10.6698650085597,45.4260898876135 10.6701346660683,45.4260229330991 10.6703915454297,45.4259561657643 10.6706578745608,45.4258847589466 10.6709118250704,45.425827034593 10.6711512663102,45.4257650204582 10.6714150644382,45.4257161521724 10.6714288625418,45.4257236490271 10.6714498397495,45.4257197630642 10.671691803023,45.4258512344288 10.6717723357195,45.4260512913241 10.6720102563427,45.4260674757794 10.6722600789318,45.426032311229 10.6724492120776,45.4258900229451 10.6726776068768,45.4257786620169 10.6729370117479,45.425689348693 10.6732065299473,45.4256718961322 10.673470323993,45.4256770282835 10.6737236054618,45.4256508111419 10.6739643739179,45.4255797712439 10.6742012823496,45.4254862850667 10.6743937360835,45.4253484446138 10.6745184440516,45.4251890958144 10.6745462746567,45.4252015793724 10.6745532192088,45.4251927057631 10.6747527453107,45.4252822005783 10.6749378226782,45.4251604384015 10.6751390578345,45.4250494717976 10.6753510729544,45.4249248438215 10.6755621556213,45.4248227332966 10.6757830866774,45.4247294782599 10.6758133178782,45.4247350060764 10.6758178628988,45.4247330878077 10.6760684792587,45.4247789123188 10.6762753114931,45.4249108905228 10.6764631132509,45.4250476483917 10.6766860522272,45.425183890034 10.6768894265826,45.4253069165839 10.677075633966,45.4254436968503 10.6772460310163,45.4255722343033 10.6774923209272,45.4255234633033 10.6777301524947,45.4254074529728 10.6779422964299,45.4252873198489 10.678140065008,45.4251673975856 10.6783518071322,45.4250337676409 10.6785473087221,45.4248913747197 10.6787892600315,45.4247527992446 10.6790036646196,45.4246551332651 10.6792446837154,45.4245390737925 10.6794825087875,45.4244230598843 10.679703164729,45.4243207999888 10.6799282096166,45.4242049740362 10.6801531213451,45.4240846480425 10.6803298635521,45.4240640439105 10.6803598460889,45.4240682104843 10.6803646396134,45.4240676520756 10.6804817614244,45.4240839293529 10.6808767983729,45.4242581323432 10.6812410927203,45.4244192864271 10.6814531204192,45.4245106737849 10.6816131063237,45.4245713234627 10.6818492259628,45.4246668559512 10.6821293969764,45.4247392348832 10.6823625831415,45.4247898038862 10.6825877271299,45.4248137993374 10.6828646951319,45.4247332752544 10.6830769591025,45.4246176305521 10.6832908193666,45.4245019628219 10.68354514209,45.4244036989671 10.6837914770057,45.4243055532266 10.6840014810017,45.4242214446964 10.6842837650666,45.4242037768072 10.6846759792501,45.424175484262 10.6848226447353,45.4241643181989 10.6850827022987,45.424151476922 10.6853768240711,45.4241021279663 10.6856264949559,45.4240624357244 10.6858704352961,45.4239913238608 10.6860865555107,45.4238981198826 10.686302795919,45.4237554074222 10.6866594310252,45.4235521133392 10.6868574440233,45.4234411727253 10.6871261157346,45.4232886828482 10.6873514103506,45.4231818398508 10.6875960019838,45.4230792100792 10.6878694744885,45.422980654451 10.6881035577726,45.422900682186 10.6883466838646,45.4228025740202 10.6885707795262,45.4227092473976 10.6891601666133,45.4224889988117 10.6891654916435,45.4225036092806 10.6891949409113,45.422492604313 10.689377675197,45.4229939600102 10.6894836630977,45.423172412743 10.6895945772122,45.4233552931384 10.6896941793543,45.4235338401503 10.6898110793047,45.4237031297894 10.6899233241289,45.4238769879499 10.6900069570886,45.4240557719019 10.6901223974896,45.4242295825635 10.6903122297297,45.4243797895795 10.6905262714905,45.4244846322359 10.690752651213,45.4245491666819 10.6909871499377,45.4245456916876 10.6912215037672,45.4244747103498 10.6914655728772,45.4244080852762 10.6915305991277,45.4242316001489 10.69159362472,45.4240416435539 10.6916505302181,45.4238607779908 10.6917751846354,45.4237014110696 10.6920373741261,45.4237065249757 10.6920645264661,45.4237099797024 10.692072149305,45.4237101286867 10.6923255641586,45.4237423758783 10.6925536832081,45.4237911917009 10.6927838792721,45.4237179554343 10.692966698367,45.4235802273266 10.6931595026897,45.4234558519322 10.6933712022702,45.4233221946992 10.6935769148356,45.4232021278286 10.6937876881954,45.4230909868284 10.6938194077315,45.4230962015592 10.6938224643686,45.4230945899916 10.6940986390666,45.42313999671 10.6943211832797,45.4231759271234 10.6944859850807,45.4230401147392 10.6946490942906,45.4228846737717 10.6948124718933,45.422738229894 10.6949987462993,45.4226094476335 10.6951963340299,45.422484997773 10.6954148174624,45.4223647379835 10.6956271811111,45.4222535699572 10.6958456614212,45.4221333084839 10.6960662780841,45.422031017482 10.6963131206095,45.4219508397483 10.6965704894058,45.4219020078792 10.6968366517667,45.4218800477962 10.6970894969601,45.4218402832868 10.697103518924,45.4218471499251 10.6971242725706,45.4218438863528 10.6973383181271,45.4219487162208 10.697509131482,45.4221036946763 10.6976573184376,45.4222500079457 10.6976407649566,45.4224437777331 10.6976066435668,45.4226378086841 10.6975691916646,45.4228273884751 10.6975353408316,45.4230304166808 10.6975151867754,45.4232107388858 10.6976820549122,45.4233325095598 10.6978958035801,45.4232594624894 10.6981096264327,45.4231437675073 10.6983155991558,45.423032688629 10.6985114488883,45.4229037591285 10.6986975802882,45.4227704723028 10.6989571986831,45.4226900979059 10.6989879867971,45.4226949344016 10.6989919736417,45.4226937004123 10.6992536427589,45.4227348098247 10.699511196057,45.4227984822697 10.6997410401639,45.4228267170691 10.6999944023886,45.4228051669891 10.7002263284918,45.4227072002426 10.7004951454874,45.4226671903836 10.7005093524057,45.4226738531193 10.7005299217667,45.4226707915016 10.7007438402224,45.4227711162096 10.7010337026991,45.4229104884002 10.7011800294858,45.4227019868215 10.7012615347788,45.4225432532106 10.7013914921355,45.4224017984576 10.701579184504,45.4222144775908 10.7017414605283,45.4220320358373 10.7018841906522,45.4218903901628 10.7020520671574,45.4217348675257 10.7022055681313,45.4215795598296 10.7024119043611,45.4214279630985 10.702623302369,45.4212852918308 10.7028096879449,45.4211609957814 10.7030008650526,45.4210366279658 10.7031867077877,45.4208943367634 10.7034030269334,45.4207560912943 10.7036329343599,45.4206446457288 10.7038547204773,45.4205288202199 10.7040570709075,45.4204042839016 10.7042949593074,45.4202927169954 10.7045316572711,45.420194670233 10.7047602339772,45.4200922426633 10.7049905423054,45.4199942903364 10.7052452110277,45.419909474837 10.7055050763423,45.4198380822267 10.7057805043824,45.4197529554756 10.7060765555357,45.4196630183805 10.7063364186518,45.4195916248065 10.7065801757226,45.4195159697879 10.7068508408471,45.4194849186255 10.7070908918748,45.419445322274 10.707542113079,45.419362061969 10.7078345905464,45.419312678768 10.7080081126091,45.4192920790064 10.7082882218823,45.4192563816134 10.7084997981458,45.4192262104911 10.7086928561873,45.4191648123679 10.7089746970671,45.4191335880363 10.7092606484019,45.4190797990894 10.7095241059087,45.41902184552 10.7098236466712,45.4189948547661 10.7105143972273,45.4189079922706 10.7108209703654,45.4188493889465 10.7110199038948,45.4188239032225 10.7113264747667,45.4187652994734 10.7120540121426,45.418574362987 10.7131027556085,45.4183335942262 10.7138689388956,45.4180475552294 10.7143556606204,45.4177657097164 10.7146037410288,45.4176224645307 10.7147613447207,45.4174985810399 10.7149447707349,45.4173833108431 10.7151929450536,45.4171905565975 10.7153361754154,45.4170668881971 10.7154914965078,45.4169205346738 10.7156336341569,45.4167608779285 10.7157354399703,45.4165883250243 10.7158643921956,45.4164153641148 10.7159397324943,45.4162657119995 10.7160164366224,45.4161610459423 10.7160795476939,45.4160295801482 10.7161790311936,45.415780552292 10.7162406408328,45.4155996025942 10.7163128414088,45.4153464848934 10.7163747228228,45.4151745323482 10.7164480141147,45.414957401642 10.7164955231927,45.4147856650574 10.7165450378158,45.4146274002856 10.716591455725,45.4144196756594 10.7166397415278,45.414220924251 10.716660377544,45.4140585928867 10.7166557384395,45.4139056437118 10.7167204019606,45.4137201471267 10.716774023806,45.4135393171672 10.7168369521624,45.4133493468295 10.7168932215021,45.4131504743466 10.7169433747815,45.4129606960162 10.7169901990781,45.4127664661502 10.7170291755864,45.4125768558268 10.7170966196916,45.4123778160872 10.7171453125309,45.4121925593684 10.717142910112,45.4120080718868 10.7170859467108,45.4118154044263 10.7170677146947,45.4116356556268 10.7170889897529,45.4114418107592 10.7170800643451,45.4112529215772 10.7170514328269,45.4110463260507 10.7170333375894,45.4108710758315 10.7169734550634,45.4106874535037 10.7168379427395,45.4104329594201 10.7163184045205,45.4097881919567 10.7161316851998,45.4093724471944 10.7160475222363,45.408914654029 10.7159974343287,45.4084743513711 10.7160706555536,45.4079916878039 10.7161426311248,45.4076260593111 10.716399401559,45.4072441476166 10.7169029935621,45.4068900264517 10.7171586772976,45.4068411733369 10.7172936346069,45.4065511055716 10.7181094042177,45.4062732903906 10.7191388289216,45.4059832489097 10.7193230434753,45.4055799222037 10.7192758624195,45.4049730549288 10.7189468871189,45.4041859096767 10.7185323316837,45.4029995007482 10.71839509901,45.4020564449872 10.7177073460765,45.4016032406886 10.7174212573311,45.4006489233354 10.7172324887657,45.3999541743142 10.7169023346272,45.3987574871358 10.7161451583186,45.3971711705758 10.7158532842391,45.3966039864211 10.7153920750483,45.3960348465482 10.7148040901038,45.3954451070848 10.713570410234,45.3946265318541 10.7125781822419,45.3941868698048 10.7111963606422,45.3937485428242 10.7092761353534,45.393142742255 10.7069751431265,45.3925651089329 10.7048340539742,45.3919400351682 10.70342358743,45.3914480343847 10.702042388009,45.3909195744739 10.7017648378507,45.3907593373826 10.7014694970305,45.3905952978904 10.7003573404804,45.3899446538112 10.6993687734341,45.3891638470561 10.6985576352284,45.3882264152621 10.6975754104589,45.3870477309512 10.6965688805392,45.3856641004867 10.6961059529888,45.3847984608473 10.6957545423229,45.3840081491788 10.6958000867163,45.3830964561427 10.6960109623266,45.3822336314601 10.6964754701762,45.3813285422207 10.6974863457532,45.3799113082013 10.697513941583,45.3798435622993 10.6997376525076,45.3765880313201 10.6994365905792,45.3759714325896 10.6993736337986,45.375522309614 10.6994935070761,45.3750479612521 10.6997191917488,45.3748015675374 10.7002008583607,45.3745738620567 10.7009020726487,45.374374386569 10.701562757619,45.3736759448507 10.7026315029451,45.3729579079605 10.7034395149958,45.3715326585943 10.7044246566066,45.370743842517 10.7059301669167,45.3701677689159 10.7066963622768,45.369319197713 10.7082388121386,45.3688055493049 10.7095413231472,45.3686465221723 10.710067327554,45.3686746442876 10.7100938505647,45.3686778044245 10.7101020698897,45.3686782439163 10.7106831353823,45.3687474751404 10.7118903058144,45.3688363336393 10.712127789547,45.368454719174 10.7142313505592,45.3682881163699 10.7145878814389,45.3676211701695 10.7121757289743,45.3654971006851 10.7106914972035,45.3644977258808 10.7106910777227,45.3644889792082 10.7104706365448,45.3644115696264 10.7100912013593,45.3646363926521 10.7098649233117,45.3647704661834 10.7092547287279,45.3649810187897 10.7090110406364,45.3648786640547 10.7090497449176,45.3646660740116 10.7090443144871,45.3644859464552 10.7099800650627,45.3641009077198 10.7100206823964,45.3639518916372 10.7088722696539,45.3642659123228 10.7082112891376,45.3632899613335 10.7070315416168,45.3635620303086 10.7069177951934,45.3630748252219 10.7068934317362,45.3629704671579 10.7071583913939,45.3629323953689 10.7072228239551,45.3629231363586 10.707176490627,45.362383203322 10.7066063003937,45.3624235349065 10.7062788246251,45.3625344382728 10.705955809611,45.3627936800993 10.7055685283587,45.3629160758464 10.7054994821877,45.3626202941549 10.7054571132782,45.3625432791116 10.7051813491349,45.3620420193898 10.7048961503964,45.3615586577901 10.7046811758558,45.3612779460754 10.7045831270574,45.3611499138531 10.7040612205598,45.3612955160269 10.7034038590664,45.3604360896095 10.7038183236885,45.3602178905951 10.7036840510601,45.3600636414159 10.7033355342138,45.3596632709503 10.7027232919944,45.3588031664392 10.7022883964552,45.3588414562226 10.7021959942628,45.3587686315437 10.7012516911304,45.3588675184079 10.7008724765069,45.3588540954684 10.7008302337738,45.3588526003575 10.6995590902133,45.3590835507111 10.6995129082106,45.3590010372096 10.6994002226216,45.358799702981 10.6990279810904,45.358921851883 10.6989071091832,45.3587739560839 10.6987626417833,45.3585971863309 10.6984652293755,45.3587076191879 10.6983024457955,45.3587948462058 10.6977392541379,45.3582431781535 10.697311071443,45.3578237474853 10.6972259432373,45.3577424204406 10.6971253314069,45.3576463010168 10.6968756710029,45.3573425989939 10.6961001376844,45.3565484890829 10.6960710951785,45.3563728250565 10.6960634245239,45.3563264233239 10.696315425979,45.3555625372384 10.6962897451932,45.355531491225 10.6952791801161,45.3550379402527 10.690315521589,45.354053932894 10.6877073337436,45.3536419349973 10.685434046912,45.3536441952118 10.685433941349,45.3536405538994 10.685399313879,45.3536405879309</coordinates></LinearRing></outerBoundaryIs></Polygon></MultiGeometry>
  </Placemark>
  <Placemark id="acquaioli_2026.2">
	<Style><LineStyle><color>FF12fa4b</color><width>3.40157</width></LineStyle><PolyStyle><fill>0</fill></PolyStyle></Style>
	<ExtendedData><SchemaData schemaUrl="#acquaioli_2026">
		<SimpleData name="ID">0</SimpleData>
		<SimpleData name="NOME">NON SERVITA</SimpleData>
		<SimpleData name="ZONA">Colli Morenici</SimpleData>
		<SimpleData name="Shape_Area">3949.39824391213</SimpleData>
	</SchemaData></ExtendedData>
      <MultiGeometry><Polygon><outerBoundaryIs><LinearRing><coordinates>10.5521124718477,45.3867922832167 10.5519509188412,45.3871271810946 10.5517959829503,45.387465404698 10.5516241825516,45.3878795920978 10.5514676175185,45.3885015829444 10.5501177008358,45.3883491264688 10.5500902866424,45.3905351609347 10.5498391203089,45.3904852020315 10.5483626587987,45.3901296066948 10.5467101733272,45.3896403507993 10.5449389482722,45.3890266729793 10.5443539936155,45.3893408293747 10.5439595031116,45.389665974933 10.5437482141283,45.3898534277197 10.5429858168303,45.3899447400215 10.542699422266,45.3900679850252 10.5422349221074,45.390208025451 10.5416272243712,45.3903376704529 10.5408591666247,45.3909711042514 10.539289144637,45.3924132270131 10.5393978499991,45.3924739381032 10.5400595994902,45.393315658938 10.5416281236485,45.3947630149227 10.5429727002343,45.3956132899094 10.543900122788,45.3960655023877 10.5448640432704,45.3965354954843 10.5446794907327,45.3965354296935 10.5442632863897,45.3967802818069 10.5436392163141,45.3971744752181 10.5430079571272,45.3975483787302 10.5425504828938,45.3980282597763 10.5422312703129,45.3982222675301 10.5416463867405,45.3986203810093 10.5418243881409,45.3987026995009 10.5419750152704,45.3987258271256 10.5421012838327,45.3987452139893 10.5424081678369,45.3986753020312 10.5432739356074,45.3985019527322 10.5440903406522,45.3982548511722 10.5451123079645,45.3977996870839 10.545652832086,45.3975870985514 10.5459873670329,45.39756717508 10.5460211575152,45.3975708816348 10.5460221193139,45.397570824507 10.5464213145846,45.3976146134512 10.5466740796341,45.3976399882304 10.5470160357287,45.397625092894 10.5479678902928,45.3974043549203 10.548541032087,45.3973196075257 10.549244397602,45.3972022988446 10.5503271024171,45.3971054975113 10.5514172830108,45.3968828536284 10.5522843441762,45.3968916000641 10.5523027469754,45.3968950836638 10.5523190964207,45.3968952484749 10.5525973399352,45.3969479168089 10.553222175674,45.3971549613914 10.5536986840796,45.3973104168626 10.5540527296821,45.3974259183847 10.5543613685639,45.3975030727723 10.5545623361377,45.3975533109093 10.5549471009682,45.3975687142345 10.5557104479162,45.3973812692414 10.5568639838891,45.3972115940324 10.5573270409673,45.397097511506 10.5580043066007,45.3968265485442 10.5585340191197,45.3967526076992 10.5589529157526,45.3967545886565 10.5603830488046,45.3968428289756 10.5613579176737,45.3967987157803 10.5622053210574,45.3966229076103 10.5628836898325,45.3963929556909 10.5635999058551,45.3960829375591 10.563616305742,45.3960945254642 10.5636346569363,45.396086581641 10.5639496700718,45.3963091646284 10.5648530326575,45.3969474491811 10.5654762407757,45.3973843099186 10.5655260903747,45.3974192529292 10.5660070339936,45.3975431770412 10.5665145591575,45.3978197536523 10.5669654509807,45.3981321806442 10.5672539856663,45.398355124979 10.5674418373821,45.3985002721318 10.5678152002959,45.3988235398307 10.5680674101877,45.3990496073865 10.5684974789475,45.399354241802 10.568894675289,45.3996359695472 10.5693842519114,45.399292934351 10.5700702753862,45.3987859246644 10.570148525099,45.3987181344569 10.5703838416642,45.3985352832568 10.571065949114,45.3979152078399 10.571741612829,45.3973260087539 10.5721471184131,45.3969765908465 10.5726684092411,45.3965999186312 10.5740752860588,45.3966369892294 10.5757120548664,45.3967124900443 10.576589864397,45.3967498833483 10.5768650742255,45.3967685867569 10.5776495891584,45.3968186009353 10.578515102796,45.3968942942905 10.5798808166391,45.3969609051511 10.5807610639785,45.396971216923 10.5813109758495,45.3969885910102 10.5813225787882,45.3969914979939 10.5813457284796,45.3969922296782 10.5815161676643,45.3970349354402 10.5817107561881,45.3970836920063 10.5825908663286,45.3972605136768 10.5834680789623,45.3975048769906 10.5839355376087,45.3976406088992 10.584126035902,45.3976959206464 10.5848534806055,45.3979186232886 10.5848206810805,45.3981782387745 10.5848778290151,45.398979764704 10.5848806290592,45.3990190355881 10.5849467128891,45.3998186919947 10.5848451922215,45.4007464078506 10.5848708880599,45.401664658198 10.5848902601167,45.4017495032557 10.5850244831255,45.4023373681097 10.5837745913234,45.402708822333 10.5831008142055,45.4029722006673 10.5815306467721,45.403614931459 10.5808605613816,45.4038808116735 10.581386791605,45.4044636860913 10.5816835411367,45.4047854478117 10.5818964750905,45.4051058044659 10.581973624905,45.4055204170889 10.5820571843326,45.4057732868775 10.5822072900729,45.4061954821068 10.5823022928188,45.4064626924752 10.5825384040588,45.4069997594885 10.5826835141765,45.4073298253569 10.5829010675595,45.4079451992411 10.5833035504764,45.4085297815062 10.583312136345,45.4086363155557 10.5833147061795,45.4086681869192 10.5831567783555,45.4087524883686 10.5829321564506,45.4087966599723 10.5828504515964,45.4088042050551 10.5829396540417,45.4087981258736 10.5829685667669,45.4087961552574 10.5827828343038,45.4088162274083 10.5826359697554,45.4088320988502 10.5826444120508,45.4088306028443 10.58267068629,45.4088259468704 10.5825756495563,45.4088352553599 10.5825756672998,45.4088295770788 10.5825758430223,45.4088294630271 10.5825763878223,45.4088291116264 10.5825537449567,45.4088316010423 10.5822127293465,45.4088630882968 10.5817432115732,45.4090081581677 10.5813855576125,45.4091927626914 10.5813805109239,45.4091953664512 10.5817112772213,45.4095602780991 10.5818626453797,45.4097588604882 10.582202875855,45.4102052104597 10.5823566100186,45.410371107998 10.5825785004873,45.410610552131 10.5829211562441,45.4111395146191 10.5831341219961,45.4114598682038 10.5832848071046,45.4116373932297 10.5834257714282,45.4117278111494 10.5821986712361,45.4122736506447 10.5820979955011,45.4123184327452 10.5816820110247,45.4125551339218 10.580809749584,45.4128905285879 10.5795314718237,45.4134291157694 10.5789909862561,45.4136121674051 10.5786941691158,45.4137126923546 10.5785169553837,45.4137624062275 10.5774434110111,45.4140635618314 10.5766412182122,45.4143004453698 10.5762876041633,45.41442335946 10.5760213924665,45.4145450671359 10.5756264998458,45.4147557905001 10.5752296070926,45.4148946942865 10.5749039787766,45.4149761630367 10.5745699253155,45.4150166920307 10.5744101105266,45.4150342913554 10.573680286354,45.4155164817247 10.5719707520038,45.417192488243 10.5715195381765,45.4176066811932 10.5706583289367,45.4182980069828 10.5704788320408,45.4184420923583 10.5703758113184,45.4185297929555 10.569378952785,45.4193783782741 10.5688220073678,45.4197914462335 10.56800523075,45.4202953210004 10.5670735910271,45.4208623476932 10.5665204903137,45.4211521875955 10.5658783621949,45.4216485194449 10.5653255324909,45.4219486130851 10.5647014085062,45.4223061307914 10.564366116792,45.4225673164659 10.5641896691988,45.42277500728 10.5638339343322,45.4230877905088 10.5637002012002,45.4232589723013 10.5634397312787,45.4235909763319 10.5631455358974,45.4236048232423 10.5622097148156,45.4236488636478 10.5618867765594,45.4236734331066 10.5616751931861,45.4236895307857 10.5610447707411,45.4237520212717 10.5605341473226,45.4238026331633 10.5595863976647,45.423789920543 10.5591935759095,45.4238158112149 10.5591885182381,45.4238102076505 10.5591588067374,45.4238121660385 10.5590535677215,45.4236955705915 10.5582558760776,45.4234421664854 10.5574787352284,45.4232731535585 10.5569649821477,45.4231415986286 10.5564425356906,45.4229588416493 10.555082151072,45.4225155063951 10.5548408421357,45.4224804295346 10.5547069340043,45.4225719146515 10.5539841432493,45.4230657193507 10.5537934262461,45.4232820593635 10.5535683937575,45.423537322151 10.5533707442706,45.4237875412325 10.5532219983361,45.4240730982206 10.5531252181595,45.4243309461578 10.5529666553844,45.424724650089 10.5529074069606,45.4248585508014 10.5527946466766,45.4249986438099 10.5524131225289,45.4254567627835 10.5522119113425,45.4258105404149 10.5521180717112,45.4260593461561 10.5519933881849,45.4262905684044 10.5518584020137,45.4266704483012 10.5517084192665,45.4270280294497 10.5516138358107,45.4272498409468 10.551585590459,45.4273852414446 10.5515194770041,45.4276640087753 10.5515046724984,45.4278723990535 10.551511937944,45.428020818098 10.5513329240621,45.4283028914845 10.5512803703515,45.4284335138678 10.5515284692207,45.4286236666739 10.5517146312388,45.4287076432787 10.5518042959604,45.4287480900622 10.5518387423539,45.4288084734126 10.5516160243036,45.4290585591204 10.5513957966423,45.4292668247512 10.5511053804304,45.4295735489144 10.5507463801978,45.429904296495 10.5503004497928,45.4303876121996 10.5500198381525,45.4307865734757 10.5497899533485,45.4311216646739 10.5497675235701,45.4311543584093 10.5497420342384,45.4311918526423 10.5492919322268,45.4318539153897 10.5489952079569,45.4322809912327 10.5486811531954,45.4327173025874 10.5491485884854,45.4334387282663 10.5491627172082,45.4337064769779 10.5491637424229,45.4337259067473 10.5490401441741,45.4338973674166 10.548887321119,45.4341093691643 10.548649590423,45.4343187776402 10.548032256216,45.4348625567097 10.5464715510059,45.437364948188 10.5456625966774,45.4387050461684 10.5450294753691,45.439544971644 10.5437528090971,45.4411120523186 10.5430274163327,45.4420455865068 10.5426284202163,45.4423845470332 10.5420300987187,45.4434343908562 10.5417392787884,45.4442696009587 10.541665998305,45.4447476467321 10.5416356398064,45.4450100582946 10.5416113831363,45.4451899997585 10.5415591663866,45.4453857495198 10.5453100328743,45.4446791553203 10.5468047010244,45.4444177237955 10.5490276151669,45.4439950071528 10.549032991887,45.4440042469355 10.5490623949253,45.4439986552641 10.5494266261506,45.4446245689264 10.549574981917,45.4448795080006 10.5497507639509,45.4451505965111 10.5497728977532,45.4451847322925 10.5500954120223,45.4455139240495 10.5502350308941,45.4455519341431 10.5508605974384,45.4454378330319 10.5508799034749,45.4454443028953 10.5508953781894,45.4454414805707 10.5509983924611,45.4454760046803 10.5508140598593,45.4464638192373 10.5509556661883,45.4470694024221 10.550987509132,45.4472055794662 10.5509951124683,45.4472545051966 10.5510583373562,45.4476613498099 10.551113463716,45.4480762794814 10.5511902854498,45.4482189268043 10.5515936861999,45.4491361373446 10.5516979898142,45.4493732878198 10.5517399834792,45.449386647569 10.5515750925371,45.45002010332 10.5512675261366,45.4507683970611 10.5511768885135,45.4511853064458 10.5512799020564,45.4516190622583 10.5512922998603,45.451671262273 10.5510835249845,45.4523001806721 10.5510223800311,45.4523804274471 10.5508583096066,45.4525957532802 10.5506371435925,45.4527732396534 10.5500678113134,45.45312047467 10.5496044420111,45.4534030766051 10.5494277060022,45.4536056166969 10.5488077932855,45.4543991954939 10.548021197866,45.4552309534978 10.5477610555692,45.455583443748 10.5475942630091,45.4558833504321 10.5474400815072,45.4561112397756 10.5472286704836,45.4563352506419 10.5471849728281,45.4563815519296 10.5471718708228,45.4564155912469 10.547089664251,45.4566291705038 10.547104675474,45.4569112175904 10.5470659946384,45.4570964877913 10.5471443264527,45.457155417238 10.5472000105026,45.4571973080589 10.5479775113096,45.4573549582309 10.5495299991363,45.4567407850876 10.5502932308762,45.4563865930873 10.550304741378,45.4564010440603 10.5503280196498,45.4563902415863 10.5504577522561,45.456553112315 10.5506414267404,45.4567837022823 10.5508697902062,45.4571613811958 10.5512754347884,45.4578322463635 10.5513529756346,45.4580005425508 10.5513586750038,45.4580681122218 10.5513637848709,45.4581286914281 10.5513221599348,45.4582062337713 10.5511859140783,45.4582901938988 10.5511188385226,45.4584139072234 10.5510401566756,45.458559028291 10.5513734236532,45.4592828383671 10.5516239449409,45.4593064871704 10.5516240472677,45.459306860232 10.5516587355661,45.4593101343375 10.5519252579541,45.4602797384016 10.5519341884951,45.4603122276559 10.5521038600312,45.4603885386385 10.5521778472259,45.4604218160912 10.5524613383217,45.4606540256736 10.5525754757711,45.460826955956 10.5526433234264,45.461047405669 10.5526635547933,45.4611131403393 10.5524936002353,45.4611519203707 10.5524244021133,45.4611677095226 10.5526397907785,45.4615753263319 10.5530280656103,45.4621704693669 10.5522483634063,45.4624581895529 10.5516811885958,45.4627840706628 10.551681776777,45.4627876055602 10.5517510599017,45.4632039302726 10.5524349272718,45.4642056021839 10.5523100252327,45.4643943575252 10.5522738763049,45.4644489877519 10.5517845157438,45.4649534249819 10.5520066915196,45.4652855183259 10.5522958307493,45.4657176958212 10.5526273909886,45.465612462847 10.5540379491804,45.4651567236988 10.5556568904624,45.464720631723 10.5561021867949,45.4645750483888 10.5564069509995,45.4644358793068 10.5568304878797,45.4643130918796 10.5573656576258,45.4641797802289 10.5582823302516,45.4640232576165 10.559318453327,45.4636760750979 10.5601092169951,45.4635347587931 10.5607857511901,45.46336799543 10.561489541348,45.4630883425335 10.5620997905299,45.4628954748549 10.5627874991292,45.4627285467526 10.5633033548312,45.4626494771871 10.5641806289607,45.4624574424027 10.5652528663074,45.4622042225113 10.5660050091976,45.4621129006044 10.5660160228831,45.462119430298 10.566039802364,45.4621165433527 10.5663291568075,45.4622880947768 10.5664906082414,45.4623762158246 10.5666618666126,45.4623334158207 10.5666797264706,45.4623412908285 10.566696659977,45.4623370592662 10.5669540292059,45.4624505407119 10.5671094786906,45.4625085503622 10.5674433475337,45.4624352042172 10.5678161219374,45.4624435880506 10.5680867065207,45.4623993682294 10.5683774434016,45.4623323678901 10.5684664226051,45.4622546370591 10.5683154846217,45.4622305082917 10.5679311543594,45.462342616992 10.5677392364466,45.462340752103 10.5677384027175,45.4623374393888 10.5677044430213,45.4623371089761 10.5676649130133,45.4621801343443 10.5677051959331,45.462076068836 10.5679708837877,45.4620859221785 10.5683496749064,45.4617926880375 10.5688363932932,45.4614709653597 10.5694735186245,45.4612686886238 10.5702689369037,45.4609517180719 10.5711888125932,45.4607410419646 10.5719544317689,45.4606179910417 10.5728615686239,45.4605244903099 10.5739003520099,45.4603931639823 10.5748255632952,45.4603174001267 10.5754279971535,45.4603630965295 10.5763789690957,45.4604084788483 10.5763838964531,45.4604106935483 10.5764137617932,45.4604121184418 10.5766566315078,45.4605212784782 10.5767410613769,45.4606821307484 10.5773115683321,45.4607867625294 10.5780554361932,45.4609159943417 10.5787359168645,45.4609923997751 10.5795148868556,45.4609456880848 10.580303689388,45.4609662705606 10.5813495920941,45.4610327909742 10.582067105437,45.4610768515287 10.583066158792,45.4611260036438 10.5831806863311,45.4610479062537 10.5833672593393,45.46097330958 10.5833899511256,45.4609817846734 10.5834020514986,45.4609769470507 10.5838900087611,45.4611591966076 10.5847972073642,45.4615246439819 10.5857047544061,45.4618450748574 10.5858689107782,45.4618832982522 10.5860625932736,45.4619481132759 10.5868579864327,45.4623736051065 10.5878274381448,45.4629046818171 10.5885393320454,45.4634303356187 10.5891297224001,45.4638991695042 10.5899822292135,45.4641933293401 10.5905269053602,45.4645142755082 10.5912010015519,45.4647749086655 10.5916144995561,45.465093179412 10.5915836860049,45.465588664571 10.5916071176493,45.4659663811366 10.5916890544089,45.4663207782491 10.591946687223,45.4666682246662 10.5922808421303,45.4670641076721 10.5927970150888,45.4675069552192 10.5935207354409,45.4679379005495 10.5944617236653,45.4683613055198 10.5951762046944,45.4687473649185 10.5956743982098,45.4691184423983 10.5960655373274,45.4696620347353 10.5966854830918,45.4700404063872 10.5971417555863,45.4703985616581 10.5976196883139,45.4709004291151 10.5980351469696,45.4715111808802 10.5984781992532,45.4719100212754 10.5991319516487,45.472238399533 10.5996245273636,45.47246552214 10.6002997336772,45.472591070855 10.6009936644178,45.4728693695099 10.6014123871147,45.4732550376771 10.6022794124425,45.4737154199755 10.6031368839818,45.4738882783688 10.6033529809914,45.4738852427655 10.6035818357954,45.4737785152595 10.6036102503754,45.4737851255156 10.6036166382688,45.4737821464199 10.6036947651523,45.4738003200433 10.6038077478272,45.4736808298513 10.6041093655907,45.4736585883675 10.6043814462626,45.4733847328941 10.6045915634476,45.4732377628567 10.6039367121016,45.4719148194558 10.604589805435,45.4715996037495 10.6046017774809,45.471614253362 10.6046246066193,45.4716032346214 10.6057263573074,45.472951390158 10.6051027946266,45.473293200028 10.6044566526467,45.4736848286723 10.6039614761255,45.4739303172847 10.6036485556932,45.4741274354718 10.6041509779517,45.4741665607549 10.6041644649252,45.4741685306975 10.6041857806709,45.4741701908382 10.6048602492297,45.4742687201274 10.6053036285721,45.4745640178465 10.6058891605475,45.4750778378418 10.6063223838937,45.4754092774981 10.6068895124,45.4757253295527 10.6070534102509,45.476033555681 10.6070962586291,45.4761904705693 10.6069399176726,45.476372692457 10.6070164392262,45.4763844145084 10.6071823790583,45.4763336535654 10.6071756606775,45.4763499863302 10.6072171820573,45.47633728452 10.6071259390117,45.4765590932807 10.6071498616004,45.4768377874325 10.6072186753953,45.4769971479165 10.6074433582425,45.4769060426607 10.6074622128734,45.4769161403761 10.607478162863,45.4769096726125 10.6076746726848,45.4770149156562 10.6078490232309,45.477858553725 10.6078708534131,45.4784568133846 10.6078598275467,45.4793615690568 10.6078464966928,45.4801853487565 10.6078828406922,45.4806753909959 10.6079493003846,45.4810434953831 10.6077992814633,45.4812796348031 10.6077337249828,45.4826847136695 10.6078344735909,45.4832458569352 10.6079198204823,45.4839962370527 10.6079873769625,45.4844588367385 10.6080735372627,45.4847321524792 10.6081254242261,45.4851499675041 10.6082805277239,45.4853728064229 10.6084677017934,45.4861037493652 10.6084447199791,45.4868691571929 10.608220409798,45.4878669284763 10.6080310675947,45.4886886868076 10.6079248539379,45.489171736199 10.6076807543991,45.4899807629269 10.6074998312847,45.4905368722884 10.6073346382799,45.4910837587098 10.6072671644664,45.4912422267592 10.6069903378037,45.4912956300512 10.6067234283601,45.4915289136397 10.6067781209264,45.4917081637282 10.6068269305408,45.4919054980687 10.6066929297827,45.4919748915498 10.606306272548,45.4919353301976 10.6061216774844,45.4920819448753 10.6063894935012,45.4922176894276 10.6062749411603,45.4925208347312 10.6059320995676,45.4928406949398 10.6057237072385,45.4930506493128 10.6057924069226,45.4933287134025 10.6057465482689,45.4936848975915 10.6051052973461,45.4943689924646 10.6048054257452,45.4944002122201 10.6040887449097,45.4947388240662 10.6035340201699,45.4950346520171 10.6028722071427,45.4953904872466 10.6021123853145,45.4957881990084 10.6019674302044,45.4958667426671 10.6015797725405,45.4960747050949 10.6011224536911,45.4962521413963 10.6008167338516,45.4964724541937 10.6005522082245,45.4966786861278 10.6007500430104,45.4969414404499 10.6011046642219,45.4972605005394 10.6014548140788,45.4975346171372 10.6021172048283,45.4978178517545 10.6023404493513,45.4980172384369 10.6023662096942,45.4984174202556 10.6024319631706,45.4985920155284 10.6025388497382,45.4988065389324 10.6028330459101,45.4989689241862 10.6031893567058,45.4992339486321 10.6036059354923,45.499367610191 10.6040026836676,45.499591559788 10.6039960257512,45.4998076765242 10.6039515006323,45.4999298152857 10.6042220368727,45.5000475259755 10.6042458291301,45.5004342331036 10.6046780919486,45.5008376989408 10.6048590722615,45.5010691786386 10.6051487445656,45.5012406235367 10.6054276723933,45.5014842255625 10.6054365666279,45.5017406272406 10.6056137793762,45.5020081625325 10.6056394343226,45.5020663077631 10.6056481865892,45.5021042849419 10.6056713922235,45.5021328281859 10.6057102668201,45.5021873958817 10.6057519027905,45.5022078057296 10.6057430246429,45.5022892905104 10.6057519041245,45.5023390304451 10.605801450001,45.5023750766347 10.6058309453121,45.5023891042993 10.6058657698071,45.5024056664632 10.6058968095515,45.5024472205314 10.6059099425467,45.5025152729658 10.6059452370316,45.5025751395154 10.6059909029103,45.5026059906907 10.6060296145731,45.5026118236299 10.606101882176,45.502610806394 10.6061103661237,45.5026148069209 10.6061367013286,45.5026144365423 10.6061561914596,45.5026236271787 10.6061745320697,45.5026322759054 10.6062106208149,45.5026679405072 10.6062321376195,45.5026892038236 10.6062811604724,45.5027068857341 10.6063128202856,45.5027327364939 10.6064454671282,45.5028410460954 10.6064588931476,45.5028455333504 10.606496604972,45.5028414554856 10.6065398058412,45.5027857325828 10.606620165848,45.502724238308 10.60670477797,45.5026810546782 10.6067972266806,45.5026508835582 10.606893629057,45.5026285300718 10.6070195789318,45.502595262633 10.6071075483535,45.5025389095271 10.6072137984184,45.5024691762472 10.6073381783729,45.5023808162703 10.6073966744417,45.5023379996962 10.6074403967947,45.5023006414345 10.6074826255278,45.5022108137451 10.6074851604675,45.5021687857153 10.607487320754,45.5021136410249 10.6075011982362,45.5020767028299 10.6075478419874,45.5020353203772 10.6076333045467,45.5018901018985 10.607779403583,45.501514503849 10.6079475063106,45.5011250948925 10.607959897493,45.5007738829718 10.6078877702965,45.5002078378288 10.6076937910782,45.4999135393457 10.607601585011,45.4994287855492 10.6075660003559,45.4990782489212 10.6076256604777,45.4985328494407 10.6079770004515,45.4975557946168 10.6084147117537,45.4970275693754 10.60862680613,45.4966105350416 10.6084816215418,45.4959510099728 10.6083760969601,45.4952234179972 10.6083763072702,45.4944448310329 10.6086061046644,45.4939195346153 10.6088334080303,45.4934752827432 10.6089886802587,45.4929735392517 10.6093108372707,45.4925154337312 10.608785260719,45.492476471967 10.6082361317251,45.4924617097571 10.6082353006063,45.4924589940967 10.608201317453,45.4924580801772 10.6081889697191,45.4924177495455 10.6086569907587,45.4923931509069 10.6089047658304,45.4921061269798 10.6088102179755,45.4919319408958 10.6089141496177,45.49181796344 10.6092875035013,45.4918397019197 10.6094116328587,45.4915364185837 10.6092127874044,45.4908461468105 10.609569349075,45.4905035811405 10.6095267993155,45.4903016590949 10.6101523651059,45.4898562866405 10.6108024990432,45.489599585054 10.6113642858958,45.4892181121514 10.6115502582552,45.4890084637203 10.6114200149512,45.4888167819091 10.6107589819309,45.4886910993029 10.6107182154144,45.4884396467365 10.6107375359339,45.4878273072526 10.6108263447722,45.4875200197441 10.6108562755071,45.4875405298721 10.6108611548596,45.487523648584 10.6109769910262,45.4876030227755 10.6111215872672,45.4876312287785 10.6112747619284,45.4875946983717 10.6113823932195,45.487498667905 10.6114239530829,45.4873855690401 10.6113486623188,45.4872696192681 10.6112614471236,45.4872344660402 10.6109026361567,45.487239531606 10.6109026811981,45.4872354111162 10.6108678249634,45.4872359027943 10.6108735937471,45.4867092640387 10.6107985506234,45.4864897991576 10.6107558716532,45.4862833786544 10.6105870772646,45.4861417453304 10.6106420387157,45.4857134224543 10.6105318715937,45.4853279347814 10.6103191901057,45.4849933983548 10.6102751026897,45.4847374926019 10.6098500837191,45.4842484341824 10.6096207211589,45.4839456358049 10.6094207052625,45.4834939068984 10.609377384081,45.483152480178 10.6094195029142,45.4827783450789 10.6094537632189,45.4825213329308 10.6094022616731,45.482229527257 10.6094674398984,45.4814860252152 10.6095921561506,45.4807551857266 10.6096739324937,45.4805380082911 10.6098472214543,45.480333040817 10.6098989865915,45.4799047638536 10.6100941153814,45.4793439488094 10.6102352087371,45.4788514026826 10.6105342248929,45.4780640957871 10.6106142570344,45.4777299298529 10.6109503205045,45.4772886374152 10.6109915747151,45.4767164910884 10.6111480948167,45.4758681865013 10.6111994523877,45.4753138998821 10.6112906436612,45.4747545496455 10.6112374502885,45.474179235853 10.6112145713724,45.4736575007697 10.6112881522938,45.4734899434218 10.6113250140976,45.4731563849429 10.6113086101413,45.4728055773478 10.6112551247684,45.4725002981925 10.6114161456869,45.4720344725836 10.611492314012,45.4715653444113 10.6115726017033,45.4713526869075 10.6113180119847,45.4708927293181 10.6109922348223,45.4701232417486 10.610768272986,45.469559339249 10.6108545788938,45.469445608204 10.611124730672,45.4689377377725 10.6112991718732,45.4684942249162 10.6116104998681,45.4680847831941 10.611775670828,45.4677089078698 10.6121366699349,45.4673032633141 10.6123315233602,45.4665669274525 10.6124340359142,45.4662369410314 10.6127278326295,45.4658862508146 10.6131033413809,45.4655974107242 10.6137305362488,45.4652195012629 10.6140522219273,45.4650619339155 10.6144647140149,45.4650606000897 10.6146557225581,45.4649183811713 10.6147840098872,45.4647635487751 10.6150661199228,45.4646200409265 10.6151343680981,45.4644345537739 10.6151664578281,45.4644455395956 10.6151691654472,45.4644381814878 10.6154329136948,45.4645284733243 10.6158447261054,45.4645055060319 10.6163651379685,45.4641966022369 10.6168873462435,45.463950676636 10.617532283064,45.4636355018837 10.6181162445209,45.4634247000089 10.6188471907219,45.4632658163745 10.6192326006546,45.4631568360594 10.619729859806,45.4629337542784 10.6205113712827,45.4628101468498 10.6210185791097,45.462766938717 10.6211791660145,45.462512628648 10.6220780334025,45.4623558391286 10.6225860102449,45.4623396159468 10.6225922495312,45.4623441530363 10.6226208054373,45.4623432414203 10.6228948581513,45.4625425214653 10.6238388299541,45.4625378201567 10.624577599301,45.4625408065171 10.6247471873812,45.4624888860496 10.6243869956578,45.4622509863306 10.6241487412467,45.462083357689 10.6247154608888,45.4620527885794 10.6255904661068,45.461900810596 10.6264802400407,45.4617621183267 10.6270932603816,45.461618363227 10.6274361397238,45.4613659456447 10.6279482089924,45.4612146251153 10.628555085755,45.4610799518787 10.6290346248714,45.4609650944756 10.6294368050564,45.4609953571053 10.6294373993927,45.460996407172 10.6294716010786,45.4609989804791 10.6295726814893,45.461177556832 10.6297333256572,45.4613147792288 10.6298966397382,45.4614426244929 10.6301323765847,45.4613859686446 10.6303168586348,45.4613518288797 10.6303651446209,45.4612521284657 10.6303050149921,45.4611629771043 10.6321499809186,45.4613256248879 10.6321562421178,45.4613267325661 10.6321847772953,45.4613292474294 10.6327263565173,45.4614250117642 10.6333182229609,45.4616010637491 10.6337870704487,45.4617248670344 10.6355256822641,45.4622445239446 10.6358938162439,45.4624237684384 10.636504161235,45.4626850474351 10.6369631045875,45.4629079915248 10.6370328715921,45.4629429946146 10.6374009471313,45.4632302473465 10.6380143472719,45.4633462465007 10.6385012885446,45.463223834263 10.6384770032904,45.4632423085206 10.6385360851928,45.463227455764 10.6382044344646,45.4634797446527 10.6382190027334,45.4635203662229 10.6384648222501,45.4633998782147 10.6391148795837,45.4629899975506 10.6394673309053,45.4624628746727 10.6394186583668,45.46188750785 10.639454596463,45.4614729442918 10.6401087802409,45.4603249139284 10.6403984005646,45.4601677335836 10.6404302260116,45.4599422495931 10.6404937911457,45.4598738279632 10.6406113994669,45.459849635259 10.6408108289059,45.4595047286302 10.6411533722122,45.4592432732965 10.6411105743731,45.4590908706299 10.641339156373,45.4587590459608 10.6415797347581,45.4584000446004 10.6419677262509,45.45805242331 10.6425504473962,45.4576389902338 10.6431295134397,45.4573201181431 10.6430983763276,45.4570190321435 10.642785853216,45.4567174955691 10.6426821691665,45.4566154762217 10.6425794000204,45.4565449480223 10.6425752156075,45.4564009916788 10.6424969418195,45.4563481117797 10.6424811501051,45.4562448271409 10.6424791601253,45.4562313538749 10.6424848979518,45.4562087691012 10.6424954299448,45.4561861144719 10.6425136910014,45.4561543483137 10.6425212894041,45.4561407371352 10.6425242242779,45.4561316945632 10.6425272897654,45.4561271498417 10.6425383455718,45.4561224901914 10.6425444752646,45.4561134007659 10.6425599333275,45.4560951759052 10.6425739226838,45.4560814727972 10.642583119151,45.4560678395283 10.6425969778491,45.4560496376674 10.6426123052309,45.4560269140496 10.642626294584,45.4560132118352 10.6426322948811,45.4559996236366 10.6426430880768,45.4559859664946 10.6426490883671,45.4559723782953 10.6426660125143,45.4559496326014 10.6426752089125,45.4559359984255 10.6426877307966,45.455926817042 10.6426889369229,45.4559132987036 10.6426981333099,45.4558996645261 10.6427008055323,45.4558816235681 10.642708403881,45.4558680132774 10.6427207963685,45.4558543331219 10.6427253279479,45.4558452666754 10.6427375897703,45.455827087768 10.6427370658937,45.4558090936858 10.6427478603072,45.4557954365159 10.6427505338143,45.4557773964382 10.6427609349672,45.4557502430352 10.6427747935586,45.4557320420535 10.6427742709242,45.4557140470532 10.6427802711558,45.455700458847 10.6427909336268,45.4556823038414 10.6427998686322,45.4556596721558 10.6428106617244,45.4556460149987 10.6428197274044,45.4556278829614 10.6428337165844,45.4556141798231 10.6428571922347,45.455541833821 10.6428598656711,45.4555237928408 10.6428673332706,45.4555056837899 10.6428807997457,45.4554739856459 10.6428898640987,45.4554558536216 10.6429005277424,45.4554376976879 10.6429030692413,45.4554151588748 10.6429066861109,45.4553746020707 10.6429093595251,45.4553565610891 10.6429169577301,45.4553429498853 10.6429228259694,45.45532486384 10.6429334895791,45.4553067079033 10.6429394884794,45.4552931206072 10.6429470866691,45.4552795094015 10.6429497600666,45.4552614684189 10.6429572263265,45.4552433593807 10.6429660292507,45.4552162289506 10.6429734967781,45.4551981198929 10.6429825623117,45.4551799869433 10.642993355271,45.4551663297697 10.6429956353766,45.455134793454 10.6430033642064,45.4551256809947 10.6430092336759,45.4551075949266 10.6430135038029,45.4550895309688 10.6430225693332,45.4550713989159 10.6430200553215,45.4550399315758 10.6430293821674,45.4550307961228 10.6430288594649,45.4550128011225 10.6430332602552,45.454999235914 10.6430392603793,45.4549856485943 10.6430388683506,45.4549721523441 10.6430467265503,45.4549675386505 10.6430589881121,45.4549493606098 10.6430695196534,45.4549267059292 10.6430755197355,45.454913117708 10.6430847158986,45.4548994844003 10.6431048355903,45.4548766917585 10.6431156284639,45.4548630345738 10.6431216285546,45.45484944725 10.6431308246705,45.454835813039 10.643141748214,45.454826654602 10.6431542710588,45.4548174731516 10.6431604017946,45.4548083836761 10.643168129276,45.4547992712245 10.6431743906938,45.4547946804981 10.6431837175013,45.4547855459326 10.6431931749672,45.4547809092166 10.6431993044145,45.4547718197574 10.6432103599019,45.4547671600455 10.6432198173626,45.4547625233273 10.6432319468306,45.4547398456377 10.6432461983573,45.4547351399324 10.6432585891941,45.4547214597396 10.643267915976,45.4547123251676 10.6432820367984,45.4547031207083 10.6432945583149,45.4546939392615 10.6433009504065,45.4546938472781 10.6433072118019,45.4546892565446 10.6433149405221,45.4546801440651 10.6433242659836,45.4546710086072 10.6433367887645,45.4546618271375 10.6433571709498,45.4546480319338 10.643369561741,45.4546343517294 10.6433963347392,45.4546204654496 10.6434085960894,45.4546022864732 10.643432172997,45.4545884452801 10.6434541531521,45.454574627062 10.6434649458849,45.4545609698456 10.6434901220585,45.4545471056244 10.6435102414895,45.4545243138136 10.6435242302344,45.4545106105942 10.6435398182682,45.4544968843557 10.6435600683509,45.454478590386 10.6435928411395,45.4544511158157 10.6436114931735,45.4544328448371 10.6436318752095,45.454419049586 10.6436507886649,45.4544097760995 10.6436804973452,45.4543868462369 10.6436992800558,45.4543730739935 10.6437228567967,45.4543592327423 10.6437352487153,45.4543455524812 10.6437618907297,45.4543271664695 10.6437808054113,45.4543178929436 10.6437915980171,45.4543042356975 10.6438071859556,45.4542905103235 10.6438246320638,45.4542857585607 10.6438367624691,45.4542630807913 10.6438462185154,45.4542584440412 10.6438538163531,45.4542448327778 10.6438630122228,45.45423119941 10.6438735433143,45.4542085446589 10.6438859351641,45.4541948643821 10.6438967277477,45.4541812080263 10.6439057928294,45.4541630750067 10.643916454634,45.4541449190006 10.6439349757463,45.454122150122 10.643948834824,45.4541039480855 10.6439610946092,45.4540857690706 10.6439685616772,45.4540676599509 10.6439944190245,45.4540222822945 10.6440114727866,45.4540040342583 10.6440267977852,45.4539813104769 10.6440433285451,45.4539450683414 10.6440571875719,45.4539268671919 10.6440642610263,45.453895260939 10.6440795860013,45.4538725380505 10.6440933142181,45.4538498372486 10.6441099756552,45.4538180938523 10.6441302253138,45.4537997997854 10.6441392902886,45.4537816676478 10.6441498211901,45.4537590128722 10.6441556901618,45.453740926748 10.6441595675519,45.4537093665042 10.6441686325035,45.4536912343643 10.6441792941384,45.4536730783346 10.6441850323312,45.4536504934604 10.6441924979689,45.4536323834452 10.644198497651,45.4536187951676 10.6442028980866,45.453605230816 10.6442085054748,45.4535781462924 10.644218774812,45.4535464949132 10.6442262404261,45.4535283848958 10.6442290441381,45.4535148435332 10.6442382397766,45.4535012092367 10.6442518358252,45.453474010586 10.6442623666276,45.4534513558003 10.644268235534,45.4534332696704 10.6442819622944,45.4534105688651 10.6442907656243,45.4533834392187 10.6443046231336,45.4533652371592 10.6443136879602,45.4533471041084 10.6443244802834,45.4533334477139 10.6443443373852,45.4533016573655 10.64435659818,45.4532834791913 10.6443671289069,45.4532608243962 10.6443840515753,45.4532380784583 10.6443995082787,45.4532198533589 10.6444164308961,45.4531971065166 10.6444286916458,45.4531789283349 10.6444392223253,45.4531562735335 10.6444530797327,45.4531380714568 10.6444654712394,45.4531243920196 10.6444855897565,45.4531015991443 10.6444978504378,45.4530834200558 10.6445085118832,45.4530652648964 10.6445302283376,45.4530424490013 10.6445440869669,45.4530242468956 10.6445580751232,45.4530105444545 10.6445736624989,45.4529968180807 10.6445828566945,45.452983183776 10.6446064339226,45.4529693423318 10.6446156281321,45.4529557089243 10.6446264215618,45.4529420515842 10.6446421396966,45.4529328239495 10.6446623888715,45.4529145297923 10.6446781057144,45.4529053021711 10.6446920950614,45.4528915987961 10.6447076811199,45.4528778733228 10.644724604792,45.4528551264182 10.6447433867454,45.4528413540102 10.6447764196063,45.45282287571 10.6447982679455,45.4528045584953 10.6448155827299,45.4527953087395 10.6448343659196,45.4527815362985 10.6448579417237,45.4527676948223 10.6448705946499,45.4527630119385 10.6448833783868,45.452762827801 10.6448928340975,45.4527581909677 10.6449101501043,45.4527489402797 10.6449290627934,45.4527396665896 10.6449462479709,45.4527259171486 10.644961833896,45.452712190742 10.6449822149877,45.452698395259 10.6449976701013,45.4526801709999 10.6450181819957,45.4526708742582 10.6450337678883,45.452657147842 10.6450462899498,45.4526479661919 10.6450636046192,45.4526387154996 10.6450854527944,45.4526203982317 10.6451091592995,45.4526110554523 10.6451250080945,45.4526063265002 10.6451453878297,45.4525925310074 10.6451545831016,45.4525788966402 10.6451608441143,45.4525743058088 10.6451749628459,45.4525651020421 10.6451747011759,45.4525561045477 10.6452028090098,45.4525331964441 10.645226516737,45.4525238536226 10.6452518211377,45.4525144877924 10.6452787234895,45.452505098934 10.6453136169066,45.4524955949352 10.6453438460048,45.4524906587621 10.6453723475665,45.45248124684 10.6454056416895,45.4524717649561 10.6454341419528,45.4524623530372 10.6454707641322,45.4524573247128 10.6455200378271,45.452447613441 10.6455517339732,45.4524381554409 10.6456629340373,45.4524140489374 10.6456914342271,45.4524046369552 10.6457215336417,45.4523952019187 10.6457436419889,45.4523858820388 10.645776674253,45.4523674034561 10.6457923920387,45.452358175667 10.6458017167221,45.4523490400142 10.6458220974763,45.4523352443852 10.6458378139672,45.4523260166084 10.6458518028899,45.4523123130959 10.6458707152762,45.4523030392534 10.6458847042115,45.4522893366367 10.6459036165847,45.4522800627889 10.6459161384205,45.4522708810458 10.6459427787534,45.4522524945423 10.6459615614869,45.4522387219211 10.645981940884,45.4522249262828 10.6459989947755,45.4522066788422 10.6460240371013,45.452188315353 10.6460569382546,45.4521653379459 10.6460899702871,45.4521468592751 10.6461119475681,45.4521330405804 10.6461575013235,45.4521053801254 10.6461777497383,45.4520870866076 10.6462042602633,45.4520642012813 10.6462309004052,45.4520458147127 10.6462494199118,45.4520230454733 10.6462855167664,45.4520000219302 10.6463024382663,45.4519772748194 10.6463244167078,45.4519634560667 10.6463447959435,45.4519496612653 10.6463635784787,45.45193588858 10.6463934143926,45.4519174558992 10.6464089997438,45.4519037293012 10.6464264461699,45.4518989771339 10.646442031508,45.4518852505315 10.6464716055258,45.4518578212409 10.6464919859396,45.451844025496 10.6465171588835,45.4518301606467 10.6465439310324,45.4518162727335 10.6465656461895,45.4517934564648 10.646604807699,45.4517658879982 10.6466374465019,45.4517339138396 10.6466780736421,45.4517018235813 10.6467125722082,45.4516788238488 10.6467625262351,45.4516375977992 10.6467908948873,45.451623686805 10.646823795401,45.4516007091838 10.6468504351496,45.4515823233748 10.6468959880997,45.4515546626338 10.6469320843918,45.4515316388923 10.6469649847944,45.4515086612316 10.646990026498,45.4514902975371 10.6470136025373,45.4514764565091 10.6470466338534,45.4514579775693 10.6470654147763,45.4514442047905 10.6470857948961,45.4514304089427 10.6470949882365,45.4514167744442 10.6471153683393,45.4514029785913 10.6471370831351,45.4513801631175 10.647150939246,45.4513619607262 10.6471666565274,45.4513527327533 10.6471837084721,45.4513344842608 10.6472036942996,45.4513071930801 10.6472223454209,45.4512889215144 10.6472424622075,45.4512661290707 10.6472593831074,45.4512433818238 10.6472953480558,45.4512158592276 10.6473044116182,45.4511977268508 10.6473278551543,45.4511793861353 10.6473435723562,45.4511701581389 10.6473670158682,45.4511518174156 10.6474031117119,45.4511287935299 10.6474250882764,45.4511149745901 10.6474485330436,45.4510966347318 10.6474674447598,45.4510873606323 10.6474813006943,45.4510691582024 10.6474967558149,45.4510509326993 10.6475074159252,45.4510327772725 10.6475196751965,45.451014597873 10.6475365959375,45.4509918514864 10.6475391366884,45.4509693116636 10.6475499277606,45.4509556540763 10.6475601947848,45.4509240024155 10.6475658003575,45.4508969186407 10.6475668729211,45.4508789006328 10.6475727405224,45.4508608143437 10.6475739453797,45.4508472950603 10.6475730270028,45.4508158047768 10.6475741008416,45.4507977867502 10.6475769023546,45.4507842453306 10.6475735755189,45.4507797926958 10.6475763782833,45.450766250358 10.6475745183396,45.4507572759259 10.6475642758323,45.4507349214341 10.647535800032,45.4506903277338 10.6475256885398,45.4506724710814 10.6475159701178,45.450668111558 10.6475158391053,45.4506636128146 10.6475039987077,45.45064128047 10.6474840378138,45.4506145655447 10.6474708603008,45.4506012546541 10.6474610108612,45.4505923954824 10.6474479656439,45.4505835833142 10.6474446388304,45.4505791306751 10.647436387302,45.4505702484489 10.647423211089,45.450556937534 10.6473971206605,45.4505393122871 10.6473776851093,45.4505305913983 10.6473585102844,45.4505308680123 10.6473455960692,45.450526553676 10.6473230944711,45.4505223785414 10.6473100492651,45.4505135654571 10.6472711756821,45.4504961245824 10.6472324343903,45.4504831824199 10.6472160624445,45.4504699175784 10.6471966256662,45.4504611966764 10.647183711479,45.4504568823214 10.6471609479531,45.4504437096656 10.6471512295719,45.4504393492103 10.6471380534564,45.4504260382609 10.6471282040994,45.450417179059 10.6471215505432,45.4504082737609 10.6471018518699,45.450390556253 10.6470933384939,45.4503726774112 10.6470736398159,45.4503549589983 10.6470507453827,45.4503372875748 10.647034373522,45.4503240227058 10.6470213284067,45.4503152095868 10.6470149368216,45.4503153017715 10.6469952382144,45.450297584244 10.6469823240796,45.4502932698653 10.6469772684566,45.4502843415125 10.6469642233855,45.4502755292864 10.6469541121502,45.4502576725787 10.6469441319127,45.4502443155147 10.6469309558658,45.4502310036398 10.6469193764667,45.4502176696368 10.6468991540786,45.450181957111 10.6468922386916,45.4501640552078 10.6468869211746,45.4501461293601 10.6468800045179,45.4501282274743 10.6468710983773,45.4500968523778 10.6468705732647,45.4500788574151 10.6468652557895,45.4500609324656 10.6468615361803,45.4500429835722 10.6468612742913,45.4500339869812 10.6468586274922,45.4499980209804 10.6468594396363,45.4499710054642 10.6468586526419,45.4499440139099 10.6468562690419,45.4499170453808 10.6468521553255,45.4498856011682 10.6468562929177,45.4498630383281 10.6468590958414,45.4498494969038 10.6468633656636,45.4498314327904 10.6468659053921,45.4498088938934 10.64687350193,45.4497952824373 10.6468760416532,45.44977274354 10.6468836381841,45.4497591320833 10.6468893736359,45.4497365461977 10.6469001659445,45.4497228895513 10.6469029688254,45.4497093472262 10.6469120309822,45.4496912139962 10.6469260190336,45.4496775112586 10.6469350811781,45.4496593780269 10.6469492001528,45.4496501731322 10.6469551974949,45.4496365847343 10.6469677186099,45.4496274037822 10.646987965868,45.4496091092295 10.6470035517307,45.4495953825375 10.6470333862184,45.4495769497024 10.6470568291871,45.4495586090456 10.647085198015,45.4495446979707 10.6471275522355,45.4495170841642 10.6471543231518,45.4495031961199 10.6471777660507,45.4494848554391 10.6471966785595,45.4494755813703 10.6472201214332,45.4494572406811 10.6472482269202,45.4494343320951 10.647268474045,45.4494160383941 10.6472951138895,45.4493976515728 10.6473309454019,45.4493656302472 10.6473605176994,45.4493382007392 10.6473854286136,45.4493153382034 10.6474183275648,45.4492923604241 10.647448292758,45.4492784262285 10.6474717354949,45.449260086389 10.6475108948351,45.4492325176306 10.6475327396418,45.4492141999319 10.6475593780271,45.4491958130693 10.6476139918867,45.4491500196645 10.647631174056,45.449136269854 10.6476434328933,45.4491180904418 10.647660615072,45.4491043415268 10.64767753518,45.449081594221 10.6477100408413,45.4490451210274 10.6477329592822,45.4490087852595 10.6477982324381,45.4489448354214 10.6478311310332,45.4489218584269 10.6478575071214,45.4488944740091 10.6478856120727,45.4488715652716 10.6479153148816,45.4488486343691 10.6479576694287,45.4488210193462 10.6479780471212,45.4488072233678 10.6479968282294,45.4487934504268 10.6480077498327,45.4487842915422 10.6480172059024,45.4487796544416 10.6480232042044,45.4487660668718 10.6480294645667,45.4487614758893 10.6480435818612,45.448752270882 10.6480433197698,45.4487432733947 10.6480555783919,45.44872509394 10.6480634353191,45.4487204799142 10.6480726293042,45.4487068462215 10.6480786275594,45.4486932577492 10.6480954163298,45.4486660116403 10.6481014133234,45.448652424085 10.6481092715151,45.4486478100377 10.6480897041886,45.4486345905346 10.6480602877189,45.4486125128013 10.6480214152348,45.4485950721614 10.647940213851,45.448551239451 10.6479174509327,45.4485380669337 10.6479013414454,45.448533798769 10.6478928281145,45.4485159199809 10.6478598230052,45.448480392076 10.6478304067055,45.4484583142805 10.6477976637188,45.4484317838451 10.6477795633848,45.4484140433852 10.6477469514683,45.4483920116791 10.647730580023,45.4483787468999 10.647711274913,45.4483745248182 10.647694772465,45.448356761289 10.6476785320309,45.448347994347 10.6476621606145,45.4483347295575 10.6476376689707,45.4483170803915 10.6476246242612,45.448308268233 10.647605188174,45.4482995473879 10.6475824254347,45.4482863748007 10.647566185038,45.4482776078421 10.6475468812787,45.4482733866132 10.6475337042859,45.4482600748174 10.6475078781831,45.4482514470468 10.6474817887862,45.448233820898 10.6474397210651,45.4482164261565 10.6474104360592,45.4481988469931 10.6473747597285,45.4481813600234 10.6473358890275,45.4481639191233 10.6473002127416,45.4481464321295 10.6472678631274,45.4481333977726 10.6472451005065,45.4481202242159 10.6472224688998,45.4481115503004 10.6471770759854,45.4480897027911 10.6471609666797,45.4480854345191 10.6471511177632,45.4480765762098 10.6471284861619,45.4480679013754 10.6471057236257,45.4480547286897 10.6470877545699,45.4480414859609 10.6470647301245,45.4480193157738 10.6470157475488,45.4479840189684 10.6469831361762,45.4479619870349 10.6469603736901,45.4479488134192 10.6469441335119,45.4479400472687 10.6469293601882,45.4479267584252 10.6469116544226,45.4479225140423 10.6469099243638,45.4479180383576 10.6469019364986,45.4479181535575 10.6468872941405,45.4479093634552 10.6468614670155,45.4479007355526 10.6468355089525,45.4478876088969 10.6468128774743,45.4478789339979 10.6467869194324,45.4478658073308 10.6467480491265,45.4478483662241 10.6466918633439,45.4478401760655 10.6466691009739,45.4478270023899 10.6466466017795,45.447822827086 10.6466175790514,45.4478142443072 10.646598274213,45.4478100220331 10.6465822959804,45.447810253325 10.6465660571517,45.4478014862009 10.6465499479724,45.4477972178407 10.6465274475198,45.4477930425315 10.6465113383457,45.4477887741658 10.6464985557428,45.4477889584699 10.646479121309,45.4477802383087 10.6464485008022,45.4477716785238 10.646432391666,45.4477674110465 10.646430758479,45.4477670538396 10.6464255061094,45.4477671295666 10.6464237070842,45.4477655118722 10.6464130868567,45.4477631887407 10.6463907185889,45.4477635112341 10.6463808698487,45.4477546528554 10.6463615650472,45.4477504305407 10.6463510625094,45.4477469220395 10.6463468607043,45.4477461418982 10.6463326733029,45.4477463464366 10.6463101728855,45.447742171084 10.6463004550378,45.4477378105468 10.6462747602301,45.4477336803392 10.646261846765,45.4477293667679 10.6462410750546,45.4477296662156 10.6462288037093,45.44772496263 10.6462148860251,45.4477251632656 10.6462045260447,45.4477211918307 10.6461800972639,45.4477215448867 10.6461574659496,45.4477128698552 10.6461188577139,45.4477044260274 10.6460931616553,45.4477002957968 10.6460626721572,45.4476962355557 10.6460400421488,45.4476875604821 10.6460046283139,45.4476790705705 10.6459401932163,45.4476619976756 10.6459047794116,45.4476535077326 10.6458692347496,45.447640519029 10.6458273000965,45.4476276224096 10.6458014732301,45.447618993363 10.6457788420394,45.4476103191546 10.645756341688,45.4476061427917 10.6457362730437,45.4476015515259 10.6457317505721,45.4476016167019 10.6457267504414,45.4475993727345 10.6457193314022,45.4475976757993 10.6456969619138,45.4475979981744 10.6456835060413,45.4475919605097 10.6456637685151,45.4475894761576 10.6456583538213,45.4475895541885 10.6456556392393,45.4475892125544 10.6456450770073,45.4475893647653 10.6456379630214,45.4475869883334 10.6456262665646,45.4475855159559 10.6456102883613,45.4475857462112 10.6455973749788,45.4475814325634 10.6455747450855,45.4475727573957 10.6455344070886,45.4475598376605 10.645514971574,45.4475511164504 10.6454892756518,45.447546986982 10.6454633193151,45.4475338590887 10.6454440146798,45.4475296375164 10.6454051437307,45.447512195961 10.6453697300699,45.4475037049496 10.6453439046319,45.4474950766789 10.6453018381016,45.4474776811306 10.645253643243,45.4474693751317 10.6452278165333,45.4474607459529 10.6451954677766,45.4474477109952 10.6451708504277,45.4474404316734 10.6451515721615,45.4474389622606 10.6451401246627,45.4474371225953 10.6451167836357,45.4474353435542 10.6450910877928,45.447431213995 10.6450736166457,45.447426584293 10.6450680945926,45.4474266638425 10.6450474959651,45.4474228406978 10.6450333061051,45.4474230460103 10.6450110193252,45.4474189096299 10.64500245463,45.4474231096821 10.6449895413294,45.4474187959644 10.6449736939637,45.4474235248816 10.6449481289032,45.447423893142 10.6449274893613,45.4474286910827 10.6449084463542,45.4474334660226 10.6447981995869,45.4474350549047 10.6447776022775,45.4474312325924 10.6447634111091,45.4474314369901 10.6447615082303,45.4474310836436 10.6447501356105,45.4474312474438 10.6447192943577,45.4474275717638 10.6447153471116,45.4474276286147 10.644712503465,45.4474272897172 10.644697276912,45.4474275090189 10.6446833278494,45.4474238123691 10.6446816634948,45.4474236140084 10.6446624896966,45.4474238901552 10.6446463807617,45.4474196215226 10.64462388059,45.4474154458339 10.6445981860412,45.447411315245 10.64457568585,45.4474071386469 10.6445743262567,45.4474067783734 10.6445544200242,45.4474070650502 10.6445279683162,45.4474033261032 10.6445196328294,45.4474034461426 10.6445171931129,45.4474031014232 10.6445159429816,45.4474031194262 10.6445149318843,45.4474027820373 10.6444907414089,45.4473993624676 10.6444811545131,45.4473995005253 10.6444682412298,45.4473951858481 10.6444674197557,45.447394816924 10.6444645513567,45.4473948582304 10.6444439540829,45.4473910358573 10.6444297642005,45.447391240195 10.6444072640288,45.4473870635634 10.6443831660447,45.4473829099356 10.6443638628148,45.4473786881603 10.6443413626527,45.4473745115156 10.6443056877707,45.447357023564 10.6442799919915,45.4473528929211 10.6442573624114,45.4473442183876 10.6442240737502,45.4473320536089 10.6442117371846,45.4473309935598 10.6442099996741,45.4473302138633 10.6441769500557,45.4473273745469 10.6441477972375,45.447314293277 10.6441107860917,45.4473058257751 10.6440946772301,45.4473015570635 10.6440495475901,45.4472887057896 10.6440237211397,45.4472800763344 10.6439883078466,45.447271585789 10.643923873793,45.4472545117401 10.6438786122418,45.4472371616615 10.6438529178501,45.4472330318027 10.6438192330992,45.447229016058 10.6438167946724,45.447228671305 10.6437899795571,45.4472290573003 10.6437723082727,45.4472251917874 10.6437551912361,45.4472254381759 10.6437358867999,45.4472212154116 10.6437196473204,45.4472124487915 10.6437037351198,45.4472053075886 10.6431696782447,45.4471704831498 10.6431699976906,45.447169153566 10.6431348899942,45.4471668638353 10.6434913067132,45.4456810578678 10.6436241346568,45.445521626538 10.6439602654478,45.4453727676771 10.6442246553364,45.445175436488 10.6444360851009,45.4449158593053 10.6444396512334,45.4447087840205 10.6443000522953,45.4445802802054 10.6439911262043,45.4444002090828 10.643679499717,45.4442921852967 10.6432411676091,45.4442302126666 10.6406626471332,45.4441732002763 10.6392427196034,45.4441531022878 10.6385073877693,45.4441501616181 10.6384883610538,45.4441466036749 10.6384726029179,45.4441465408329 10.6379808406976,45.4440545887497 10.6364093823482,45.4438698775867 10.6350003270999,45.443975437665 10.6314461741758,45.4437742767157 10.6314456819827,45.443772595108 10.6314113886695,45.4437706537878 10.6313209510142,45.4434614098294 10.6312266201606,45.4430172058428 10.6310557827764,45.4426911093275 10.6307259185994,45.4424482950795 10.6300276032149,45.4421207323692 10.6297860000934,45.4420635463547 10.6293551028413,45.4420399460485 10.6284026059751,45.4420985469318 10.6277466209246,45.4421304087594 10.6271074730788,45.4422475372541 10.6268218333673,45.4424856373413 10.6265193986936,45.4425844597227 10.6263651121216,45.442721674527 10.6263090140865,45.4429384987064 10.6263190669707,45.4431768839704 10.6247557576641,45.4439507410228 10.6247214729633,45.4439468685968 10.6247209724206,45.4439471160523 10.6241901957864,45.443887164093 10.6237902441313,45.4434293014606 10.623682028927,45.442944784741 10.6231489972229,45.4421377719842 10.6246813504892,45.4415669013986 10.624514289733,45.441064211811 10.6240608351943,45.4411253003039 10.6240602002352,45.4411170758639 10.6240260517572,45.4411216759952 10.6240107816921,45.440923869508 10.6235357470193,45.4401880419349 10.6239074306864,45.4389946130687 10.6241439436092,45.4379921295707 10.6245081809869,45.4379869450132 10.6245184341241,45.437990918142 10.6245429625183,45.4379905692032 10.6248678147873,45.4381164597009 10.6259324000482,45.4383499151484 10.6271915492149,45.4383762629087 10.6271154329588,45.4381748241434 10.6272810754459,45.4375275826877 10.6270964924081,45.4372026577099 10.6269932503993,45.436961466498 10.6269130862305,45.4361658117304 10.6268858005319,45.4356647207599 10.6268235048981,45.4350234729966 10.6267888963017,45.4347680760644 10.6253528238959,45.4347263804846 10.62499037242,45.4347276941598 10.6245729295645,45.4346884410442 10.6233750494111,45.4346752476958 10.6225712168622,45.434666387302 10.6225154030107,45.4341934619054 10.6224745113815,45.4338469707556 10.6222799899955,45.4335278205562 10.622245150215,45.4332579099665 10.6222131583938,45.4330100605386 10.6224080521485,45.4326320941946 10.622128909963,45.4318261748587 10.6218571434711,45.4309814901242 10.6217700477803,45.4307260257019 10.6204193005168,45.4309658937293 10.6205440824789,45.4303468228724 10.6199750469425,45.4303979958713 10.6198548050543,45.4301088673004 10.6194102264218,45.429897141312 10.6190401373042,45.429742385446 10.6184657118003,45.4296748085535 10.61754890106,45.4296204960644 10.6169235527888,45.4295116187138 10.6166070803347,45.4294548416453 10.616509891193,45.4288384283925 10.6158918027089,45.4280100825288 10.6150552433525,45.4282010886088 10.6143410380323,45.4283641525578 10.6138834517532,45.4272778197221 10.6136952905489,45.4268121056312 10.6136073696364,45.4265944914693 10.6133914009363,45.4264375491827 10.6131281546126,45.4264403267058 10.6121608238934,45.4265124290819 10.6119792807784,45.4259924941076 10.6119287576577,45.4258477953147 10.611789628004,45.4256977468355 10.6116135023511,45.4256832877973 10.6109240675132,45.4256819731989 10.6092117719329,45.4256786902234 10.6100465244457,45.4243529453336 10.6098365394125,45.4235408894248 10.6097063302696,45.4230118951978 10.6094245779567,45.422751020421 10.609018847739,45.422490527164 10.6088361652789,45.4217941644395 10.6086258642517,45.4213124250611 10.608363871112,45.4209360327489 10.6082877220591,45.4208266321713 10.6080845499487,45.4208244273142 10.6075696711675,45.4204928867091 10.6070795989316,45.4200071457928 10.606485776434,45.4194016698404 10.6056726934631,45.418532176897 10.606256557458,45.4183889433724 10.6055336541882,45.4176295236714 10.6050211783734,45.4178067596111 10.603949555984,45.4181827317188 10.6032335706747,45.4184724736406 10.6029929311309,45.4185698529765 10.6025236480792,45.4175796571201 10.6023917406934,45.4168506458417 10.6024479383093,45.4164320897403 10.6025051414254,45.4157166709725 10.602546368155,45.4154915251019 10.6023168671554,45.4152309323376 10.6019123287506,45.4152629709061 10.6017010502585,45.4152797031237 10.6014323767465,45.4153009801669 10.6009485269943,45.4152255149152 10.6004062354567,45.415273740711 10.6000770034428,45.415338149594 10.5991496221348,45.4153699039739 10.5985315878041,45.4154202860197 10.5980291786144,45.4154360235009 10.5976581393789,45.4153587727228 10.5973800633295,45.415122762052 10.5970809287417,45.4147458909765 10.5967712549605,45.4148230468639 10.5957373090934,45.4150881854106 10.5945015675351,45.4154201543553 10.5940338673398,45.415623283429 10.5938775984963,45.4156911525399 10.5938886978045,45.4155942629522 10.5935968518468,45.415598339106 10.5937299783389,45.4150339933323 10.5931291650001,45.4151107688339 10.592133967846,45.4150651393266 10.5915588108527,45.4149477758058 10.5904039040586,45.414488616144 10.5899588331096,45.4142441493521 10.5895319831181,45.4140281073618 10.5892115871109,45.4136905377915 10.5886611098082,45.413509085821 10.5882365702993,45.4134607924262 10.5879352675779,45.4133264284857 10.5872949773096,45.4128091037998 10.5868624295628,45.4125090069927 10.5864546900271,45.4121728433816 10.5862645153032,45.4119211813037 10.5859854670586,45.4114492778006 10.5857942639856,45.4109791403235 10.5856807665566,45.4107407387916 10.5852769190997,45.4104033104743 10.5849082188841,45.4102177863806 10.584721037714,45.4098908630746 10.5846701665068,45.4097088989076 10.5847293544989,45.4093076798484 10.58486032357,45.4090802086438 10.5849226083034,45.4086848349425 10.5851415377524,45.4082238395239 10.585305285192,45.407895622647 10.5852855658195,45.4073729572175 10.5853446660967,45.4068485474778 10.5854163669271,45.4061894945032 10.5855446060162,45.4051382507156 10.585618505185,45.404689501302 10.5860493851072,45.4042360575008 10.5865802396544,45.4037594645159 10.5867034276026,45.4036180618102 10.5870177006459,45.4033987844291 10.5876304185864,45.4031216276077 10.5886004757998,45.4027105489289 10.5892211145544,45.4025721789375 10.5894136663971,45.4025560723476 10.5893345814209,45.4021536216364 10.5895886298334,45.4019013901834 10.5897365745567,45.401480075776 10.5899012996624,45.4010109671601 10.5899482763491,45.4008771842648 10.5903389597618,45.4005722620022 10.5908059512049,45.40037286981 10.5916261911136,45.4000272191987 10.5924180656191,45.3998338640941 10.5923795759703,45.3994175198542 10.591676269561,45.3993669846782 10.5914393495308,45.3989554680537 10.5912701946962,45.398275074836 10.5910325796707,45.3975709378998 10.5908576056935,45.397191337351 10.5904612966718,45.39672363884 10.5899925810553,45.3963637986845 10.5894095260701,45.3958876256029 10.5886635631479,45.3952760518189 10.5882842640974,45.3949642572976 10.5883322614901,45.3945153870493 10.5884176894667,45.3944133503192 10.5892257285704,45.3947514239667 10.5897662810536,45.3948060788861 10.5903314265262,45.3946720537803 10.5908507580609,45.3944617168878 10.5914933266405,45.3944383732977 10.5919174831827,45.3945390680395 10.5923036925101,45.3946953216957 10.5936155552634,45.3954816263048 10.5941203316234,45.3957773433499 10.5945993448874,45.3960179824923 10.5951282691322,45.3960958760386 10.5957850077156,45.3964052430446 10.5966329489553,45.3966492631964 10.5971647552869,45.3967502033902 10.5972559846305,45.3962694996059 10.597615916677,45.3963686958607 10.5978785077342,45.3963365036258 10.5981573065837,45.3962668085735 10.5987278803263,45.3959858971073 10.5995268836986,45.3954840130192 10.59990632525,45.3952424009864 10.6005530982689,45.395047213532 10.6007561560557,45.395034276982 10.6008684179733,45.3939859322627 10.6012374293068,45.3934339604568 10.6014724688181,45.3931903142708 10.6017400206483,45.3929566981792 10.6018516345223,45.3928166136056 10.602412608052,45.3925967284164 10.6021341145211,45.3925218424036 10.6017643498573,45.3922358355449 10.6013269872236,45.391537263907 10.6004854126623,45.3903775223546 10.5996218155841,45.3895486774485 10.5987187326808,45.3886661683403 10.5982061351453,45.3880052871088 10.5979806032299,45.3875360379585 10.5979573951272,45.3873841558304 10.5979484071731,45.3872400889779 10.5978985140782,45.387056263835 10.5978679018409,45.3868766686527 10.5977673144245,45.3867070548194 10.5976794967206,45.3865372622314 10.5976133916083,45.3863446624086 10.5974981872869,45.3861662514634 10.5973325440563,45.3860110502466 10.5971956305702,45.3858554460502 10.5969952559493,45.3857142312527 10.5967516606918,45.385569121583 10.5965201273422,45.3854553457101 10.5963016170583,45.3853503886757 10.596070338759,45.3852456096809 10.5958276353826,45.3851319885212 10.5955723416841,45.3850815522811 10.5953102083181,45.3850717153399 10.595037535095,45.3850845284161 10.5947864979883,45.3851285425355 10.5945688993482,45.3852260955322 10.5943182407096,45.3852836053741 10.5940451095839,45.385336927687 10.5937789455984,45.3853541475704 10.5935230691653,45.3853397185175 10.5932433776808,45.3853301227465 10.5929536053617,45.3853026641973 10.5926843273947,45.3852659177133 10.5924287829792,45.3852064756812 10.5921473225042,45.3851338932792 10.5918700665822,45.3850972561071 10.5915838670583,45.3850832463132 10.5913137536451,45.3850735123169 10.5910525844636,45.3850411496632 10.59077201122,45.3850000553643 10.5904858916822,45.3849320344469 10.5902240940111,45.384877175252 10.5899483915302,45.3847820047414 10.589730146651,45.3846860318837 10.5894931303421,45.3846038228356 10.5892411182054,45.3844993185954 10.5890070421186,45.3844080662562 10.5887601993983,45.3843169910585 10.588532383106,45.384221149971 10.5882778123015,45.3841391825931 10.5880376081735,45.3840570148552 10.5877779986382,45.3839661150718 10.5875153250083,45.3838797579747 10.5872513079525,45.3838024203062 10.5869957755389,45.383742965933 10.5867219733331,45.383715269613 10.5864318331317,45.3836742975729 10.5861419450081,45.3836423226547 10.5858465141324,45.3835834207918 10.585574898988,45.3835196868026 10.5853191167147,45.3834512316819 10.5850485958204,45.3833694785252 10.5847702198639,45.3832923344203 10.5845332150446,45.3832101139985 10.5842561852463,45.3831239494976 10.5840130502671,45.3830508144025 10.5837570218978,45.382973357829 10.5835887357229,45.3828361750806 10.5833268271377,45.382776800909 10.583152285301,45.3826442049314 10.5829207906184,45.3825304017942 10.5826871092189,45.3824526321433 10.5824441046399,45.3823839934738 10.5822407120239,45.3822472952137 10.582131697421,45.3820597824312 10.5820327629354,45.3818901317157 10.5818630136253,45.3817574673533 10.5816820943071,45.381624957452 10.5815637576584,45.381446573692 10.5814475208696,45.3812861634522 10.581208558136,45.3811904620728 10.580984209735,45.3811035592238 10.5807812014507,45.3809803550632 10.5805656781652,45.3808663251274 10.5803229335865,45.3808066787932 10.5800459564441,45.3807790103887 10.5800806126943,45.381048566398 10.5800090235431,45.3812295815386 10.5799664114495,45.3814191961713 10.5799477392745,45.3816084795571 10.5799192402106,45.3817888975312 10.5798650805866,45.3819651707297 10.5797790000891,45.3821418855047 10.5795264924708,45.3821903871064 10.5792469771705,45.3822437623401 10.5789705281275,45.3822925938095 10.57869849099,45.3823278624713 10.5784410669536,45.382371928957 10.5781835185768,45.3824114958988 10.5778685137692,45.3824518570814 10.5775185207789,45.3824972014247 10.5772702958662,45.3825276370433 10.5770862863483,45.3825706855228 10.5768303294334,45.3826102238296 10.5765569407335,45.3826545029086 10.5762787647288,45.3826988474146 10.5760085672316,45.382743081129 10.5757319851012,45.3827874023041 10.5754441051821,45.3828273779959 10.5751931839573,45.3828758445164 10.5749058029524,45.3829338146907 10.5746581978023,45.3829867349805 10.5743823627408,45.3830580457646 10.5741163543957,45.3831382226847 10.5738980032929,45.38326724783 10.5738634745652,45.3834612493831 10.5738478487628,45.3836459881344 10.5737745143134,45.3838225217545 10.5735945906899,45.3839555182824 10.5733400961625,45.3839905279185 10.5730698900565,45.3840347547827 10.5727915782934,45.3840745919669 10.572511794793,45.3841189494186 10.5722366743695,45.3841587413021 10.5719668406852,45.3842164624648 10.571722543936,45.384273831509 10.5714524597973,45.3843225535421 10.5711870388131,45.3843667100957 10.5709303457053,45.384437750042 10.5706805360632,45.3845266965489 10.570432569648,45.3846246185175 10.5701801890285,45.3847361017795 10.5699560379413,45.3848291954623 10.569733606742,45.3849267648402 10.5695119219006,45.3850513266989 10.5693031308604,45.385180212511 10.5690924924543,45.3853001210644 10.5688475876371,45.3853934968281 10.5686169227435,45.3854821766805 10.5683632890497,45.3855486672334 10.5681226726833,45.3856239807241 10.5678662199489,45.3857040109177 10.5676194664414,45.3857884089643 10.567434733549,45.3859214608526 10.5672811970619,45.3860855890274 10.567116486623,45.3862498703352 10.5669332228834,45.3863784005613 10.5667613800886,45.3865157760489 10.5666380429011,45.3866749883189 10.566531039619,45.3868474784137 10.56642759964,45.3870334215571 10.5663353335138,45.3872192104353 10.5662348373394,45.3873961116591 10.5660599216642,45.3875380279896 10.565854677453,45.3876803608254 10.5656485625902,45.3877912004869 10.5653992265641,45.3878981315926 10.5651589687597,45.387986935017 10.5649183376685,45.3880622410195 10.5646584273032,45.3881333108989 10.564395199719,45.388199924953 10.5641379840087,45.3882529540236 10.56387438295,45.3883060699608 10.563611401719,45.3883816792839 10.5633640098173,45.3884435734471 10.5631070400463,45.3885055981774 10.5628411136837,45.3885902473886 10.5626001036108,45.3886520525525 10.562328286761,45.3887547838747 10.5620877724957,45.3888345838759 10.5618508217868,45.3889278357575 10.5616121501377,45.3890166100037 10.5613562920844,45.3891191207649 10.5609159995992,45.3891926473991 10.5608634778544,45.3893148817506 10.5606311879767,45.3894035667093 10.5603749549014,45.3894925783617 10.5601276782635,45.3895589645968 10.5598802759754,45.3896208513363 10.5596139681479,45.3896919970946 10.5593470260469,45.3896821396353 10.5590480351995,45.3896682184297 10.5587658611477,45.3896270637382 10.5584844180701,45.3895543945449 10.558250613358,45.3894720732608 10.5580134944632,45.3893852960385 10.5577918430071,45.3892803046204 10.5575825915375,45.389161642511 10.5573765334181,45.3890429364652 10.5571365858018,45.3889111901354 10.5569366660817,45.3887833982367 10.5567141542864,45.3886469126145 10.5564872254095,45.3885239887901 10.5562558805658,45.3884146258225 10.5560244118853,45.3883007642956 10.5558023979722,45.388182272808 10.5555690880602,45.3880594340864 10.5553286632534,45.3879681956268 10.5550688379319,45.3878682194996 10.554813555387,45.3877591795741 10.5545735030968,45.3876814364784 10.5543429040478,45.3875990635288 10.5540813626033,45.3874946078309 10.5538405726722,45.3873898700682 10.5535969610328,45.3872986713161 10.5533506507755,45.3872255105595 10.5531010255556,45.3871478945789 10.5528496816078,45.3870658007464 10.5526128272309,45.3869880100338 10.5523657792514,45.3868878540159 10.5521124718477,45.3867922832167</coordinates></LinearRing></outerBoundaryIs></Polygon></MultiGeometry>
  </Placemark>
  <Placemark id="acquaioli_2026.3">
	<Style><LineStyle><color>FF12fa4b</color><width>3.40157</width></LineStyle><PolyStyle><fill>0</fill></PolyStyle></Style>
	<ExtendedData><SchemaData schemaUrl="#acquaioli_2026">
		<SimpleData name="ID">0</SimpleData>
		<SimpleData name="NOME">CAUZZI</SimpleData>
		<SimpleData name="ZONA">Colli Morenici</SimpleData>
		<SimpleData name="Shape_Area">3870.71162906027</SimpleData>
	</SchemaData></ExtendedData>
      <MultiGeometry><Polygon><outerBoundaryIs><LinearRing><coordinates>10.675056516976,45.3542265150243 10.6745558430367,45.3522836233502 10.6721776945696,45.3525651133831 10.6713659769491,45.3525936679854 10.6713607418905,45.3528740850524 10.6693988263504,45.3529776888947 10.6693958222744,45.3527108144978 10.6695283734959,45.352532615332 10.6693640329927,45.3524718363965 10.6694041013572,45.3521678445715 10.6678646555754,45.3522070470235 10.6678037937139,45.3516656757598 10.6680298363601,45.3507506588758 10.6664864216048,45.350889612612 10.6654552255532,45.3510537995976 10.6657083466862,45.3514739586007 10.6658668411736,45.3519437115741 10.6638823123892,45.353135891004 10.6632945985987,45.3523982385825 10.662759143163,45.3525501718436 10.6614622239968,45.3509129475798 10.6618996275692,45.3507548680634 10.6611852983456,45.3499904341377 10.6606278597669,45.3503767872962 10.6598502945959,45.3495465484141 10.6600052317433,45.3494536032648 10.6602137355581,45.3493281261532 10.6597352170253,45.3489131099883 10.6595649051499,45.3490329941742 10.659179116287,45.3488629540305 10.6586005855036,45.3500306610847 10.6583601435239,45.3498435390756 10.6582753658117,45.3495072309343 10.658038976296,45.3492101539936 10.6569086643294,45.3495143264675 10.6567165199219,45.3490876646311 10.6572781786193,45.3490213557491 10.6574411479688,45.3480584076661 10.6567374096638,45.3481954796529 10.6561475324878,45.3481744205693 10.655885446837,45.3480889017151 10.6556878674986,45.3482378918062 10.6547603562008,45.3477181688624 10.653903976504,45.3478040546004 10.6534814073564,45.3479612630035 10.6530081183577,45.3483747509325 10.6527383217008,45.3477148216161 10.6536021072226,45.3472486347657 10.6534730025821,45.3469612823041 10.6529244508624,45.3471960651833 10.6528603079817,45.3468662709892 10.6524052282503,45.3461370977202 10.6521396215837,45.3461411170937 10.6517938747435,45.3459946308353 10.6520323953494,45.3451821965533 10.6521467399371,45.3448813029228 10.6523159956469,45.3438552208537 10.6517465545791,45.3439329600506 10.6513127565615,45.3439280001926 10.6510490499413,45.3438509333749 10.6506553484413,45.3436316456082 10.650317683299,45.34350949096 10.6489466913449,45.3436723667352 10.645202005142,45.3441338337336 10.6447153832846,45.3441316928309 10.6436251328639,45.343960623117 10.6437165582008,45.3434906260361 10.6435967888861,45.3425178509721 10.6438502482526,45.3422591322535 10.6439110960995,45.3416213056225 10.6441801408679,45.3404916137483 10.6432761485328,45.3408558841782 10.6429579897121,45.341129846952 10.6421777771442,45.3407327258038 10.6416876622711,45.3408112817284 10.6407439209373,45.3411223819827 10.6406073509801,45.3408200047115 10.6407122504225,45.3407808402781 10.6404048078354,45.3403209145409 10.6394524169124,45.3406878905384 10.6390412944361,45.3401277079669 10.6394061719896,45.3400739721077 10.6387266696002,45.3382188026411 10.6390237546838,45.3381143691798 10.6394617510819,45.3377846968541 10.6392797313628,45.3364505285498 10.6404563427007,45.336090985479 10.6410901020172,45.3360425298496 10.6410208697799,45.3356272140636 10.6406878141204,45.3354865728141 10.6406007968822,45.3352882362769 10.640825504791,45.3351861371452 10.6408925579797,45.3353733156849 10.6413512416627,45.3355086117202 10.6420797052092,45.3352517212073 10.6437733821871,45.335030790261 10.6449397600031,45.3349043260842 10.6454436237049,45.3347319581099 10.6458499626889,45.3344179599588 10.6463363320047,45.3337345938138 10.6469604462046,45.3334366694431 10.6461937439148,45.3324959280132 10.647154233797,45.3319972808205 10.6478121834993,45.3318893069356 10.6486032955495,45.331418600124 10.6497813958924,45.3309974639575 10.6501432411328,45.3307414358213 10.6503545997861,45.3304648239212 10.6515670349911,45.3303467841184 10.6521596825488,45.3299670638552 10.6531380394571,45.3298030932359 10.6555618005781,45.3297979021451 10.6563742159858,45.3290112119559 10.6568413602166,45.3281942671029 10.6573318662607,45.3275787842303 10.6581980005733,45.3265875843388 10.6585344725412,45.3254033211131 10.6589716183753,45.3241132658747 10.6592789042882,45.3235372076825 10.6593838586102,45.3225068143772 10.6603629910247,45.3208921192775 10.6607743329284,45.3201811717841 10.6608814818874,45.3192269571166 10.6604030908964,45.3185670550892 10.6602806466478,45.3180734541841 10.6594507911037,45.3173996047264 10.658246929297,45.3168645531557 10.6569571118436,45.3161592579779 10.6552769862563,45.3151360521386 10.6550380787957,45.315257088852 10.6539924101305,45.3157868386037 10.65292438063,45.3163329844274 10.6522838793153,45.316671918488 10.6514865021612,45.3171096055161 10.6508916055464,45.3174478712206 10.6499431353521,45.3177912478406 10.6491613031049,45.3179794398982 10.6482544687428,45.318185513046 10.6474600523534,45.318333671865 10.6460534629726,45.3186193058143 10.6450777068279,45.3188102679071 10.6443081792563,45.3190304107141 10.6437984152651,45.3191583617097 10.6430724066979,45.3193055060557 10.6425065393509,45.3194664198583 10.6418159000284,45.3196532497384 10.6413615284561,45.3197241099587 10.6408603712119,45.3197554383809 10.6398678347997,45.3197616665885 10.6391038790432,45.3197806836149 10.6380999370541,45.3197870592686 10.6377347198703,45.3197842615115 10.6374360822172,45.319716183447 10.6369084045839,45.319619228693 10.6363565262474,45.3194743750002 10.6359194040571,45.3193519958239 10.6350816956102,45.3191871129965 10.6346124417351,45.3191375525273 10.6340868549468,45.3191129184076 10.6333692217222,45.3191553553415 10.6330738279828,45.3191997853807 10.6327558545807,45.3192525785246 10.6311632064368,45.3194200840585 10.6279892872391,45.3197548662232 10.6267376331549,45.3198772428453 10.6244058620312,45.3201355931748 10.6231087991081,45.3202666169543 10.6209923308746,45.320473593608 10.6209777098686,45.3204752431982 10.6209777583318,45.3204753766318 10.6209777049186,45.320475382791 10.6205032418449,45.3205289211293 10.6199575849115,45.320600993363 10.6195597456906,45.3206548836365 10.6192531566307,45.3207074776733 10.619174689442,45.3207568327563 10.6187786835888,45.3208750178004 10.6184410799332,45.3210406161106 10.6174508419924,45.3215290424796 10.6170347601228,45.3217439915014 10.6166747920972,45.3219259823595 10.6161797729018,45.3221742089081 10.6155804934193,45.3223676250888 10.6152396706735,45.3224206935742 10.6149316961152,45.3224250523008 10.614623721512,45.3224294110971 10.6142000819271,45.322379120824 10.6133644420504,45.3222864130054 10.6125274351441,45.3221454768902 10.6113902155419,45.3218801254941 10.6108386070924,45.3217431856596 10.609357619444,45.3214263831976 10.6084836846667,45.321189452188 10.606990180088,45.3208325939078 10.6057150039663,45.3205289268305 10.6040253623469,45.3200943839444 10.6026931854931,45.3197914846642 10.6019687145696,45.3195926054135 10.6010154465351,45.3193728112174 10.6002485313535,45.3192870829392 10.5994245903638,45.319202150077 10.5984658800476,45.3191020599594 10.5984060753405,45.3190956761526 10.597673610787,45.3190174884259 10.5970223452174,45.3189864036929 10.5963947961609,45.3189871440827 10.5956543181326,45.3190296623359 10.5947206145818,45.3190989992781 10.5939700788714,45.3191898903661 10.593127390921,45.3192499018369 10.5926601979753,45.3192725046328 10.59254409337,45.3192923933128 10.5924557923373,45.3193075185262 10.5923613499819,45.3193473131869 10.5922979095962,45.3193740455256 10.5922778036364,45.3194708115889 10.5923787407511,45.3198151427293 10.5925224606991,45.3204644152525 10.5926108701162,45.3207687185584 10.5926639316913,45.3210333134177 10.5927172203349,45.3213059460714 10.5927253345082,45.3215952889934 10.592712665807,45.3219572871541 10.5926542846891,45.3222172280234 10.592651799099,45.3222282912692 10.5926856584766,45.3226218008103 10.5926599551297,45.3237397829128 10.5926980971743,45.3242860015997 10.5926867785204,45.3246962231268 10.5927070662438,45.3254195817814 10.5927310970324,45.325869511535 10.5928074322955,45.3261498616634 10.5928039156534,45.3264313264982 10.5928467944777,45.327146328813 10.5928504339169,45.3272492050556 10.5928504365511,45.3272493445412 10.5929019380748,45.3287054061122 10.5929019381582,45.3287055456334 10.5928750273093,45.3293731393536 10.5928750248413,45.3293732789104 10.5928755660839,45.3297992762284 10.5928755674429,45.3297994157317 10.5929145742194,45.331189728958 10.5929145806812,45.3311898683902 10.592953400522,45.3317600594075 10.592953403157,45.331760198893 10.5929427661826,45.3321943920658 10.5930345811285,45.3326192536037 10.593120840374,45.3332532454811 10.5931208544658,45.3332533839066 10.5931374359334,45.3334379439251 10.5931374436466,45.3334380824396 10.593132803364,45.3336792218003 10.5931327983201,45.3336793604928 10.5931009304284,45.3341701312147 10.5931009151533,45.3341702691497 10.5930426325978,45.334532760753 10.5930426186234,45.3345328995701 10.592935296722,45.3347756063539 10.5929295286362,45.3349765573885 10.5930033963272,45.3351684942251 10.5931840082323,45.335503666772 10.59337512971,45.3358065302537 10.5936419286604,45.3363656278565 10.5938433335308,45.3366281457095 10.5940328835483,45.3368747476312 10.5942897616213,45.3370802070441 10.594705697849,45.3372593235377 10.5951090972487,45.3373984105556 10.5954899065017,45.33754585186 10.5957568463659,45.3377029260078 10.596002550597,45.3379165777667 10.5962630571582,45.3382506277005 10.5964464106855,45.3386822410993 10.5965784766996,45.3389135631179 10.5967748265036,45.3394012747493 10.5969177480408,45.340018379773 10.5972561302709,45.3410910473752 10.5972560846932,45.3410910606147 10.5972561252622,45.3410911869673 10.5969617170936,45.3411757108129 10.5964842913449,45.341246715368 10.5959970350866,45.341374136723 10.5950236483467,45.3416691587121 10.5940840301972,45.3419476199385 10.5930392254519,45.3421390992275 10.5928463728365,45.342181993463 10.5928262594801,45.3422787575656 10.5927725894219,45.3424001117419 10.5926748559765,45.3425783636654 10.5926214107221,45.3427077546985 10.5925326076297,45.3427974375756 10.5923420072785,45.3429207020347 10.5920596712485,45.3430291659695 10.5917312381894,45.3431221916369 10.5914710456864,45.3432062243371 10.5913028127098,45.343313095177 10.5911923110954,45.3434432815232 10.5911055300552,45.3436052975161 10.5910089165444,45.3438237336107 10.5908903824615,45.3440746361844 10.5907930906216,45.3442689604276 10.59066156521,45.3444637623586 10.5904711803222,45.3445950607226 10.5902447620965,45.3446625391486 10.5898019811021,45.3447491124545 10.5892014695564,45.3449102444083 10.5886121394967,45.3450631766748 10.5878869962045,45.3452581975727 10.5871047918187,45.3454540069491 10.5867989341831,45.3455386645414 10.5863682256369,45.3456491778457 10.5861093604184,45.3457814220346 10.5858504926602,45.3459136638682 10.5855786426895,45.3459898058218 10.5853629484143,45.3460330036431 10.5850208304795,45.3460457974925 10.5846337411673,45.3460833345924 10.5841886976638,45.3460895150464 10.5835630885107,45.3461705621264 10.5832109023955,45.3462317314591 10.5830061685466,45.3462586927322 10.5827573597438,45.3463425477055 10.5826345238261,45.3464407354991 10.5825568839335,45.3465222148714 10.5825262499167,45.346651226436 10.5825414646968,45.3467876201505 10.5825414517168,45.3467877040436 10.5825414481425,45.3467877590017 10.5825126165486,45.3469809886731 10.5825126038222,45.3469811274713 10.5824392227965,45.3472153143363 10.5823432419368,45.3474578552769 10.5822579987332,45.3476761253557 10.5821814790661,45.3477977919457 10.581992633337,45.3479853369955 10.5818467438919,45.348075803232 10.581576443865,45.3482081945833 10.5807659863204,45.3486214414737 10.5801909165455,45.3488786571298 10.5799309024667,45.3489707010217 10.5796467193691,45.3490148373982 10.5793388201419,45.3490271399373 10.5788595152332,45.3490337725552 10.5784596457621,45.3490232241305 10.5781846403197,45.3489868266966 10.5778069250929,45.3489518487163 10.5773703655145,45.3488533609592 10.5767957405636,45.3487165732746 10.5761636099145,45.3485644900306 10.5758536978999,45.3485044423004 10.5757167528043,45.3485063311838 10.5754209334413,45.3485425730476 10.5745712724003,45.3487794156352 10.5740044567807,45.3489239128406 10.5737556186227,45.3490077440504 10.5733069328095,45.349295335267 10.5719487631008,45.3501341439055 10.5714658210611,45.3504221993904 10.5709604954979,45.3507266417716 10.5705565395873,45.3509814455859 10.5704441928746,45.3510473120792 10.5701778540003,45.3513243438144 10.5692272649764,45.3524550093019 10.5687628133231,45.3530000889982 10.5684431692068,45.3534145343147 10.568253811323,45.3535859806678 10.5680400722609,45.3537014784201 10.5664841421651,45.3544142923358 10.5663390982669,45.3545368863552 10.5662948271087,45.354585679912 10.5664269873681,45.3548249930433 10.5667115609177,45.355207025052 10.566901947365,45.3554858254025 10.5669019396047,45.3554859605301 10.5668940876515,45.3556145785762 10.5668940799905,45.3556147173029 10.5668185801655,45.3556792437397 10.566760230621,45.3557289786523 10.5649403818945,45.3563971481375 10.5643306902622,45.3566467080291 10.5637424919332,45.3568477291268 10.5630491291966,45.3569617416706 10.5620603313369,45.3571280329097 10.5610831596813,45.3573021966877 10.5603559850195,45.3574327360843 10.5601643812961,45.3575237963942 10.5600083425044,45.3576626135157 10.5597441305425,45.3580199947052 10.5593269677021,45.3586287126223 10.5592497205929,45.3587262506941 10.5590932334514,45.3588489916638 10.5586182550949,45.3590162793066 10.5581546841885,45.3591834093131 10.5576689452373,45.3593749608612 10.5573067769321,45.3594924629829 10.5568550533441,45.3596755071177 10.5565264616011,45.3597684288447 10.556252073742,45.3597560858351 10.555577301087,45.3597170342005 10.554696624988,45.359664701088 10.5540789266974,45.3596248644296 10.5536335439194,45.3596228821648 10.5531701728522,45.3597980301307 10.5522440865815,45.3601724316206 10.5514086417413,45.3605214740272 10.5498727254334,45.3611453454962 10.5487771287827,45.3615863405473 10.5481563324665,45.3618520462857 10.5474894302961,45.362102291565 10.5466502033674,45.3623146650573 10.5456632323044,45.362553153288 10.5446764689073,45.3627996684042 10.5426232304198,45.363301792593 10.5417602618213,45.3634822897396 10.5412390911994,45.3636340484749 10.5403998171304,45.3638463756789 10.5401168351801,45.3639386348264 10.5396900318045,45.3642016787582 10.5397413777421,45.3643836164811 10.5406083032494,45.3668514211211 10.5413129086368,45.3666343473497 10.5432356787683,45.3664811423864 10.5448083549543,45.3662999630182 10.5454999192687,45.3662355043444 10.5461066983945,45.3661393091943 10.5468419133174,45.3659273496734 10.5476954440508,45.3656716977186 10.5479215195261,45.365634966437 10.5499710204878,45.3660469074863 10.5535797381852,45.3667215175733 10.5557914585311,45.3670507412104 10.5574645847101,45.3671330043055 10.5577043448559,45.3671717605468 10.5596219958518,45.3677423351505 10.5602352908822,45.3679184423788 10.5609053783736,45.3680632373333 10.561534810707,45.3681576355756 10.5617602188227,45.3676174773851 10.5608815743399,45.3675779867083 10.5599010524655,45.3672529474832 10.5603593770836,45.3664447497007 10.5606950892691,45.3661164451269 10.5609196095661,45.3657700625872 10.5609818472355,45.3653972088433 10.5610832304601,45.3648013101141 10.5612167568161,45.364441330234 10.5608747330915,45.3639009942477 10.5623239596139,45.3635687835337 10.5635016043982,45.3631406817934 10.5645813936248,45.3627001761357 10.5653313312721,45.362319111456 10.5658600338646,45.3616938812982 10.566036369918,45.3610185478421 10.5664231554753,45.3609033807816 10.5659961923165,45.3595634032636 10.5671131155634,45.3591172405248 10.5682675241047,45.3588026223064 10.5688015122354,45.3588145666551 10.5692038997026,45.3589621992849 10.569356233633,45.3592241023826 10.5692620618677,45.3597533851187 10.5688410072207,45.3607044403492 10.5683420651263,45.3623924877151 10.5679493478826,45.3635669380899 10.5687098323159,45.3641897223153 10.5700659138524,45.3638080420232 10.5705193552067,45.3641648587244 10.5710918724599,45.3634592477881 10.5715497016297,45.3631620049728 10.5726306477363,45.3641901955197 10.5703190318106,45.3649612615524 10.569128034018,45.3656825869301 10.5702768831919,45.3672092549843 10.5720013095144,45.3664555005634 10.5721560616555,45.3661846382283 10.5728155875215,45.3659491092393 10.5732233824623,45.3665743188 10.5732681381745,45.3669457276379 10.5727773878673,45.3674700854405 10.5721927727429,45.3679229455642 10.5713702606173,45.3680798390725 10.5697408906339,45.3689595161258 10.5688615980006,45.369465440877 10.5680454490108,45.3700464265042 10.5673167669057,45.3704471323289 10.567260035411,45.3709037336005 10.5676664990843,45.3717032888532 10.5685293605681,45.3720765684353 10.5682600797033,45.3722275186354 10.5694546706546,45.3723810192095 10.5701417020684,45.37221299738 10.570281086059,45.3720185188133 10.5722658371383,45.3716627297435 10.5722919654653,45.3720248401647 10.5738911105078,45.3716856561383 10.5738271572419,45.3711201789526 10.574506886654,45.3712693923224 10.5753606880859,45.371559687704 10.5758696303475,45.3719730261149 10.576267999041,45.3719875469435 10.5762781763783,45.3724332968829 10.5741847289449,45.3724227291832 10.573272484485,45.3723839978125 10.5717956114939,45.3726202120999 10.5709487165664,45.3727502493846 10.5702187107411,45.3728159974633 10.5696645598003,45.3728931615639 10.5697494549402,45.3742607769617 10.5688856536947,45.3747693788234 10.568135400732,45.3742829459277 10.5673786427334,45.3741277543104 10.5655966574206,45.3748807363823 10.5658287133052,45.3751918879689 10.562566159423,45.3767036240605 10.5624735405759,45.3767267791073 10.5620581241459,45.3763165891732 10.5611759716077,45.377018120838 10.5600932356864,45.3779878292622 10.560506459306,45.3787813443145 10.5600234788466,45.3790083986193 10.5605965496056,45.3796379640558 10.5609438712063,45.3809480732798 10.5601218841256,45.3812393189102 10.5599173431339,45.3807186055788 10.5603118875823,45.3806036452989 10.5599690660778,45.380084821354 10.5603463196238,45.3799700962471 10.5595415029531,45.3796280245209 10.5587510834348,45.3798092583052 10.5582594104722,45.379535951448 10.5591010123471,45.379329674476 10.5587991370134,45.3790416040807 10.5580283507725,45.379307786206 10.5576450194411,45.3788343769918 10.5571900363966,45.3789828344312 10.5570798736758,45.3790594395023 10.556836433435,45.3792295098667 10.5563968251844,45.3796484102823 10.5560894450355,45.3799543394542 10.5557462770985,45.3801892899185 10.555404631912,45.3810273711788 10.5552152736377,45.3815691543638 10.5550239387282,45.3820390711264 10.5547783595474,45.3823928965271 10.5544196648655,45.3828111689842 10.554106584906,45.3830311109312 10.5538866904688,45.3834601125058 10.5536990770912,45.3840576659325 10.5534582026725,45.3843071490237 10.5530705424494,45.384517593527 10.5527535047709,45.3851784576049 10.5524095767482,45.3859217543549 10.5521034407409,45.3864491050914 10.5521124718477,45.3867922832166 10.5523657792514,45.3868878540159 10.552612827231,45.3869880100339 10.5528496816077,45.3870658007464 10.5531010255557,45.3871478945789 10.5533506507755,45.3872255105594 10.5535969610328,45.387298671316 10.5538405726722,45.3873898700683 10.5540813626033,45.3874946078308 10.5543429040478,45.3875990635288 10.5545735030968,45.3876814364784 10.554813555387,45.3877591795741 10.5550688379319,45.3878682194996 10.5553286632533,45.3879681956268 10.5555690880602,45.3880594340864 10.5558023979722,45.3881822728081 10.5560244118853,45.3883007642956 10.5562558805658,45.3884146258225 10.5564872254095,45.3885239887901 10.5567141542864,45.3886469126145 10.5569366660816,45.3887833982367 10.5571365858019,45.3889111901354 10.5573765334181,45.3890429364652 10.5575825915375,45.389161642511 10.5577918430071,45.3892803046204 10.5580134944632,45.3893852960385 10.5582506133579,45.3894720732608 10.5584844180701,45.389554394545 10.5587658611477,45.3896270637383 10.5590480351995,45.3896682184297 10.5593470260469,45.3896821396353 10.5596139681479,45.3896919970947 10.5598802759754,45.3896208513363 10.5601276782635,45.3895589645968 10.5603749549014,45.3894925783617 10.5606311879767,45.3894035667093 10.5608634778544,45.3893148817506 10.5609159995992,45.3891926473991 10.5613562920844,45.389119120765 10.5616121501377,45.3890166100037 10.5618508217868,45.3889278357575 10.5620877724957,45.3888345838758 10.5623282867609,45.3887547838747 10.5626001036108,45.3886520525525 10.5628411136837,45.3885902473886 10.5631070400463,45.3885055981774 10.5633640098173,45.3884435734472 10.5636114017191,45.3883816792839 10.56387438295,45.3883060699608 10.5641379840086,45.3882529540236 10.564395199719,45.3881999249529 10.5646584273032,45.3881333108989 10.5649183376685,45.3880622410194 10.5651589687596,45.3879869350169 10.5653992265641,45.3878981315926 10.5656485625902,45.387791200487 10.565854677453,45.3876803608254 10.5660599216642,45.3875380279896 10.5662348373394,45.3873961116591 10.5663353335138,45.3872192104353 10.56642759964,45.387033421557 10.5665310396189,45.3868474784137 10.5666380429011,45.3866749883189 10.5667613800886,45.3865157760489 10.5669332228834,45.3863784005613 10.567116486623,45.3862498703352 10.5672811970619,45.3860855890273 10.567434733549,45.3859214608526 10.5676194664414,45.3857884089643 10.5678662199489,45.3857040109177 10.5681226726833,45.3856239807241 10.5683632890497,45.3855486672334 10.5686169227435,45.3854821766805 10.5688475876371,45.3853934968281 10.5690924924543,45.3853001210644 10.5693031308604,45.385180212511 10.5695119219006,45.3850513266989 10.569733606742,45.3849267648402 10.5699560379413,45.3848291954622 10.5701801890285,45.3847361017795 10.570432569648,45.3846246185175 10.5706805360632,45.3845266965489 10.5709303457053,45.384437750042 10.5711870388131,45.3843667100957 10.5714524597973,45.3843225535421 10.571722543936,45.3842738315091 10.5719668406853,45.3842164624648 10.5722366743695,45.3841587413021 10.5725117947929,45.3841189494186 10.5727915782934,45.3840745919669 10.5730698900565,45.3840347547827 10.5733400961625,45.3839905279185 10.5735945906899,45.3839555182824 10.5737745143134,45.3838225217546 10.5738478487628,45.3836459881343 10.5738634745652,45.3834612493831 10.5738980032929,45.38326724783 10.5741163543957,45.3831382226847 10.5743823627408,45.3830580457646 10.5746581978023,45.3829867349805 10.5749058029524,45.3829338146907 10.5751931839572,45.3828758445164 10.5754441051821,45.3828273779959 10.5757319851012,45.3827874023041 10.5760085672317,45.382743081129 10.5762787647288,45.3826988474147 10.5765569407335,45.3826545029086 10.5768303294334,45.3826102238296 10.5770862863483,45.3825706855228 10.5772702958662,45.3825276370433 10.577518520779,45.3824972014247 10.5778685137693,45.3824518570814 10.5781835185768,45.3824114958988 10.5784410669536,45.3823719289569 10.57869849099,45.3823278624713 10.5789705281275,45.3822925938095 10.5792469771705,45.3822437623401 10.5795264924708,45.3821903871064 10.5797790000891,45.3821418855047 10.5798650805866,45.3819651707297 10.5799192402106,45.3817888975312 10.5799477392745,45.3816084795571 10.5799664114495,45.3814191961713 10.5800090235431,45.3812295815386 10.5800806126943,45.3810485663979 10.5800459564441,45.3807790103887 10.5803229335865,45.3808066787932 10.5805656781652,45.3808663251274 10.5807812014507,45.3809803550631 10.580984209735,45.3811035592238 10.581208558136,45.3811904620728 10.5814475208696,45.3812861634522 10.5815637576584,45.381446573692 10.5816820943071,45.381624957452 10.5818630136254,45.3817574673533 10.5820327629354,45.3818901317157 10.5821316974209,45.3820597824312 10.5822407120239,45.3822472952137 10.5824441046399,45.3823839934738 10.5826871092188,45.3824526321433 10.5829207906184,45.3825304017942 10.583152285301,45.3826442049314 10.5833268271377,45.382776800909 10.5835887357229,45.3828361750806 10.5837570218978,45.382973357829 10.5840130502671,45.3830508144025 10.5842561852463,45.3831239494976 10.5845332150447,45.3832101139986 10.5847702198639,45.3832923344203 10.5850485958204,45.3833694785252 10.5853191167147,45.3834512316819 10.585574898988,45.3835196868026 10.5858465141324,45.3835834207918 10.5861419450081,45.3836423226546 10.5864318331317,45.3836742975729 10.5867219733331,45.383715269613 10.5869957755388,45.3837429659329 10.5872513079525,45.3838024203062 10.5875153250083,45.3838797579747 10.5877779986382,45.3839661150719 10.5880376081735,45.3840570148552 10.5882778123015,45.3841391825931 10.588532383106,45.384221149971 10.5887601993984,45.3843169910585 10.5890070421186,45.3844080662562 10.5892411182054,45.3844993185954 10.5894931303421,45.3846038228357 10.589730146651,45.3846860318836 10.5899483915302,45.3847820047414 10.5902240940111,45.384877175252 10.5904858916822,45.3849320344468 10.59077201122,45.3850000553643 10.5910525844636,45.3850411496632 10.5913137536451,45.3850735123169 10.5915838670583,45.3850832463132 10.5918700665822,45.3850972561071 10.5921473225042,45.3851338932792 10.5924287829792,45.3852064756812 10.5926843273947,45.3852659177133 10.5929536053617,45.3853026641973 10.5932433776808,45.3853301227465 10.5935230691653,45.3853397185175 10.5937789455984,45.3853541475704 10.5940451095839,45.385336927687 10.5943182407096,45.3852836053741 10.5945688993482,45.3852260955322 10.5947864979883,45.3851285425355 10.595037535095,45.3850845284161 10.5953102083181,45.3850717153399 10.5955723416841,45.3850815522811 10.5958276353826,45.3851319885212 10.596070338759,45.3852456096809 10.5963016170583,45.3853503886757 10.5965201273422,45.3854553457101 10.5967516606918,45.385569121583 10.5969952559493,45.3857142312527 10.5971956305702,45.3858554460502 10.5973325440563,45.3860110502466 10.5974981872869,45.3861662514634 10.5976133916083,45.3863446624086 10.5976794967206,45.3865372622314 10.5977673144245,45.3867070548194 10.5978679018409,45.3868766686527 10.5978985140783,45.387056263835 10.5979484071731,45.387240088978 10.5982222311926,45.3872677580527 10.5984798415156,45.3872866529765 10.5987228500796,45.3871842352359 10.5989415361747,45.3870686564106 10.5991722838701,45.3869844121006 10.5994355870319,45.386922213832 10.5996856127576,45.3868421991412 10.5999304685005,45.3867487543014 10.6001645313481,45.3866689622106 10.6004112356368,45.3865844917903 10.6006587011973,45.3865270142374 10.6009134411626,45.3865009371159 10.6012114022363,45.3864787540642 10.60149633986,45.3864477515254 10.6017755991476,45.3863853240728 10.6020164236472,45.3863189353693 10.6022761467948,45.386243278726 10.602519272309,45.3861453528194 10.602711899953,45.3860121297182 10.6028542854132,45.3858526092457 10.6030063726454,45.3856974530797 10.6031288400984,45.3855112086815 10.6032271108727,45.3853163025036 10.6033497039902,45.3851345558719 10.6034888933204,45.3849750794599 10.6036845797005,45.3848373119587 10.6039409743894,45.3847571984696 10.6042045162926,45.3847039871785 10.6044635240164,45.3846598394467 10.6047176158224,45.3846112613289 10.6049779641206,45.3845580931292 10.6052691467411,45.3845224927035 10.6055559229029,45.3845004555313 10.6058257803145,45.3845011589616 10.6060765505687,45.3844481229453 10.6062429910623,45.3842927596516 10.6064424976948,45.3841774370706 10.6067052695785,45.3840972267466 10.6069393116643,45.3840174210132 10.6071900158872,45.3839058764233 10.6074300581101,45.3838124831889 10.6076860600354,45.3837188647555 10.6079452519217,45.3836252008282 10.6082265323837,45.3835222238651 10.6084924907028,45.3834419645396 10.6087461904876,45.3833798809185 10.6090348735823,45.3833128022199 10.6093015957753,45.3832595343307 10.6095727224682,45.3831927016903 10.6098265475856,45.3831351136793 10.610064028694,45.3830642544043 10.610309106078,45.3829797854683 10.610576910364,45.3829084966087 10.6106418337268,45.3828895781753 10.6114612680253,45.3827339892346 10.6117339239084,45.3827211380558 10.6120132207231,45.3827171920411 10.6122785370637,45.3827269456805 10.612542257434,45.3827367203403 10.612797682534,45.3827916183689 10.6130405958796,45.3828556939274 10.6132640236311,45.3827400205833 10.6134419940741,45.3825979858938 10.6136228996212,45.3824469080836 10.6139289188194,45.3822040490104 10.6140654610952,45.3821211068244 10.6142955819344,45.3819603309156 10.614534193728,45.3818174363169 10.6146622418938,45.3817166116769 10.614865485166,45.3815652160172 10.6150283862161,45.3814548958107 10.6151395175738,45.3813768132994 10.6153082177928,45.3811899008537 10.615418508125,45.3810263178835 10.6154886437306,45.3808543024192 10.6155392429735,45.3806690621517 10.6155673703748,45.3804796382034 10.6155425776268,45.3802819633841 10.6154902114489,45.3801251838984 10.6154498442245,45.3799412314341 10.6157107014923,45.3796269972211 10.6158177243016,45.3794049520581 10.6157808196662,45.3793424664741 10.6156614265836,45.3791866363385 10.6154633114973,45.3789014035242 10.615564605572,45.3788144574624 10.6157784935959,45.3786449076606 10.6159658922655,45.3784982348423 10.6161019099544,45.3783972948493 10.6162589850938,45.3782510515959 10.6163955705949,45.3781140986291 10.6164787793447,45.3778968914649 10.6164218108957,45.3776906708531 10.6163887235344,45.3775381194988 10.6163311855609,45.3773679114789 10.616273006972,45.3771752099627 10.6162390949244,45.3770496734418 10.6161621371273,45.3767582252566 10.6162367954096,45.3765771438282 10.6163289354182,45.376337306874 10.6164038503362,45.3761652230646 10.6164401524919,45.3760386917619 10.6164818121532,45.3758760809091 10.6163818309269,45.3757289771209 10.6161663709086,45.375506999609 10.6160114941258,45.3753381698845 10.6158882213922,45.375213898704 10.6157203235843,45.3750362523583 10.6155635974008,45.3748584477064 10.6154347693466,45.3747072513963 10.6153135365828,45.374542445433 10.6153703863497,45.374352615943 10.615531855412,45.3741928084693 10.6157078136808,45.3740372973418 10.6158764328968,45.3739043923334 10.616058644193,45.373744290584 10.6162412390092,45.3735976851769 10.6164320680485,45.373459964292 10.6166627326925,45.3733756855833 10.6169097388377,45.3733046770841 10.6171669600797,45.3732560259284 10.6174293529022,45.3732208021078 10.6177152967104,45.373171742878 10.617942766729,45.3730875068348 10.6181479502511,45.3729495796815 10.618373052902,45.3728383721886 10.6186312786942,45.3727131935727 10.6188630178539,45.372610892416 10.619090227099,45.372517657295 10.6193222227333,45.3724243529449 10.6195653876398,45.3723308897085 10.6197956562844,45.3722331090969 10.6200422679538,45.3721485973283 10.6202879256158,45.3720866011114 10.6205593711406,45.3720332397741 10.6208192605586,45.3719665397485 10.621056551087,45.3718911594673 10.6212889265624,45.3718113477861 10.6215484283108,45.3717311504308 10.621789038115,45.3716602212784 10.6220300332257,45.3716027891155 10.6221236860185,45.3714169331755 10.6221903414425,45.371235961371 10.6223165487389,45.371072145341 10.6224960559999,45.3709300744112 10.622721785397,45.3708413528484 10.6229391496382,45.3707392485555 10.6230718663437,45.3705798398515 10.6232141550189,45.3704202949239 10.6233721420315,45.3702515252601 10.6235047276618,45.3700876172114 10.6235051831737,45.369880582528 10.6234645407792,45.3696876351161 10.623433213763,45.3694855538649 10.6234131851436,45.3692878126648 10.6234107085481,45.3690898210244 10.6235532513952,45.3689392734051 10.6237937167946,45.3688638413504 10.6240543114502,45.368878135451 10.6243147774202,45.3688879300947 10.6245689095063,45.3688438068479 10.6248367898073,45.3688894985557 10.6250558025457,45.3690123968532 10.6252402305037,45.3691537897377 10.6254213392058,45.3692907279766 10.6256027066191,45.3694366645263 10.6258178872332,45.3695371124461 10.626077323629,45.3695109130914 10.6262896318027,45.3693998730065 10.6263500181303,45.3692234886843 10.6262715875064,45.3690490832083 10.6261849226668,45.3688657935527 10.6261284448259,45.3686775732591 10.6261758081973,45.3684923730761 10.6263612931732,45.3683367087952 10.6266156790428,45.3683015787567 10.6268769166212,45.3683383598184 10.6271352226352,45.3683841834404 10.6273991359368,45.3684029224083 10.6276046665396,45.3682784752681 10.6278350349453,45.3681851767331 10.6281086953608,45.3681542683886 10.6283838219618,45.3681188386868 10.6286476499031,45.3680790687771 10.628938988718,45.3680524069929 10.6292250249965,45.3680078173473 10.6294785030313,45.3679411899259 10.6297087363953,45.3678433888361 10.6299111991461,45.3677234811057 10.6301102113971,45.3675946217843 10.630306419373,45.3674793033302 10.6305779608947,45.3674304174377 10.6308337634815,45.3674447635885 10.6311136291575,45.36746326704 10.6313777979301,45.3674909945472 10.6316516697744,45.3675230834905 10.6319250243198,45.3675371763955 10.6321985084281,45.3675557683874 10.6324717325128,45.3675653611543 10.6327390048339,45.3675345339273 10.632946376138,45.3674190513129 10.6331374024311,45.3672903000048 10.6333362761963,45.3671569363328 10.6335157419826,45.3670148485612 10.6336921465712,45.3668773049937 10.6338785929743,45.3666451046915 10.6338991938414,45.366473786243 10.6339786987358,45.3662971242303 10.6341288743254,45.3660249371499 10.6343902509892,45.3656791480831 10.6345850166985,45.3655143361309 10.6350679130721,45.3653228932237 10.6352469953684,45.3653338282121 10.6352820953431,45.3653333255596 10.635318920459,45.3653372979855 10.635693260496,45.3654219449238 10.6358910611458,45.3654731161274 10.6359135267814,45.3654772949757 10.6359472919831,45.3654858117311 10.6360840756217,45.3655243564634 10.6363829109472,45.3655920810473 10.6364310346698,45.3656003918953 10.636969619698,45.3656241708277 10.6369998034764,45.3656192374282 10.6370124365522,45.3656145556274 10.6380257566203,45.3651094475888 10.6382602303563,45.3649935655854 10.6382885583985,45.3649796570774 10.6383058491044,45.3649704076138 10.6391349395251,45.364773976419 10.6400933519932,45.3646341872706 10.6403942063138,45.3646613670006 10.640857503572,45.3647312160695 10.6421096417089,45.3651992690932 10.6439360805596,45.3651054608068 10.6454398678697,45.3649487671387 10.6455148547113,45.3649476856719 10.6455657774466,45.3649424511473 10.6456184273854,45.3649416915042 10.6456757333486,45.3649363649396 10.6457730557741,45.3649349614046 10.6458319571794,45.3649296108668 10.6458972392619,45.3649241683292 10.646055189021,45.3649218897693 10.6470402610771,45.3648761716885 10.6480838403587,45.3648115970054 10.6481729236743,45.3648013089462 10.6482191914688,45.364800640221 10.6482940460508,45.3647950581413 10.6483481606057,45.3647897763017 10.6483974886671,45.3647845626327 10.6484516019246,45.3647792807628 10.6485328396679,45.364773606378 10.6485885483592,45.3647683005099 10.6495906670725,45.3646503040673 10.6496034296421,45.3646501196969 10.6496175273948,45.3646409146444 10.6496364103071,45.3646316404614 10.6496644737213,45.3646087315588 10.649709170573,45.3645540783719 10.6497215420124,45.3645403975506 10.6497289949429,45.3645222870914 10.6497629170069,45.3644812916377 10.6497799427689,45.3644630428697 10.6499007957375,45.3641732566868 10.6500484085157,45.3640901112212 10.6500719467475,45.3640762689986 10.6500938907804,45.3640624498082 10.650248146498,45.3639882094813 10.6505323575031,45.3637725698997 10.6505427393029,45.3637454165566 10.6505417642861,45.3635474035922 10.6505380499688,45.3635294544932 10.6505388590383,45.3635024395174 10.6505231073151,45.3633451464064 10.6505255130843,45.3633181074506 10.6505355501534,45.363169442068 10.650539550099,45.3631423809684 10.6505418250276,45.3631108441056 10.6505467661359,45.3630612659154 10.6505536952055,45.3630251601811 10.6505529088336,45.3629981682645 10.6505583746166,45.3629665852781 10.6505653036689,45.3629304795427 10.6505705064542,45.3628898989623 10.6505727800831,45.3628583621163 10.6505860684154,45.3622730910544 10.650585675857,45.3622595946354 10.6505529235945,45.362066542553 10.6505438997696,45.3620306674047 10.6505010279999,45.361873766257 10.6504880271576,45.3618109461991 10.6504775376114,45.3617795938279 10.65046241806,45.3616988015971 10.6504502035911,45.3616629734563 10.6504460956501,45.3616315279435 10.6504389290661,45.3616046282372 10.6504313687007,45.361564232127 10.6504243329697,45.3615418312265 10.6504220833946,45.361519360249 10.6504183680159,45.3615014120558 10.650411201437,45.361474511447 10.6504042965607,45.361456609352 10.6503972608287,45.3614342075494 10.6503966054087,45.3614117144305 10.6503865097419,45.3613938575512 10.6503760216115,45.3613625051482 10.6503689846532,45.3613401042613 10.6503448418604,45.3612234377336 10.6503376740788,45.3611965371363 10.6502993280862,45.361030569985 10.6502506494568,45.360783740465 10.6502402910395,45.3607568859706 10.6501971505162,45.3603164508196 10.6501963656382,45.360289457967 10.6501967824297,45.3602489465509 10.6501929364043,45.3602264995355 10.6501889608204,45.3601995527927 10.6501883067874,45.3601770596482 10.6501482659602,45.3593495257652 10.6502338456233,45.3588352191092 10.650366839419,45.3584147390926 10.6504664494108,45.3583277860765 10.6504821395048,45.3583185578918 10.6504913188354,45.3583049231115 10.6505007585413,45.3583002859683 10.6505165807276,45.3582955565703 10.6505274861773,45.3582863975379 10.6505337352751,45.3582818065101 10.6505433070811,45.3582816681546 10.650552748055,45.3582770309888 10.6522531415902,45.3579733846445 10.6527733890428,45.3578083284967 10.6529380257954,45.3576529224755 10.6532365743817,45.3573830617646 10.6534894894811,45.356861826264 10.6541663647146,45.3569240259919 10.6556598423371,45.3570238822251 10.6613902946053,45.3562474954715 10.6618590306706,45.3561776611576 10.6658975991562,45.355614702484 10.6686998614346,45.3549076653327 10.6708417549584,45.354754804652 10.6721729015806,45.3547083012708 10.675056516976,45.3542265150243</coordinates></LinearRing></outerBoundaryIs></Polygon></MultiGeometry>
  </Placemark>
  <Placemark id="acquaioli_2026.4">
	<Style><LineStyle><color>FF12fa4b</color><width>3.40157</width></LineStyle><PolyStyle><fill>0</fill></PolyStyle></Style>
	<ExtendedData><SchemaData schemaUrl="#acquaioli_2026">
		<SimpleData name="ID">0</SimpleData>
		<SimpleData name="NOME">HALIUC &amp; GORRIERI</SimpleData>
		<SimpleData name="ZONA">Medio Nord</SimpleData>
		<SimpleData name="Shape_Area">3396.56828845716</SimpleData>
	</SchemaData></ExtendedData>
      <MultiGeometry><Polygon><outerBoundaryIs><LinearRing><coordinates>10.677751292995,45.2565122232411 10.677131125094,45.2567973891278 10.6765018896196,45.2570959026416 10.6760065482442,45.2572754488698 10.6754527097365,45.2575419880343 10.6752345337619,45.2575968725259 10.6746220327833,45.2571148866836 10.6738677912631,45.2576255383346 10.6722895671948,45.2571060169465 10.6714142891561,45.257337482162 10.6712264293468,45.2569573897473 10.6704234499321,45.2569990023611 10.6694785180576,45.2572516936873 10.668387685877,45.2575811544477 10.6680659972817,45.2574365664046 10.6662360580365,45.2578215933535 10.6656520301462,45.2581137703 10.6643221378733,45.2589542692166 10.664203937377,45.2592545742187 10.6641485538721,45.2602556294847 10.664703395639,45.2604117576935 10.6650113607596,45.2608103501854 10.6651121392491,45.2613612557743 10.6649581721707,45.2618860188763 10.664549895228,45.2623995620695 10.664177811881,45.262703568585 10.6640829401422,45.2630781785383 10.664346858286,45.2634176992668 10.6645239682299,45.2636838387016 10.6629756056561,45.2635720482102 10.6629082101334,45.2634386691706 10.6623764275442,45.2655215551304 10.6596291051741,45.2642179226458 10.6593605927659,45.2644457626728 10.6582654952362,45.2639093032894 10.6585162982442,45.2616215125737 10.6587068210583,45.2601706236171 10.6566314175306,45.2601261218351 10.6552994925459,45.2601753046192 10.6541398460978,45.2603264796551 10.6529426502047,45.2606424052388 10.6521504324438,45.26105696082 10.6512921365466,45.2613828921534 10.6507066948915,45.2616302265963 10.6500828312393,45.2620124738794 10.6483161089813,45.2631278259032 10.6466948245413,45.2641514769208 10.6466145144093,45.2643019264875 10.6481317722856,45.2640710197587 10.649840293353,45.2638671857391 10.6498000993217,45.263210887298 10.6509188031976,45.263105135583 10.6508993784571,45.2631651335472 10.6519360517264,45.2631501330755 10.6519671740319,45.263493051929 10.6528963355919,45.2634198828203 10.6542944113919,45.2634593422653 10.653926896996,45.2661071125118 10.6536502999341,45.2675144524335 10.6526849903499,45.2692602051823 10.6521292255955,45.2690741740281 10.6519409631832,45.2691515448493 10.6519068786276,45.2694356896916 10.651165449771,45.269416560945 10.6511361874004,45.2705963788973 10.6512022647924,45.270684997587 10.6509786050456,45.2710017432262 10.6507066200335,45.2718417040921 10.6504691559015,45.2724124417663 10.6499604971851,45.2731214619515 10.6504515135279,45.2732636523809 10.6502287076243,45.2736102430298 10.6508078367069,45.2738705897634 10.6506649082209,45.2740518052829 10.6494730741878,45.2752932184384 10.6494822838765,45.2753929023716 10.6461727883927,45.2777558653893 10.6457029314599,45.2781090490745 10.6455153574541,45.2782457318537 10.6443361475491,45.2791049859323 10.6432424108188,45.2798922817748 10.6429668253357,45.2801792892539 10.641144093029,45.2815789865734 10.6396500025583,45.2826305650218 10.6378487068593,45.2840448302937 10.6353578846762,45.2857824595312 10.6345699087668,45.2863610512854 10.6323942345448,45.2880194565762 10.6312333387973,45.2888870110413 10.6305908750925,45.2893739204229 10.630920789881,45.2898021475558 10.6315776336493,45.2905541386381 10.6319739361326,45.2910814377746 10.6324636120684,45.291910459415 10.63313207717,45.2930653585336 10.6335773061135,45.2938203650391 10.6341871772446,45.2944087938879 10.6350117517401,45.2950986463378 10.6363132337877,45.2961698092291 10.6372264051367,45.29699273568 10.6379075985028,45.297848842247 10.6383779721278,45.2987378294836 10.6386898434594,45.29927079519 10.639084679114,45.2997428532569 10.6397205787253,45.3004950960636 10.6406187324178,45.3015272159262 10.6412495516372,45.3022467495053 10.6414071834425,45.3024265458528 10.6419835948636,45.3018509527128 10.6424783321916,45.3013810341827 10.6429626456222,45.3020160083278 10.6428382056964,45.3021073734207 10.6433419746692,45.3026823510377 10.6438206974711,45.3031233254414 10.643895435762,45.303510402339 10.6438042344684,45.3047508202868 10.643760145689,45.3054232596046 10.6436291847794,45.306753824867 10.6434805422815,45.3067410363318 10.6433992810589,45.3075931576613 10.6436330497813,45.3076196490412 10.6438897202318,45.3077055251193 10.6442583031712,45.3079987943831 10.644777266049,45.3083645402331 10.6450572751604,45.3085247222133 10.646169124951,45.3096134312982 10.6477395304122,45.3111732356021 10.6498571700813,45.3133371931837 10.6508823390573,45.3143524633116 10.6513858655737,45.3149124771129 10.6519071087128,45.3153528018237 10.6520562077847,45.3153805007943 10.6525319698343,45.314985458894 10.6532017833484,45.3147070361765 10.6556148159779,45.3139106755536 10.658342794892,45.3130201138887 10.6585968963009,45.3130164205364 10.6588099552704,45.3130581096628 10.6587979311218,45.3133717928395 10.6590218486116,45.3133660175149 10.6591810403528,45.3133476224605 10.6598460174853,45.3134585587893 10.6607174512385,45.3136066883702 10.6610940334068,45.3136092472407 10.6614245269868,45.3135963961567 10.6621264272361,45.3134092843726 10.6634406257685,45.3130926375553 10.6639721564864,45.3129321201306 10.6655800156405,45.3125146812461 10.6660787343548,45.312402875075 10.666688428713,45.3121849200793 10.6672052324078,45.3119120364533 10.6678648553949,45.3114521328498 10.6685149534629,45.3110566872884 10.6686536830977,45.3110203311274 10.6688969871225,45.3113109118786 10.6690058692193,45.3114655805604 10.6694936396969,45.311642282464 10.6699566889474,45.3118653026324 10.6702499888244,45.3120816135601 10.6707638409557,45.3122579276056 10.6710009430027,45.3123371824684 10.671113889322,45.3126296669346 10.6711676606017,45.3126840301698 10.6715454715931,45.3126693050554 10.6718176312528,45.3126101677131 10.6720411567184,45.3126712345896 10.6728239344654,45.3126781459928 10.673451345993,45.3127240974175 10.6740545783929,45.3128347441794 10.6744861626532,45.3128743702496 10.6752686722285,45.3128720765177 10.676127503743,45.3128043146151 10.6768573192268,45.3127843997778 10.6777267430799,45.3126337440858 10.6785451007763,45.3125205989619 10.6794381453453,45.3122868549859 10.6802024421054,45.3121101505827 10.6804277263386,45.3120443399506 10.6807326122749,45.311955274804 10.6810569080327,45.3118953461918 10.6817812679301,45.3116916449504 10.6830881989255,45.3113414698262 10.6835412211083,45.3112244855253 10.6835643000414,45.3111230344208 10.6848573550286,45.3107454693785 10.6881411695083,45.3102097700836 10.6882731740113,45.3102629686301 10.6898049311413,45.3100196925451 10.6914798017693,45.3097650827445 10.692286145213,45.3096887853048 10.693079177143,45.3096034872398 10.6933898601215,45.3095253425847 10.6948794478827,45.3091815146625 10.6959956333068,45.3089994779042 10.6973594968156,45.3088137469207 10.697618021611,45.3087363660685 10.6982274253001,45.3086169974093 10.6986298989771,45.3085558560694 10.6986678083481,45.3089514542456 10.6989158036436,45.3098301773911 10.6991278395994,45.3103785300364 10.6995105572271,45.3114004604028 10.6995617636778,45.3118041379424 10.6994528365402,45.3125227218308 10.6991536906001,45.312986767199 10.6989411277369,45.3132932625172 10.6983321935231,45.3143023807057 10.6978640896927,45.3147873209412 10.697516886553,45.3153899545728 10.6971338597713,45.3161034216928 10.6967073974535,45.3171098157941 10.6965807210444,45.3176724000729 10.6964646116024,45.3181521010312 10.6965115463513,45.3188499801008 10.6965173939445,45.3194822746059 10.6964461602188,45.3201543359329 10.6963977088376,45.320715755711 10.6962401386956,45.3215545524886 10.6962133734796,45.3219685823167 10.6962196861078,45.3221798994391 10.6962578401202,45.3225837716529 10.6963331945157,45.322922748785 10.6964973543328,45.3231776785928 10.6966712598875,45.3233221622241 10.6967422232787,45.323514134939 10.6968411877411,45.3237700338886 10.6970197657006,45.3240707073699 10.6970882616524,45.3241799904651 10.6970582039941,45.3244837663538 10.6970908752647,45.3247038838716 10.6972015104354,45.3249136502895 10.6972743154261,45.3249853322563 10.6973093471301,45.324989249246 10.6973888192076,45.3250674958101 10.6974109640014,45.325089299389 10.6974336183578,45.3254106753958 10.6974787837028,45.3254737621531 10.6975833763244,45.3256198580271 10.6977614139735,45.3259021555319 10.6977802631546,45.3259199429823 10.6978285396604,45.3259654989199 10.6979109012443,45.3261021512618 10.697904455033,45.3263228501548 10.6980275892847,45.3265140452989 10.6984302208155,45.327326122311 10.6987460969405,45.3278545449819 10.699179345012,45.3283812174906 10.7002041428589,45.3293652324039 10.7002539692317,45.3294130748856 10.7003003674262,45.3294490441784 10.7006146079815,45.3296926459349 10.7007366548899,45.3298470869497 10.7008409522154,45.3299084625397 10.7012546181016,45.330151886695 10.7015165407881,45.3301847485796 10.7015748109852,45.3302284671121 10.7016354820378,45.3302739861307 10.7016366661257,45.3302748749303 10.7017217694227,45.330281761959 10.7018916153089,45.3302955060966 10.7019243948053,45.3302981590277 10.7022157075728,45.330440882243 10.7028878511172,45.3306970392661 10.7028887986445,45.3306974004954 10.7031079764141,45.3307184399927 10.7031094802193,45.3307185840896 10.7031374089023,45.3307212649167 10.7033845691021,45.3307575814219 10.70347813582,45.3307713296058 10.7035013108815,45.3307821825605 10.7037824939034,45.330913853294 10.7044364598381,45.3313021282519 10.7052171679531,45.3317656410272 10.7060953004028,45.3323315955476 10.7065117039466,45.3326215556205 10.7065217445573,45.3326285473051 10.706644092453,45.3327921688093 10.7068740880889,45.3330644829296 10.7073176046292,45.3337386491616 10.707694463506,45.3343114785619 10.7081086754779,45.3350681909681 10.7081979905914,45.335434523075 10.7085137388787,45.335921851822 10.7085400894908,45.3359625202968 10.7085663023309,45.3359907157358 10.7086749393262,45.3361075679406 10.7086920192005,45.3361617260372 10.7088191955844,45.336564993706 10.7089054963039,45.336657148757 10.7090483904418,45.3368097375739 10.7092578656451,45.3372661847611 10.709457069026,45.3378147034539 10.7095718946786,45.3380471674511 10.7096238237284,45.3381522981277 10.7096835053397,45.3382904559782 10.7097500662627,45.3384445414395 10.7095914833304,45.3388049910649 10.7095302417108,45.3389441879687 10.7094935712363,45.3394594730609 10.7093839323494,45.3397184833636 10.7093662494888,45.3397702551686 10.7093239759386,45.3398940248767 10.7092680018216,45.3401660569863 10.7092670608797,45.3401706284958 10.7091663120343,45.3402916305744 10.7090466715501,45.340651898786 10.7089312199456,45.3407179698476 10.7089203166143,45.3407517173638 10.7088954085422,45.3408288066245 10.7087816164056,45.340950003555 10.7087001143782,45.3410032568649 10.7086664377605,45.3410252616199 10.7086442237647,45.3411542784588 10.708639644509,45.3412092304949 10.708625054225,45.341384358284 10.7085112578462,45.341505554097 10.7084203463048,45.3416879960705 10.7084005039225,45.3417278137176 10.7082936223552,45.3420786997016 10.7082136571358,45.342456756972 10.7082155702332,45.3427366736313 10.7082174896708,45.3430173931104 10.7081300108404,45.3435793969849 10.708088067226,45.3439201180737 10.7081266048178,45.3443331687579 10.7081663594916,45.3445712711213 10.7082062108755,45.3448099454059 10.7082590637261,45.3450873203121 10.7083302102187,45.3454606998115 10.7085151099413,45.3459049143174 10.7086115780989,45.346136672503 10.7087955490638,45.3466118859975 10.7088133712401,45.3466342632613 10.7090125712678,45.3468843857724 10.7091565848593,45.3473326217125 10.7092100347593,45.3475322679724 10.709288939647,45.3478269914128 10.7094679065875,45.3485688376149 10.7096521724014,45.3490532373817 10.7098447769315,45.3493812518476 10.7099768935531,45.3496466497192 10.7100809519805,45.3498556804016 10.7105641457196,45.3507308400342 10.7107986714608,45.3511501427439 10.711309381736,45.3516388350394 10.7117877198934,45.3518510143161 10.711970833413,45.3519322387592 10.7120699302612,45.3519775522227 10.7123016984216,45.3520835323117 10.7128021655315,45.352232279175 10.7133258568085,45.3523254246973 10.7137076187722,45.3523933255898 10.7142422831439,45.3524916670619 10.7148626199849,45.3526057635913 10.7160195775464,45.3528825034953 10.7175299049347,45.3531906787476 10.7184881302049,45.3533692770157 10.7191057613527,45.3535070396993 10.7193898897398,45.353647782537 10.719808080721,45.3538549315881 10.7203657842896,45.3541682327047 10.7209954326645,45.3545714195143 10.7211511396037,45.3546711233974 10.7213523771487,45.3548182028295 10.7214715103054,45.3549052732517 10.7217166692374,45.3552416664157 10.7218355529708,45.3554005156507 10.7222608589229,45.3559687884068 10.7223414469741,45.3561150330416 10.7224818868731,45.3563698868011 10.7226809396049,45.3564771817847 10.7230815626641,45.3567744574488 10.7233286002814,45.3569671004419 10.7235093996859,45.3571080889785 10.7239891517275,45.3574317410446 10.7240059238792,45.3574491638773 10.7242856888043,45.3577397770307 10.7244789690455,45.358086140646 10.7245820361859,45.3584706327054 10.7246204261874,45.3588744868949 10.7245478160523,45.3594914271999 10.724498505324,45.3600160985961 10.72442561233,45.3606238516502 10.7243543955165,45.3612867290689 10.7242973425479,45.3619861587059 10.7242223699691,45.3622747649257 10.7242038531036,45.3623460466694 10.7241775033112,45.3623945327225 10.7241507193719,45.3624438183478 10.725832909508,45.3631254296153 10.7258580561365,45.3631356189827 10.7259512486595,45.3630715624595 10.7261242531204,45.3633634424656 10.7261421302793,45.3633936032454 10.7264519584571,45.3631929200315 10.7268718925442,45.3628600613758 10.7272728027659,45.3624458642391 10.7275434128474,45.3615555439025 10.7279105329131,45.3611185339174 10.7278692120952,45.3606576690342 10.7278604170555,45.360559572521 10.7277199848185,45.3602934997748 10.7276319622028,45.3601583298223 10.7274944052292,45.3599470903328 10.7274538827079,45.3597028265112 10.7274618925528,45.3594228453975 10.7275392286018,45.3592467619111 10.7276837604105,45.3591046429404 10.7277600296043,45.3588935932789 10.7277696025141,45.3587288379426 10.7277708791121,45.3587068551985 10.727751991197,45.358685704149 10.7276167612766,45.3585342771893 10.7275287837991,45.3584483486242 10.7272758196164,45.3582012738988 10.7270010098679,45.3578672693803 10.7264553040082,45.3573274691813 10.7259961692512,45.3569146251338 10.7258079346016,45.3567075772602 10.7256700051278,45.3565230896737 10.7255974940016,45.3563142915696 10.725518938689,45.3559712909361 10.7254830539909,45.3558146055972 10.725474784756,45.3557420783837 10.7254604931314,45.355616712988 10.7254319040613,45.3552206761175 10.7254775966883,45.3550917155682 10.7254747596427,45.3549984723274 10.7254594593724,45.3549250080869 10.7254553917815,45.3549054779831 10.7254304763253,45.3548461121181 10.7254018970354,45.3547780180334 10.7242926389079,45.3536520242661 10.7237343219089,45.352851010025 10.7236009389389,45.3526596416263 10.7234957344248,45.3524629968871 10.7233268860373,45.3523489383185 10.7233248919946,45.3523483941231 10.7230433894214,45.3522715944774 10.722326914681,45.3520958386325 10.7198275513716,45.3514805318376 10.7190121392294,45.3512746683238 10.7186943080884,45.3511944253192 10.7182773309167,45.3511033495948 10.7175456041549,45.3509435231944 10.7167159271377,45.3507373375462 10.7162625535554,45.3506246653672 10.716079895033,45.3505745606499 10.7152953494078,45.350359349271 10.7143569856353,45.3499536622487 10.7135695163685,45.3496156657489 10.7132481303155,45.349459993926 10.7124954220499,45.3490953922235 10.7118894482926,45.3487429988371 10.711795590783,45.3486759510384 10.7112979031472,45.3483204215471 10.710972592812,45.3479521525727 10.7105755465862,45.3473983848903 10.7102604514789,45.3468200647722 10.7100212822017,45.346107309151 10.7099879212862,45.3460078893671 10.7098557082633,45.3454618104363 10.7097175265989,45.3447175859179 10.7097092548016,45.3445748805757 10.709683083916,45.3441233982199 10.7097153931336,45.3436686206264 10.709729526802,45.3434696935273 10.709874080451,45.3427795364804 10.7100699724775,45.3421469134751 10.7103161434928,45.3415368578803 10.7106305285189,45.3409957451976 10.7113566841201,45.3398537507878 10.7120828098064,45.3387117528878 10.7126506813804,45.3378053429601 10.7135166914899,45.3363697132365 10.7142712056089,45.3350756824141 10.7144902387703,45.3346642605093 10.7146969699202,45.3343929529678 10.7149181113748,45.3340514640252 10.7153455908484,45.3328789423784 10.7154217725537,45.3328919958817 10.7154034181097,45.3328845987947 10.715385294915,45.3328772945462 10.7155134704302,45.3320529386579 10.7154569109572,45.3308137945551 10.7149590124495,45.3288804188616 10.7146607026204,45.3278605592931 10.7142124447155,45.3263038225346 10.7136475887418,45.3243647064525 10.7133827375137,45.323771401192 10.7130738417218,45.3230794132984 10.7127840098464,45.3227590570952 10.7125204375384,45.3224677230642 10.7118224008358,45.3218110254442 10.7113168741798,45.3215030353784 10.710440579376,45.3209691422554 10.7090307823411,45.3198311402732 10.7081573355981,45.318739005364 10.7075104999458,45.3179132732077 10.7068163593926,45.3170271199626 10.7064430547179,45.3164622749047 10.7064342808419,45.3164542876062 10.706419765707,45.3164410734428 10.7056496387412,45.3154525414975 10.7045176591825,45.3140365537741 10.703394519722,45.31256071769 10.7028327487115,45.31181533526 10.7026996215214,45.3116083567635 10.7026448996849,45.3114573782426 10.7026189099942,45.3113856702959 10.7025297929954,45.3111888262985 10.702437683509,45.3109853693536 10.702294678192,45.3108112822936 10.7022620502243,45.3107715618412 10.7021046552321,45.3104604616037 10.7017925526872,45.3099277769427 10.7017240831793,45.3097003858879 10.7016985933052,45.3096157306438 10.7015593057158,45.3093443667935 10.7014514921322,45.3091343171961 10.701243734986,45.3087360208119 10.7012158611629,45.3086825838778 10.7012085703526,45.3086685871906 10.7010924264499,45.3084456065034 10.7009581978927,45.3082013266558 10.7007596491715,45.3079281531071 10.7005901359278,45.3075649901707 10.7005146505815,45.307163110136 10.7004874785679,45.3069620131166 10.7004481736082,45.3067088548915 10.7004527162848,45.3065072846427 10.700457258977,45.306305715287 10.7005459234813,45.3060879650694 10.7005632694582,45.3059608344814 10.7006202192932,45.3057435574236 10.7007102223859,45.3055705658846 10.7008816653922,45.3052918782841 10.7010861578224,45.3050574750197 10.7013243732068,45.3048897370676 10.7015319913659,45.3047597693097 10.7019269771913,45.3045299879048 10.7026242615495,45.3041538957101 10.7028631387556,45.3040085331377 10.7032706970729,45.3038457259156 10.7035304895412,45.3036925859142 10.703927696338,45.3035373939024 10.7043377101413,45.303456640641 10.7047132158137,45.3034130425419 10.7047803296579,45.303405249819 10.7048535554051,45.3033991426937 10.7051073432239,45.30337797398 10.7055758734136,45.3033518644732 10.7056563379047,45.3033473796913 10.7063654567002,45.3033666300728 10.7064916264308,45.3033782548369 10.7068532686988,45.303411575629 10.707234926765,45.3034431809729 10.7079013169754,45.3034481344086 10.7088416433571,45.3034191293884 10.7098098626925,45.3032628275339 10.7101577897453,45.3032277609242 10.7105693638695,45.3031992029085 10.7112341769713,45.3031519185951 10.7117903651252,45.3030092418292 10.7120915120309,45.3028256098087 10.71238703611,45.3024554857337 10.7131339269297,45.3019741022725 10.7139860568266,45.3014762070332 10.7147027873007,45.3010475078823 10.7149933440936,45.3008640271738 10.7155634318208,45.3004823047134 10.7161724119391,45.299988048717 10.716541883898,45.2996168013371 10.7166832249466,45.2994564797502 10.716695246477,45.2994428435847 10.7167280633771,45.2994011206665 10.7169090965375,45.2991709562569 10.7175189252186,45.2983557689496 10.7179875317229,45.2977665964028 10.7181087266286,45.2975781944118 10.7181777500645,45.2974129685692 10.718295333978,45.2971052123012 10.7184070851559,45.2969542677785 10.7185091678402,45.2968333221124 10.7186940783646,45.2966743171342 10.7186946762974,45.2966738031502 10.7188480258648,45.2964998444148 10.7191128942471,45.2961674787934 10.7193381907904,45.2959252669846 10.719657480062,45.2956443225713 10.720040856944,45.2953847985733 10.7203201217575,45.2951790875044 10.7206310906775,45.2949728961942 10.7208689788488,45.2947976580343 10.7211365388137,45.2945548047474 10.7212903267134,45.2943957605423 10.7214395948825,45.2940875232365 10.7215998819207,45.2937940449652 10.7217031530163,45.2935435099931 10.7217082261522,45.2935312031615 10.7218280439618,45.2932980398965 10.7219163847871,45.2931362866006 10.7219883256281,45.2930045620226 10.7220340406691,45.292900387746 10.7220773396458,45.2928017164987 10.7221210724511,45.2927059641777 10.7221665788589,45.2926063297454 10.7222549141114,45.2923811048764 10.7223128992036,45.2922011156978 10.7223836567178,45.2917448010815 10.7224544132043,45.2912884864032 10.7224926162947,45.2911535743856 10.7225138494842,45.2909705298819 10.7225177649723,45.2909367655895 10.7224923342134,45.2907953512644 10.7223602075966,45.2899241670952 10.7223867127159,45.2897521167054 10.7225499207804,45.2895556137413 10.722629264395,45.2893827652496 10.722681820695,45.2890237448569 10.7227182135592,45.2888291548423 10.7228281725328,45.2887019625909 10.7228816438118,45.2886401111697 10.7231199521415,45.2884797880878 10.7232867731108,45.2884026380818 10.7233053439863,45.2883889563577 10.7234005294529,45.2883188265251 10.7235138322249,45.2882200954029 10.7235729406726,45.2880774042498 10.7235985361915,45.2878755146606 10.7235618586367,45.2877118817288 10.7234957694045,45.2875916605279 10.723472342524,45.2875490463449 10.723317614291,45.2873274908392 10.7232262920637,45.2871049782123 10.7232078237751,45.2870764782134 10.7230155627069,45.2867797851311 10.7228823469771,45.2865917608539 10.7228167611596,45.2864991905782 10.7226184132714,45.2862335142246 10.722432668367,45.2860348148613 10.7221906995328,45.2857250186508 10.7221246655589,45.2856054357928 10.7219781740845,45.2853401463592 10.7218790045665,45.2852073069576 10.7217408785542,45.2850741601473 10.7217265475958,45.2850603464881 10.7217258280919,45.2850596192135 10.7213993731235,45.2847294438657 10.7211146968618,45.2844053628538 10.7209280596089,45.2841768227236 10.720853142246,45.2840484137852 10.7207942580876,45.2839474851219 10.7207229564425,45.2836873528799 10.7207013274155,45.2833219887726 10.7206707120275,45.2830090012449 10.7206317498137,45.2828215773696 10.720596476242,45.2826518929844 10.7205706090756,45.2825274569769 10.7205593587367,45.2824733392727 10.7205091760781,45.282401112068 10.7204156739661,45.2822665395598 10.7203658204901,45.2821776473265 10.7202704104364,45.2820075213534 10.720041519142,45.2817796162843 10.719823648521,45.2815664710663 10.719582509626,45.2814337011252 10.7195333935274,45.2814066576286 10.7190603556458,45.2811451148872 10.718868311619,45.2810726138467 10.7187181745545,45.2810159337565 10.718248751098,45.2808737419472 10.7181255919275,45.2808550969751 10.7178452047109,45.2808126500432 10.7174716881069,45.2807915011259 10.7172204450289,45.2807772751096 10.7167753118875,45.2807391943252 10.7166027783914,45.2807194294519 10.716372219131,45.2806930167058 10.7158306402944,45.2806116048177 10.71509032918,45.280600344951 10.7148569340076,45.2805415572787 10.7146429497851,45.2804876589131 10.7144824323354,45.2804229026395 10.7143500154184,45.2802383155101 10.7143139725592,45.280187422891 10.7142506467817,45.2800980092092 10.7139206241095,45.2800208732432 10.7136379619844,45.2799523457164 10.7133988388505,45.2798943737455 10.7128754829651,45.2797156542125 10.7128083126436,45.2796976461292 10.7123746096611,45.2795813731593 10.7120244963598,45.2795263778848 10.7118541779628,45.2794996243447 10.7114761918323,45.2794093659458 10.7112366347439,45.2793521619739 10.7109858648104,45.2792816520482 10.7106822655331,45.2791962866379 10.7100966501131,45.2790558029018 10.7097373636478,45.2789563741735 10.7093291737106,45.2788434099125 10.7091367454096,45.2787716606544 10.7088035974975,45.2785900733228 10.7086496243292,45.2783908758115 10.7085269001367,45.2781762841852 10.7085243561358,45.2781655672356 10.7084421814975,45.2778193246193 10.7084235967362,45.277543380229 10.7084231001954,45.2775360127124 10.7084808916135,45.2773485707785 10.7085422332306,45.2772235570469 10.7085804971374,45.277145575901 10.7086884258296,45.2768678256599 10.7087338690149,45.2766404152739 10.7087527465898,45.2765459498416 10.7087233225622,45.2762702558699 10.7087148050537,45.2759867867543 10.7087279542031,45.2758687078308 10.7087397773792,45.2757625199559 10.7087962211329,45.2755303189964 10.708955852581,45.2752144788366 10.7090421971238,45.2749221257935 10.7091505676097,45.2746592938308 10.7095149926627,45.2741239562816 10.7099063456654,45.2735707630094 10.7099205502149,45.2735506848214 10.7101352358135,45.2733086491949 10.7101960360598,45.2732411938635 10.7102988907314,45.2731270819736 10.7103775325688,45.2730063006936 10.7104706415503,45.2728632993017 10.7105709050356,45.2726826821812 10.7106725142188,45.2725468238079 10.7110011605991,45.2722284465142 10.7111225512243,45.2720475122991 10.711182348045,45.2719272063855 10.711199437807,45.2717926141475 10.7111960717572,45.2716807188741 10.711034928576,45.2712428122289 10.7108915318118,45.2710434590206 10.7105708045611,45.2705706296245 10.7101986081554,45.2701433492241 10.7100032931687,45.2699746251614 10.7098225512879,45.2698426527264 10.7095926576905,45.2696747905084 10.7091530256602,45.2694649464588 10.7086841688096,45.2693376320309 10.7084219969303,45.2693193887669 10.7084193934799,45.2693192071831 10.7080386344021,45.2693099808513 10.7074142294252,45.2692820100626 10.7067666833477,45.269187214132 10.706268153972,45.2691275009489 10.7060678832447,45.2691454216576 10.7054484006976,45.2692815545202 10.7048713964394,45.2694245120409 10.7047014755341,45.2694311933499 10.7045652583772,45.2694365485225 10.7039303523379,45.269339457646 10.7038538814019,45.2693277635106 10.7031699564817,45.269076765237 10.7029582261627,45.2690059180781 10.7025934648485,45.268883864507 10.701816260307,45.2686939534565 10.7015825809255,45.2686042288075 10.7013672152443,45.2685215337406 10.7011829680643,45.2684512009236 10.7008968213948,45.2683419680044 10.7003870734357,45.2682600067249 10.6991306282347,45.2683011083461 10.6980951328725,45.2683090568234 10.6975644839471,45.2682348569423 10.6970093699494,45.2680490715266 10.6964698260434,45.2676764745664 10.6964536485301,45.2676553056747 10.696249874183,45.26738868309 10.6961533191112,45.2670569247146 10.6961439011568,45.2670245663729 10.6960653957368,45.2665182412341 10.6960890803813,45.266249217858 10.6961352950148,45.2660328203343 10.6961354494312,45.2660320988177 10.6961305568513,45.2658679834587 10.6961690286903,45.2650315444656 10.6962076716645,45.2648344821327 10.6962791085019,45.2644701754874 10.6963672703872,45.2641672178335 10.6966433650338,45.2632184228691 10.6968353874675,45.2629245072747 10.697076216283,45.2624955287322 10.6970864404896,45.262129684609 10.6969719129799,45.2618328632147 10.6967807779915,45.2614476237776 10.6967069459482,45.261097955066 10.6966317814384,45.2607035279026 10.6965677114365,45.2603619648205 10.6965187034242,45.2601006967178 10.6962527509988,45.2596867160849 10.6961938340416,45.2596293630251 10.6958827358986,45.2593265218244 10.6955371832751,45.2590779099313 10.6954765109073,45.2590681503381 10.6951549405733,45.2590164203654 10.6944969687071,45.2589217067684 10.6941415234333,45.2588487073098 10.6939547398381,45.2588103459475 10.6935722786668,45.2587413911366 10.6931810312486,45.2587322689975 10.6927904491187,45.2587455261028 10.6925915413216,45.2588081811892 10.6921939460117,45.2589409493375 10.6917642189871,45.2590592667148 10.6911443671952,45.2591803994707 10.6907966963947,45.2592154028287 10.6905524325548,45.259174242325 10.6903853819455,45.2591067762079 10.6902850498726,45.2590662557983 10.6898455711328,45.2588563338755 10.6896755536139,45.2587770870931 10.6893955317243,45.2586465656067 10.6892821968227,45.2585556326983 10.6891032662007,45.2584120712456 10.6888239988058,45.2582594788952 10.6884287717919,45.2581160638215 10.6879517038762,45.2580634154675 10.6871300680226,45.2581501951261 10.6865625837558,45.2582556028595 10.6860474670669,45.2583453072357 10.6854493973622,45.2584884769757 10.6849538557328,45.2585256460794 10.6844468670294,45.2585331300708 10.6840221692552,45.2584647654328 10.6835222127624,45.258352731572 10.6825412242215,45.2580537465783 10.6818502719392,45.2579146678366 10.6808116549242,45.2578105577654 10.6799239949925,45.2578087001259 10.6792570383505,45.2577662731251 10.6787355321352,45.2576396088432 10.6784259298849,45.2575322152264 10.6780162121693,45.2572546415713 10.6778632895647,45.2567270081116 10.6778075971465,45.2566202030485 10.677751292995,45.2565122232411</coordinates></LinearRing></outerBoundaryIs></Polygon></MultiGeometry>
  </Placemark>
  <Placemark id="acquaioli_2026.5">
	<Style><LineStyle><color>FF12fa4b</color><width>3.40157</width></LineStyle><PolyStyle><fill>0</fill></PolyStyle></Style>
	<ExtendedData><SchemaData schemaUrl="#acquaioli_2026">
		<SimpleData name="ID">0</SimpleData>
		<SimpleData name="NOME">MORESCHI</SimpleData>
		<SimpleData name="ZONA">Destra Chiese</SimpleData>
		<SimpleData name="Shape_Area">6522.08588794491</SimpleData>
	</SchemaData></ExtendedData>
      <MultiGeometry><Polygon><outerBoundaryIs><LinearRing><coordinates>10.383264435179,45.2523224806737 10.3832633687859,45.2520483460749 10.3832627167516,45.2518806641469 10.3832625488945,45.2518375334649 10.3833865253499,45.2511159392696 10.3834922468295,45.2505037899254 10.3835497803995,45.2499694017681 10.3835698183312,45.2497542442676 10.3835825663505,45.249617360754 10.3835852105853,45.2495889693296 10.383565857904,45.2495101206845 10.3835129084833,45.2492943892272 10.3834725489136,45.2491299490761 10.3834609379818,45.2490826389662 10.383378949763,45.2487939334962 10.3833400697713,45.2486570219109 10.3833169598108,45.2485221138515 10.3832718139325,45.2482585740841 10.383495416894,45.2481321037851 10.3835505305805,45.2481009315777 10.3836781199567,45.248028766648 10.3837164235513,45.2479927949852 10.3837784151117,45.2479345769715 10.3838541062328,45.2478634917121 10.3841321233782,45.2477961751409 10.3843983341564,45.2477317167948 10.3844936779586,45.2477086312757 10.38582858732,45.2473654077133 10.3865732787842,45.2471275338179 10.3866789123721,45.2470864066326 10.3867931131411,45.2470419428479 10.3867947995918,45.247041285957 10.3870120417451,45.2469567036137 10.3871897166074,45.2469048207876 10.3873848102599,45.2468478517124 10.3875700549921,45.2468559950086 10.3877571596564,45.2468642198188 10.3881015122753,45.2468884919463 10.3884625600627,45.246913938177 10.3886940225398,45.2469294273428 10.3889212858856,45.2469446340561 10.3891494149384,45.2469581825009 10.3893225456137,45.2469684641651 10.3893429279775,45.2469714549392 10.3894300946169,45.2469842441635 10.3894427335286,45.2469860986256 10.3895627130792,45.2470037030894 10.3895872133819,45.247007298123 10.3895894242922,45.2470067248243 10.3896137089186,45.247000430668 10.3896160249256,45.2469998299853 10.3898077830281,45.2469501256088 10.3899228010421,45.2468727741654 10.3899690077465,45.2468416991641 10.3899950827729,45.2468379710804 10.3900138625275,45.2468352859586 10.3900373432528,45.2468319288033 10.3901630541447,45.2468139544348 10.3903395841114,45.2467887135436 10.3903402774628,45.2467886150862 10.3903668425813,45.2467848161392 10.3905299441716,45.2467207806214 10.3906121673539,45.2466753314671 10.3907198961741,45.2466157839448 10.3908198056673,45.2465889630969 10.3909415188884,45.2465562875116 10.3909422544277,45.2465560904196 10.3910138806235,45.2465368619629 10.3912420515315,45.2465420981806 10.3913801742583,45.2465452680324 10.3916223338409,45.2465926511561 10.3916512251453,45.2465876335558 10.3917892395243,45.2465636672432 10.3918607260675,45.2465512532347 10.3919284420905,45.2465092637224 10.3919888612348,45.246471799085 10.3920051561341,45.2464492990954 10.3920417398035,45.2463987846776 10.3920578880154,45.2463764890035 10.3921076921192,45.2463077202712 10.3923110153686,45.2461135784458 10.3923814479474,45.246069322253 10.3925504972857,45.2459631020348 10.3928121372944,45.2457959990253 10.392995344811,45.2456669080269 10.393406772112,45.2453916148267 10.393597518704,45.2453240906274 10.3935987921046,45.2453236394114 10.3937253852414,45.2452788257057 10.3937333036145,45.2452760222921 10.3937355939746,45.2452752112022 10.3938266425145,45.2452419841387 10.393981229428,45.2451855702037 10.3942119073556,45.2450222940226 10.3943808589037,45.2449027076546 10.3944906413669,45.2448677048321 10.3948553002763,45.2447514364281 10.3948829708279,45.2447426144586 10.3949279413569,45.2447363347291 10.39527913746,45.2446872991382 10.3953340396882,45.2446796331761 10.395462767929,45.2446616593012 10.3955182926196,45.2446708284601 10.3955542424919,45.2446767649199 10.3955774751412,45.2446806019006 10.3957469549056,45.2447085894022 10.3957621759528,45.2447111029238 10.3957746283639,45.2447131587996 10.3958313059125,45.2447225189502 10.3958329140652,45.2447398975051 10.3958331859154,45.2447428286901 10.3958593927581,45.2450258665977 10.3958600839556,45.2450333285416 10.3958753670606,45.2451983860218 10.3957445825756,45.2455819459456 10.3957397831356,45.2455960191327 10.3957267177005,45.2456343382295 10.3957223843263,45.245647046484 10.3956551853996,45.2458441215591 10.3955651532439,45.2462977346486 10.3955137513352,45.2466158333089 10.3954683420375,45.2468968407014 10.3954651827984,45.24691639288 10.3959455679652,45.2468657548413 10.3959775415535,45.246858450778 10.396106164519,45.2468290707008 10.3962354551402,45.2467995373899 10.396474316249,45.2466942832686 10.3966743168156,45.2466061523321 10.3967308867136,45.2465671083841 10.3970021242154,45.2463799039407 10.3976713793223,45.2459179837539 10.3980776403616,45.245429535973 10.398252806167,45.2451499101149 10.3983093685729,45.2450596159959 10.398329327021,45.2449063775127 10.3982820996427,45.2443615990902 10.3982490000493,45.2438391362054 10.3982424254879,45.2436598246193 10.3982129816143,45.2428568246536 10.3982085568721,45.2427361471894 10.3982472365128,45.242171849936 10.3982748906783,45.241768410534 10.398282534271,45.2416569045914 10.3983070442845,45.2412993054041 10.3983079198404,45.2412865385667 10.3984543480502,45.2411935973778 10.3988914995209,45.2409161256376 10.3989610800697,45.2408588541196 10.3997327556933,45.2404858118788 10.3999456430154,45.2402252037891 10.4000258572874,45.2401634390901 10.400173775392,45.2391431837621 10.3998988279147,45.2378003612605 10.39979576154,45.2354511264923 10.3997789724671,45.2347675512128 10.4001260340563,45.2341222501318 10.4009218566773,45.2332791291294 10.4025607557369,45.2310580838369 10.4035581255738,45.2298064718143 10.4039738515341,45.2288825274682 10.4047663876819,45.2279112097605 10.406149786202,45.2263770368161 10.4061923306983,45.2256499939521 10.4063155489786,45.2245159606213 10.4067700408779,45.2227154308992 10.4072898774711,45.2217260858878 10.4075907319227,45.2204402824921 10.407643444584,45.2189011195011 10.4073164167141,45.2179008447871 10.4071080167719,45.2161939542394 10.4071050372445,45.2148477905305 10.4069201993605,45.2134825011164 10.4069579857966,45.212563200215 10.4073176650639,45.2112125658192 10.4079322721245,45.2103929939312 10.4087038812515,45.2099698076464 10.4092546560921,45.2097605681313 10.410127179232,45.2096188043169 10.4113377047029,45.2095204905736 10.4120867300792,45.2091539780816 10.4134863931927,45.2078505528582 10.4137570560723,45.2072160566601 10.4137848391993,45.2069775443489 10.4118686367746,45.2057865955577 10.4103814584736,45.2049118422948 10.4098381638326,45.2047399250679 10.409257075832,45.2044017544999 10.408942788307,45.2039531124229 10.4086099020482,45.2034332494183 10.4084994620891,45.2030535425203 10.4085423419536,45.2027433947389 10.4088537683919,45.2023942083048 10.4091495290687,45.2020928482096 10.4098970020623,45.2016668266474 10.4104607071827,45.2013026132432 10.4106852724698,45.2008473185632 10.4106357052385,45.2002048764407 10.4104363586602,45.1996357347743 10.4104089300496,45.1992073702097 10.4105800305158,45.1986336516091 10.4108908352943,45.198260650547 10.4112125873082,45.1976493446283 10.4111845643042,45.197197170943 10.4108714798159,45.1967961536053 10.4104724468539,45.1963247457146 10.4103956838701,45.1959446242189 10.410382447933,45.1954089079527 10.4105027321857,45.1948239093822 10.4107444038361,45.1943803110508 10.4111387809367,45.1939824599993 10.411428599078,45.1934429981488 10.4116339359884,45.1928926716626 10.4118047123554,45.1923070472647 10.4120652607456,45.191946572224 10.4124146988917,45.1917755320797 10.4129992521994,45.1915777651919 10.4137054856726,45.1915332990873 10.4145490619747,45.1915943026178 10.4155400320373,45.1914867543995 10.4162424230033,45.1912875100532 10.4165909582138,45.1910807434976 10.4170003346775,45.1906112344756 10.417110207085,45.1902883432092 10.4170954334458,45.1896931049425 10.4169294381386,45.1891116505526 10.4164267404981,45.1885343738209 10.415727050636,45.1881619806934 10.415053075044,45.1874677357798 10.4146906934709,45.1871149722726 10.4146136214389,45.1867229485855 10.4146948456193,45.1866028577497 10.4152506840872,45.1866078783128 10.4157571999755,45.1866611417104 10.4166941186626,45.1864882615494 10.4174181823962,45.1863506650291 10.4180135934513,45.1863218370193 10.4191262719383,45.186372320072 10.419712825185,45.1863936091277 10.4201661146681,45.1863379565874 10.420636939094,45.1861749086927 10.4214160821536,45.1858151034193 10.4222349046549,45.1854262192659 10.4226631780833,45.1851779522662 10.4227271197914,45.184905642495 10.4223453968293,45.184588869863 10.4214469588623,45.1842142233531 10.4208660855972,45.1840142455983 10.4198498375698,45.1837768089416 10.4185919161877,45.1839782149435 10.4182203331171,45.1840685722345 10.4177418924057,45.1839244667898 10.4176049153373,45.1836975245919 10.4175540535893,45.1832765970325 10.4176933208564,45.1827818575407 10.4180193529694,45.1824848613037 10.4183675330125,45.1822661851402 10.4185046763523,45.1820929991815 10.4185468370389,45.1817566570826 10.4184908385521,45.1815358553609 10.4182968118629,45.1814525247306 10.4177388355602,45.1813594220614 10.4175630613189,45.1811972683237 10.4173638965052,45.1809067917199 10.4173458195199,45.180585487813 10.4170511541467,45.1801104252294 10.4166152760806,45.1796442584339 10.4161965894326,45.1794636793148 10.4159428615029,45.1794168108475 10.4153663040356,45.1793882329907 10.4145787183899,45.1794051379536 10.4140787121704,45.1792041236857 10.4138501585476,45.1789497305744 10.4137206561493,45.1786155154508 10.4137187331849,45.1781296738847 10.4138425988185,45.1778280466009 10.4140345044585,45.177418401069 10.4144735789117,45.176791340788 10.4145033637659,45.1763622668567 10.4143410904827,45.1759284263784 10.4140257455545,45.175432176104 10.4134561714274,45.1748676214373 10.4131861835131,45.1745708692753 10.4129530582358,45.1741307589168 10.4127149921424,45.1734906471781 10.4124581463364,45.1729079277528 10.411868630513,45.171943485708 10.4113508779423,45.1710210248493 10.4106418235229,45.1697136613942 10.4102206325739,45.1690186446 10.4099624245033,45.1683787753374 10.4096790920465,45.1675391524986 10.4093584273205,45.1673013680894 10.4088314443498,45.1670935187753 10.4081919441112,45.167101407042 10.4071808275457,45.167399675956 10.4064527187836,45.1675694108924 10.405555142398,45.167693593151 10.4050046815843,45.1675574659582 10.4045933210973,45.1672588597631 10.4044835687794,45.1669029557935 10.4047270756282,45.1665367509792 10.4051335280571,45.1662935801946 10.4058409876078,45.1659692979425 10.4064926172542,45.1657707376642 10.4073649182097,45.1656468586131 10.4084407706545,45.1655859594813 10.4092876757383,45.1654564261635 10.4099729434331,45.1652574299364 10.4104239312403,45.1651149132953 10.4106472936997,45.1649573432971 10.4106865726789,45.1648437276626 10.4106489480888,45.1646834279091 10.4102836565497,45.1642056454348 10.4098692096841,45.1637820574811 10.4093742982721,45.1635083174437 10.4088799798373,45.1632583854776 10.4079831174266,45.1630670026159 10.4072126167898,45.162880011041 10.4066520276685,45.1626725647646 10.4064287262472,45.1624907340757 10.4062476429237,45.1623143367389 10.4061991298056,45.1620529474365 10.4062421420102,45.1617487504981 10.40648203744,45.1615790775296 10.4067828792335,45.1614920114962 10.4072786987963,45.1614620853076 10.4078805230851,45.1612939020219 10.4080651828381,45.1612737621626 10.4083168446701,45.1614742937727 10.4086698743617,45.1617974230926 10.4092732165278,45.1623734944157 10.4097591158533,45.1626235295575 10.4105429237239,45.1626674378854 10.4112743383306,45.1626345838306 10.4118563617805,45.162686931481 10.4122376314981,45.1627893933981 10.4126231959882,45.1627250816791 10.4128294214471,45.1625558110249 10.4129495948271,45.1623102002705 10.4129426782827,45.1620304361716 10.4127050614056,45.1616106238633 10.4123453912119,45.1610196486425 10.4122453414526,45.1607172187818 10.4121739458368,45.1602119901676 10.4121441773453,45.1596883846314 10.4120612822128,45.1590582592505 10.4120577835562,45.1585760074431 10.4122985612787,45.1581026438175 10.4126860349335,45.1577763212893 10.413063031798,45.1573667669386 10.4129802510273,45.1570819876879 10.4127976941023,45.1568460762431 10.4126391996634,45.1565622325735 10.4126213732702,45.1561813809474 10.4124963853441,45.1558911688128 10.4123139813913,45.1556612092752 10.4119999148319,45.1555519618871 10.4117801531267,45.1555129995403 10.4112169385316,45.1555378245402 10.4109238135905,45.1555950348046 10.4103985086285,45.155792060483 10.4100057492764,45.1559040878577 10.4094091712413,45.1559412242453 10.4088353385206,45.1558768546719 10.4085788466119,45.1557132995403 10.4083609005373,45.1554063665643 10.4082842131893,45.1550262401535 10.4084597598992,45.1546370481094 10.4087672659948,45.1541390518551 10.4091218177776,45.1538429186784 10.4094950971758,45.1536239578893 10.4102221387879,45.1534184903885 10.4105661692311,45.153378516038 10.4110167686535,45.1532240923202 10.4113155010994,45.1530536809816 10.4114126302404,45.1528976701989 10.4114085155577,45.1527310015534 10.4111577977059,45.1524602047685 10.4105341531592,45.1520808832053 10.4098470028917,45.1516511352668 10.4092330490044,45.151322893955 10.4087990446031,45.1509209783349 10.4083947998531,45.1504972582382 10.4080013610005,45.150101983834 10.4076778835961,45.1496772652001 10.4077656363552,45.1491402995241 10.4079539767944,45.1485878042061 10.408308568891,45.1482261754972 10.4087582251056,45.1480348553107 10.4092719629491,45.1479856454168 10.4099188594951,45.1480133856852 10.4105671662461,45.1480982656789 10.4113470501483,45.1481958050791 10.4118320928769,45.1482112446931 10.4120701155393,45.148036818147 10.4122020826527,45.1476564952808 10.4121780519834,45.1470923280402 10.4122676995599,45.1466339318218 10.4124001903624,45.146275037922 10.4126941784144,45.1459141450539 10.4132180186287,45.1454575200946 10.4136244373255,45.1451523949832 10.4139341562275,45.1450199474745 10.4143086739296,45.1450581799732 10.4147662382526,45.1451882691466 10.4153688247487,45.1454666066448 10.4163179605332,45.1458763995746 10.4166637977688,45.145979286463 10.4174194013899,45.1459127486943 10.4180514018161,45.1457477095218 10.4183687259009,45.1455151240816 10.4185141047998,45.1452703837043 10.4185583711216,45.1450197546585 10.418430688831,45.1443496999771 10.4183007067997,45.143586786805 10.418282642785,45.1432654809061 10.4185455898741,45.1428763778993 10.4192671375857,45.1422529306978 10.419604979259,45.1420343777793 10.4204345298745,45.1416953856028 10.4211234805995,45.1413867177578 10.4214022410933,45.1411161195312 10.4208651136413,45.1410008366608 10.4204119506548,45.1408440027131 10.4197659656378,45.1406589524976 10.4191390981737,45.1403201898987 10.4189435368537,45.1399355545905 10.418932594182,45.1394946164249 10.4192792762696,45.1389862198786 10.4195825429459,45.1385863807949 10.4200870517793,45.1379679997698 10.4203929023824,45.1376086331623 10.4206432367979,45.1372544572883 10.4213499637713,45.1364580245383 10.4219447977907,45.1358295089887 10.4222739716323,45.1352583099082 10.4224995266569,45.1346118878815 10.4224297345343,45.1335955841459 10.4222532242621,45.1326346180371 10.4219995888502,45.1321516936181 10.421320504162,45.1314355283534 10.4192750217319,45.1303073256604 10.4189157289405,45.1300608407067 10.4189015042165,45.1300592072192 10.4183066372511,45.1299908840643 10.4182987180043,45.1299882963129 10.41829824833,45.1299899206577 10.4182136210925,45.1299769839873 10.4174988730915,45.1299610646881 10.416568237508,45.1302207329045 10.4158698883858,45.1304594713213 10.4153093947842,45.1309345034551 10.4152150413024,45.1312327245264 10.4150662706845,45.1313875958493 10.4148105408479,45.131845343845 10.4147533164177,45.1319836838636 10.4145947285652,45.1323670625841 10.4144515785846,45.1327959578902 10.4143731340387,45.1332743405646 10.4142403288631,45.1335819423964 10.414056281979,45.1342490323438 10.4138569516813,45.1354532782751 10.4137520986256,45.1357967157386 10.4133225634393,45.1364725702971 10.4130957102665,45.1365563924832 10.4127633811156,45.1367300862777 10.4123790085817,45.1368893197535 10.4120885805294,45.1369739262746 10.4118349634362,45.1370040693063 10.4116041061371,45.1369259097837 10.411311678536,45.1369295262738 10.4109566955329,45.1368723738487 10.4107750160712,45.136828141864 10.4104948606838,45.136813601199 10.4099518448232,45.1367122931978 10.4097955027566,45.1365611979341 10.4094892538467,45.1365199726993 10.4088840713587,45.1362898301007 10.4084996225754,45.1361001141829 10.4080067138071,45.1357774674404 10.4078276354362,45.1356673294897 10.4074584214183,45.1353928348369 10.4072019283253,45.1353059815518 10.4067016584486,45.1351321174935 10.4062154340014,45.1350120868007 10.4058017619494,45.135013332207 10.405403075892,45.1350761020735 10.404952894577,45.1353876969247 10.4046567127655,45.1357559041654 10.4041598647081,45.1362390998951 10.4039477018385,45.1364037369336 10.4037638529644,45.1365994495998 10.4034930015225,45.1367644273872 10.4032116995695,45.1369888866864 10.4029598428893,45.1370909994154 10.4025018397501,45.1373441703259 10.401970704425,45.1374677160033 10.4011326564974,45.1375230145483 10.4003176113815,45.1374790077496 10.3997809619692,45.1373775714989 10.3987633435123,45.1371109991349 10.3977523114495,45.1368533387836 10.397446508533,45.1368300783189 10.3969107503102,45.1367646245344 10.3966560254569,45.1367497387947 10.3961384605609,45.1366480519773 10.3958714612014,45.1366513180023 10.3952964656568,45.1365413276878 10.3947363807242,45.1365211686477 10.3941381530538,45.1365014725594 10.3934719789062,45.1365714612089 10.3927695090794,45.1367027133006 10.3921402287465,45.1368941949565 10.3916996166896,45.1370990908293 10.3913529463645,45.1372870873613 10.3911659525461,45.1374423922079 10.3907532697135,45.1377309706734 10.3904424084806,45.13802280687 10.3902286680272,45.1381244273457 10.3899267139095,45.138347277938 10.3895293029,45.1391226768828 10.3892395600961,45.1398152575447 10.3891234796342,45.1402929558622 10.3890601620398,45.141054696766 10.389073981506,45.1415692897814 10.389093607718,45.1417993103193 10.3891198912728,45.1421073523051 10.3893925115444,45.1427073886564 10.3893570989644,45.1431679221429 10.3891934011173,45.1434119319518 10.3887919613128,45.1436418551465 10.3882876978248,45.1438280203492 10.3880338168915,45.1438491110569 10.3877428795102,45.1439156592024 10.3870987225429,45.143909410869 10.3870935736331,45.1439093608941 10.3870251008798,45.143898049341 10.3866406598524,45.1438345395161 10.3858442027117,45.143511155207 10.3851854484368,45.143096080568 10.3849884981836,45.1428419262259 10.3845356408379,45.1422623212761 10.3843141431298,45.1415866188601 10.3840347490521,45.1404860923082 10.3838041080795,45.1398902871245 10.3836546602321,45.139496030789 10.3833608201205,45.1390314081628 10.3830475702586,45.1386716323854 10.3825432888768,45.1383412513943 10.3825133820332,45.1383216575859 10.3822698445056,45.1382435931772 10.3819892516481,45.1382109853121 10.3814793593719,45.1381631485925 10.3808763538405,45.1381299283292 10.3807823599496,45.1381247502582 10.3801508942154,45.1381882210845 10.3795768154788,45.1383644302354 10.3789797061366,45.1385638491963 10.3784492702119,45.1388253893762 10.3779989104917,45.1391368798657 10.3774700796618,45.1394993800397 10.3771531557906,45.1397664434611 10.3769795833186,45.1401168472199 10.3769072187241,45.1405968891566 10.3768668865579,45.1408644437122 10.3768704037894,45.1411597006876 10.3768759058192,45.1416213537657 10.3768324806925,45.142167555722 10.3766623707396,45.1427896274322 10.376374307221,45.1435042224452 10.3760529860775,45.1442082587513 10.3755583926643,45.1450128133775 10.374916716391,45.1453512416734 10.3745574090926,45.1455269923476 10.3738434621486,45.1457517738308 10.37327282931,45.1458164594731 10.3731319814594,45.1458324254832 10.372760039713,45.1457852070459 10.3718089448968,45.1456337097886 10.3706899122777,45.1454072722307 10.370496561169,45.1453681464548 10.370260741356,45.1453902662959 10.369608285514,45.1455139980778 10.3689684323675,45.1459025492422 10.368507489329,45.1462280022155 10.3681431097824,45.146485271488 10.3677268248892,45.1469159589192 10.3677187562541,45.1469243065252 10.3676894167185,45.1469587248906 10.3670738116839,45.1476808831719 10.366267339941,45.1491239268208 10.3659496165143,45.1498939670429 10.3659102733731,45.150303812435 10.3658564051905,45.1508649727362 10.3658266067942,45.1511753854371 10.3652609882788,45.1533578692518 10.365141083987,45.1538205072688 10.3648046771924,45.1551184597425 10.3645498302646,45.1556533937579 10.3642423339441,45.1562567146039 10.3639128339542,45.1566847725481 10.3635840158415,45.1573687708724 10.3636554218946,45.1576924695121 10.3637903057148,45.1580063965851 10.364068802142,45.1581969124122 10.3643472862402,45.1583874195997 10.3644985570578,45.1584968117254 10.3648010745408,45.1587155767546 10.3651911750005,45.1590444917289 10.3654441559505,45.1595012532036 10.3654728414047,45.1596746463041 10.3655143023034,45.159963223401 10.3655532870807,45.1603383677675 10.3654534375799,45.1609616078146 10.365121064543,45.1614523918803 10.3647973473926,45.1617717820865 10.3644453610027,45.1619743072613 10.3639176506866,45.1621032037516 10.3632228507781,45.1622185521849 10.3625123701892,45.1623534019974 10.3618227243258,45.1625354071607 10.3610473004403,45.1628067424743 10.3601778729518,45.1631109628086 10.3599693987034,45.1631919954386 10.3593196107535,45.1634596460114 10.3591173183114,45.1636047908621 10.3586203834322,45.1639803628868 10.3583824825023,45.164246070979 10.3581124454909,45.1646820008244 10.3577771571978,45.1650550658406 10.3577220732732,45.1651047844449 10.357388019312,45.1653420451326 10.357053296981,45.1654788315698 10.3558165404666,45.1656738236393 10.3555540664524,45.1656484296894 10.3549908774053,45.1655583405591 10.354646302883,45.1655032193951 10.3537597844884,45.1652739228025 10.3532056000413,45.165142211376 10.3529472242624,45.1650808020666 10.3524253093528,45.1649662568746 10.3517041237257,45.1647945663267 10.3514487085279,45.1647337585958 10.3513022363828,45.1647202494803 10.3502354197115,45.1646218513665 10.3494036876512,45.1650193052629 10.3490033925891,45.165343889697 10.3486781062841,45.1655958074551 10.3485993529295,45.1657007042247 10.3481495504365,45.1664224120789 10.3480340986634,45.1665818759759 10.3475469121256,45.1672110110813 10.3475249569961,45.1672393634922 10.3472686852941,45.1674424774906 10.3470252054369,45.1677360571458 10.3467989270873,45.1680610400574 10.3467184683782,45.1681289605287 10.3464880229804,45.1683892456259 10.3463134577075,45.1685535725346 10.3461941018324,45.1686596349221 10.3459898059562,45.168881925214 10.3458455068678,45.1689804146816 10.3456513675855,45.1690725519219 10.3455871652995,45.1691030220985 10.3455620279774,45.1691188731945 10.3452229566762,45.1693326790815 10.3450995625365,45.1695054182429 10.3448591682171,45.16958036479 10.3445837172384,45.1697051796985 10.344417871964,45.1697838788347 10.3439642528769,45.1700055683442 10.3435488564186,45.1702268063249 10.3432825519742,45.1702840222531 10.3429535460049,45.170394715765 10.342296313368,45.1706201316255 10.3415818035669,45.170803995216 10.3412584639366,45.1709297895704 10.340820588734,45.1709907647858 10.3408113963726,45.1709920447393 10.3404084293195,45.1710929809563 10.340408369799,45.1710929933572 10.3401940669019,45.1711946719934 10.3401343450683,45.1712247561457 10.3399925161105,45.1712961987831 10.3397514770741,45.1713440930065 10.3392061828869,45.1715967777435 10.3388316433809,45.1717965949513 10.3385791214792,45.1718987123373 10.3384432535836,45.1719651016415 10.3381715504028,45.1721255559018 10.3377672306451,45.1723109504513 10.3375291695252,45.1724714132175 10.3373602669353,45.1725852596687 10.337194096109,45.1727172716437 10.3370789547558,45.1728087436839 10.3368344814982,45.1730550083186 10.3365839445215,45.1733965728962 10.3361883637164,45.1739957127865 10.3358119538105,45.1745724846954 10.3354919995704,45.1749382334328 10.335377302616,45.175064374724 10.3351038383042,45.1755105233984 10.3348068797407,45.1759807473068 10.3346400247867,45.1762449510542 10.3344876496715,45.1765873006613 10.3343962805201,45.1767925800411 10.3342916625758,45.1771056694822 10.3342554941789,45.1771911487635 10.3341575782279,45.1774225543242 10.3340218102306,45.1776134561631 10.3338595043391,45.1777595884278 10.3334423918336,45.1781811466495 10.3329980368025,45.1785359139895 10.3327968678539,45.1786554511044 10.3322917409067,45.1788596611438 10.3316326385465,45.1789442773054 10.3310925997229,45.1789648287034 10.3307011123829,45.1789773138601 10.33045855399,45.1789511530834 10.3303736436669,45.1789419947928 10.3299087180438,45.1788873477958 10.3296521764099,45.1788182032241 10.3296193051728,45.1788023568918 10.3294330296651,45.1787125611894 10.3292502332733,45.1785253627731 10.3290127037303,45.1781765210257 10.3287453037891,45.1776387088947 10.328510289961,45.1768480912093 10.3284333598708,45.1764781979756 10.3283952597687,45.1762949992583 10.328115121614,45.1756943040451 10.3279355165691,45.1753720612094 10.3277680944484,45.1750716710746 10.3271133818519,45.174254939493 10.3269183786035,45.1740947463347 10.3266311263448,45.1738587692997 10.326022920853,45.1733671909883 10.3255555780094,45.1729894548627 10.3247929831057,45.172635940922 10.3240557167915,45.1722712469685 10.3233835677052,45.1719387558906 10.3229716663374,45.1717947384395 10.3229151045957,45.1717749617481 10.3217913995581,45.1713851715421 10.3210305085003,45.1711045063521 10.3206679907925,45.1710274073577 10.3203692777493,45.1709746616126 10.3198860934346,45.1709142077436 10.3193955823323,45.1709362377465 10.3193954030711,45.1709362452187 10.3189474636723,45.1710261553635 10.3185925226745,45.1712961295474 10.3184720627764,45.1717109732997 10.3184416782163,45.172091653498 10.3185107132358,45.1723507182728 10.318532307622,45.1724317539642 10.318577307975,45.1726235108063 10.3186449085042,45.1729115656978 10.3187721787687,45.1734223185176 10.3188665288135,45.1738750557886 10.318896809237,45.1744477752805 10.3190100369482,45.1748457712567 10.3190932011778,45.1751981005921 10.3190633599955,45.1754592711173 10.3189218334127,45.1760605298263 10.3185366378892,45.1767152256747 10.3182892043781,45.1771002838666 10.3179937811659,45.1774297043592 10.3177703796885,45.17767388352 10.317226797889,45.1781490379775 10.3168057217931,45.1784238198927 10.3166710932824,45.1785116729692 10.3165803223493,45.1785622646726 10.3162797033252,45.1787298142771 10.315820421976,45.1789654931457 10.3151116880221,45.1791927813431 10.3143112009834,45.1793921412961 10.3137874096958,45.1795305408217 10.3130776955782,45.1796722750262 10.3129457608069,45.1796986231213 10.3121373780971,45.1797836277729 10.3114796171613,45.1797641826474 10.3108894263414,45.1797109859053 10.3101736726946,45.1795923301333 10.309572033297,45.1794567874789 10.3084892761436,45.1792519339157 10.3079910794721,45.1791755959539 10.3068322132204,45.1791242727869 10.3062695647322,45.17913514559 10.3060045588957,45.1791402651457 10.3053072680448,45.1791896131168 10.3051358925808,45.1792090396682 10.3043084921041,45.179302829829 10.3038078850722,45.17935658675 10.3032680048883,45.1794650813825 10.3027708917959,45.1796197879335 10.3023568208119,45.1798102152851 10.3021497071699,45.1799680087804 10.3020461524651,45.1800469053613 10.3019609507149,45.1801352801757 10.3018156132882,45.1802860306313 10.3016615454068,45.1807217440057 10.3015517100024,45.1809844588401 10.3014491210034,45.1814133523678 10.3014670673868,45.1815819728941 10.3014766034033,45.1816715701605 10.3015947938565,45.1819005167742 10.3016096239883,45.1819292439322 10.3017866672479,45.1821972185676 10.3020971870298,45.1824637430112 10.3020985070634,45.1824646407264 10.3023468247511,45.1826335982316 10.3025839437026,45.1827648093982 10.3028096471585,45.1828788158338 10.3030622616531,45.1830064150835 10.3033878708828,45.1831237234986 10.3037467217402,45.1832530062244 10.304174782876,45.1833778661302 10.3041868741113,45.1833813935076 10.304210895763,45.1833887075425 10.3047968549733,45.1835671172457 10.3054720806257,45.1837787367173 10.3055888257601,45.1838212355164 10.3061040082082,45.1840087778132 10.30645532809,45.1841203247847 10.3066310019926,45.1841761017553 10.3071136909284,45.1843783932164 10.3074295134748,45.1845107502368 10.3079568633255,45.1847317065787 10.3082219662102,45.1849038967116 10.3086201980535,45.1852123047435 10.3087083072143,45.1853100250379 10.3088978696577,45.1855202650972 10.3091920467837,45.1859772143808 10.3093350610559,45.1863514401012 10.3093622085533,45.1868383040664 10.309264990651,45.1872647994906 10.3089449821906,45.1876165210954 10.309718797542,45.1878445896756 10.309806158226,45.1878734551076 10.3099387591272,45.1879172672332 10.3101846841123,45.1879985238952 10.3102520032912,45.1880207668816 10.3103671901222,45.1881772691281 10.3103900458076,45.1881893445026 10.3105447061967,45.1882710535344 10.3108470100379,45.1882450345701 10.3109772292247,45.1883619067405 10.3109858122515,45.1885857114121 10.3108441399662,45.1888143681736 10.3106366094258,45.1891493140822 10.3105096731619,45.1895227906756 10.3104282140214,45.1895423057871 10.3103025587813,45.1895724080163 10.3101919173827,45.1895468220367 10.3100150689705,45.1895059248738 10.3099405039917,45.1896671462624 10.3099822059586,45.1898106814921 10.3100456147839,45.1900289252198 10.3100607950371,45.190081174807 10.3102922797824,45.190122773626 10.3109701719028,45.19024458793 10.3110922983545,45.1903559160129 10.3110709777524,45.190468893714 10.3109208582771,45.1905269845383 10.3106979990576,45.1904859577145 10.3106326692916,45.190473929729 10.3103041184991,45.1903987909321 10.3101374115813,45.1904288887323 10.3101663631195,45.1906483855545 10.3101059711347,45.1907956322952 10.3100129259795,45.1909094335532 10.3098226964527,45.1909567103159 10.3096664131833,45.1910937839353 10.309528182016,45.1913802170105 10.3093119005867,45.1916653754531 10.3091336664785,45.1919003686564 10.309174154787,45.1922603056476 10.3093570664999,45.19256312805 10.3095258682708,45.192842586184 10.3094366521445,45.1929260903311 10.3093889356708,45.1929707517925 10.3092332851445,45.1931164347806 10.3092340501162,45.1931202589056 10.309253725357,45.193218567905 10.3092872946898,45.1933863065217 10.3095893850246,45.1935220455085 10.3096068342731,45.1935298865524 10.3098233826953,45.1937091449361 10.3098815874457,45.1937573264517 10.3100300494675,45.1939753955239 10.3098282298493,45.1940368828862 10.3097823625041,45.1941219379215 10.3097831233885,45.1941244163452 10.3098340477373,45.1942904011306 10.3100867809678,45.1945135760658 10.3102045380302,45.1946569649499 10.3105077156875,45.1950261310004 10.3105365533023,45.1950612457676 10.3106055881077,45.1954314025525 10.3108806179401,45.1959846678894 10.3110339558665,45.1965107963561 10.3109298977992,45.1967541897099 10.310907976431,45.1968054643951 10.3109190691158,45.1968177574987 10.3109625463101,45.196865939179 10.3111042604364,45.1970229829613 10.3113583639899,45.197155307425 10.3115686053077,45.1978237265231 10.3116762838722,45.1980772951547 10.3118459511199,45.198476833053 10.3118801875085,45.1985493565061 10.3119732276206,45.1987464475709 10.3119444412369,45.1991040464946 10.3119232868109,45.1993668363165 10.312070893687,45.1995509735347 10.3120709946365,45.1995511001979 10.3120961442901,45.1997839928907 10.3121241183895,45.2000430361366 10.3124759498407,45.2004242065327 10.3124054188795,45.2008673037807 10.3124187366594,45.2009867246654 10.3124570351146,45.2013301473397 10.3124972735999,45.2016909703206 10.3125071175427,45.2017792404903 10.3127125815131,45.2018599213855 10.3129061648065,45.2019359370424 10.3130366044281,45.2019871570497 10.3132493584144,45.2019195495729 10.3132706536495,45.2019593258732 10.3133441508196,45.2020966086572 10.3134742438693,45.2023396017627 10.3135863340864,45.2026413591388 10.3135881652791,45.2026462916653 10.3136399485609,45.2027856936593 10.3142550553448,45.2029413103224 10.3144020759321,45.2029785051394 10.3147584343516,45.2030686586924 10.3148045931133,45.2034329052217 10.3149157774114,45.2043102494897 10.3149783492967,45.204803981461 10.3151069701142,45.205130646068 10.3152350037111,45.2051239163403 10.315746027511,45.2050970555983 10.3164978455919,45.2050575338813 10.3176677859896,45.20457679209 10.317686600487,45.2045690613378 10.3178952628721,45.20486776642 10.3179091861443,45.2048876973375 10.3190847199574,45.2049318849363 10.3239288357597,45.2051138454083 10.3239667687255,45.2054425550913 10.3240288320415,45.20598035352 10.3240754084042,45.2065636932745 10.3243377586461,45.2096576050021 10.3217330740024,45.2101237119973 10.3217352782483,45.2129720593579 10.3227555646286,45.2129527182105 10.322997914108,45.2129542719567 10.3244251408336,45.2129634091908 10.32450949424,45.2133908126405 10.3278129379866,45.2132472007438 10.3279763000553,45.2138821024016 10.3280883808987,45.2143176962067 10.3292576941978,45.2141598490901 10.33195434625,45.2137353312735 10.3319690290543,45.2143641001942 10.3319743572568,45.2154348172477 10.3319790711308,45.216381834999 10.3314776452907,45.2171969534328 10.3314432411168,45.2172528791359 10.3313803560654,45.2174697145953 10.3311687097235,45.2181994921473 10.3301531941138,45.2223518525733 10.330088828718,45.2227718963656 10.3317502606566,45.2228463603595 10.3319448635623,45.2228550807112 10.3397063888247,45.2233407938467 10.3410514541914,45.2237705014095 10.341338787901,45.223374038079 10.341668736803,45.2232129257564 10.3429310313193,45.2232767022849 10.3511168252513,45.2236073129095 10.3516691075628,45.2236422337956 10.3528551954928,45.2236862267659 10.3560862131861,45.2238717701974 10.3560363856656,45.2240525971196 10.3560214564004,45.2241067785337 10.3560159467926,45.2241288789477 10.3559886895067,45.2242382190558 10.3559459211316,45.224703748029 10.3558890588742,45.2251131294721 10.3558488745584,45.2254024315106 10.3558439243256,45.2254471021484 10.3557996218726,45.2258468998062 10.355738909324,45.2263126416268 10.3559034209617,45.2263192128509 10.3563916021667,45.2263387087436 10.356709419525,45.2263446027117 10.3567469066788,45.2263452987229 10.3567461604558,45.2263477713228 10.3566086144867,45.2264938718978 10.3564825181026,45.2266278119781 10.3564708534503,45.2266736929933 10.3564577293172,45.2267253181517 10.356489468301,45.2268055485147 10.3564897265805,45.2268057497825 10.3565602754228,45.2268607611374 10.3565101674296,45.2269224726474 10.3564766019771,45.226963810578 10.3564402024062,45.2270086378718 10.3562750303306,45.2271735626389 10.3562071939704,45.2273406329711 10.3562747413096,45.2275136512947 10.3563152690657,45.2276174586744 10.3563328071037,45.2276527931153 10.3564146306523,45.2278176465727 10.3564836708609,45.2279739562921 10.3565457328188,45.2280980664896 10.3565298723102,45.2281272066929 10.356465673451,45.228245160016 10.3564521307713,45.2282544655934 10.3563327857054,45.2283364671581 10.356331638882,45.2283372558158 10.3563263934887,45.228340859341 10.3563117663125,45.2283347247671 10.3563093884795,45.2283337268294 10.3563070698484,45.2283327542931 10.356296135491,45.2283281682358 10.3562158841201,45.2282945057965 10.356161119484,45.2282106799558 10.3560599963836,45.2281430655689 10.3560260095632,45.228120340501 10.3559479390768,45.2280879464018 10.3558864432706,45.2280624288901 10.3558855628347,45.2280626346785 10.3558825946555,45.2280633270374 10.3558638038621,45.2280677133842 10.3558253836201,45.2280766814586 10.355773063786,45.2280888948888 10.3557668515878,45.2281108775957 10.3557651302792,45.2281169713998 10.3557328577823,45.2282311714616 10.3557332664712,45.2282349661773 10.3557336570436,45.2282385882777 10.3557387884216,45.2282862294395 10.3557597977571,45.2284812801257 10.3557772293717,45.2286345600333 10.3557771223432,45.228636166286 10.3557663978872,45.2287964731545 10.3556678941023,45.2289935197223 10.3556602780311,45.2290087543985 10.3556497051039,45.2290242492165 10.3554925398054,45.2292545813427 10.3551602804972,45.2295359580806 10.355146465941,45.2295495505795 10.3551400428989,45.2295558711993 10.3549882515806,45.2297052209347 10.3549674599076,45.2297256779912 10.3549337587303,45.229888038797 10.3549048252924,45.2300260495562 10.3549031073503,45.2300484271625 10.3549025946544,45.230055103416 10.3548950472227,45.2301534389036 10.3548858694685,45.2302730158555 10.3548956323386,45.2303244655641 10.3549363082039,45.2305388398191 10.3548946431184,45.2307902900903 10.3548110737513,45.2309719576892 10.3548059655016,45.230983062331 10.3551274870537,45.2310952685976 10.3551479076572,45.2311049000934 10.3551623154558,45.2311116954324 10.3551650880147,45.2311130028643 10.3552301157653,45.2311436727455 10.3552545238849,45.2311551841361 10.3555018469373,45.231189137955 10.3557064137436,45.2312034929309 10.3557714644568,45.2312080576556 10.3558242652356,45.2312116632961 10.3559802317479,45.2312223145611 10.3559944476437,45.2312232853525 10.3560467992968,45.231226860217 10.3563276867585,45.2312415139471 10.3565317825323,45.2312468705608 10.3565911106441,45.2312484269601 10.3566485677722,45.2312500541652 10.356843100052,45.2312555634471 10.3571066813026,45.2312665133085 10.3573934475208,45.2312850894505 10.3579407571812,45.2312577562544 10.3582270750296,45.2313008703339 10.3584470200039,45.2313215132206 10.3585349623716,45.2313282200687 10.3590295168653,45.2313611006086 10.3592971759575,45.231382271281 10.3593703138651,45.2313880564187 10.3593957590687,45.2313931211504 10.3594805645449,45.2314100030895 10.3595794751245,45.2314165785534 10.3598100911911,45.2314377434761 10.3599533665809,45.231450891651 10.3599955181056,45.2314556321642 10.3601620382845,45.2314743569613 10.3603274421391,45.2314929552893 10.3604543554318,45.2315072258124 10.3605144807407,45.2315139861889 10.3606795796726,45.231535278211 10.3607121799209,45.2315381735263 10.3610644417764,45.2315694578453 10.3613176679106,45.231605204631 10.3613783622443,45.2316225022164 10.3616049154208,45.2316870653453 10.3617553817073,45.2317015900713 10.3618908664,45.2317146675905 10.3620468488269,45.2318135996434 10.362055923661,45.2321934011418 10.3620255810141,45.2323264048844 10.3620062615195,45.2324110854024 10.3619774269284,45.2325820010801 10.3619752347965,45.2325892680934 10.3619164230946,45.2327843144464 10.3618020510428,45.2330492895841 10.3617405577987,45.2330441097735 10.3616633389537,45.2330376060837 10.3616284882818,45.2330346703629 10.3615998339129,45.2330322566527 10.3615883348994,45.2330312883703 10.3613182637596,45.2330085396475 10.3612129927569,45.2329916509924 10.3611265032228,45.2329777762401 10.3610991010101,45.2329733797345 10.3610510349435,45.232965668493 10.3610354865293,45.232963174044 10.3609336152163,45.2331349644317 10.3608604855546,45.2333102306722 10.3608280114962,45.2335008524451 10.3607952171307,45.2336834009072 10.3607571854326,45.2338781809921 10.3607134385033,45.2340730732687 10.3606919158758,45.2342513556469 10.3606537246004,45.2344420940739 10.3605982215331,45.2346291320706 10.3605543160391,45.2348199871455 10.3605048501383,45.2350149915582 10.3604607813631,45.2352018050241 10.3604594582647,45.2352130943557 10.3603422101827,45.2355297757067 10.3603231474941,45.2355812640419 10.3603191452649,45.2355902115722 10.3601663041009,45.2359319243148 10.3599933928504,45.2365818312733 10.3597001845946,45.2372261707329 10.3595731397596,45.2376020379284 10.3595475563314,45.2376777252539 10.3595516853404,45.2377193803596 10.3595871149131,45.2380767951583 10.3597038067753,45.2385429228441 10.3598010289441,45.2390902441065 10.3597949140828,45.239191858186 10.3597902361102,45.2392695875016 10.3597895682017,45.2392806844838 10.3597840491668,45.2393724005441 10.3597774206586,45.2394825542183 10.359771292322,45.2394873665172 10.3597328902001,45.2395175244575 10.3595449224768,45.2396651395861 10.3592171446894,45.2397568086125 10.358830213761,45.2398012391688 10.3583831442881,45.2399115533394 10.3583358468701,45.239930231608 10.3583187738051,45.2399369743301 10.358113163191,45.2400181700708 10.3581077879114,45.2400263615125 10.3581021260263,45.2400556776336 10.3580959139045,45.240087835791 10.3580654852572,45.2402453685898 10.3580641155427,45.2403089476244 10.3580620154924,45.2404064181311 10.3580596515384,45.2405161276003 10.3580652722712,45.2405284487064 10.3582421873275,45.2409162517816 10.3584079269737,45.2413248073783 10.3586165006538,45.2416637985098 10.3588862261653,45.2420049591564 10.3589012585245,45.2420239725003 10.3589243878175,45.2420532286802 10.3589813354108,45.2421074631984 10.3590032636386,45.2421283469008 10.3593352803188,45.242444547318 10.3596922263983,45.2427763997865 10.3600253141635,45.2430845146119 10.3604499780957,45.2433947537374 10.3604802049598,45.2434151575185 10.3608795161781,45.2436846940753 10.3612282354844,45.243956124038 10.36162887846,45.244238585416 10.361750777082,45.2443391311918 10.3618392922943,45.2444121413302 10.3619148235753,45.2444744413719 10.3619211460174,45.2444796561829 10.3619250026574,45.244482837245 10.3619432229446,45.2447813681372 10.3619125217886,45.2451480418677 10.3618974849279,45.2453276357334 10.3619482027125,45.2458648675335 10.3619488645695,45.2458718736521 10.3619519172787,45.2458686578935 10.3619605906102,45.2458595195865 10.3619684634918,45.2458512252699 10.3620307541782,45.2457856018004 10.3621953057818,45.2456122439642 10.3625605319554,45.2453218567628 10.3630447173928,45.2450047433201 10.3637063336038,45.2446919973577 10.3645982839567,45.2442815234445 10.3654905198479,45.2437417767289 10.3664191699076,45.2431164352061 10.3674057739026,45.242510066812 10.3682463698104,45.2419673413236 10.3689968538963,45.2413214743447 10.3696799547696,45.2407052903263 10.3697538175252,45.2406948870003 10.3697993425415,45.2406884754918 10.3701517226296,45.2406388467599 10.3710971399882,45.240552959854 10.3713079765052,45.2405338058695 10.3714512471967,45.2405161489031 10.3727299942636,45.2403585457147 10.3727790451265,45.2407964798484 10.3727940888239,45.240930787759 10.3728168308509,45.240930517057 10.3745770836824,45.240909499245 10.3758379262441,45.2409799477586 10.3760154928232,45.2405803576643 10.3760609320689,45.2405766010534 10.376277590512,45.2405586900626 10.3765563061158,45.2405739862933 10.3766500946434,45.2405791333469 10.377102250988,45.2405784567708 10.3778907310672,45.240577274481 10.3779439990709,45.2405894058323 10.3779606571014,45.2405931997141 10.3781153634307,45.2406284336043 10.378150514188,45.2406364384493 10.3782940774393,45.2407869131789 10.3784589908508,45.2415791980016 10.3785354648563,45.2416300995224 10.3786024122672,45.2416515620732 10.3786139526303,45.2416552619159 10.3786254120931,45.2416589357294 10.378636921627,45.2416626251401 10.3787826125639,45.2417093314354 10.3788310611311,45.2417248637421 10.3791614811485,45.2417678644019 10.379182039507,45.2417705398123 10.3792852569583,45.2417839719776 10.3795154861744,45.2418020114973 10.3797512035751,45.2418204811267 10.3797728684969,45.2418221789929 10.3797601140551,45.2424142200092 10.3797535419455,45.2427193236246 10.3797658476148,45.2427962526039 10.3798040229572,45.2430349015893 10.3798855593276,45.2435446135581 10.379820135398,45.2440266742951 10.3797612230694,45.2441228107651 10.3796745120419,45.2442643079692 10.3796596419596,45.2442885731003 10.3795203784755,45.2446469684462 10.3793530564771,45.2450180733705 10.379409563122,45.2454087019993 10.3795419622989,45.2457007882689 10.3795332244131,45.2463068758912 10.3795441975905,45.2467025012108 10.3795663457776,45.2469565149634 10.3796221195055,45.2471129830812 10.3796390734649,45.2471605467983 10.3796506641006,45.2471930626018 10.3799267543399,45.2475023190609 10.3799296814393,45.2475051101769 10.3802127387253,45.2477750133597 10.3804369856838,45.2479106223905 10.3804709308204,45.2479311505452 10.3804930444599,45.2479811478843 10.3805594368392,45.2481312553714 10.3805479693234,45.2482227687749 10.3805366181325,45.2483133518092 10.3805294934597,45.2483702071358 10.3805260481683,45.2483787984624 10.3804674080083,45.2485250102735 10.3803897973861,45.2485648342874 10.3803299388992,45.2485955483315 10.3803147505437,45.2486033418364 10.3802211331597,45.2486513778009 10.3799772922778,45.2486727158754 10.3796365828171,45.2487025294679 10.3797990691816,45.249355033955 10.3779928606407,45.2495101869934 10.378000937359,45.2495411160744 10.3780033626857,45.2495504007117 10.3780050732506,45.2495569512017 10.3780702176568,45.2498063928641 10.3781974479894,45.2502935578359 10.3783043312943,45.2509295279808 10.3782962808902,45.2510523648663 10.3782910411997,45.2511322997495 10.3782853063978,45.2512197938065 10.3782770527982,45.2513457179678 10.3782764932582,45.2513542482872 10.3781584175069,45.251631743649 10.3781360143035,45.2516843931313 10.3779615902027,45.2520233305467 10.3778788549324,45.2522310791167 10.3779208619375,45.2522452159565 10.3780058756024,45.2522738249861 10.3780197199085,45.2522784836496 10.3780346332388,45.252283502975 10.3780934963341,45.252303311646 10.3784811752453,45.2522749583432 10.3791669836355,45.252264564836 10.3792516270264,45.2522590066381 10.3798912614669,45.2522170030465 10.3806108389736,45.2521937724614 10.3810254642878,45.2522617883443 10.3815614364634,45.2523595592289 10.38171455378,45.2523952745833 10.3818824717691,45.2524344409485 10.3819034383109,45.2524393316067 10.3820696955472,45.252478110924 10.3831523140828,45.2525199212868 10.3832213686665,45.2524680019661 10.3832486700735,45.2524474753882 10.3832579928844,45.2524404654725 10.3832648726683,45.2524352926601 10.383264435179,45.2523224806737</coordinates></LinearRing></outerBoundaryIs></Polygon></MultiGeometry>
  </Placemark>
  <Placemark id="acquaioli_2026.6">
	<Style><LineStyle><color>FF12fa4b</color><width>3.40157</width></LineStyle><PolyStyle><fill>0</fill></PolyStyle></Style>
	<ExtendedData><SchemaData schemaUrl="#acquaioli_2026">
		<SimpleData name="ID">0</SimpleData>
		<SimpleData name="NOME">BUZZAGO</SimpleData>
		<SimpleData name="ZONA">Medio Sud</SimpleData>
		<SimpleData name="Shape_Area">2422.87598671742</SimpleData>
	</SchemaData></ExtendedData>
      <MultiGeometry><Polygon><outerBoundaryIs><LinearRing><coordinates>10.6617707065243,45.1533559650535 10.6604242399437,45.1534103553004 10.6593660553701,45.1534674455923 10.6590158615762,45.1534863376652 10.6589570742526,45.1534919726347 10.6581906205878,45.1535654475348 10.6566157684773,45.1536825152225 10.6561682573287,45.1537157774394 10.6558733725909,45.1537450440023 10.6548537484145,45.1538462320516 10.6533359592775,45.1539043628552 10.6527281234834,45.1539343924655 10.6524405609206,45.1539485977485 10.6523023085058,45.1539208830061 10.6519503491367,45.15385032907 10.6519346196468,45.1538405557584 10.6517681183106,45.153737104604 10.6508595655584,45.1529030181873 10.6507788848349,45.1528289484812 10.6502844530711,45.1524133868084 10.650155425061,45.1523049394088 10.6499714341001,45.1521309625027 10.649692309042,45.1518670286069 10.6491261660971,45.1513316851993 10.648827040726,45.1510488274918 10.648655171998,45.150909638687 10.6484403573868,45.1507536999691 10.6479183947984,45.1505833230937 10.6476470475217,45.1504869240961 10.6472970368527,45.1503625775818 10.6467056693597,45.1501735178342 10.6462481127059,45.1501138858483 10.6462285325655,45.15011133352 10.6461692549474,45.1500959761012 10.6456965988381,45.149973523368 10.6451455672181,45.1497916471146 10.644188295751,45.1494564065779 10.6440279132891,45.1494002382196 10.6439121181835,45.1493596847672 10.6427888970154,45.1489744830302 10.6419439808388,45.1486090338037 10.6408515959185,45.1482045838505 10.6403673169452,45.1479807592954 10.6383840480489,45.1472037505372 10.6370637123456,45.1467113035256 10.6354799325931,45.1461205671569 10.6349848166402,45.1459358865239 10.6338806318091,45.1455240078149 10.6315400936291,45.1446299870313 10.630427773985,45.1442050845795 10.6292212475526,45.1437413228869 10.6277739806171,45.143192565904 10.6270369909162,45.1429157832949 10.6261130038547,45.1425781287419 10.6238626226599,45.141755717685 10.6224997432891,45.1413093239078 10.6208371510422,45.1406784523129 10.6194756655739,45.1401618062668 10.6163935050258,45.1389739989227 10.614188183136,45.1381240272332 10.6134251089215,45.1378467997261 10.612921480324,45.1376638258463 10.6105849719486,45.1367995225619 10.6089883448453,45.136120390976 10.6069485882999,45.1353705213402 10.6068834385764,45.1353446328946 10.6058805179779,45.1358890785419 10.6032956927044,45.1373067835554 10.6020705045164,45.1380146703172 10.6032455280266,45.1391175637384 10.60346604956,45.1397813368959 10.6047670007111,45.1405728272908 10.605969748039,45.1414609510168 10.6067412480687,45.1425694836885 10.6080624021494,45.1440751546762 10.6085184832318,45.1447355988805 10.6097476413524,45.1453613261824 10.6111160892463,45.1461517918933 10.611392602475,45.1464098737896 10.611894469214,45.1474983589849 10.6132871040702,45.1521229519031 10.6107724786051,45.1524680775318 10.6105100289074,45.1527099475448 10.6091830009685,45.1533955285831 10.6085234962639,45.1538811569521 10.6082253758123,45.1540520740924 10.606766381235,45.1548347531922 10.6059358358599,45.1558229254457 10.6055851227217,45.156518543227 10.6054652526981,45.1570441966055 10.6043588901643,45.1572026503181 10.6024443039781,45.1573486241339 10.602285412728,45.1576842874219 10.600788591997,45.1583245203822 10.5987903355694,45.1590908402317 10.597862149068,45.1596039859287 10.597071871322,45.1602342784873 10.5965671253903,45.1602413382561 10.5960180875656,45.1598679482487 10.5943086063134,45.160130001694 10.5922570678116,45.1608016842164 10.5902189911232,45.1613540580913 10.5891507858299,45.1616785494352 10.588542425026,45.161591750012 10.5877764022214,45.1618882064169 10.587381854789,45.1622271272275 10.5863419790424,45.162360664228 10.5850731463801,45.1627355387326 10.5845446314317,45.1631001260048 10.5839573894762,45.1637751419762 10.5812929110757,45.1648123797152 10.5758524333057,45.1671263654745 10.5711173963738,45.1687873176332 10.5703723949166,45.1686308435068 10.5697838936187,45.1680435118463 10.5690258222302,45.167410872283 10.5682349394125,45.1674217328957 10.5656722502334,45.1685048287605 10.5640711398588,45.1690507333864 10.5632032621403,45.169324598498 10.5617736409236,45.1699872087633 10.5602701673388,45.1704126403965 10.559271523561,45.1708311629847 10.5578049132135,45.1713751435746 10.557709174891,45.1714494460489 10.5586121318483,45.1723901309262 10.5589937767934,45.1726611567987 10.5595444418758,45.1737585773334 10.5601312706715,45.1737966024607 10.5619429759087,45.1734035315932 10.5636595831399,45.1731038123516 10.5647327449017,45.174263112114 10.5661929334277,45.1759603305119 10.5663215147453,45.1759668239727 10.5677855989301,45.1753674348991 10.5709952255516,45.1740978871012 10.5718954998,45.1736176020204 10.5740472728078,45.1728304193582 10.5754330358439,45.175106252149 10.575216302575,45.1752429269629 10.5758410203249,45.176192390074 10.57639232378,45.1767640876196 10.5763459508323,45.1773663125619 10.5763934309997,45.1779449617227 10.5769709619688,45.1788950696855 10.5772395014655,45.1794929450975 10.5768522701871,45.1803004060019 10.5777574152175,45.1811345758195 10.5774998441028,45.1820739341939 10.5779635155438,45.1828919196166 10.5795142662882,45.1848534730651 10.5819516004197,45.1875379922516 10.5818361161958,45.1879183679993 10.5842860208662,45.1899119531536 10.5863246918255,45.1907080341548 10.5869302050063,45.1903876862706 10.5919433480962,45.188245765147 10.5937483005566,45.1874407498498 10.5956636108597,45.1900208560122 10.5951134898616,45.1906301268396 10.5951661570327,45.1913869405337 10.5961786992816,45.1926650769091 10.5971245513095,45.1938104517546 10.597241492314,45.1946109258634 10.6010175813454,45.1944243437244 10.6031168203741,45.1934368056548 10.6052417594658,45.1928053621765 10.6064204813025,45.1921426362639 10.6075002924616,45.1913253254918 10.6085730643268,45.1913770564923 10.6094549729949,45.1913646261954 10.6097957813089,45.1911592931012 10.6105441549744,45.1908813665502 10.6116383518873,45.19057627264 10.6119148779644,45.1908843004801 10.6128099807662,45.1924535976186 10.6142103735752,45.1951743468089 10.6144088190837,45.1955057530489 10.6156385782644,45.1966469576829 10.6168425677536,45.1979890404573 10.6174568607792,45.1985373585903 10.618548636914,45.1981431097433 10.6192038211177,45.1979110102563 10.6198571023973,45.1976120914623 10.6213841434476,45.1970111111111 10.6214433434763,45.1968765853711 10.6214947939326,45.195360758757 10.6219482773671,45.1946858914062 10.6229416518416,45.1941593137864 10.6237000421705,45.1936806318957 10.6235601078359,45.1931924437221 10.6232948203301,45.1927283192952 10.6229010140169,45.1921768975222 10.6228082469858,45.1911310171251 10.6233990737174,45.1908552462041 10.6232578805401,45.1903225144952 10.6241881771756,45.1897968223699 10.6243361438787,45.1894605043969 10.6233319061178,45.1884944322213 10.6225368476518,45.1876813440332 10.6221777462433,45.1872408305603 10.6212813538752,45.1867411054554 10.6203881385833,45.1863527326092 10.619612692168,45.1856730307784 10.619472812924,45.1851848361872 10.619334833506,45.1847634571144 10.6189662975709,45.1839888537466 10.6193070275955,45.1837834931014 10.619987847204,45.1833504978286 10.6198530288405,45.1830404779929 10.6188105422495,45.1818298186674 10.6177681357161,45.1811761692612 10.6187820691182,45.1802705608771 10.6194584296356,45.1796816644694 10.6207639374858,45.1790615533447 10.6216997710889,45.1787363310419 10.6232816684788,45.1778671741713 10.6222732259237,45.1767451842433 10.6229520416858,45.1762453564852 10.6244022967365,45.1757345495785 10.6289152182133,45.1760267397807 10.6321031367895,45.1762485779397 10.6329475784782,45.1760359741792 10.6350391991172,45.1748251490671 10.6397785397453,45.173130667137 10.6415553192568,45.1724812674332 10.6471131900889,45.1702399666499 10.6507261025156,45.1688286485305 10.6547134004564,45.1673003849219 10.6567673506272,45.1664462064174 10.6584251294156,45.1655086228736 10.6593212728231,45.1649162998036 10.6601654424217,45.1647034990652 10.6607866457937,45.1644048133863 10.6631944679616,45.1638127399012 10.6650849181506,45.1627602648553 10.6664275132816,45.1623619011058 10.6680264778233,45.1621157415516 10.6699193858185,45.1611522732168 10.671350479362,45.1605520291419 10.6724791472643,45.1603795342404 10.6736123772063,45.1603629263693 10.6717424873128,45.1578057479328 10.6705493903821,45.1557733761623 10.6700996095587,45.1554680247948 10.6692766800681,45.1553240946604 10.6690654577291,45.1556391147022 10.6683275934621,45.1562514835991 10.6666655517553,45.1575680488329 10.6652192348141,45.1587254766591 10.6639526759809,45.1574070948777 10.6645082318096,45.1570202212878 10.6630869404813,45.1557932091413 10.6617881025571,45.1534109786988 10.6617707065243,45.1533559650535</coordinates></LinearRing></outerBoundaryIs></Polygon></MultiGeometry>
  </Placemark>
  <Placemark id="acquaioli_2026.7">
	<Style><LineStyle><color>FF12fa4b</color><width>3.40157</width></LineStyle><PolyStyle><fill>0</fill></PolyStyle></Style>
	<ExtendedData><SchemaData schemaUrl="#acquaioli_2026">
		<SimpleData name="ID">0</SimpleData>
		<SimpleData name="NOME">PEGORARO G</SimpleData>
		<SimpleData name="ZONA">Medio Nord</SimpleData>
		<SimpleData name="Shape_Area">3299.06879733754</SimpleData>
	</SchemaData></ExtendedData>
      <MultiGeometry><Polygon><outerBoundaryIs><LinearRing><coordinates>10.6305933949603,45.2893720106927 10.6305236231673,45.289247616162 10.6295444695039,45.2882485199021 10.6283391866335,45.2870210957572 10.6264464662217,45.2850782218828 10.6248364438094,45.283431235867 10.623149745103,45.2816788940993 10.6222698433997,45.2807078030347 10.6222614175018,45.2807111697958 10.6209473444112,45.2794239524841 10.61986138967,45.2783001432051 10.618431484197,45.2768559956093 10.6169592655633,45.2753531986795 10.616382844979,45.274729267208 10.6163057320299,45.2746753739714 10.6161642261134,45.2747914788253 10.6158703834221,45.274954397984 10.615429836963,45.2752617570936 10.6150073070543,45.2755490112519 10.6143579064053,45.2759675028043 10.6133736658484,45.2765993586568 10.6124968069179,45.277191663263 10.6116280581985,45.2777080638178 10.611436649337,45.2778551238934 10.6114250143056,45.2778439326684 10.610188376901,45.2766544372486 10.6099917176647,45.2764736738105 10.6096547828609,45.2766805585203 10.6089558390763,45.2769117953119 10.6085504534972,45.2773602725093 10.6080635764955,45.2776992060459 10.6073661759561,45.2779857571492 10.6063956741742,45.2769294114277 10.6052700585738,45.2759305856831 10.604813558992,45.2754942419915 10.6042787136406,45.2750589990094 10.6038545863711,45.2748435791018 10.6022078217878,45.2734277288559 10.6003026556217,45.2716465092016 10.5996879763297,45.2711570183066 10.5987927689453,45.2709112835498 10.5986601148416,45.2708393481423 10.5976320408011,45.2714440949742 10.5969848236152,45.2716560871805 10.5966812594275,45.2720108553598 10.5963802784113,45.2724578288138 10.5963347704249,45.2726982953303 10.596267803098,45.2731050985083 10.5957480461393,45.2732046091039 10.5958582054812,45.2734060026023 10.5953968848728,45.2737260765114 10.5949412465275,45.2742490021687 10.5946361036956,45.2745484409525 10.5949670858255,45.277034358517 10.5891897956184,45.2764692566242 10.5808079198903,45.2761982468227 10.5758369561634,45.2787944178803 10.5745372354371,45.2771519764132 10.5741316629008,45.2766594566571 10.5743607922677,45.274553172144 10.5741406193697,45.2741503389335 10.5733940084225,45.2736071696011 10.5733653078186,45.2736614382725 10.573254337765,45.2734199594851 10.5726833940896,45.2729517420671 10.5710161943783,45.2715136125137 10.5695162845537,45.2702373243193 10.5689399745383,45.2695721632872 10.5669912661686,45.2705674836984 10.5658017489898,45.2712732875222 10.5627285515443,45.2728092697576 10.5599993112479,45.2741763077558 10.5599187770737,45.2741565532444 10.559953278102,45.274193353613 10.557081754509,45.2754637651868 10.5545091186348,45.2766151223052 10.5512931760961,45.278054238375 10.5488597655868,45.2792035769889 10.5460141017357,45.280588274168 10.5453055618557,45.2810411047717 10.5444870253139,45.2817252498077 10.5440801998419,45.2821575780377 10.5446532347746,45.2827079915628 10.5466625137976,45.2847656991919 10.5471654144947,45.2853006337756 10.547499793481,45.2856244343301 10.5476097489916,45.2862467707651 10.5480254916221,45.2869962956547 10.5494350722211,45.2883725856125 10.5506801932975,45.2896854254292 10.5510401046361,45.2900909515051 10.5496894775601,45.2908808534213 10.548637920313,45.2915517714438 10.5485753239929,45.2918152830613 10.5495128932686,45.2929353058986 10.5508837705396,45.2945911813619 10.5519891132199,45.2958894870459 10.5520340376489,45.2959579412658 10.5505989000257,45.297145441644 10.549296972712,45.2982884583992 10.544117920429,45.3024910183688 10.5421246831136,45.3041782965637 10.5362031152199,45.3089993101152 10.5350731121901,45.3097524342105 10.5348110667217,45.3098808573776 10.5348418256825,45.3099349478283 10.533180664098,45.3109346409666 10.5321892658825,45.3116343967114 10.5324037751193,45.3118043319612 10.5327069968527,45.3119237444822 10.5331308914986,45.3118827772772 10.5345501376313,45.3116696815418 10.5345597579843,45.3117373638876 10.5347500649627,45.3116669964346 10.5384372483096,45.3111940429517 10.5419734691695,45.3106877267913 10.5439924137724,45.3104664193271 10.5445563715137,45.3105205362595 10.5461715800818,45.3110808091605 10.5481919567783,45.3118296102544 10.5496808402058,45.3123386255413 10.5500307136732,45.3123338795342 10.5514700773302,45.3119439004291 10.5529070125014,45.3114657362122 10.5546065612157,45.3109928003062 10.5553562702573,45.3109825955983 10.5562146343767,45.3112884274327 10.5584466802694,45.3124575252798 10.5602202559935,45.3133153196884 10.5614387380145,45.3139866345865 10.562288319912,45.3144248414804 10.5631183845075,45.3146075272828 10.5639205498166,45.3146847499755 10.5654431081349,45.3145933363255 10.5687390985816,45.314442284864 10.5703625812391,45.3143847002575 10.5725961581827,45.3142393153537 10.5764179025252,45.3141160842227 10.5790385498577,45.3139563795858 10.5807487208509,45.3138709616378 10.5836716842981,45.3137951524818 10.5839583841145,45.3142145345022 10.5841485660663,45.3147587359693 10.5841917511297,45.3154108175001 10.5845876823283,45.3152641998721 10.585512863428,45.3152689886046 10.5861651056909,45.3153481239432 10.5872407307392,45.3153684471526 10.5874656545171,45.3153653186493 10.5877141633031,45.3157587622761 10.5882881409158,45.3166151362333 10.5883048503751,45.316795843042 10.5883288017267,45.3167865264323 10.5883396203314,45.3167824432108 10.5884207383711,45.3168861665391 10.5889742891431,45.3172394784186 10.5895177495254,45.3172319092781 10.5914043407408,45.3168934705256 10.5921519798096,45.3192672950567 10.5923613499819,45.3193473131869 10.5924557923373,45.3193075185262 10.59254409337,45.3192923933128 10.5926601979753,45.3192725046328 10.593127390921,45.3192499018369 10.5939700788714,45.3191898903661 10.5947206145818,45.3190989992781 10.5956543181326,45.3190296623359 10.5963947961609,45.3189871440827 10.5970223452175,45.3189864036929 10.597673610787,45.3190174884259 10.5984060753405,45.3190956761526 10.5994245953667,45.3192020104844 10.6002485363797,45.3192869442464 10.6007954109001,45.319348215715 10.6010154465351,45.3193728112174 10.6015719387295,45.3195011219791 10.6019687145696,45.3195926054135 10.6026931854932,45.3197914846643 10.6033560618001,45.3199422058767 10.6039731009496,45.3200825016206 10.6053525425701,45.3204357111105 10.6056660610289,45.320516340612 10.606990180088,45.3208325939078 10.6084836846667,45.321189452188 10.6090417569787,45.3213407515615 10.609357619444,45.3214263831976 10.609687116101,45.3214968685472 10.6101284317358,45.3215912728912 10.6107295175717,45.3217198508086 10.6109330326187,45.3217666273668 10.6112510972441,45.3218455886201 10.611554195824,45.3219183880774 10.6116543130027,45.3219417497601 10.6123589450915,45.3221061632053 10.6125274351442,45.3221454768902 10.6128247841646,45.3221955453846 10.6130488838095,45.3222332798112 10.6131948438732,45.3222578567443 10.6133331781292,45.3222811487096 10.6133978692422,45.3222901218811 10.6136049386689,45.3223130949201 10.6137898885627,45.3223336140492 10.6142000819271,45.322379120824 10.614623721512,45.3224294110972 10.6149316961152,45.3224250523008 10.6152000256171,45.3224212543649 10.6152396706736,45.3224206935742 10.6152992055386,45.3224114233513 10.6155804934192,45.3223676250888 10.6161797729018,45.3221742089081 10.6167479383341,45.3218890012281 10.6175015899503,45.3215040125067 10.6178906882875,45.3213120944559 10.6185789824029,45.320972974253 10.6187786835888,45.3208750178005 10.6189715020165,45.3208174724954 10.619174689442,45.3207568327563 10.6192531615849,45.3207073380805 10.6195597519195,45.3206547440256 10.6199575898639,45.3206008537702 10.6205032468217,45.3205287824363 10.6209777098686,45.3204752431982 10.6209923308746,45.320473593608 10.6231087991081,45.3202666169543 10.6244058620312,45.3201355931748 10.6267376331549,45.3198772428454 10.6279892872391,45.3197548662232 10.6311632064368,45.3194200840585 10.6327558545808,45.3192525785246 10.6330738279828,45.3191997853807 10.6333692217222,45.3191553553416 10.6340868549468,45.3191129184076 10.6346124417351,45.3191375525273 10.6350816956102,45.3191871129965 10.6359194040571,45.3193519958239 10.6363565262474,45.3194743750002 10.636908404584,45.319619228693 10.6374360822172,45.319716183447 10.6377347198703,45.3197842615116 10.6380999370541,45.3197870592686 10.6391038790432,45.3197806836149 10.6398678347997,45.3197616665885 10.6408603712119,45.3197554383809 10.6413615284561,45.3197241099587 10.6418159000284,45.3196532497384 10.6425065393509,45.3194664198583 10.6430724066979,45.3193055060557 10.6437984152651,45.3191583617097 10.6443081792563,45.3190304107141 10.645077706828,45.3188102679071 10.6460534629726,45.3186193058143 10.6474600523534,45.318333671865 10.6482544687428,45.318185513046 10.6491613031049,45.3179794398982 10.6499431353521,45.3177912478406 10.6508916055464,45.3174478712206 10.6514865021612,45.3171096055161 10.6522838793153,45.316671918488 10.6529243806301,45.3163329844275 10.6539924101305,45.3157868386037 10.6550380787957,45.315257088852 10.6560837252845,45.3147273297902 10.6575587413058,45.3140546372743 10.6586523095571,45.3136045627042 10.6587892022558,45.3135161960555 10.6590218486116,45.3133660175149 10.6587979311218,45.3133717928396 10.6588099552704,45.3130581096629 10.6585968963009,45.3130164205364 10.6583427948921,45.3130201138887 10.6556148159779,45.3139106755536 10.6532017833484,45.3147070361765 10.6525319698343,45.314985458894 10.6520562077848,45.3153805007943 10.6519071087128,45.3153528018238 10.6513858655737,45.314912477113 10.6508823390573,45.3143524633116 10.6498571700814,45.3133371931838 10.6477395304122,45.3111732356021 10.6461691249511,45.3096134312983 10.6450572751604,45.3085247222134 10.644777266049,45.3083645402331 10.6442583031712,45.3079987943831 10.6438897202318,45.3077055251193 10.6436330497814,45.3076196490412 10.6433992810589,45.3075931576613 10.6434805422815,45.3067410363318 10.6436291847794,45.3067538248671 10.6437601456891,45.3054232596046 10.6438042344684,45.3047508202869 10.643895435762,45.303510402339 10.6438206974711,45.3031233254414 10.6433419746692,45.3026823510377 10.6428382056965,45.3021073734207 10.6429626456222,45.3020160083277 10.6424783321916,45.3013810341827 10.6419835948636,45.3018509527129 10.6414071834425,45.3024265458528 10.6412495516372,45.3022467495053 10.6406187324178,45.3015272159262 10.6397205787254,45.3004950960636 10.639084679114,45.2997428532569 10.6386898434594,45.29927079519 10.6383779721278,45.2987378294836 10.6379075985028,45.297848842247 10.6372264051368,45.29699273568 10.6363132337877,45.2961698092292 10.6350117517401,45.2950986463378 10.6341871772446,45.2944087938879 10.6335773061135,45.2938203650392 10.63313207717,45.2930653585336 10.6324636120685,45.2919104594151 10.6319739361326,45.2910814377747 10.6315776336493,45.2905541386382 10.6309207898811,45.2898021475558 10.6306040793737,45.289391059635 10.6305908750925,45.2893739204229 10.6305933949603,45.2893720106927</coordinates></LinearRing></outerBoundaryIs></Polygon></MultiGeometry>
  </Placemark>
  <Placemark id="acquaioli_2026.8">
	<Style><LineStyle><color>FF12fa4b</color><width>3.40157</width></LineStyle><PolyStyle><fill>0</fill></PolyStyle></Style>
	<ExtendedData><SchemaData schemaUrl="#acquaioli_2026">
		<SimpleData name="ID">0</SimpleData>
		<SimpleData name="NOME">CERINI</SimpleData>
		<SimpleData name="ZONA">Medio Nord</SimpleData>
		<SimpleData name="Shape_Area">4197.73427095960</SimpleData>
	</SchemaData></ExtendedData>
      <MultiGeometry><Polygon><outerBoundaryIs><LinearRing><coordinates>10.6411440930291,45.2815789865734 10.6429668253357,45.280179289254 10.6432424108189,45.2798922817748 10.6443361475491,45.2791049859323 10.6455153574541,45.2782457318538 10.6457029314599,45.2781090490745 10.6461727883927,45.2777558653893 10.6494822838765,45.2753929023717 10.6494730741878,45.2752932184385 10.6506649082209,45.274051805283 10.6508078367069,45.2738705897635 10.6502287076243,45.2736102430299 10.6504515135279,45.2732636523809 10.6499604971851,45.2731214619515 10.6504691559015,45.2724124417664 10.6507066200335,45.2718417040922 10.6509786050457,45.2710017432263 10.6512022647924,45.270684997587 10.6511361874004,45.2705963788973 10.6511654497711,45.2694165609451 10.6519068786276,45.2694356896917 10.6519409631832,45.2691515448494 10.6521292255955,45.2690741740281 10.6526849903499,45.2692602051824 10.6536502999341,45.2675144524334 10.6539268969961,45.2661071125119 10.654294411392,45.2634593422653 10.6528963355919,45.2634198828204 10.6519671740319,45.263493051929 10.6519360517264,45.2631501330755 10.6508993784571,45.2631651335473 10.6509188031976,45.263105135583 10.6498000993218,45.2632108872981 10.649840293353,45.2638671857392 10.6481317722857,45.2640710197587 10.6466145144093,45.2643019264875 10.6466948245413,45.2641514769208 10.6483161089813,45.2631278259032 10.6500828312393,45.2620124738795 10.6507066948915,45.2616302265964 10.6512921365466,45.2613828921534 10.6521504324438,45.2610569608201 10.6529426502047,45.2606424052389 10.6541398460978,45.2603264796551 10.6552994925459,45.2601753046193 10.6566314175306,45.2601261218352 10.6587068210583,45.2601706236171 10.6585162982442,45.2616215125737 10.6582654952362,45.2639093032894 10.659360592766,45.2644457626729 10.6596291051741,45.2642179226458 10.6623764275442,45.2655215551304 10.6629082101335,45.2634386691707 10.6629756056561,45.2635720482102 10.6645239682299,45.2636838387017 10.664346858286,45.2634176992669 10.6640829401422,45.2630781785383 10.664177811881,45.262703568585 10.664549895228,45.2623995620695 10.6649581721707,45.2618860188763 10.6651121392492,45.2613612557744 10.6650113607596,45.2608103501854 10.6647033956391,45.2604117576935 10.6641485538721,45.2602556294848 10.6642039373771,45.2592545742187 10.6643221378734,45.2589542692167 10.6656520301462,45.2581137703 10.6662360580365,45.2578215933535 10.6680659972818,45.2574365664046 10.668387685877,45.2575811544477 10.6694785180576,45.2572516936874 10.6704234499321,45.2569990023611 10.6712264293468,45.2569573897474 10.6714142891561,45.2573374821621 10.6722895671949,45.2571060169465 10.6738677912632,45.2576255383346 10.6746220327833,45.2571148866836 10.6752345337619,45.2575968725259 10.6754527097365,45.2575419880343 10.6760065482442,45.2572754488698 10.6765018896196,45.2570959026416 10.677131125094,45.2567973891278 10.677751292995,45.2565122232411 10.6775633844604,45.2562313867102 10.6774696381851,45.2560982664262 10.6772876855805,45.2558398935091 10.6771105633477,45.2555663609423 10.6770299686049,45.2553572495463 10.6769732725058,45.2552101480447 10.6768545222279,45.2549538292543 10.6767363132719,45.2546986743831 10.6766829659037,45.2546651168418 10.6765855945695,45.2546038679199 10.6763895423149,45.2544831425549 10.6763488457817,45.2544580820173 10.6761440020166,45.2543192913599 10.6761351206868,45.2543150559806 10.6759618205569,45.2542324091117 10.6757840514701,45.2539364943479 10.6756458844096,45.2538902089264 10.6752718319614,45.2537648987423 10.6751845301649,45.2537111377951 10.6750350900336,45.2536191108956 10.6745568666354,45.2534258659974 10.6743400402533,45.2533382470209 10.6740601802253,45.2531632375534 10.6737497330393,45.2528874991855 10.673713005668,45.2528548776233 10.6736870146647,45.252836637087 10.6734109298363,45.2526428762464 10.6731258125597,45.2522888258577 10.6731156776184,45.2522696588273 10.6730474990905,45.2521407113673 10.6730217728637,45.2519843631197 10.6730807545568,45.2518342359787 10.6732651514091,45.2516374909447 10.6735016962544,45.2514175926397 10.6738416538787,45.2511215450944 10.6742953645979,45.2507417343575 10.6745167857443,45.2505066297082 10.6746232180024,45.250393620492 10.6746917307432,45.2502886503383 10.6748051926109,45.2501148142273 10.6748981950452,45.2498408765186 10.6749121429752,45.2497997922365 10.6749270704271,45.2497311686144 10.6749772895763,45.2495003106605 10.6749443978962,45.2494310508691 10.6749209744755,45.2493817265585 10.6748525635945,45.2492110783952 10.6748064108424,45.2491174307156 10.6747064991923,45.2489146957595 10.6743390568884,45.2484638511252 10.6743338390138,45.2484574483151 10.6743297038494,45.2484506830679 10.6740896654405,45.2480580205316 10.6741244491704,45.2478037636977 10.674118527077,45.2476023451447 10.6740961225878,45.247199664651 10.6741356111131,45.2467822313599 10.6741364211584,45.2467736742982 10.6741501160958,45.2467194740186 10.6742783709796,45.2462118558519 10.674313811875,45.2459799788414 10.6742812851109,45.2455923722036 10.6742960436827,45.245375724842 10.674366265304,45.2448895899111 10.6744010780317,45.2446371075463 10.6744446320027,45.2443212411571 10.6744552209113,45.2439628540763 10.6743514008066,45.2437007142995 10.6742794872086,45.2435191359884 10.6739829968255,45.2429204626171 10.673802293671,45.2425230873485 10.6738151541407,45.2423855771688 10.6738540595775,45.2422715663454 10.6738069104313,45.2421050839533 10.6737325331722,45.2420390081186 10.6736680691,45.2419817389903 10.673230413093,45.2417553051619 10.6727536581071,45.2415606076942 10.67266587522,45.2415247585933 10.6721205151792,45.2413715453316 10.6717973007906,45.2412980644035 10.6713803446949,45.2412032708212 10.6710061480173,45.2411133931211 10.6702141198198,45.2409325863288 10.6700200357916,45.2408882794345 10.6699856217661,45.2408827337127 10.6694901048841,45.2408028753093 10.6693962851912,45.2407932336195 10.6691500207865,45.2407679253248 10.669010810618,45.2407641794591 10.6688295449295,45.2407593026922 10.6684510249157,45.2406982965315 10.6675460841067,45.2406715969073 10.667491623611,45.2406557024379 10.6672421014853,45.2405828804918 10.6669357827518,45.2404143498173 10.6666063567676,45.2400997657076 10.6665971549336,45.2400373696876 10.6665828563301,45.239940411803 10.6665539076766,45.2395948246301 10.6665659479068,45.2389511785301 10.6665685991173,45.2388094325354 10.6666376829533,45.2385954946137 10.6667611576266,45.2384534180066 10.6668016833947,45.2384067869655 10.6668341704567,45.2383666760809 10.6669652949502,45.2382047759226 10.6670504784338,45.2378974453692 10.6671364405503,45.2376167210316 10.6670405010643,45.2375331901006 10.6670011430231,45.2374989232136 10.6668266358293,45.2373284667963 10.6668588398006,45.2371416829226 10.6668906558543,45.2369415976644 10.6669612938365,45.236780868527 10.6670699741833,45.2366328918559 10.6672190351052,45.2365774828054 10.66757363702,45.2364658374634 10.6677606424538,45.2364198544836 10.6681043988629,45.2360987641296 10.6685493242821,45.2356311213062 10.6686982553217,45.2354745839594 10.6688040791391,45.235410779722 10.6689527396091,45.2353211475385 10.6694513339655,45.2353440112407 10.669777873106,45.2353589849905 10.6699918198579,45.2353824458167 10.6701794041182,45.2354030152852 10.6703265144562,45.2354267257826 10.6703686478399,45.235433515917 10.6705319187953,45.2353812216305 10.6707388440526,45.2352118421061 10.6709207695885,45.234992922384 10.6711443958921,45.2345904051941 10.671162074371,45.2343905246748 10.670930327512,45.2340642486585 10.67091650231,45.2340447825187 10.6708897928207,45.234011827918 10.6707699393007,45.2338639421454 10.6701213899445,45.2334242846023 10.6690885357291,45.2327240828844 10.6690695603372,45.232709080074 10.6686547242079,45.2323810872835 10.6686935085472,45.2320977230856 10.668843152814,45.2319176511921 10.6688754337387,45.2318788074191 10.6691548946245,45.2317749101843 10.6701412892506,45.231693940299 10.6703661146667,45.2316507105897 10.670422209799,45.2316399242987 10.6705299462762,45.2316013083811 10.6710512314533,45.2314144607284 10.6717719356504,45.2311044748947 10.6721395552818,45.2309511822531 10.6725161625351,45.2307941399356 10.6727044741559,45.2307179365508 10.6727720807033,45.2306905786724 10.6729794692339,45.2305378230993 10.6730898019755,45.2302866797373 10.6732467075532,45.2300182170372 10.6735820920316,45.2294144359031 10.6742695297671,45.2279737324127 10.6746715723007,45.2272358890841 10.6750809371802,45.2267474627935 10.6754231292011,45.2263764679888 10.6760903269126,45.225850983625 10.6775119506242,45.224565828654 10.6766110927324,45.2227491984267 10.6765885651991,45.2224807144615 10.6765748460821,45.2223172173214 10.6766087956196,45.2220863759807 10.6766336891358,45.2219171089233 10.6767645821727,45.2215658481951 10.6768336171298,45.2215149862157 10.676902812815,45.2214640066131 10.6769614434112,45.2214474773367 10.6770895658024,45.2214113570475 10.6772429896102,45.2213818420948 10.6772768075068,45.2213753358555 10.6775591389019,45.2213711872363 10.6779826364763,45.2213649616404 10.6782620291668,45.2212610438164 10.6783762391621,45.2211429185464 10.6785355440592,45.2209575895008 10.6786208376137,45.2206569018062 10.6786329882298,45.220548231364 10.6786394670935,45.2204902765155 10.6786566281701,45.2202737670209 10.678551551899,45.2200655276333 10.6784816538515,45.2199270024252 10.6784074366933,45.2197343204032 10.6783797112172,45.2196623388602 10.678372366061,45.2194129196763 10.6784390898874,45.2193472380329 10.6785096086341,45.2192778198066 10.6787193905686,45.2192081940491 10.6789311312319,45.2192050798616 10.6791208134981,45.2192521954651 10.6797207427555,45.2196426123248 10.6813539252674,45.2207497583604 10.6817328151391,45.2208273523075 10.6821019111288,45.2207066867727 10.6821058168329,45.2207054104168 10.6821175692386,45.2206979846885 10.6822675632404,45.2206032149822 10.6824104617467,45.2203486343595 10.6824464545192,45.2202845112887 10.6824535102046,45.2201468970385 10.6824763276105,45.2197018402147 10.6825870892314,45.2194673158646 10.6828169567506,45.219280940037 10.6830012422579,45.2191451423188 10.6833776669919,45.2191395914352 10.683684828912,45.2192100593392 10.6839227090037,45.2192646332891 10.6851460951227,45.2192465788646 10.6854124899129,45.2192216677756 10.6855685911555,45.2192070699629 10.6858018894753,45.2191370840222 10.6861964302776,45.218948269947 10.6864267741645,45.2187785156611 10.6866066212799,45.2184930611629 10.6867766977624,45.2181226792332 10.6867835121984,45.2181078384337 10.686801625412,45.2179245843962 10.6865030468775,45.2175687983867 10.686484471207,45.2175466623589 10.6861487133072,45.21733536475 10.6860644919403,45.2172481316609 10.6857845147378,45.2169581354505 10.6854121109155,45.2168333321539 10.6851664555857,45.216751005265 10.6829176087344,45.2160236150938 10.6829667964475,45.215713624514 10.6829897841718,45.2155687522403 10.683074556283,45.2152514336612 10.6832088312895,45.2150165619348 10.6834452800869,45.2148131394524 10.6834842560352,45.2147796071945 10.6835004100034,45.2147677020292 10.6837606589146,45.2145759091105 10.6839914850694,45.2144227874848 10.6842257491891,45.2143860604203 10.6840137303942,45.2141817244613 10.6837004894007,45.2140720232638 10.6831430591027,45.2139087607525 10.6826398025496,45.2137542239071 10.6824812228567,45.2138613547245 10.6823139443617,45.2141305678081 10.6819560876471,45.214793183837 10.6813784475234,45.2157734171843 10.6809400122638,45.2164467431155 10.680604582835,45.2169565969585 10.6802200312969,45.2171718443311 10.6793265750429,45.2174993702701 10.6781653209682,45.2178879857878 10.6774046161519,45.218146858414 10.6769347232086,45.2182109208878 10.6761686910095,45.218288855861 10.6756283500941,45.2182491532117 10.6751559369191,45.2182275048819 10.6748017100037,45.2180993271948 10.6742978785971,45.2179257086572 10.6740550764982,45.2179197420422 10.6737592188774,45.217943132815 10.6732371052506,45.2180651058616 10.6729434810094,45.2181646755358 10.6727045878296,45.2182920228276 10.6723477817601,45.2185354173059 10.6717071876929,45.21875438578 10.6709837931663,45.2189078754116 10.6701977665083,45.2192242308163 10.6692646330734,45.2195808383781 10.6682470227076,45.2198148252771 10.6678467024714,45.2199540475097 10.6663619388595,45.2203472678123 10.6658931267861,45.2204493758755 10.6651202460479,45.2207559777055 10.6646289270793,45.221010836206 10.6640059167398,45.2213724056943 10.663560566384,45.2218171238866 10.6630610331138,45.222253102791 10.6628722429269,45.2227131345298 10.6626928900594,45.2234969366333 10.662644543564,45.2236881748307 10.6620780417929,45.2236773691134 10.661495568106,45.2235810526142 10.6611166064806,45.2235294061569 10.6606955569226,45.2234212103346 10.6603243880365,45.2231741503509 10.6596183878454,45.222654490958 10.6594019573746,45.2224551939552 10.6587255061495,45.2217921988595 10.6580478595036,45.2210875376749 10.6577523605798,45.2207762559146 10.6573499278371,45.220264082901 10.6564581066307,45.2191457268587 10.6557165704157,45.2181904564479 10.6556787258862,45.2181458018582 10.6543381829535,45.2198531205023 10.6534467120589,45.2198408450079 10.6528788283967,45.2199246463196 10.6520426928958,45.2205917495511 10.6513075937643,45.2210558467886 10.6504546499594,45.221143760046 10.6493559342908,45.2213611794711 10.6489022070543,45.2216952333899 10.6479481832558,45.2219861261685 10.6470966755537,45.2221243773341 10.6469228149196,45.2221543274592 10.6459793846897,45.2223168402864 10.6454863623203,45.2225254867537 10.6447860887303,45.2229638480713 10.6440087278298,45.2232017773433 10.6433695321541,45.2232865580213 10.6431513843371,45.2231385454029 10.6425478190333,45.2232228087285 10.6422991216448,45.223251579735 10.6422358391577,45.2235296049853 10.6393503571374,45.2235962747477 10.6370691690613,45.2236038218257 10.6369731231645,45.2239830831403 10.6363367989377,45.2241685534102 10.6359527911912,45.224451172777 10.634839992611,45.2254244216411 10.6343512347709,45.2257841126817 10.6332174514371,45.2260270712335 10.6301516871855,45.2266503176396 10.6273308221028,45.2264890314951 10.6259518627959,45.2268865665424 10.6253694992964,45.226466591849 10.6253555659697,45.2264784688523 10.6234101203513,45.2254156354857 10.6210225650072,45.2239787377705 10.6210152389149,45.2239481994458 10.6209654279989,45.2239669619856 10.6192664431497,45.2228733115581 10.6156252072252,45.2207198632473 10.6136332350116,45.2194270453997 10.6108837114217,45.2177790708561 10.6069265252447,45.2196944027253 10.6036621666117,45.2212035675339 10.6035925590049,45.2211293515491 10.6034204419712,45.2215194701874 10.6039357906209,45.2218694838712 10.6042934644851,45.2223646113228 10.6050262296543,45.2232545874829 10.6042795612879,45.2233079508421 10.6033922046584,45.2233918651097 10.6022024542701,45.2235085961443 10.6013457332535,45.2239636062031 10.599623033639,45.2245450652594 10.5980786172091,45.2249953926696 10.5962829948863,45.2258636229056 10.5942677576776,45.2268349216745 10.5951743651632,45.2274367320188 10.5955327994205,45.2279604559515 10.5963811936061,45.2286488103237 10.595761731004,45.2289146901182 10.5906588409043,45.2315723891064 10.5915632175354,45.2328173105731 10.5896843917163,45.2336151453411 10.589331245303,45.2340058923399 10.5888481219456,45.2348128579178 10.5878357527788,45.2354985719099 10.5867198855825,45.2360999749186 10.5846097851953,45.2373153501181 10.5834296218879,45.2377890027768 10.5829554938372,45.238195697417 10.5825178298119,45.2384589844412 10.5818676695002,45.2390824644328 10.5819675754916,45.2397670014741 10.5823584763282,45.2400045154728 10.5826118137297,45.2403868350669 10.5831046109835,45.2406515141898 10.5834031574552,45.2412046854215 10.5837417520275,45.2417430103455 10.5841754956446,45.2420656639186 10.5848170034875,45.2425854926072 10.5804823744746,45.2445604342448 10.5816658749902,45.2463874580421 10.5802805131773,45.2467638895291 10.5798923244952,45.247355151501 10.5792923783179,45.2483351711935 10.5792693269493,45.2496930401437 10.5786102981754,45.2500022430941 10.5776534600405,45.250515617294 10.576424550864,45.251432859804 10.5774673468911,45.2525616579351 10.577901930985,45.2529129031666 10.5780529928106,45.2532537753847 10.5780505756843,45.2538968583714 10.5775888886118,45.2554894266542 10.5778256024775,45.2560005954543 10.5784533224427,45.256749289015 10.5766345980854,45.2575603648027 10.5770826638892,45.2583972860448 10.5770544739951,45.2588406647344 10.57727413668,45.2594663897163 10.5769322185,45.2602713508512 10.576752083684,45.2615891889768 10.5754744874928,45.2622330361854 10.5762290645796,45.2629803241727 10.5764668535387,45.2632713247186 10.5774055657806,45.2639182326964 10.5764936940355,45.2644962777742 10.5752951654308,45.2650176825162 10.5761971663135,45.2660713823556 10.5705647351279,45.2688818048214 10.5694351850259,45.2694827155783 10.5693280112574,45.2696486904456 10.5692840896801,45.2699693337065 10.5695162845537,45.2702373243193 10.5710161943783,45.2715136125137 10.5726833940896,45.2729517420671 10.573254337765,45.2734199594851 10.5733653078186,45.2736614382724 10.5733940084225,45.2736071696011 10.5741406193697,45.2741503389335 10.5743607922677,45.274553172144 10.5741316629008,45.276659456657 10.5745372354371,45.2771519764132 10.5758369561634,45.2787944178803 10.5808079198903,45.2761982468227 10.5891897956184,45.2764692566242 10.5949670858254,45.2770343585169 10.5946361036956,45.2745484409525 10.5949412465275,45.2742490021687 10.5953968848728,45.2737260765114 10.5958582054812,45.2734060026022 10.5957480461393,45.2732046091039 10.596267803098,45.2731050985083 10.5963347704249,45.2726982953303 10.5963802784113,45.2724578288138 10.5966812594275,45.2720108553598 10.5969848236152,45.2716560871805 10.5976320408011,45.2714440949742 10.5986601148416,45.2708393481423 10.5987927689453,45.2709112835498 10.5996879763296,45.2711570183066 10.6003026556217,45.2716465092016 10.6022078217878,45.2734277288559 10.603854586371,45.2748435791018 10.6042787136406,45.2750589990094 10.604813558992,45.2754942419914 10.6052700585738,45.2759305856831 10.6063956741742,45.2769294114277 10.6073661759561,45.2779857571492 10.6080635764955,45.2776992060459 10.6085504534972,45.2773602725093 10.6089558390763,45.2769117953119 10.6096547828609,45.2766805585203 10.6099917176647,45.2764736738105 10.610188376901,45.2766544372486 10.6114250143057,45.2778439326684 10.611436649337,45.2778551238933 10.6116280581985,45.2777080638178 10.6124968069179,45.277191663263 10.6133736658484,45.2765993586568 10.6143579064053,45.2759675028043 10.6150073070543,45.2755490112519 10.615429836963,45.2752617570936 10.6158703834221,45.274954397984 10.6161642261134,45.2747914788253 10.6163057320299,45.2746753739714 10.616382844979,45.274729267208 10.6169592655633,45.2753531986795 10.618431484197,45.2768559956093 10.61986138967,45.2783001432051 10.6209473444112,45.2794239524841 10.6222614175018,45.2807111697958 10.6222698433997,45.2807078030347 10.623149745103,45.2816788940993 10.6248364438094,45.283431235867 10.6264464662217,45.2850782218828 10.6283391866335,45.2870210957572 10.6295444695039,45.2882485199021 10.6305236231673,45.2892476161621 10.6305933949603,45.2893720106927 10.6312333387973,45.2888870110414 10.6323942345449,45.2880194565762 10.6345699087668,45.2863610512855 10.6353578846762,45.2857824595313 10.6378487068594,45.2840448302938 10.6396500025583,45.2826305650218 10.6411440930291,45.2815789865734</coordinates></LinearRing></outerBoundaryIs></Polygon></MultiGeometry>
  </Placemark>
  <Placemark id="acquaioli_2026.9">
	<Style><LineStyle><color>FF12fa4b</color><width>3.40157</width></LineStyle><PolyStyle><fill>0</fill></PolyStyle></Style>
	<ExtendedData><SchemaData schemaUrl="#acquaioli_2026">
		<SimpleData name="ID">0</SimpleData>
		<SimpleData name="NOME">TONELLI</SimpleData>
		<SimpleData name="ZONA">Medio Ovest</SimpleData>
		<SimpleData name="Shape_Area">1934.03094183444</SimpleData>
	</SchemaData></ExtendedData>
      <MultiGeometry><Polygon><outerBoundaryIs><LinearRing><coordinates>10.5118020227112,45.241588772647 10.511231636818,45.2412408816733 10.5098726469739,45.2403643024763 10.5082864741217,45.2393137623831 10.5083429512313,45.2392234336477 10.5061811270756,45.2365228567692 10.5038376869593,45.2340741814328 10.50090803676,45.2309891214013 10.4983364377523,45.2285111265585 10.492852307381,45.2226899621287 10.4914040575443,45.2213241932488 10.4897305343646,45.2217968568479 10.4886914723792,45.2203935136934 10.4867404651593,45.2207087392687 10.485018016697,45.2210531615836 10.4848578990605,45.2201535871827 10.483542874488,45.2203960860862 10.4821822912824,45.2206391602987 10.4809549969499,45.2207516831266 10.4796366002796,45.2208653723906 10.4790014256875,45.2209702027127 10.478894395543,45.2209280050306 10.4785335317917,45.2210469957363 10.477805381184,45.221037364437 10.4773217573802,45.2211007789589 10.4755773810795,45.2214091227451 10.4743680573425,45.2215581086163 10.4729455830302,45.2218050970438 10.4717796020743,45.2215412404442 10.471671035178,45.2215166710218 10.4707627204189,45.2239290817102 10.4707681252662,45.224138597944 10.4717472404362,45.2244689476252 10.4718992111548,45.225133853605 10.472134994414,45.2259119998884 10.4721762111498,45.2264640138892 10.4724222308294,45.226594216524 10.4719758329439,45.2270572470504 10.4712408070515,45.2278288453539 10.4707159857598,45.2283881477371 10.4703952758329,45.2290210341167 10.4702124919068,45.2292520251937 10.4703561073384,45.2295931354283 10.4702571327066,45.2299373683446 10.4703728119967,45.2302407309175 10.4700831866765,45.2305112038548 10.4698479604862,45.2308000294716 10.4694970548132,45.2307854903913 10.4691108939672,45.2314954270602 10.4688217879262,45.2328328724182 10.4685037500852,45.2340944751784 10.4671380513221,45.2360363987318 10.4667483949363,45.2366129989976 10.4663317729407,45.2371899441537 10.4661729641399,45.2373063015133 10.4663827458589,45.23812289832 10.4664989124132,45.2384453117757 10.4664552890006,45.238845989977 10.4661087437324,45.2390028634838 10.4664101936461,45.2391895270767 10.4665523414376,45.2394735004297 10.4662660832163,45.2398772926443 10.4647742145951,45.2411158358812 10.4637477792477,45.2410527790428 10.4625850090158,45.2419822255697 10.4620393680564,45.2427894440042 10.4617574584851,45.2433646478697 10.4616426875338,45.2441472977556 10.4617583519739,45.2444506694377 10.4617676362526,45.2448125618464 10.4616632100698,45.2449472702026 10.4617480046874,45.2450986108848 10.461620524598,45.2453860404162 10.4616553058303,45.2456904465159 10.4618675820504,45.2455543584232 10.462306308401,45.24583454134 10.4629643141216,45.2478267037432 10.462725558232,45.2479821866148 10.462481910975,45.2479471993044 10.4623470960727,45.2479489249681 10.4621171368732,45.2484472513604 10.4626872169661,45.2496403049812 10.4612693601368,45.2500966724222 10.4605948998456,45.2502150321382 10.46067772181,45.250290163673 10.4611204695863,45.2506464814264 10.4616871599275,45.2512239696594 10.4623663650359,45.2515772573041 10.4630462920932,45.2519583770322 10.4636101533588,45.2524245129809 10.4642471145841,45.2526669519554 10.4644935815955,45.2530536177118 10.4644190603297,45.2532216403616 10.4647092351812,45.253774811996 10.4643961150581,45.2538623596125 10.4643373401361,45.2546427615762 10.4642118681604,45.2574288279462 10.4641315704872,45.2589056196124 10.4641057591943,45.2594349971154 10.4639144232969,45.2596602058747 10.4640391019997,45.2599092093481 10.4637345354921,45.2603307797627 10.4626194480881,45.2614309989332 10.460778296426,45.2634315178704 10.4593456224636,45.2644522307476 10.4584419093342,45.2645751489156 10.4579796108144,45.2649987180855 10.4578756204362,45.2655569362299 10.4570549944882,45.2658458500613 10.4559087386483,45.266041127461 10.4559060412782,45.2660708380915 10.4557768286863,45.2663824863881 10.455696031449,45.2664416410838 10.4557437677906,45.2672354128306 10.455831996763,45.2674667893541 10.4554544388659,45.2677234766783 10.4552449139942,45.2681136474404 10.4550319216133,45.2683682368976 10.4546518787156,45.2685280769805 10.4540672462534,45.2692717738779 10.453398331647,45.2699390382341 10.4525114447065,45.2706671960437 10.4518699223076,45.2713341055501 10.4515775706143,45.271705949333 10.4514762442368,45.2720366146473 10.4553479258067,45.2721423567762 10.4557460074589,45.2716141574454 10.460102457179,45.2713648140589 10.4619382873294,45.2712638366933 10.4670619808665,45.2715081598818 10.4694738316266,45.2713996630334 10.4723764053003,45.2711685423079 10.4749034693912,45.2712715723186 10.4770182297418,45.2708179988707 10.4816327641324,45.2707862827294 10.4815287050895,45.2709309488036 10.4812326431453,45.2713991259088 10.4813208575049,45.2716301515278 10.4814531791426,45.2719766893608 10.4814652632792,45.2724408715123 10.4814421475462,45.2727200636941 10.4821752281924,45.2726272056555 10.4837332176423,45.2723790368664 10.4842025915087,45.272285269456 10.4847487222262,45.2722781733196 10.4858610024918,45.27207960282 10.4865036789455,45.2719660366975 10.4875125681786,45.2711375624641 10.4880074742586,45.2705963231496 10.4880404216006,45.2705640806248 10.4886610775086,45.2706281336831 10.491576719558,45.2709001065 10.4915368117431,45.2709375844317 10.4920921401987,45.2709303330134 10.4941374550852,45.2712819472439 10.4955307574429,45.2712889399285 10.4971348834821,45.2698049937523 10.4976586175158,45.2700251371176 10.5001078357147,45.2694380970297 10.5034674011458,45.2681580059844 10.5037920926306,45.2682798472705 10.5078030753241,45.2679999741238 10.5081761756547,45.2686004023124 10.5090621594355,45.2683364715489 10.5096497759904,45.267597240258 10.510397596903,45.267511686979 10.5103391402354,45.2666548764252 10.5121835694833,45.2675132844571 10.5124779289857,45.2678372872805 10.5152818117957,45.26850637764 10.5159838539597,45.2680430493504 10.5172780993025,45.2670169456026 10.517204670777,45.2669422517048 10.5171521613237,45.2663123733142 10.5167513415027,45.2660150189 10.5164098420931,45.2652628605699 10.516775832925,45.2644885522776 10.5166767516058,45.2643291378691 10.516499710385,45.2632162666908 10.5164473773992,45.2620422612967 10.51697718337,45.2613809635981 10.5178763119083,45.2603578868376 10.5182178549707,45.2597436936047 10.5187511880245,45.2592161673266 10.5189120249557,45.2589315065458 10.5189263290059,45.2586785322898 10.5186023074773,45.2583705775761 10.5186126957669,45.2567868240393 10.5184912470184,45.2553906917947 10.5183197519137,45.2544859232538 10.5179870198874,45.2542449954159 10.5175331971376,45.2538049360026 10.5168415593595,45.2531301168243 10.5163012026786,45.2526019830322 10.5154896607371,45.2521666622804 10.514739286226,45.2516561760232 10.513984972514,45.2509970403744 10.5130433188114,45.2500206847862 10.5126693993914,45.2494159815041 10.5116560576345,45.2477193852369 10.5112511968384,45.2471373907565 10.5111007483826,45.247020424419 10.5113668001088,45.2467343812963 10.5108928378016,45.2463243008747 10.510307763722,45.2456926420773 10.5096155251288,45.2449880486391 10.509356335251,45.2447386895077 10.5097272784141,45.2440423486936 10.5106640195144,45.242855263792 10.5109062551386,45.2424654488241 10.5111309967315,45.2422096929068 10.5113819015126,45.2421468943681 10.5117686488564,45.2416510786662 10.5118020227112,45.241588772647</coordinates></LinearRing></outerBoundaryIs></Polygon></MultiGeometry>
  </Placemark>
  <Placemark id="acquaioli_2026.10">
	<Style><LineStyle><color>FF12fa4b</color><width>3.40157</width></LineStyle><PolyStyle><fill>0</fill></PolyStyle></Style>
	<ExtendedData><SchemaData schemaUrl="#acquaioli_2026">
		<SimpleData name="ID">0</SimpleData>
		<SimpleData name="NOME">VIAPIANA</SimpleData>
		<SimpleData name="ZONA">Medio Ovest</SimpleData>
		<SimpleData name="Shape_Area">3377.98850143508</SimpleData>
	</SchemaData></ExtendedData>
      <MultiGeometry><Polygon><outerBoundaryIs><LinearRing><coordinates>10.5439199451208,45.2443704351775 10.544972323186,45.243765300607 10.5450435429907,45.2437672948749 10.545112175839,45.2435703949311 10.5456484776738,45.2431767175228 10.5465150862711,45.2431971912399 10.547983662563,45.2435637234708 10.5483737748802,45.2435030844607 10.548077022586,45.2427669615556 10.5471314350287,45.2409419940784 10.5464586770916,45.2395829795973 10.5454475655937,45.238534834591 10.5448492625695,45.2377873963528 10.5439723685502,45.2368905712298 10.541994730104,45.2353653800395 10.540838227863,45.2342783166458 10.5414883181081,45.233738632906 10.5417622935226,45.233183601631 10.5421812567615,45.232647032536 10.5426607505073,45.2322117427331 10.5433593834637,45.2318653800089 10.5440832372192,45.2319168578175 10.5446504795298,45.2315212140599 10.5454349739053,45.2306121330985 10.5448778180823,45.2303133720184 10.5467227829469,45.2290836396745 10.5491648321397,45.227498645364 10.5507649245018,45.2263027969393 10.5515614735155,45.2258427454524 10.5523613475845,45.2255051611246 10.5524132513957,45.2254828084474 10.5523966752195,45.2254648793995 10.554056008794,45.2247172045447 10.5530270060099,45.2234021229382 10.5520451728668,45.2222655917192 10.5517620462322,45.2219558358179 10.552011450626,45.2218031132803 10.5510444926034,45.2208231734205 10.5522943345283,45.2201640583742 10.5553158538658,45.2186146834941 10.5554783066021,45.2183735365887 10.5559331918326,45.2180089384329 10.5578837276449,45.2170938153305 10.5595533640408,45.2163392937256 10.5614731242724,45.2154618626059 10.5627641471866,45.2147722026956 10.5654864454665,45.2135029185372 10.5676126908914,45.2124582848744 10.5710126810833,45.2108734301975 10.5737246651808,45.209626490192 10.5742885596199,45.2101563249248 10.574683933906,45.210703413755 10.5750096862621,45.2117890657274 10.5753847854871,45.2123662989986 10.5760464035469,45.2133726476643 10.5760193359195,45.2134830479426 10.5760747221367,45.2134587235493 10.580498466526,45.2115156965923 10.582792740324,45.2103002289231 10.5844457453909,45.2095266711759 10.5859034117211,45.20907337606 10.5904731424642,45.2074508060218 10.592011817438,45.2062456790155 10.5946900688627,45.207825026242 10.5972951090911,45.2060563920492 10.5972421621313,45.2056240800113 10.5956849097437,45.2039713873198 10.5951732657627,45.2031990424422 10.5958910751016,45.2025827346406 10.5976467327589,45.2011146657765 10.597493161722,45.1985473648541 10.5972200018261,45.1946248342574 10.597241492314,45.1946109258634 10.5971245513095,45.1938104517547 10.5961786992816,45.1926650769091 10.5951661570328,45.1913869405338 10.5951134898616,45.1906301268397 10.5956636108597,45.1900208560122 10.5937483005566,45.1874407498499 10.5919433480962,45.188245765147 10.5869302050063,45.1903876862706 10.5863246918255,45.1907080341548 10.5842860208662,45.1899119531536 10.5818361161958,45.1879183679993 10.5819516004197,45.1875379922516 10.5795142662883,45.1848534730651 10.5779635155438,45.1828919196167 10.5774998441028,45.182073934194 10.5777574152175,45.1811345758195 10.5768522701871,45.1803004060019 10.5772395014656,45.1794929450975 10.5769709619688,45.1788950696855 10.5763934309997,45.1779449617228 10.5763459508323,45.177366312562 10.57639232378,45.1767640876196 10.5758410203249,45.176192390074 10.575216302575,45.1752429269629 10.5754330358439,45.175106252149 10.5740472728078,45.1728304193582 10.5718954998,45.1736176020204 10.5709952255516,45.1740978871012 10.5677855989301,45.1753674348991 10.5663215147453,45.1759668239727 10.5661929334277,45.1759603305119 10.5662790837034,45.1760604616243 10.5642822139247,45.1768244491718 10.5653197727815,45.1778691325274 10.5636844879724,45.1787662706511 10.5632138819938,45.1782202438145 10.5619282507372,45.1788133180911 10.5603560680521,45.1796404871465 10.5536745702064,45.1834837345518 10.5501330736443,45.1813219782046 10.5476504331223,45.1797903155081 10.5458811255879,45.1787553765582 10.5436308046654,45.1773816181462 10.5429699763569,45.178219248199 10.5427001728266,45.179074613704 10.5424504606214,45.1794693172353 10.5420737126476,45.1799808320081 10.5422770075875,45.180277340995 10.5419321666023,45.1807654061243 10.5414509605969,45.1810251144937 10.5406387984768,45.1810821100544 10.5399973843596,45.1814360508327 10.5394216574357,45.1818121232443 10.5383997074008,45.1825394946211 10.5379203305246,45.1828682213668 10.5371623631089,45.1837301443533 10.5366271846675,45.1844049093466 10.53625220983,45.1849854394786 10.5358133872787,45.1856128660493 10.5351123840635,45.1861747553248 10.533585319031,45.1868858501801 10.5329450327514,45.1872857756494 10.5317540244878,45.1877851599633 10.5311775608797,45.1881381803556 10.5297177069293,45.1895389055487 10.5286046494864,45.1905206222804 10.5279078272855,45.1912435474412 10.5272729938945,45.1918505423777 10.5265141315965,45.1926893854214 10.526169696301,45.1932004145715 10.5239128721712,45.1946347290532 10.5231152353359,45.1952438713747 10.5224133743192,45.1957826741959 10.5215850015744,45.1964612742276 10.5208837255857,45.197023078709 10.5204108688982,45.197604858354 10.5199610863415,45.1983930638829 10.5197887578231,45.1986950489515 10.5196517666089,45.1996636867797 10.5194036451732,45.2001273751398 10.5173576894374,45.2009372295305 10.5161386009206,45.2016209781141 10.514369207825,45.2024271071254 10.5146399855953,45.2028148468522 10.5131562057683,45.2035057782763 10.5139970389944,45.2038323717633 10.5147077240502,45.2043662925079 10.5159660305678,45.2056230592972 10.5166350553775,45.2063952330219 10.5150661629725,45.2070103311768 10.5127116358433,45.2078905046705 10.5126360455544,45.2078811496915 10.512699746193,45.2079648156947 10.508280540814,45.2096706446386 10.503831952725,45.2113369918247 10.5017757170715,45.2121579671107 10.4980971170647,45.2137544212528 10.4931036339896,45.2150106827287 10.4912061975019,45.2154721249248 10.4830604630968,45.2170072274792 10.4801803296536,45.2174812398057 10.4774831360042,45.2179726610098 10.477452936046,45.2179948014328 10.478894395543,45.2209280050306 10.4790014256875,45.2209702027128 10.4796366002796,45.2208653723906 10.4809549969499,45.2207516831267 10.4821822912824,45.2206391602987 10.483542874488,45.2203960860862 10.4848578990605,45.2201535871827 10.485018016697,45.2210531615836 10.4867404651593,45.2207087392687 10.4886914723792,45.2203935136934 10.4897305343646,45.2217968568479 10.4914040575443,45.2213241932488 10.492852307381,45.2226899621287 10.4983364377523,45.2285111265585 10.50090803676,45.2309891214013 10.5038376869593,45.2340741814328 10.5061811270756,45.2365228567692 10.5083429512313,45.2392234336478 10.5082864741217,45.2393137623831 10.5098726469739,45.2403643024763 10.511231636818,45.2412408816733 10.5118020227112,45.241588772647 10.5121697212499,45.2409022880944 10.5125465258684,45.2404289054085 10.512727198477,45.2400993806413 10.5128665812144,45.2398001420111 10.5132643544036,45.2397205254613 10.5138852628649,45.239325687681 10.5141378234283,45.2391722846008 10.5190345915803,45.2391220364064 10.5197386341264,45.2398855179043 10.5246716736103,45.2436840155794 10.5275614974697,45.2460605525158 10.528918934052,45.2482321204469 10.530188092751,45.2502902143102 10.5314948703991,45.2497573551812 10.535929273277,45.2478922754 10.5411888916084,45.2456219541377 10.5438073731084,45.2445032693187 10.5439199451208,45.2443704351775</coordinates></LinearRing></outerBoundaryIs></Polygon></MultiGeometry>
  </Placemark>
  <Placemark id="acquaioli_2026.11">
	<Style><LineStyle><color>FF12fa4b</color><width>3.40157</width></LineStyle><PolyStyle><fill>0</fill></PolyStyle></Style>
	<ExtendedData><SchemaData schemaUrl="#acquaioli_2026">
		<SimpleData name="ID">0</SimpleData>
		<SimpleData name="NOME">PEVERADA</SimpleData>
		<SimpleData name="ZONA">Medio Ovest</SimpleData>
		<SimpleData name="Shape_Area">3766.49505713943</SimpleData>
	</SchemaData></ExtendedData>
      <MultiGeometry><Polygon><outerBoundaryIs><LinearRing><coordinates>10.4593456224636,45.2644522307476 10.460778296426,45.2634315178704 10.4626194480881,45.2614309989332 10.4637345354921,45.2603307797627 10.4640391019997,45.2599092093481 10.4639144232969,45.2596602058747 10.4641057591943,45.2594349971154 10.4641315704872,45.2589056196124 10.4642118681604,45.2574288279462 10.4643373401361,45.2546427615762 10.4643961150581,45.2538623596125 10.4647092351812,45.253774811996 10.4644190603297,45.2532216403616 10.4644935815955,45.2530536177118 10.4642471145841,45.2526669519554 10.4636101533588,45.2524245129809 10.4630462920932,45.2519583770322 10.4623663650359,45.2515772573041 10.4616871599275,45.2512239696594 10.4611204695863,45.2506464814264 10.46067772181,45.250290163673 10.4605948998456,45.2502150321382 10.4612693601368,45.2500966724222 10.4626872169661,45.2496403049812 10.4621171368732,45.2484472513604 10.4623470960727,45.2479489249681 10.462481910975,45.2479471993044 10.462725558232,45.2479821866148 10.4629643141216,45.2478267037432 10.462306308401,45.24583454134 10.4618675820504,45.2455543584232 10.4616553058303,45.2456904465159 10.461620524598,45.2453860404162 10.4617480046874,45.2450986108848 10.4616632100698,45.2449472702026 10.4617676362526,45.2448125618464 10.4617583519739,45.2444506694377 10.4616426875338,45.2441472977556 10.4617574584851,45.2433646478697 10.4620393680564,45.2427894440042 10.4625850090158,45.2419822255697 10.4637477792477,45.2410527790428 10.4647742145951,45.2411158358812 10.4662660832163,45.2398772926443 10.4665523414376,45.2394735004297 10.4664101936461,45.2391895270767 10.4661087437324,45.2390028634838 10.4664552890006,45.238845989977 10.4664989124132,45.2384453117757 10.4663827458589,45.23812289832 10.4661729641399,45.2373063015133 10.4663317729407,45.2371899441537 10.4667483949363,45.2366129989976 10.4671380513221,45.2360363987318 10.4685037500852,45.2340944751784 10.4688217879262,45.2328328724182 10.4691108939672,45.2314954270602 10.4694970548132,45.2307854903913 10.4698479604862,45.2308000294716 10.4700831866765,45.2305112038548 10.4703728119967,45.2302407309175 10.4702571327066,45.2299373683446 10.4703561073384,45.2295931354283 10.4702124919068,45.2292520251937 10.4703952758329,45.2290210341167 10.4707159857598,45.2283881477371 10.4712408070515,45.2278288453539 10.4719758329439,45.2270572470504 10.4724222308294,45.226594216524 10.4721762111498,45.2264640138892 10.472134994414,45.2259119998884 10.4718992111548,45.225133853605 10.4717472404362,45.2244689476252 10.4707681252662,45.224138597944 10.4707627204189,45.2239290817102 10.471671035178,45.2215166710218 10.4717796020743,45.2215412404442 10.4719371338632,45.2207417180331 10.4725263258537,45.2191469769952 10.4726096684411,45.2185281521738 10.4716188421338,45.2184497640639 10.4695393416664,45.2183050520578 10.467970903355,45.2181156312446 10.466458329868,45.2180016834911 10.4669392474879,45.2173095906269 10.4672670370699,45.2164289300775 10.4674507653408,45.2151881051041 10.4676320362383,45.2138520453665 10.4680406356887,45.2129703434274 10.4683181592265,45.2117092585339 10.4683803642202,45.2109844330399 10.4686110796389,45.2094762551621 10.4689138171636,45.2086721231054 10.4701180881456,45.2057224194266 10.4707464914842,45.2039614247409 10.4712563574852,45.202830712322 10.4712555662267,45.2028000197825 10.4708811795807,45.2027316643021 10.4696589005675,45.2028322921376 10.4682524046845,45.2032409042224 10.467414696912,45.203353544896 10.4672907223899,45.2022684531427 10.4670964737854,45.2012521821376 10.4667664737017,45.2005602628591 10.4659694291827,45.1994498507318 10.464917050073,45.1986822961869 10.4646734898371,45.1985495833064 10.4634984981697,45.1976817114066 10.4635151051622,45.1973928477818 10.4640769015445,45.1968253277388 10.464275541268,45.1961436039347 10.4648295215222,45.1943366795828 10.4648900730953,45.1942698622943 10.4648377666253,45.1942629719421 10.4644376116743,45.1944205292819 10.4567616386847,45.1940423357248 10.4541981868413,45.1939035150347 10.451581346545,45.1937843737344 10.4502065280655,45.193763741305 10.449973277136,45.1941287185736 10.4498061748305,45.1941329062228 10.4498069037474,45.1941356910754 10.4462910307048,45.1942062188231 10.4429333137874,45.1942963319758 10.4399447914519,45.1943340573344 10.438588081697,45.1942975701901 10.4377286569639,45.1942786232573 10.4364286311051,45.1941520825103 10.4346463723885,45.193936319698 10.4336154477146,45.1937944582624 10.4327524459954,45.193632617809 10.432188376288,45.1935816415277 10.4309038206043,45.1934166804757 10.4300663466382,45.193331908478 10.4287210936759,45.1931628320178 10.4286877270577,45.1931586379577 10.4283995100607,45.1934861522396 10.4277581802905,45.194398598702 10.4271391506155,45.1942631039909 10.4263690580142,45.1941119623219 10.4254898286732,45.1939740861972 10.4252440613311,45.1939116572194 10.4252969934055,45.1933334372135 10.4240207835566,45.1931469165376 10.4233699057061,45.1930478554814 10.4226703000604,45.1930208492086 10.4215264552624,45.1930767739975 10.4206602632829,45.1931232795959 10.4199402248559,45.1932227389391 10.4198028682998,45.193117271618 10.4193364428633,45.1926467323513 10.4192329090521,45.192546797603 10.4195149646082,45.1920371826771 10.4196827167119,45.1916718900874 10.4197510777541,45.1913733289646 10.4197079332355,45.190992795416 10.4195192989132,45.1901794119741 10.4193551838411,45.1893359522125 10.4192130870828,45.1887006163686 10.4191507612467,45.1885644444929 10.4189484419786,45.1885550504988 10.4185299287363,45.1886555174269 10.4175167149637,45.1888824523183 10.417130832761,45.1889408296261 10.4169872893999,45.1889247481181 10.41676058088,45.1889177430764 10.4169294381386,45.1891116505526 10.4170954334458,45.1896931049425 10.417110207085,45.1902883432092 10.4170003346775,45.1906112344756 10.4165909582138,45.1910807434976 10.4162424230033,45.1912875100532 10.4155400320373,45.1914867543995 10.4145490619747,45.1915943026178 10.4137054856726,45.1915332990873 10.4129992521994,45.1915777651919 10.4124146988917,45.1917755320797 10.4120652607456,45.191946572224 10.4118047123554,45.1923070472647 10.4116339359884,45.1928926716626 10.411428599078,45.1934429981488 10.4111387809367,45.1939824599993 10.4107444038361,45.1943803110508 10.4105027321857,45.1948239093822 10.410382447933,45.1954089079527 10.4103956838701,45.1959446242189 10.4104724468539,45.1963247457146 10.4108714798159,45.1967961536053 10.4111845643042,45.197197170943 10.4112125873082,45.1976493446283 10.4108908352943,45.198260650547 10.4105800305158,45.1986336516091 10.4104089300496,45.1992073702097 10.4104363586602,45.1996357347743 10.4106357052385,45.2002048764407 10.4106852724698,45.2008473185632 10.4104607071827,45.2013026132432 10.4098970020623,45.2016668266474 10.4091495290687,45.2020928482096 10.4088537683919,45.2023942083048 10.4085423419536,45.2027433947389 10.4084994620891,45.2030535425203 10.4086099020482,45.2034332494183 10.408942788307,45.2039531124229 10.409257075832,45.2044017544999 10.4098381638326,45.2047399250679 10.4103814584736,45.2049118422948 10.4118686367746,45.2057865955577 10.4137848391993,45.2069775443489 10.4137570560723,45.2072160566601 10.4134863931927,45.2078505528582 10.4120867300792,45.2091539780816 10.4113377047029,45.2095204905736 10.410127179232,45.2096188043169 10.4092546560921,45.2097605681313 10.4087038812515,45.2099698076464 10.4079322721245,45.2103929939312 10.4073176650639,45.2112125658192 10.4069579857966,45.212563200215 10.4069201993605,45.2134825011164 10.4071050372445,45.2148477905305 10.4071080167719,45.2161939542394 10.4073164167141,45.2179008447871 10.407643444584,45.2189011195011 10.4075907319227,45.2204402824921 10.4072898774711,45.2217260858878 10.4067700408779,45.2227154308992 10.4063155489786,45.2245159606213 10.4061923306983,45.2256499939521 10.406149786202,45.2263770368161 10.4047663876819,45.2279112097605 10.4039738515341,45.2288825274682 10.4035581255738,45.2298064718143 10.4025607557369,45.2310580838369 10.4009218566773,45.2332791291294 10.4001260340563,45.2341222501318 10.3997789724671,45.2347675512128 10.39979576154,45.2354511264923 10.3998988279147,45.2378003612605 10.400173775392,45.2391431837621 10.4000258572874,45.2401634390901 10.4002599515844,45.2399831848147 10.4000509547921,45.2410813053896 10.3998846055872,45.2418573802505 10.3998053233463,45.2420607918997 10.3994950942286,45.2424694747717 10.3993124684653,45.2432695644279 10.3993137427226,45.2440078585842 10.3993220137035,45.245100199918 10.3993250122484,45.245496248818 10.3993029309454,45.2456520852192 10.3992980622429,45.2456864462142 10.3992388099524,45.2461046239757 10.3992016233607,45.2462474446501 10.3990770636627,45.2467258336574 10.3990361450192,45.2468445641175 10.3989479300458,45.2471005266022 10.3989039632543,45.2472280996711 10.397989105734,45.2481314493131 10.3978417914199,45.2482769067029 10.3977682994852,45.2483494730751 10.397758625673,45.2483870091437 10.3977392351149,45.2484622546331 10.3976927638286,45.248642583557 10.3976913360712,45.2486481207847 10.3984475284123,45.2495796102813 10.3990885328439,45.2504566234597 10.3991404656313,45.250527675506 10.399152441708,45.2505440601142 10.3991938227308,45.2506006769143 10.3991960842403,45.2506037709414 10.3992325348075,45.2506536402679 10.399209431482,45.2508635217421 10.3992049687103,45.250904050992 10.3991524144691,45.2510017388371 10.3989143629969,45.2514442216929 10.3988502722205,45.2515633510827 10.3988428603503,45.2515876911493 10.3987774086694,45.2518026055371 10.398741068173,45.2519219368245 10.3986868203495,45.2520297674237 10.3986446225798,45.2521136503122 10.3986204429528,45.2521962188112 10.3985046305657,45.2525916943532 10.3984362138641,45.2528190300497 10.3983703605928,45.2530378440469 10.398364344113,45.2530578345445 10.398310082682,45.2535943700261 10.3983452319166,45.2536662508225 10.3983713980618,45.253719763241 10.3985497853207,45.2540845670909 10.3985763489505,45.2541388883302 10.3986455919438,45.25439584538 10.3988546121959,45.2551714973165 10.3988925884302,45.2553731689471 10.3989709510427,45.2557892999193 10.3990322856526,45.2559978775478 10.3991324083903,45.2563383565607 10.3991733253382,45.2564774988293 10.3992464083924,45.2566697277932 10.3992634523072,45.2567145590545 10.3992662915434,45.2567371145302 10.3992844042107,45.2568810180501 10.3992899631051,45.2571072063497 10.399300699303,45.2571771337764 10.3993076424284,45.2572223588475 10.3993100366285,45.2572379507815 10.3993140047317,45.2573993762792 10.3993150107989,45.2574403299581 10.3993344459212,45.2575124470731 10.3993512221612,45.2575746950734 10.3994077747702,45.2577845318447 10.3994017922567,45.2578129122997 10.3993473741769,45.2580710699923 10.3993038287318,45.2583574015531 10.3992591130701,45.2585961139848 10.3992426191247,45.2587488507528 10.3992245489339,45.2589161848186 10.3992179076748,45.2589776827854 10.3991252551531,45.2593241566091 10.3990413335476,45.2594847613616 10.3990125289695,45.2595398868115 10.3989542859419,45.2596436409432 10.3989317572888,45.2596837748399 10.3989242238188,45.2597369329867 10.398907739319,45.2598532565479 10.3988742788948,45.2600893590648 10.3989027369399,45.2603588719795 10.3989182302897,45.2605056088368 10.3989165018755,45.260582044042 10.4000383067327,45.2605419627096 10.4020352270187,45.2604936459777 10.4039310039596,45.2604465378601 10.4061291663986,45.2603539953497 10.4062869464114,45.2612809000584 10.4073233435443,45.2612562238697 10.4097344492545,45.2612502997183 10.4124920012858,45.2612757650917 10.414590970047,45.2612615413456 10.4145921038623,45.2612135365191 10.4159652223154,45.261269173221 10.4181960185666,45.2613383624678 10.4189213886582,45.2615473209178 10.4194043686165,45.2616624116187 10.4206722360351,45.2616224245122 10.4219070276616,45.2616312724409 10.4227304241698,45.2616452351973 10.4240019213934,45.2617504785468 10.4249648747541,45.2618595592903 10.4258225574606,45.2618730709873 10.4267249908094,45.2616196095236 10.4276506281439,45.2616080388991 10.4286442238707,45.2615713919338 10.4297370186914,45.2613881816604 10.4304220640174,45.2613553820239 10.4316274365169,45.2615582450483 10.4323840945033,45.261645630742 10.4334064824814,45.2613906107938 10.4341937636237,45.261332287409 10.4351512351382,45.2612233807077 10.4360064656842,45.261139971279 10.4363568195683,45.2622496334845 10.4368602240015,45.2637158087834 10.436814169015,45.2640651409076 10.4372059757815,45.2643702113253 10.4373553402999,45.2648527090691 10.4374224230801,45.265336242361 10.4383814226342,45.265285415888 10.4402411303982,45.2650488461407 10.4439115387711,45.264808737728 10.4453607767096,45.2646160256698 10.4449962995548,45.2637681331291 10.445267128418,45.2636290795969 10.4465635817959,45.263903288788 10.4475803574792,45.263967902468 10.4488674622903,45.263874076463 10.4504038752488,45.2638739449846 10.4512301441489,45.2639990722269 10.4529575455468,45.2639577354806 10.4535634042193,45.2640469039225 10.4535389448753,45.2641634664479 10.4548010708715,45.2641667767733 10.455045436209,45.2640667887837 10.4560032645392,45.2645186546992 10.4560451829668,45.264538430358 10.4559087386483,45.266041127461 10.4570549944882,45.2658458500613 10.4578756204362,45.2655569362299 10.4579796108144,45.2649987180855 10.4584419093342,45.2645751489156 10.4593456224636,45.2644522307476</coordinates></LinearRing></outerBoundaryIs></Polygon></MultiGeometry>
  </Placemark>
  <Placemark id="acquaioli_2026.12">
	<Style><LineStyle><color>FF12fa4b</color><width>3.40157</width></LineStyle><PolyStyle><fill>0</fill></PolyStyle></Style>
	<ExtendedData><SchemaData schemaUrl="#acquaioli_2026">
		<SimpleData name="ID">0</SimpleData>
		<SimpleData name="NOME">NEGRISOLI</SimpleData>
		<SimpleData name="ZONA">Medio Ovest</SimpleData>
		<SimpleData name="Shape_Area">4345.08085635888</SimpleData>
	</SchemaData></ExtendedData>
      <MultiGeometry><Polygon><outerBoundaryIs><LinearRing><coordinates>10.4773217573802,45.2211007789589 10.477805381184,45.221037364437 10.4785335317917,45.2210469957363 10.478894395543,45.2209280050306 10.477452936046,45.2179948014328 10.4774831360042,45.2179726610098 10.4801803296537,45.2174812398057 10.4830604630968,45.2170072274792 10.4912061975019,45.2154721249248 10.4931036339896,45.2150106827287 10.4980971170646,45.2137544212528 10.5017757170715,45.2121579671107 10.503831952725,45.2113369918247 10.508280540814,45.2096706446386 10.512699746193,45.2079648156947 10.5126360455543,45.2078811496915 10.5127116358433,45.2078905046705 10.5150661629725,45.2070103311768 10.5166350553775,45.2063952330219 10.5159660305678,45.2056230592971 10.5147077240502,45.2043662925079 10.5139970389944,45.2038323717633 10.5131562057683,45.2035057782763 10.5130959657129,45.2035338280571 10.5130253192219,45.2034549386962 10.5126388992859,45.2030234283041 10.5106882828852,45.2009254849842 10.5079451008679,45.1980440459095 10.5041300241646,45.1944224263245 10.4990630291348,45.1890704696994 10.49709937158,45.1869724615896 10.4954247404968,45.1851882078305 10.4929979360212,45.1825404394676 10.4929734394548,45.1825341777537 10.4930673612993,45.1823904688213 10.4930627030404,45.1822123384013 10.4931564630504,45.1819438262736 10.4937492966295,45.1814905986238 10.4944461298271,45.1811607400074 10.4951933291448,45.1808302185128 10.4957884675138,45.1804660447979 10.4964297688981,45.1799408921689 10.4978224250389,45.1792455134435 10.4982668851301,45.1789011219099 10.4988502938936,45.1780916073943 10.4992140394601,45.1775522604199 10.4994826532212,45.1772279906129 10.4999009675873,45.1768482974641 10.5002997075106,45.1766826890323 10.5005435945704,45.1763765603579 10.5005542679653,45.1758240276602 10.4979919838621,45.1751448904592 10.4977853748176,45.174951589535 10.4977881327362,45.174096234954 10.4977566207736,45.17337497302 10.4976166920772,45.1728422335676 10.4971190736272,45.1721181711242 10.4967259317341,45.1715352910441 10.4963048167485,45.1708458614854 10.496194289752,45.1704731067518 10.4959541231428,45.1699594972187 10.495484999228,45.1693597883772 10.4936680279837,45.1677887470443 10.4932297140596,45.1674024559931 10.4926412530579,45.1670537664128 10.4912862321255,45.1662874298739 10.4897246441577,45.1654184689063 10.4900993973931,45.1650324470671 10.4909450190293,45.1641084025236 10.4912078677135,45.1634301366276 10.491140898876,45.1630142009319 10.4915450029636,45.1623737868147 10.4914956822797,45.1620965572049 10.4918567037805,45.1608811099103 10.4921034048926,45.1606595586489 10.4927676582946,45.1603134628322 10.49329427603,45.1600684022871 10.4931743199831,45.1597722492179 10.4928258654081,45.1593202974167 10.4923667960224,45.1589293337476 10.4920271630652,45.1588146825349 10.4921331192941,45.1585751214078 10.4921217176968,45.1581386119812 10.4916891524428,45.1576877547863 10.4910945518337,45.1574771895154 10.4900617659665,45.1560616027444 10.4888161341951,45.1545495407533 10.487777704837,45.1534515770681 10.4877518731646,45.1524595080909 10.4876393399393,45.1513693275299 10.4873694205274,45.1506980062163 10.4869244790761,45.150306836984 10.4872526900303,45.149984994208 10.4889248320824,45.1484944485816 10.4906254424113,45.1470233552071 10.4917553138795,45.1462543763964 10.4916675472604,45.146200872725 10.4905440571213,45.1455159593492 10.4904043886896,45.1455376303399 10.4899265605493,45.1457822386672 10.4889472025281,45.1451663522965 10.4881594531878,45.1446407374082 10.4878679082988,45.1444301826313 10.487554588279,45.1440293751954 10.4871278580701,45.1437967628518 10.4865332248015,45.1435782432728 10.4861838017012,45.1430826333195 10.4856116899164,45.1424351092542 10.4844744762166,45.142056917117 10.4837226139296,45.1416141651504 10.4829192080453,45.140949904504 10.482563704137,45.1413415865026 10.4824497113628,45.1414825903823 10.4822152512687,45.1417601800789 10.4819073299045,45.1420252201301 10.4815936309282,45.1423128385867 10.4813765302406,45.1425857013188 10.481051816177,45.1428779611189 10.4806555037,45.1432296586567 10.4801893383633,45.1437082824746 10.480099526014,45.1438624721594 10.4797115378681,45.1442905720878 10.4793288893553,45.1445565725304 10.4789615488963,45.1447998709326 10.4784430168182,45.145099133394 10.4779460343561,45.1453711103367 10.477266260798,45.1456454492115 10.476551668795,45.1458032147861 10.4758197855431,45.145907189129 10.4752757289786,45.1458962144625 10.4746876332342,45.1459038084871 10.4738556201991,45.1458245310673 10.4729000617367,45.1457018336577 10.4720166121795,45.1456007029434 10.4715372309035,45.1455078631091 10.4710376507376,45.1454332839978 10.470478916228,45.1453459619455 10.4697766709294,45.1452424810873 10.4690164001553,45.1451082364553 10.4683599072339,45.1449906556902 10.4677211308488,45.1448818451303 10.4667392739628,45.1447864392843 10.4659723625682,45.1447647783229 10.4651340700311,45.1448115400506 10.4645116403374,45.1449680476706 10.4643056198566,45.1450092540727 10.4640307583328,45.1450642278173 10.4636480975759,45.1452086554515 10.4631660148761,45.1454443711069 10.4623802025851,45.1459270156959 10.4614652209787,45.1465962445999 10.4603776561087,45.147203848697 10.4597963027462,45.1474138145088 10.4592548956883,45.1475692575323 10.4581471230274,45.1475879037092 10.4577325887854,45.1475436871833 10.4574621262578,45.1474751260516 10.4569739842575,45.1472878199041 10.4566397970793,45.1470895478935 10.4563707660295,45.1468274328512 10.4562916346185,45.1466518142384 10.4561897845561,45.1463391570714 10.4561432395447,45.1460438843657 10.4559622872788,45.1446676892388 10.4558699690854,45.1440208369155 10.4557836194229,45.1438182228583 10.4556226764355,45.1434093042871 10.4554840820479,45.143040086193 10.455149782767,45.1427112899011 10.4547595555463,45.142558732243 10.4544717509537,45.1424948857696 10.4540707723452,45.1424819883317 10.4536765205656,45.1426085276753 10.4532090514593,45.1427945059185 10.4527896065122,45.142993375603 10.4518789882717,45.1434248426178 10.4515275373905,45.1435536451272 10.4510699767829,45.1437083607094 10.4507149823975,45.1438774253793 10.4497484348322,45.1443237554825 10.4488427075908,45.1446593110914 10.4483210332213,45.1447784514094 10.447918326239,45.1448027160347 10.4472104530188,45.1448735514826 10.4466474594431,45.1449192110873 10.4463327655762,45.1449374878001 10.4455778481279,45.1449646710036 10.4448253969697,45.1450061757311 10.4445032328652,45.1450183100398 10.4438249981091,45.1450185632293 10.443057490638,45.1450656567065 10.4422548404768,45.1451458966109 10.4415649628744,45.145210538516 10.4408904493105,45.1453225726015 10.4403357129951,45.1454555970651 10.4395444693467,45.1456863931988 10.4389782824082,45.145837580431 10.4388292223177,45.1458752126746 10.4384521686128,45.1459345981669 10.4381447817872,45.1459648045331 10.4377479752328,45.1459292974458 10.4374492660203,45.1458745497942 10.4371297843583,45.1457525500028 10.4369138489057,45.1456382489465 10.4368091664358,45.1453446991064 10.4366029595475,45.1447825174992 10.4365829887132,45.1446914077201 10.4364898188063,45.144266352567 10.4363410284628,45.144000941949 10.4359565963056,45.1433442639226 10.4356373541586,45.1428008256088 10.4351732560789,45.1423415511583 10.4347674832027,45.1419701214834 10.4340712832377,45.1414702830836 10.4330526295222,45.1406009273752 10.4320121244576,45.1401909140602 10.4312547330359,45.139854936808 10.4299939889798,45.1396581201108 10.4284744965273,45.1395466250785 10.4270120453946,45.1396819387488 10.4260959115438,45.14004894926 10.4250455118225,45.1406426682644 10.4242139643424,45.1408960874219 10.4231880775683,45.1410709119495 10.4218561271007,45.1412135337326 10.4214022410933,45.1411161195312 10.4211234805995,45.1413867177578 10.4204345298745,45.1416953856028 10.419604979259,45.1420343777793 10.4192671375857,45.1422529306978 10.4185455898741,45.1428763778993 10.418282642785,45.1432654809061 10.4183007067997,45.143586786805 10.418430688831,45.1443496999771 10.4185583711216,45.1450197546585 10.4185141047998,45.1452703837043 10.4183687259009,45.1455151240816 10.4180514018161,45.1457477095218 10.4174194013899,45.1459127486943 10.4166637977688,45.145979286463 10.4163179605332,45.1458763995746 10.4153688247487,45.1454666066448 10.4147662382526,45.1451882691466 10.4143086739296,45.1450581799732 10.4139341562275,45.1450199474745 10.4136244373255,45.1451523949832 10.4132180186287,45.1454575200946 10.4126941784144,45.1459141450539 10.4124001903624,45.146275037922 10.4122676995599,45.1466339318218 10.4121780519834,45.1470923280402 10.4122020826527,45.1476564952808 10.4120701155393,45.148036818147 10.4118320928769,45.1482112446931 10.4113470501483,45.1481958050791 10.4105671662461,45.1480982656789 10.4099188594951,45.1480133856852 10.4092719629491,45.1479856454168 10.4087582251056,45.1480348553107 10.408308568891,45.1482261754972 10.4079539767944,45.1485878042061 10.4077656363552,45.1491402995241 10.4076778835961,45.1496772652001 10.4080013610005,45.150101983834 10.4083947998531,45.1504972582382 10.4087990446031,45.1509209783349 10.4092330490044,45.151322893955 10.4098470028917,45.1516511352668 10.4105341531592,45.1520808832053 10.4111577977059,45.1524602047685 10.4114085155577,45.1527310015534 10.4114126302404,45.1528976701989 10.4113155010994,45.1530536809816 10.4110167686535,45.1532240923202 10.4105661692311,45.153378516038 10.4102221387879,45.1534184903885 10.4094950971758,45.1536239578893 10.4091218177776,45.1538429186784 10.4087672659948,45.1541390518551 10.4084597598992,45.1546370481094 10.4082842131893,45.1550262401535 10.4083609005373,45.1554063665643 10.4085788466119,45.1557132995403 10.4088353385206,45.1558768546719 10.4094091712413,45.1559412242453 10.4100057492764,45.1559040878577 10.4103985086285,45.155792060483 10.4109238135905,45.1555950348046 10.4112169385316,45.1555378245402 10.4117801531267,45.1555129995403 10.4119999148319,45.1555519618871 10.4123139813913,45.1556612092752 10.4124963853441,45.1558911688128 10.4126213732702,45.1561813809474 10.4126391996634,45.1565622325735 10.4127976941023,45.1568460762431 10.4129802510273,45.1570819876879 10.413063031798,45.1573667669386 10.4126860349335,45.1577763212893 10.4122985612787,45.1581026438175 10.4120577835562,45.1585760074431 10.4120612822128,45.1590582592505 10.4121441773453,45.1596883846314 10.4121739458368,45.1602119901676 10.4122453414526,45.1607172187818 10.4123453912119,45.1610196486425 10.4127050614056,45.1616106238633 10.4129426782827,45.1620304361716 10.4129495948271,45.1623102002705 10.4128294214471,45.1625558110249 10.4126231959882,45.1627250816791 10.4122376314981,45.1627893933981 10.4118563617805,45.162686931481 10.4112743383306,45.1626345838306 10.4105429237239,45.1626674378854 10.4097591158533,45.1626235295575 10.4092732165278,45.1623734944157 10.4086698743617,45.1617974230926 10.4083168446701,45.1614742937727 10.4080651828381,45.1612737621626 10.4078805230851,45.1612939020219 10.4072786987963,45.1614620853076 10.4067828792335,45.1614920114962 10.40648203744,45.1615790775296 10.4062421420102,45.1617487504981 10.4061991298056,45.1620529474365 10.4062476429237,45.1623143367389 10.4064287262472,45.1624907340757 10.4066520276685,45.1626725647646 10.4072126167898,45.162880011041 10.4079831174266,45.1630670026159 10.4088799798373,45.1632583854776 10.4093742982721,45.1635083174437 10.4098692096841,45.1637820574811 10.4102836565497,45.1642056454348 10.4106489480888,45.1646834279091 10.4106865726789,45.1648437276626 10.4106472936997,45.1649573432971 10.4104239312403,45.1651149132953 10.4099729434331,45.1652574299364 10.4092876757383,45.1654564261635 10.4084407706545,45.1655859594813 10.4073649182097,45.1656468586131 10.4064926172542,45.1657707376642 10.4058409876078,45.1659692979425 10.4051335280571,45.1662935801946 10.4047270756282,45.1665367509792 10.4044835687794,45.1669029557935 10.4045933210973,45.1672588597631 10.4050046815843,45.1675574659582 10.405555142398,45.167693593151 10.4064527187836,45.1675694108924 10.4071808275457,45.167399675956 10.4081919441112,45.167101407042 10.4088314443498,45.1670935187753 10.4093584273205,45.1673013680894 10.4096790920465,45.1675391524986 10.4099624245033,45.1683787753374 10.4102206325739,45.1690186446 10.4106418235229,45.1697136613942 10.4113508779423,45.1710210248493 10.411868630513,45.171943485708 10.4124581463364,45.1729079277528 10.4127149921424,45.1734906471781 10.4129530582358,45.1741307589168 10.4131861835131,45.1745708692753 10.4134561714274,45.1748676214373 10.4140257455545,45.175432176104 10.4143410904827,45.1759284263784 10.4145033637659,45.1763622668567 10.4144735789117,45.176791340788 10.4140345044585,45.177418401069 10.4138425988185,45.1778280466009 10.4137187331849,45.1781296738847 10.4137206561493,45.1786155154508 10.4138501585476,45.1789497305744 10.4140787121704,45.1792041236857 10.4145787183899,45.1794051379536 10.4153663040356,45.1793882329907 10.4159428615029,45.1794168108475 10.4161965894326,45.1794636793148 10.4166152760806,45.1796442584339 10.4170511541467,45.1801104252294 10.4173458195199,45.180585487813 10.4173638965052,45.1809067917199 10.4175630613189,45.1811972683237 10.4177388355602,45.1813594220614 10.4182968118629,45.1814525247306 10.4184908385521,45.1815358553609 10.4185468370389,45.1817566570826 10.4185046763523,45.1820929991815 10.4183675330125,45.1822661851402 10.4180193529694,45.1824848613037 10.4176933208564,45.1827818575407 10.4175540535893,45.1832765970325 10.4176049153373,45.1836975245919 10.4177418924057,45.1839244667898 10.4182203331171,45.1840685722345 10.4185919161877,45.1839782149435 10.4198498375698,45.1837768089416 10.4208660855972,45.1840142455983 10.4214469588623,45.1842142233531 10.4223453968293,45.184588869863 10.4227271197914,45.184905642495 10.4226631780833,45.1851779522662 10.4222349046549,45.1854262192659 10.4214160821536,45.1858151034193 10.420636939094,45.1861749086927 10.4201661146681,45.1863379565874 10.419712825185,45.1863936091277 10.4191262719383,45.186372320072 10.4180135934513,45.1863218370193 10.4174181823962,45.1863506650291 10.4166941186626,45.1864882615494 10.4157571999755,45.1866611417104 10.4152506840872,45.1866078783128 10.4146948456193,45.1866028577497 10.4146136214389,45.1867229485855 10.4146906934709,45.1871149722726 10.415053075044,45.1874677357798 10.415727050636,45.1881619806934 10.4164267404981,45.1885343738209 10.41676058088,45.1889177430764 10.4169872893999,45.1889247481181 10.417130832761,45.1889408296261 10.4175167149637,45.1888824523183 10.4185299287363,45.1886555174269 10.4189484419786,45.1885550504988 10.4191507612467,45.1885644444929 10.4192130870828,45.1887006163686 10.4193551838411,45.1893359522125 10.4195192989132,45.1901794119741 10.4197079332355,45.190992795416 10.4197510777541,45.1913733289646 10.4196827167119,45.1916718900874 10.4195149646082,45.1920371826771 10.4192329090521,45.192546797603 10.4193364428633,45.1926467323513 10.4198028682998,45.193117271618 10.4199402248559,45.1932227389391 10.4206602632829,45.1931232795959 10.4215264552624,45.1930767739975 10.4226703000604,45.1930208492086 10.4233699057061,45.1930478554814 10.4240207835566,45.1931469165376 10.4252969934055,45.1933334372135 10.4252440613311,45.1939116572194 10.4254898286732,45.1939740861972 10.4263690580142,45.1941119623219 10.4271391506155,45.1942631039909 10.4277581802905,45.194398598702 10.4283995100607,45.1934861522396 10.4286877270577,45.1931586379577 10.4287210936759,45.1931628320178 10.4300663466382,45.193331908478 10.4309038206043,45.1934166804757 10.432188376288,45.1935816415277 10.4327524459954,45.193632617809 10.4336154477146,45.1937944582624 10.4346463723885,45.193936319698 10.4364286311051,45.1941520825103 10.4377286569639,45.1942786232573 10.438588081697,45.1942975701901 10.4399447914519,45.1943340573344 10.4429333137874,45.1942963319758 10.4462910307048,45.1942062188231 10.4498069037474,45.1941356910754 10.4498061748305,45.1941329062228 10.449973277136,45.1941287185736 10.4502065280655,45.193763741305 10.451581346545,45.1937843737344 10.4541981868413,45.1939035150347 10.4567616386847,45.1940423357248 10.4644376116743,45.1944205292819 10.4648377666253,45.1942629719421 10.4648900730953,45.1942698622943 10.4648295215222,45.1943366795828 10.464275541268,45.1961436039347 10.4640769015445,45.1968253277388 10.4635151051622,45.1973928477818 10.4634984981697,45.1976817114066 10.4646734898371,45.1985495833064 10.464917050073,45.1986822961869 10.4659694291827,45.1994498507318 10.4667664737017,45.2005602628591 10.4670964737854,45.2012521821376 10.4672907223899,45.2022684531427 10.467414696912,45.203353544896 10.4682524046845,45.2032409042224 10.4696589005675,45.2028322921376 10.4708811795807,45.2027316643021 10.4712555662267,45.2028000197825 10.4712563574852,45.202830712322 10.4707464914842,45.2039614247409 10.4701180881456,45.2057224194266 10.4689138171636,45.2086721231054 10.4686110796389,45.2094762551621 10.4683803642202,45.2109844330399 10.4683181592265,45.2117092585339 10.4680406356887,45.2129703434274 10.4676320362383,45.2138520453665 10.4674507653408,45.2151881051041 10.4672670370699,45.2164289300775 10.4669392474879,45.2173095906269 10.466458329868,45.2180016834911 10.467970903355,45.2181156312446 10.4695393416664,45.2183050520578 10.4716188421338,45.2184497640639 10.4726096684411,45.2185281521738 10.4725263258537,45.2191469769952 10.4719371338632,45.2207417180331 10.4717796020743,45.2215412404442 10.4729455830302,45.2218050970438 10.4743680573425,45.2215581086163 10.4755773810795,45.2214091227451 10.4773217573802,45.2211007789589</coordinates></LinearRing></outerBoundaryIs></Polygon></MultiGeometry>
  </Placemark>
  <Placemark id="acquaioli_2026.13">
	<Style><LineStyle><color>FF12fa4b</color><width>3.40157</width></LineStyle><PolyStyle><fill>0</fill></PolyStyle></Style>
	<ExtendedData><SchemaData schemaUrl="#acquaioli_2026">
		<SimpleData name="ID">0</SimpleData>
		<SimpleData name="NOME">TIA</SimpleData>
		<SimpleData name="ZONA">Medio Sud</SimpleData>
		<SimpleData name="Shape_Area">4274.76130584793</SimpleData>
	</SchemaData></ExtendedData>
      <MultiGeometry><Polygon><outerBoundaryIs><LinearRing><coordinates>10.6259518627959,45.2268865665424 10.6273308221028,45.2264890314951 10.6301516871854,45.2266503176396 10.6332174514371,45.2260270712334 10.6343512347709,45.2257841126816 10.634839992611,45.2254244216411 10.6359527911911,45.224451172777 10.6363367989377,45.2241685534102 10.6369731231645,45.2239830831403 10.6370691690613,45.2236038218256 10.6393503571374,45.2235962747477 10.6422358391577,45.2235296049853 10.6422991216448,45.223251579735 10.6425478190333,45.2232228087285 10.6431513843371,45.2231385454028 10.6433695321541,45.2232865580213 10.6440087278297,45.2232017773433 10.6447860887302,45.2229638480713 10.6454863623203,45.2225254867537 10.6459793846897,45.2223168402864 10.6469228149196,45.2221543274592 10.6470966755537,45.222124377334 10.6479481832557,45.2219861261685 10.6489022070543,45.2216952333899 10.6493559342908,45.2213611794711 10.6504546499594,45.221143760046 10.6513075937643,45.2210558467886 10.6520426928958,45.2205917495511 10.6528788283967,45.2199246463195 10.6534467120589,45.2198408450078 10.6543381829534,45.2198531205023 10.6556787258862,45.2181458018582 10.6557165704157,45.2181904564478 10.6564581066307,45.2191457268587 10.657349927837,45.220264082901 10.6577523605798,45.2207762559145 10.6580478595036,45.2210875376749 10.6587255061495,45.2217921988595 10.6594019573746,45.2224551939552 10.6596183878454,45.222654490958 10.6603243880365,45.2231741503508 10.6606955569226,45.2234212103346 10.6611166064806,45.2235294061569 10.661495568106,45.2235810526141 10.6620780417929,45.2236773691133 10.662644543564,45.2236881748306 10.6626928900594,45.2234969366333 10.6628722429269,45.2227131345297 10.6630610331138,45.2222531027911 10.663560566384,45.2218171238866 10.6640059167398,45.2213724056943 10.6646289270793,45.221010836206 10.6651202460479,45.2207559777054 10.6658931267861,45.2204493758755 10.6663619388595,45.2203472678123 10.6678467024713,45.2199540475097 10.6682470227076,45.219814825277 10.6692646330734,45.2195808383781 10.6701977665083,45.2192242308163 10.6709837931663,45.2189078754116 10.6717071876929,45.2187543857799 10.67234778176,45.2185354173059 10.6727045878295,45.2182920228276 10.6729434810094,45.2181646755358 10.6732371052506,45.2180651058616 10.6737592188774,45.217943132815 10.6740550764982,45.2179197420422 10.6742978785971,45.2179257086572 10.6748017100037,45.2180993271948 10.6751559369191,45.2182275048818 10.6756283500941,45.2182491532117 10.6761686910095,45.218288855861 10.6769347232086,45.2182109208878 10.6774046161518,45.218146858414 10.6781653209682,45.2178879857877 10.6793265750429,45.2174993702701 10.6802200312968,45.217171844331 10.680604582835,45.2169565969584 10.6809400122638,45.2164467431155 10.6813784475234,45.2157734171843 10.681956087647,45.214793183837 10.6823139443617,45.2141305678081 10.6824812228567,45.2138613547245 10.6826398025496,45.2137542239071 10.6831430591027,45.2139087607525 10.6837004894007,45.2140720232638 10.6840137303942,45.2141817244613 10.6842257491891,45.2143860604203 10.6845513739784,45.2143684483837 10.6846487011483,45.2143631840396 10.6847614155293,45.2143542611555 10.6849069806756,45.2143427371196 10.6853064070077,45.2143202045571 10.6856852362862,45.2142548038535 10.6857278825005,45.214247441035 10.6857808449385,45.2142309161764 10.6860077187451,45.2141601316484 10.6865392420197,45.2139873614629 10.6865438626158,45.2139858601557 10.6866840253998,45.2139505188711 10.6871295127571,45.2138940295352 10.6875524595943,45.213871142465 10.6878798312048,45.2137997617873 10.6881341506418,45.2136655929226 10.6882042480639,45.2136286121784 10.6882445178061,45.2135641287173 10.6883615304946,45.2133767582633 10.6884138037029,45.2132576581903 10.6884276707407,45.2132260636078 10.6884291113585,45.2131878646632 10.6884408521624,45.2128765304771 10.6885030504514,45.2125928123978 10.6884657477604,45.212509632816 10.6883770594782,45.2123118780902 10.6883819289203,45.2122031728019 10.6883912266788,45.2119956003057 10.6883927612843,45.2119890613442 10.6884539177914,45.2117285099104 10.6885847160805,45.2113772364321 10.688584913064,45.2113770075784 10.6887439610654,45.2111918946196 10.6891114653209,45.2108870233779 10.6894108602101,45.2106663354512 10.6898254027811,45.2103607667892 10.6899911519887,45.2101837155511 10.6900307008146,45.2101414697879 10.6900637546311,45.2100276816749 10.6901374703877,45.2097739151075 10.6901545844582,45.209557404198 10.6901397964886,45.2090585679526 10.690153953629,45.2087422899309 10.6902176185445,45.2085084548976 10.6903979082779,45.2082396223862 10.6904900232132,45.2081717177298 10.6906977772226,45.2080355589625 10.6908740446603,45.2079486638876 10.6909760943729,45.2078983557065 10.6911053799913,45.2078149402574 10.6913455387156,45.2076599892545 10.6919761862626,45.2075009271091 10.692210909623,45.2074808117963 10.6924439669418,45.2075047323236 10.6924941566137,45.2075098835274 10.6928004325363,45.2075219763378 10.6928701834859,45.2075022971418 10.6929871248436,45.2074693024259 10.6931738167988,45.2074166282133 10.6934996622069,45.2072953480724 10.6935873509499,45.2071913713429 10.6936133182484,45.2071605804953 10.6935766402915,45.2070297593605 10.6935343585875,45.206878954011 10.693412306958,45.2067310474633 10.6929379297419,45.2066050029726 10.6922067944675,45.2065493030117 10.6918049594469,45.2064887186602 10.6916138299011,45.2063917404939 10.691567452345,45.2063370604054 10.6914187538832,45.2061617386696 10.6913428008407,45.2059923811455 10.6912927637755,45.2058808072783 10.6912338849942,45.2054824348826 10.69113141722,45.2052011548648 10.6911225403508,45.2049018526888 10.6911857059182,45.2046513893617 10.6913164710722,45.2043001128379 10.6914398415519,45.204068076814 10.6914947700025,45.2039647669749 10.6915250579196,45.2038792267971 10.6916250388731,45.2035968624036 10.6916656664989,45.2033800035827 10.6915396817274,45.2030990722603 10.6915224373569,45.2030759162975 10.6913926436105,45.2029016286065 10.6912353416723,45.2028353221801 10.6912280797684,45.2028322611711 10.6912069465178,45.2028233538289 10.6912020197237,45.2028212772151 10.6909173185445,45.2027423187676 10.690681133605,45.2027125462528 10.6905784979646,45.2026943812015 10.6904859871836,45.2026780078052 10.6900464522915,45.202446599686 10.6899481707226,45.2023948556553 10.68988321203,45.2021878767537 10.6898902050423,45.2021538281116 10.6899603233148,45.2018124432092 10.6901856608208,45.201476403031 10.6904428589847,45.2012230666561 10.6906100100598,45.2009086808223 10.6906283171272,45.2005341183283 10.6906336862579,45.1997230727951 10.6905802592764,45.1989128977314 10.690526024861,45.1986415489347 10.6904766650413,45.19839458177 10.6903430589323,45.1979971986698 10.6901218803784,45.1973393405333 10.6898497578131,45.1960957287959 10.6896849312092,45.1957462310721 10.6895673377363,45.1954968831252 10.6894902134904,45.1952736666029 10.6893743410675,45.1949383012107 10.6891164023764,45.1941727390711 10.6889197226552,45.1934894462042 10.6887255099245,45.1928892934141 10.6885625405746,45.192351058677 10.688495139051,45.1920609395936 10.6885446989217,45.1917482961207 10.688559943191,45.1912698079066 10.6886388962286,45.1909567296605 10.6887154376606,45.1906755519374 10.688718463263,45.1906644360643 10.688886825729,45.1903916228065 10.6890257929712,45.190119244131 10.6891065881499,45.1898685205653 10.6891843052459,45.1895138716437 10.6893214227619,45.1891791385152 10.6895417919045,45.1886768201642 10.6897015266351,45.1881130163479 10.6897792379791,45.1877583679054 10.6897375353737,45.1873431043333 10.689723992684,45.1868858354553 10.6897079899847,45.186345427684 10.6896956794105,45.1859297281305 10.6897727731271,45.185554294889 10.6897598473458,45.1851178105742 10.6895755032925,45.1848502171224 10.689306065658,45.1846878514898 10.6887702723626,45.1844670445323 10.6880593720585,45.1842904125863 10.6876105277659,45.1840267270005 10.6870165815413,45.1838275651252 10.6865120381435,45.1836686672812 10.6858587052094,45.1834495836207 10.6852641574933,45.1832296276625 10.6848734997501,45.1829442767981 10.6846099309039,45.182724398159 10.6844816197119,45.1826173549603 10.6841185183621,45.1822692134521 10.6839212653805,45.1820170625647 10.6838129747692,45.1818786334066 10.683268646555,45.1813668100451 10.6829049481439,45.1809978786762 10.6826006445607,45.1806488646997 10.6824935883993,45.1804950655372 10.6823857354202,45.1803401212981 10.6824022556446,45.1799032019105 10.6825675540621,45.1795264725612 10.6827310118978,45.1790873876558 10.6830016125507,45.1787633145751 10.6831001783031,45.1786452694242 10.6836756623968,45.1782209016294 10.683857563516,45.1781566414855 10.6842284977087,45.1780255999769 10.684579302079,45.1779580414363 10.6846490136291,45.1779614894221 10.684903172113,45.1779740564594 10.6849740863161,45.1780092524711 10.6853507279046,45.178196184275 10.6854197272163,45.1782219790311 10.6856182805556,45.17829620481 10.6860590882968,45.1782896953921 10.6862125126246,45.1782325744477 10.6862917280258,45.1782030826126 10.6864297383768,45.1781401651092 10.6866688467986,45.1780311588934 10.6872185970671,45.1777319172976 10.6881209820484,45.1774274598838 10.688604647218,45.1772381726882 10.6886731781436,45.1772113522747 10.6892021365172,45.1772035260462 10.6893574834331,45.1772155268117 10.6898798719207,45.1772558779428 10.6904976040367,45.1772675265345 10.6909077850579,45.1772198632403 10.6912567270878,45.1770899293005 10.6914281180395,45.1769210378703 10.6917696656245,45.1765416830142 10.6918179640072,45.176187468327 10.6921973246414,45.1751005527609 10.6922413065325,45.1746008429992 10.692284056242,45.1740595628287 10.6923750982052,45.1731640675901 10.6926192194933,45.1724742433672 10.692670274032,45.1721934732821 10.6926950466106,45.1720572374835 10.6926468430797,45.1718118697638 10.6926258023465,45.1717047647187 10.6925173275346,45.1709868347655 10.6925160832801,45.1709785986746 10.6925680718656,45.170749091861 10.6927020458863,45.1703104300031 10.6929155371732,45.1695794702745 10.6931076543699,45.1691191509774 10.6933609153258,45.1687019940317 10.6933879136459,45.1686575241049 10.6934279459804,45.1686309416275 10.6936761859849,45.1684661007396 10.6940890347732,45.1680591833925 10.6941045798463,45.1680438623303 10.6941230634925,45.1680162787859 10.6943016172835,45.1677498207328 10.6943986755538,45.1675153674602 10.6944661861889,45.1673522894414 10.6946077495399,45.1670928079358 10.6949122291981,45.1665347004424 10.6949348233525,45.1663056305286 10.6949305061694,45.1661601356316 10.6947780502723,45.165975252838 10.6944462297799,45.1656890615062 10.6942674798695,45.165608538558 10.6942602227835,45.1656023081606 10.693815060155,45.1652201645384 10.6936614059034,45.1650137029662 10.6936313815662,45.1649733608058 10.6935058496205,45.1647049004495 10.6935853603192,45.1644126039542 10.6937217811831,45.1640570815194 10.694006330072,45.1637409481602 10.694264579846,45.1635291755912 10.6942908580867,45.1635140795953 10.6945246780048,45.1633797566772 10.6951422601778,45.1633913814558 10.6953515443974,45.1634796538154 10.6953803793486,45.1634918163154 10.6953847408313,45.1634953639293 10.6955309788959,45.1636143442678 10.6956778758871,45.1636121618544 10.6958822977232,45.1635675370614 10.6961130119105,45.1634185509658 10.6972248340746,45.1622583534082 10.6975105907511,45.1619837819579 10.6978838613265,45.1616871145288 10.6983676043733,45.1613720919211 10.6983740239246,45.1613679114649 10.6984332215841,45.1613360839854 10.6986922395769,45.1611968245891 10.698790654537,45.1611888674401 10.6990074354294,45.1611713399626 10.6993394847235,45.1612183831824 10.699671534537,45.161265425428 10.6999278209762,45.1612356167115 10.7001466096791,45.1611803734079 10.7004732457691,45.1610455455019 10.7005213301465,45.1610716057795 10.7005941020782,45.1611110448126 10.7005796568881,45.1610370284378 10.7005526398271,45.1608985833832 10.7006317835674,45.1608805156193 10.7006945286015,45.1608661928214 10.7008403077995,45.160414011557 10.7008272853599,45.1599766964069 10.7008464771492,45.1599480902984 10.708844531473,45.1607688531912 10.7103873812327,45.1567762688945 10.710022631921,45.1567364790129 10.7094341703936,45.1566282733578 10.7089303370362,45.1564782904004 10.7084813331743,45.1563004787991 10.7081160644522,45.1561574195369 10.7077361761923,45.1560328179045 10.7077125927538,45.1560281845998 10.707459621347,45.1559784852789 10.7074464206193,45.1559758912632 10.7071280506141,45.1559291576626 10.7069161981249,45.1559143162178 10.7066515668527,45.1558957759561 10.7062100521982,45.1558618697005 10.7053380572045,45.1558137954081 10.7049505722251,45.1558086757586 10.7046796946059,45.1558169853409 10.7045835181733,45.1558199344189 10.7045298264009,45.1558215812492 10.7043786044989,45.1558262196722 10.7043663595147,45.1558248667699 10.7043638816033,45.1558249235626 10.7040439467671,45.1557892587986 10.7039941130019,45.1557837544607 10.7032027824654,45.1557139883123 10.7029563096948,45.1557303427331 10.7025126700071,45.1557597790005 10.7024433019014,45.1557643816142 10.7023420748906,45.1557710984063 10.7022111314188,45.155773051561 10.702014494238,45.1557759829701 10.7019300649432,45.1557772424133 10.7017624308254,45.1557712344586 10.7017561048316,45.1557710073845 10.7016866705806,45.1557685189877 10.7016830879362,45.155768390549 10.7016817226335,45.1557683415843 10.7016641593656,45.1557561639004 10.7016413179508,45.1557403237721 10.7016310735703,45.155733220182 10.7016287469489,45.1557316066461 10.7016232662096,45.1557278058962 10.7016273224513,45.1556837991621 10.701629893833,45.1556558987884 10.7016426248596,45.1556457180682 10.7016724505923,45.1556242851982 10.7016773270923,45.1556207810727 10.7016788296527,45.1556167655261 10.7016768072205,45.1555263106132 10.7016762288047,45.1555004285536 10.7016712625559,45.1554919860645 10.7016535083012,45.1554618087314 10.7016470433572,45.155454904463 10.7016305012631,45.1554372385224 10.7016140726034,45.1554145362397 10.7014936311451,45.1554089308606 10.7014413616661,45.1554097106832 10.7013811584453,45.1553975796491 10.7013519525172,45.1553910232335 10.7012640684165,45.1553712957983 10.7012565590472,45.1553705903356 10.7012390511656,45.1553689437457 10.7012361867425,45.1553683671089 10.7010184960023,45.1553457099159 10.700921644193,45.155333937393 10.7008557982143,45.1553259337054 10.7007441128854,45.155302467355 10.7007322579023,45.15529997674 10.7007125601844,45.1552839509712 10.7006714502404,45.1552505026928 10.7005693850029,45.15516214007 10.7005508639373,45.1551461057494 10.7005032495479,45.1551048832027 10.7003750258851,45.1549938728502 10.7002684992026,45.1548856844452 10.6998054553997,45.1544154142375 10.6996581646117,45.1542658229944 10.699629915815,45.1542371338154 10.6995590291007,45.1541565886116 10.699357077491,45.1539271220764 10.6992007092427,45.1537494468093 10.6990249528268,45.1535497401192 10.6988379041115,45.1533402623942 10.6987975072335,45.153295063704 10.6987294848394,45.1532189546017 10.6986818600834,45.1531036042366 10.6985410108691,45.1527481278089 10.6988020092067,45.1526995378435 10.6989263063007,45.1526763966731 10.6990585852924,45.1526517701311 10.6990661409003,45.1526503632517 10.6991026424037,45.1526435674848 10.7000155895194,45.1524625562196 10.7001996101443,45.1524260696479 10.7002955620765,45.1524075447608 10.7003030996435,45.1524060894588 10.7005040048941,45.1523175821668 10.7005052797319,45.1523138229729 10.7005167302147,45.1522800706858 10.7005210297208,45.1522673979669 10.7005233373419,45.1522605952183 10.700537348033,45.1522192946781 10.6996944380774,45.1520934815391 10.6988654957683,45.1519697470776 10.698530368088,45.1519323566272 10.6977510403747,45.1518454013686 10.6969520835277,45.1517462444648 10.6965960668883,45.1517098321201 10.6963924882277,45.1516870734151 10.6960847962108,45.1516526743939 10.6954274568377,45.1516514047231 10.6953368375052,45.1516534587399 10.6948793243216,45.1516638311121 10.6943533058986,45.1516595778117 10.6938784900095,45.1516501165389 10.6933902405584,45.1515964696353 10.6927804480426,45.1515091730931 10.6920564582181,45.1514244604756 10.6912781660353,45.1512762628861 10.6904658020859,45.1511328744605 10.690277773814,45.1510985099603 10.6900967203957,45.1510654191661 10.6899999526381,45.1510477328054 10.6899950615421,45.1510468384184 10.6899932248312,45.1510465028358 10.6899863167887,45.1510455878927 10.6896754499508,45.1510044132909 10.6892629950906,45.1509497809635 10.6880562580659,45.1509325838688 10.6877431416536,45.1509598844115 10.6866834681251,45.1511617886048 10.685278770298,45.151444275178 10.6848411334041,45.1514986464074 10.6843722113458,45.1514930571635 10.6831720113948,45.1514770469334 10.6829081622242,45.1514735251221 10.6823961349487,45.1514917487804 10.68135603638,45.1515287594297 10.680508435664,45.1515301550045 10.6800015608895,45.1515309863089 10.6788999495805,45.1515638990085 10.6787635997929,45.1515713669881 10.6782142019644,45.1516014571815 10.6780697804506,45.1516093670336 10.6774552065411,45.1516332406927 10.6773996317736,45.1516334288448 10.677274940286,45.1516338518718 10.6772227465449,45.1516340280773 10.6771607629761,45.1516456307959 10.6766332948098,45.1517443622884 10.6763731916648,45.1518068383483 10.6762202164595,45.1518390374137 10.6761580380838,45.1518521241272 10.6758432893181,45.1519047368616 10.67537517429,45.1519829829562 10.6748780443662,45.1520906877412 10.6745508978373,45.1521615640891 10.6733392737219,45.1523868401699 10.6731293149682,45.1524158275365 10.6729381121431,45.1524422253681 10.6722823901163,45.1524771835458 10.6714372321597,45.1525555656256 10.6712464643394,45.1525732568111 10.6711159260965,45.1525860289058 10.6697441378543,45.1527202344232 10.6684703781371,45.1528661082849 10.6673955541613,45.152987285132 10.6660797150193,45.1531256452695 10.6658311234224,45.1531517820835 10.6641558407113,45.1532661639517 10.662517447082,45.153310940164 10.6624177297025,45.153316953239 10.6617707065243,45.1533559650536 10.6617881025571,45.1534109786989 10.6630869404813,45.1557932091413 10.6645082318096,45.1570202212878 10.6639526759809,45.1574070948777 10.6652192348141,45.1587254766591 10.6666655517553,45.157568048833 10.6683275934621,45.1562514835991 10.6690654577291,45.1556391147022 10.6692766800681,45.1553240946604 10.6700996095587,45.1554680247948 10.6705493903821,45.1557733761623 10.6717424873128,45.1578057479328 10.6736123772063,45.1603629263693 10.6724791472643,45.1603795342404 10.671350479362,45.1605520291419 10.6699193858185,45.1611522732168 10.6680264778233,45.1621157415516 10.6664275132816,45.1623619011058 10.6650849181506,45.1627602648553 10.6631944679616,45.1638127399012 10.6607866457937,45.1644048133864 10.6601654424217,45.1647034990652 10.6593212728231,45.1649162998036 10.6584251294157,45.1655086228736 10.6567673506272,45.1664462064174 10.6547134004564,45.1673003849219 10.6507261025157,45.1688286485305 10.6471131900889,45.1702399666499 10.6415553192568,45.1724812674332 10.6397785397453,45.1731306671371 10.6350391991172,45.1748251490671 10.6329475784782,45.1760359741792 10.6321031367895,45.1762485779397 10.6289152182134,45.1760267397807 10.6244022967365,45.1757345495785 10.6229520416858,45.1762453564852 10.6222732259237,45.1767451842433 10.6232816684788,45.1778671741713 10.6216997710889,45.1787363310419 10.6207639374858,45.1790615533447 10.6194584296356,45.1796816644694 10.6187820691182,45.1802705608771 10.6177681357161,45.1811761692613 10.6188105422495,45.1818298186675 10.6198530288405,45.1830404779929 10.6199878472041,45.1833504978287 10.6193070275955,45.1837834931014 10.6189662975709,45.1839888537466 10.619334833506,45.1847634571144 10.619472812924,45.1851848361872 10.619612692168,45.1856730307784 10.6203881385833,45.1863527326092 10.6212813538752,45.1867411054554 10.6221777462433,45.1872408305603 10.6225368476518,45.1876813440332 10.6233319061178,45.1884944322213 10.6243361438787,45.1894605043969 10.6241881771756,45.1897968223699 10.6232578805401,45.1903225144952 10.6233990737174,45.1908552462041 10.6228082469858,45.1911310171251 10.6229010140169,45.1921768975222 10.6232948203301,45.1927283192952 10.6235601078359,45.1931924437221 10.6237000421705,45.1936806318957 10.6229416518416,45.1941593137864 10.6219482773671,45.1946858914062 10.6214947939326,45.195360758757 10.6214433434763,45.1968765853711 10.6213841434476,45.1970111111111 10.6198571023973,45.1976120914623 10.6192038211177,45.1979110102563 10.618548636914,45.1981431097434 10.6174568607792,45.1985373585903 10.6168425677536,45.1979890404573 10.6156385782644,45.1966469576829 10.6144088190837,45.1955057530489 10.6142103735752,45.1951743468089 10.6128099807662,45.1924535976186 10.6119148779644,45.1908843004801 10.6116383518873,45.19057627264 10.6105441549744,45.1908813665502 10.6097957813089,45.1911592931012 10.6094549729949,45.1913646261954 10.6085730643268,45.1913770564923 10.6075002924616,45.1913253254918 10.6064204813025,45.1921426362639 10.6052417594658,45.1928053621765 10.6031168203741,45.1934368056548 10.6010175813454,45.1944243437244 10.597241492314,45.1946109258634 10.5972200018261,45.1946248342574 10.597493161722,45.1985473648541 10.597646732759,45.2011146657765 10.5958910751016,45.2025827346406 10.5951732657627,45.2031990424422 10.5956849097437,45.2039713873198 10.5972421621313,45.2056240800113 10.5972951090911,45.2060563920492 10.5946900688627,45.207825026242 10.592011817438,45.2062456790155 10.5904731424642,45.2074508060218 10.5859034117211,45.20907337606 10.5844457453909,45.2095266711759 10.582792740324,45.2103002289231 10.5804984665259,45.2115156965923 10.5760747221367,45.2134587235493 10.576525052333,45.2142246503913 10.5773347917599,45.2154328531977 10.5784432629222,45.2165251362076 10.5775347508327,45.2169441563574 10.5764571344168,45.217487436198 10.5756590658657,45.2177423241186 10.5761285069085,45.2180813393242 10.5774252547181,45.2192218494815 10.5779837573076,45.2196612366472 10.5787513552943,45.2203822518731 10.5795804021169,45.2212446721715 10.580350042837,45.2221905297077 10.5829058805589,45.221117969525 10.5880784769779,45.2187032361522 10.5891124506449,45.218714038225 10.5910214428674,45.2207028328002 10.593102137903,45.2227451289566 10.5933657334727,45.2226789168455 10.5942702379519,45.2221175657684 10.5960515866705,45.2210358753033 10.5978650270575,45.2200756461319 10.5992760009159,45.2191210275338 10.600385583098,45.218699016423 10.6018012320411,45.2184251218325 10.6031059148501,45.2198294169003 10.6026838988248,45.2201605113609 10.6036621666117,45.2212035675339 10.6069265252447,45.2196944027253 10.6108837114217,45.2177790708561 10.6136332350116,45.2194270453996 10.6156252072253,45.2207198632472 10.6192664431497,45.2228733115581 10.6209654279989,45.2239669619856 10.6210152389149,45.2239481994458 10.6210225650072,45.2239787377705 10.6234101203513,45.2254156354857 10.6253555659697,45.2264784688522 10.6253694992964,45.226466591849 10.6259518627959,45.2268865665424</coordinates></LinearRing></outerBoundaryIs></Polygon></MultiGeometry>
  </Placemark>
  <Placemark id="acquaioli_2026.14">
	<Style><LineStyle><color>FF12fa4b</color><width>3.40157</width></LineStyle><PolyStyle><fill>0</fill></PolyStyle></Style>
	<ExtendedData><SchemaData schemaUrl="#acquaioli_2026">
		<SimpleData name="ID">0</SimpleData>
		<SimpleData name="NOME">BELDUVINI</SimpleData>
		<SimpleData name="ZONA">Medio Ovest</SimpleData>
		<SimpleData name="Shape_Area">2448.76149026213</SimpleData>
	</SchemaData></ExtendedData>
      <MultiGeometry><Polygon><outerBoundaryIs><LinearRing><coordinates>10.5429699763569,45.178219248199 10.5436308046654,45.1773816181462 10.5458811255878,45.1787553765582 10.5476504331223,45.1797903155081 10.5501330736442,45.1813219782046 10.5536745702064,45.1834837345518 10.5603560680521,45.1796404871465 10.5619282507372,45.1788133180911 10.5632138819938,45.1782202438145 10.5636844879724,45.1787662706511 10.5653197727815,45.1778691325274 10.5642822139246,45.1768244491717 10.5662790837034,45.1760604616244 10.5661929334277,45.1759603305119 10.5647327449017,45.174263112114 10.5636595831399,45.1731038123516 10.5619429759087,45.1734035315932 10.5601312706715,45.1737966024607 10.5595444418758,45.1737585773334 10.5589937767934,45.1726611567987 10.5586121318483,45.1723901309262 10.557709174891,45.1714494460489 10.5576742726983,45.1714130837504 10.5567071409253,45.1717485411093 10.5558638523738,45.1718521085195 10.5545074565192,45.1686478409638 10.5534114884311,45.1690310635428 10.5514447127913,45.1697023398204 10.5499984502003,45.1685709969128 10.5487667975319,45.1675518228632 10.5481613258628,45.1668234104047 10.5471561874119,45.165755118965 10.5463099831447,45.1645465525687 10.5451421347663,45.1646774521397 10.5434888645899,45.1649069771469 10.5418061601263,45.1652519729228 10.5407147621508,45.1645991374849 10.5393269289012,45.1638121709345 10.537896229301,45.1620359333618 10.5374572951356,45.1614433394777 10.5361179253825,45.1600341585986 10.5353451274415,45.1591237743811 10.5341071427756,45.1578513244145 10.5333025014554,45.1569643730012 10.5330042409383,45.1567612020542 10.5324524017465,45.1555946196697 10.5320942621479,45.154977901042 10.5318143480956,45.1542450352495 10.5311367930637,45.1532412673707 10.5306323427364,45.1526265057804 10.5282888436099,45.150148772648 10.5260412595904,45.1476006528801 10.5258475029442,45.1476151875099 10.5256618882339,45.1472558424104 10.5227758025588,45.1441692770625 10.5202002333866,45.1413265277395 10.5169376350649,45.1376743733373 10.5161468139123,45.1369242719189 10.5152895273463,45.1358691522746 10.5134847070127,45.1338758335661 10.5125244032214,45.1328964645428 10.5123316731795,45.1329168605986 10.5110804336242,45.1314953812684 10.5096120962131,45.1299143140134 10.5096167144623,45.1299020070007 10.509564810419,45.1298890060814 10.509406558346,45.1296161483758 10.5090108283767,45.1293387902563 10.5089079183157,45.1291186635251 10.5087952295334,45.128936852157 10.5084282387799,45.1285216386639 10.5081771580191,45.128410392062 10.5081092257041,45.1282890889906 10.507997347311,45.1281378170906 10.5078329530241,45.1280406998793 10.5077841757819,45.1278274943013 10.5073315222893,45.1274363195645 10.5070882153999,45.127210406446 10.5066956560611,45.126642774288 10.5064397485754,45.1262679482749 10.5062547978236,45.1260641980426 10.5054244243773,45.1265590417893 10.5046924927094,45.1270727758335 10.5043116146426,45.1273973487512 10.5040484797517,45.1276663608948 10.5038064229239,45.1280116086578 10.5036324495537,45.1283469576114 10.5035626870117,45.1285954194216 10.5035357892358,45.129023348701 10.5035030259552,45.129590879315 10.5033912855441,45.1301774532055 10.5032613377659,45.1306157398972 10.5024143631458,45.1313515113625 10.5011938117626,45.131966164368 10.5005783458285,45.1322578015884 10.4994760299998,45.1325333237867 10.4989710076662,45.1326119658183 10.4984486165542,45.1325738120001 10.4977882692971,45.1324879568981 10.4972837097906,45.1323415458171 10.496580756676,45.1322067338059 10.4959353660228,45.1320846650344 10.4948542224751,45.132076316206 10.4938724243984,45.1320981634828 10.4934461442552,45.1321487456741 10.4929230490909,45.1322050930091 10.4926863355338,45.132271198024 10.4923506215686,45.1324421136595 10.4921398553479,45.1325888921519 10.4918949499764,45.1327676223525 10.4909725319686,45.1333602676227 10.4906271973581,45.1337113355843 10.4903603762467,45.1340253717286 10.489418473441,45.1348477989837 10.4889724548325,45.1353622025409 10.4877315946124,45.1364270539504 10.4871539976516,45.1369566662361 10.4867692389519,45.1373217374525 10.4860986098016,45.1379425710223 10.4853993602282,45.1385637720079 10.4848666618765,45.138926260275 10.4844530356132,45.1392826972398 10.4841637865318,45.1395925084197 10.4838564693961,45.1398800502618 10.4836336147641,45.1401754955605 10.4834042394256,45.1404035140596 10.4832124206435,45.1406085399623 10.4829192080453,45.140949904504 10.4837226139296,45.1416141651504 10.4844744762166,45.142056917117 10.4856116899164,45.1424351092542 10.4861838017012,45.1430826333195 10.4865332248015,45.1435782432728 10.4871278580701,45.1437967628518 10.487554588279,45.1440293751954 10.4878679082988,45.1444301826313 10.4881594531878,45.1446407374082 10.4889472025281,45.1451663522965 10.4899265605493,45.1457822386672 10.4904043886896,45.1455376303399 10.4905440571213,45.1455159593492 10.4916675472604,45.146200872725 10.4917553138795,45.1462543763964 10.4906254424113,45.1470233552071 10.4889248320824,45.1484944485816 10.4872526900303,45.149984994208 10.4869244790761,45.150306836984 10.4873694205274,45.1506980062163 10.4876393399393,45.1513693275299 10.4877518731646,45.1524595080909 10.487777704837,45.1534515770681 10.4888161341951,45.1545495407533 10.4900617659665,45.1560616027444 10.4910945518337,45.1574771895154 10.4916891524428,45.1576877547863 10.4921217176968,45.1581386119812 10.4921331192941,45.1585751214078 10.4920271630652,45.1588146825349 10.4923667960224,45.1589293337476 10.4928258654081,45.1593202974167 10.4931743199831,45.1597722492179 10.49329427603,45.1600684022871 10.4927676582946,45.1603134628322 10.4921034048926,45.1606595586489 10.4918567037805,45.1608811099103 10.4914956822797,45.1620965572049 10.4915450029636,45.1623737868147 10.491140898876,45.1630142009319 10.4912078677135,45.1634301366276 10.4909450190293,45.1641084025236 10.4900993973931,45.1650324470671 10.4897246441577,45.1654184689063 10.4912862321255,45.1662874298739 10.4926412530579,45.1670537664128 10.4932297140596,45.1674024559931 10.4936680279837,45.1677887470443 10.495484999228,45.1693597883772 10.4959541231428,45.1699594972187 10.496194289752,45.1704731067518 10.4963048167485,45.1708458614854 10.4967259317341,45.1715352910441 10.4971190736272,45.1721181711242 10.4976166920772,45.1728422335676 10.4977566207736,45.17337497302 10.4977881327362,45.174096234954 10.4977853748176,45.174951589535 10.4979919838621,45.1751448904592 10.5005542679653,45.1758240276602 10.5005435945704,45.1763765603579 10.5002997075106,45.1766826890323 10.4999009675873,45.1768482974641 10.4994826532212,45.1772279906129 10.4992140394601,45.1775522604199 10.4988502938936,45.1780916073943 10.4982668851301,45.1789011219099 10.4978224250389,45.1792455134435 10.4964297688981,45.1799408921689 10.4957884675138,45.1804660447979 10.4951933291448,45.1808302185128 10.4944461298271,45.1811607400074 10.4937492966295,45.1814905986238 10.4931564630504,45.1819438262736 10.4930627030404,45.1822123384013 10.4930673612993,45.1823904688213 10.4929734394548,45.1825341777537 10.4929979360212,45.1825404394676 10.4954247404968,45.1851882078305 10.49709937158,45.1869724615896 10.4990630291348,45.1890704696994 10.5041300241646,45.1944224263245 10.5079451008679,45.1980440459095 10.5106882828852,45.2009254849842 10.5126388992859,45.2030234283041 10.5130253192219,45.2034549386962 10.5130959657129,45.2035338280571 10.5131562057683,45.2035057782763 10.5146399855953,45.2028148468522 10.514369207825,45.2024271071254 10.5161386009206,45.2016209781141 10.5173576894374,45.2009372295305 10.5194036451732,45.2001273751399 10.5196517666089,45.1996636867797 10.5197887578231,45.1986950489515 10.5199610863415,45.1983930638828 10.5204108688982,45.1976048583539 10.5208837255857,45.1970230787089 10.5215850015744,45.1964612742276 10.5224133743192,45.1957826741959 10.5231152353359,45.1952438713747 10.5239128721712,45.1946347290532 10.526169696301,45.1932004145715 10.5265141315965,45.1926893854214 10.5272729938945,45.1918505423777 10.5279078272855,45.1912435474412 10.5286046494864,45.1905206222803 10.5297177069293,45.1895389055486 10.5311775608797,45.1881381803555 10.5317540244878,45.1877851599633 10.5329450327514,45.1872857756494 10.533585319031,45.1868858501801 10.5351123840635,45.1861747553248 10.5358133872787,45.1856128660493 10.53625220983,45.1849854394786 10.5366271846674,45.1844049093466 10.5371623631089,45.1837301443533 10.5379203305246,45.1828682213668 10.5383997074008,45.1825394946211 10.5394216574356,45.1818121232443 10.5399973843596,45.1814360508326 10.5406387984768,45.1810821100544 10.5414509605969,45.1810251144936 10.5419321666023,45.1807654061242 10.5422770075875,45.180277340995 10.5420737126476,45.1799808320081 10.5424504606214,45.1794693172353 10.5427001728266,45.179074613704 10.5429699763569,45.178219248199</coordinates></LinearRing></outerBoundaryIs></Polygon></MultiGeometry>
  </Placemark>
  <Placemark id="acquaioli_2026.15">
	<Style><LineStyle><color>FF12fa4b</color><width>3.40157</width></LineStyle><PolyStyle><fill>0</fill></PolyStyle></Style>
	<ExtendedData><SchemaData schemaUrl="#acquaioli_2026">
		<SimpleData name="ID">0</SimpleData>
		<SimpleData name="NOME">BERTANI</SimpleData>
		<SimpleData name="ZONA">Medio Ovest</SimpleData>
		<SimpleData name="Shape_Area">3760.66646876745</SimpleData>
	</SchemaData></ExtendedData>
      <MultiGeometry><Polygon><outerBoundaryIs><LinearRing><coordinates>10.474014143678,45.3352236062692 10.4735869186732,45.3326362891278 10.4734705356501,45.3320235413456 10.4733404608583,45.3310307009072 10.4741882166815,45.3304749652283 10.475387555365,45.3294716441219 10.4761737856343,45.3289322879307 10.4764155252276,45.3286116442377 10.4769414372157,45.3267173669786 10.4775255656924,45.3251398539321 10.4772134482155,45.3237150487871 10.4770600356716,45.3226233504932 10.4768866765256,45.3217259512713 10.4768619811889,45.3215916405165 10.480309261629,45.3208404647306 10.481592521382,45.3205525816265 10.4840619022052,45.3199392833139 10.4848555198641,45.3198320974778 10.4896990076267,45.3191684222458 10.49014881791,45.3191044957804 10.4951026062696,45.3184003383576 10.4958097418962,45.3181392080672 10.4987179481818,45.316970059677 10.4987988430977,45.3169375369521 10.4977072913672,45.316157477508 10.4959157262961,45.3148634520708 10.4955273364476,45.3147135378242 10.4950342433044,45.3147587404947 10.4943510312556,45.3148839290026 10.4936418918668,45.3150675767649 10.4933673819197,45.3150711652551 10.4927309228004,45.3148857332315 10.4917742031846,45.3140069813922 10.4905425132256,45.3125893090945 10.4896860177552,45.3113411073576 10.4880376722494,45.3092119654464 10.486559754285,45.3067705816001 10.4857827381806,45.3054050652228 10.4832070196484,45.3008660327435 10.4824555920722,45.2994226600217 10.4817925896217,45.2982106347958 10.4815395473301,45.2979814161128 10.480925210988,45.2975825053627 10.4803642560789,45.2971247748841 10.4795933493867,45.2970378859698 10.4796084717151,45.2970126316965 10.4794234814378,45.2970554424778 10.479432711793,45.2966200075305 10.4795271693139,45.2962995532794 10.4794594735608,45.2960682613662 10.4792224579219,45.2956505259526 10.4790725577506,45.2954202986244 10.47920283586,45.2948962332534 10.4792390331897,45.2947071273974 10.4789220828815,45.2943774891066 10.4787904751432,45.2940599611577 10.478734284703,45.2934802674445 10.4786041882924,45.2932207621664 10.4787416326439,45.2929723037695 10.4790438607391,45.2927362231797 10.479033296302,45.2923300660498 10.4790368705981,45.291677046195 10.4790498751466,45.2913866669619 10.4788570012521,45.2910844428695 10.4788517199646,45.2908813637824 10.4790085767983,45.2905891223399 10.4788994145257,45.2903438565417 10.4788070304166,45.289953268366 10.4790647463815,45.2895871685546 10.4792033130059,45.2893822279445 10.4792178262231,45.2891498706813 10.4792516563427,45.2884746929252 10.4792785952791,45.2871393751024 10.4793443655013,45.2857164914158 10.4794073183776,45.284975638151 10.4794400136989,45.2842569433115 10.4795344511343,45.2839364877594 10.4796315302029,45.2837175726472 10.479584020796,45.2834715083419 10.4794326441406,45.2831832584662 10.4793817411001,45.2828066432948 10.4793327253903,45.2825025566588 10.4795089723297,45.2821665316406 10.479606424499,45.2819621220789 10.4795790867373,45.2817012859 10.4796548608552,45.2814536249779 10.4797321429423,45.2812639870714 10.4796831256287,45.2809599005295 10.4796070492142,45.2800104440729 10.4796596338408,45.279661510521 10.4795582100592,45.2789227853814 10.4795517973102,45.2786761892754 10.4795849666711,45.2783710376492 10.4796409451695,45.278152653967 10.4801033042717,45.2777548801304 10.4804846071615,45.2774016866372 10.4806918388464,45.2770725130021 10.480631119952,45.276318751136 10.4804980379591,45.2759432006702 10.4808717766934,45.2752998922841 10.4811016973944,45.274658447186 10.4812703579198,45.2740323057845 10.4813395828387,45.2731390080554 10.4814339939909,45.2728185515816 10.4814421475462,45.2727200636941 10.4814652632792,45.2724408715123 10.4814531791426,45.2719766893608 10.4813208575049,45.2716301515278 10.4812326431453,45.2713991259088 10.4815287050895,45.2709309488036 10.4816327641324,45.2707862827294 10.4770182297418,45.2708179988707 10.4749034693912,45.2712715723186 10.4723764053003,45.2711685423079 10.4694738316266,45.2713996630334 10.4670619808665,45.2715081598818 10.4619382873294,45.2712638366933 10.460102457179,45.2713648140589 10.4557460074589,45.2716141574454 10.4553479258067,45.2721423567762 10.4514762442368,45.2720366146473 10.4515775706143,45.271705949333 10.4518699223076,45.2713341055501 10.4525114447065,45.2706671960437 10.453398331647,45.2699390382341 10.4540672462534,45.2692717738779 10.4546518787156,45.2685280769805 10.4550319216133,45.2683682368976 10.4552449139942,45.2681136474404 10.4554544388659,45.2677234766783 10.455831996763,45.2674667893541 10.4557437677906,45.2672354128306 10.455696031449,45.2664416410838 10.4557768286863,45.2663824863881 10.4559060412782,45.2660708380915 10.4559087386483,45.266041127461 10.4560451829668,45.264538430358 10.4560032645392,45.2645186546992 10.455045436209,45.2640667887837 10.4548010708715,45.2641667767733 10.4535389448753,45.2641634664479 10.4535634042193,45.2640469039225 10.4529575455468,45.2639577354806 10.4512301441489,45.2639990722269 10.4504038752488,45.2638739449846 10.4488674622903,45.263874076463 10.4475803574792,45.263967902468 10.4465635817959,45.263903288788 10.445267128418,45.2636290795969 10.4449962995548,45.2637681331291 10.4453607767096,45.2646160256698 10.4439115387711,45.264808737728 10.4402411303982,45.2650488461407 10.4383814226342,45.265285415888 10.4374224230801,45.265336242361 10.4373553402999,45.2648527090691 10.4372059757815,45.2643702113253 10.436814169015,45.2640651409076 10.4368602240015,45.2637158087834 10.4363568195683,45.2622496334845 10.4360064656842,45.261139971279 10.4351512351382,45.2612233807077 10.4341937636237,45.261332287409 10.4334064824814,45.2613906107938 10.4323840945033,45.261645630742 10.4316274365169,45.2615582450483 10.4304220640174,45.2613553820239 10.4297370186914,45.2613881816604 10.4286442238707,45.2615713919338 10.4276506281439,45.2616080388991 10.4267249908094,45.2616196095236 10.4258225574606,45.2618730709873 10.4249648747541,45.2618595592903 10.4240019213934,45.2617504785468 10.4227304241698,45.2616452351973 10.4219070276616,45.2616312724409 10.4206722360351,45.2616224245122 10.4194043686165,45.2616624116187 10.4189213886582,45.2615473209178 10.4181960185666,45.2613383624678 10.4159652223154,45.261269173221 10.4145921038623,45.2612135365191 10.414590970047,45.2612615413456 10.4124920012858,45.2612757650917 10.4097344492545,45.2612502997183 10.4073233435443,45.2612562238697 10.4062869464114,45.2612809000584 10.4061291663986,45.2603539953497 10.4039310039596,45.2604465378601 10.4020352270187,45.2604936459777 10.4000383067327,45.2605419627096 10.3989165018755,45.260582044042 10.3989155223388,45.2606253480241 10.3989107333885,45.2608371101871 10.3989101496861,45.2608629553427 10.3989001169391,45.2608734192113 10.3986767177416,45.261106430276 10.3984826983442,45.2613087963304 10.3983399564903,45.2614506964456 10.3982522602716,45.2615378744656 10.398231033395,45.2615761532579 10.3981755011233,45.2616762947551 10.3981640875756,45.261696877885 10.3981628010973,45.2616991980291 10.3981392330391,45.2617416983828 10.39810466959,45.2618059307317 10.3980424773504,45.2619215067156 10.3979954149228,45.2620649822203 10.3979326642016,45.2622562813675 10.3978893217672,45.2624618605594 10.3978873557343,45.2624711850096 10.3978405846633,45.2626265640971 10.3978202120204,45.2626723576299 10.3978094186626,45.2626966183563 10.3977766641468,45.2627702458552 10.3977697142101,45.262811039453 10.3977643586167,45.2628424762458 10.3977177114984,45.2631163058063 10.3977107066482,45.2631726790201 10.3976895509627,45.2633429066715 10.3976677730681,45.2634860725269 10.3976697321081,45.263565843517 10.3976753733002,45.2637955934424 10.3976352990723,45.2638962340541 10.397587826227,45.2640154543436 10.3975800735615,45.2640349241202 10.3975179050069,45.2642500329982 10.3974641766385,45.2647665600604 10.3974633340661,45.264774662746 10.397462803848,45.2647743010721 10.3974290345422,45.2647512662468 10.3974325414056,45.2648941225987 10.397377046918,45.2650377000642 10.3974064252097,45.2652040560605 10.3974097630165,45.2652320819792 10.3974489087408,45.2655607825037 10.3974801538722,45.2656248717722 10.3976129646189,45.2658972888604 10.3976356195489,45.2659437574121 10.3976797563057,45.2660342856482 10.3978171662266,45.2661026472914 10.3978876979687,45.266137736896 10.3979147939189,45.26615121714 10.3980122217376,45.2661996867344 10.3980628778613,45.2662248874395 10.3981236229624,45.2662551080696 10.3981511135187,45.2663602972784 10.3981608492229,45.2663975506129 10.3981306418197,45.266540819694 10.3980781762467,45.2666901051502 10.3980675947042,45.2667202142832 10.3980297150483,45.2668173544274 10.3979882735001,45.2669236252035 10.397936945454,45.267009144256 10.3978586703019,45.2671395606052 10.3977790555728,45.2673310668416 10.3976351858502,45.2675762722316 10.3976171934601,45.2676069365004 10.3975155538429,45.2682750412386 10.3974943570061,45.2684420160627 10.3974875571622,45.2685227178213 10.3974856348172,45.268545518801 10.3974812991527,45.2685969822593 10.3974742290521,45.2686142670924 10.3974176635518,45.2687525683008 10.3973911642215,45.2688782369832 10.3973874531452,45.2688958362654 10.3973687334611,45.2689929298222 10.3973575347736,45.269051009659 10.3973560653983,45.2690620914106 10.3973433065536,45.2691583576911 10.3973456450927,45.269253594884 10.397365665803,45.2693243547996 10.3973825781151,45.2693841330855 10.3973695185286,45.2695390992662 10.3974044159222,45.2697305621572 10.397408499593,45.2697529700798 10.3974264284678,45.2699035027534 10.3974386397093,45.2700060318681 10.397450987242,45.2701096971041 10.397479832894,45.2705975811632 10.3974255007919,45.2707887767327 10.3974178907821,45.2708619324944 10.397412706743,45.2709117680357 10.3974118580149,45.2709199346987 10.3974192034615,45.2709392547866 10.3974358578958,45.2709830495059 10.3974686410287,45.2710692645371 10.3975020019987,45.2711569955432 10.3975672166282,45.2712695859571 10.3976844700175,45.2714720199713 10.3977485631484,45.2715826733736 10.3977886020676,45.2716368459013 10.3979055651634,45.2717950983774 10.3979427992829,45.2718409967832 10.3979771649281,45.2718833584907 10.3980968726318,45.2720309211674 10.3981370277635,45.2722924097008 10.3981427855864,45.2723341197474 10.3981494982353,45.2723827321682 10.398171763319,45.2725440115886 10.3981725555926,45.2725497457561 10.3981727355866,45.272551053273 10.3981780604062,45.2725896126858 10.3981766030674,45.2725956786488 10.398168645643,45.2726288053458 10.398149874035,45.2727069550141 10.3981321595765,45.272780706196 10.3981221738338,45.2728194404634 10.3980859660829,45.2729598942584 10.3978177164688,45.2733680582781 10.3977313674276,45.273562119432 10.3977058355824,45.2736194997501 10.3977048819164,45.2736319596187 10.3977047611581,45.2736335318612 10.3977017895153,45.2736723764675 10.3976930684804,45.273786371284 10.3976859274313,45.2738797170868 10.3976803025899,45.2739532427971 10.3976764820693,45.27399417354 10.3976684123136,45.2740806427463 10.3976669507943,45.2740963043673 10.3976530144202,45.2742155577801 10.39765230418,45.2742297807648 10.3976417096759,45.2744419510101 10.3976984317228,45.274691329622 10.3976960310339,45.2748221798071 10.3976912217134,45.2750843879513 10.3977017481003,45.2755129543694 10.3977488725369,45.2757148170819 10.3977526738511,45.2758695776615 10.3977750925974,45.2760955589532 10.3977870279481,45.2761594514137 10.3978341824279,45.2764118760917 10.3978400129012,45.2764430867731 10.397852773364,45.276511395166 10.3979602911417,45.2766893395677 10.3980813292007,45.276889659016 10.3981532890245,45.2771139669673 10.3982639856205,45.2774590157827 10.3982767369332,45.2774911084546 10.3983562958591,45.277691335083 10.3984156498376,45.2778407120153 10.3984432265874,45.277910113498 10.3984617525044,45.2779567385773 10.398507112662,45.2781750178504 10.3985382711525,45.2783249560463 10.3985513839222,45.2785153258798 10.3985610421714,45.2785454319567 10.3986427168172,45.2788000042474 10.3986721896963,45.2788931986292 10.3987890271907,45.2792626314149 10.3988244944141,45.2795681185745 10.398831824591,45.2796312616662 10.3988345677521,45.2796477323256 10.3988516136801,45.2797501010842 10.398837723851,45.2798549020418 10.3988373860954,45.2798574491048 10.3987820025328,45.2800007122846 10.3987384545807,45.280113359464 10.3987263753622,45.2801446058229 10.3986852450116,45.2802478771033 10.3986787155916,45.2802642714071 10.3986393640013,45.280384208773 10.398631640725,45.2804077468885 10.3986016210379,45.2804566056739 10.3985505484896,45.2805397299794 10.3985490499526,45.2805495734753 10.3985389113576,45.2806162169677 10.398536026379,45.2806351734642 10.398420653121,45.280898761527 10.3983683348375,45.2810182895824 10.3983193701818,45.2811155734348 10.3982925554536,45.2811688486323 10.3982187998124,45.2813153852808 10.398127099817,45.2814975715007 10.3980779755189,45.2815577133914 10.3980474683527,45.2816890776705 10.3980377021956,45.2817679549901 10.3980373053921,45.2817711625829 10.3980361339245,45.2817806222024 10.3980306173444,45.2818251823712 10.3980201926275,45.2819093822375 10.3980689081432,45.2820742037453 10.3981132697914,45.2822242926657 10.3981202396725,45.282247871381 10.3981255051279,45.282462154293 10.3981073326688,45.2825688105495 10.3981045131145,45.2825853529252 10.3981028571884,45.2825950750183 10.3980933869073,45.2826506519207 10.3980758671346,45.282753465538 10.3980665383752,45.282808213466 10.3979769030353,45.2829655571022 10.3979679222351,45.282981321558 10.3979828492518,45.2833366108078 10.3979801158244,45.2836801469438 10.3979785941502,45.2838899869468 10.3979767458132,45.2841449239554 10.3979732312182,45.2841666569958 10.3979618479947,45.2842370305526 10.3979131302702,45.284538225723 10.3978543884881,45.2849112206983 10.3977455304821,45.2853175918144 10.3976762847799,45.2855276710908 10.3976744465722,45.2855332484139 10.3976764999456,45.2855364314154 10.3977189830579,45.2856022794762 10.3977463781336,45.2856447408799 10.3978655918908,45.2856428936572 10.3978748777937,45.2856427502812 10.3978853261679,45.2856425881735 10.3989139928238,45.2855985598086 10.3990316424955,45.2855935232951 10.3990524161543,45.285592239015 10.3992381935336,45.2855921564577 10.3992470467516,45.2855921523942 10.3992480312469,45.2855939190269 10.3992560207445,45.2856082613314 10.3993233705525,45.2857291588003 10.3993302247908,45.2857414617692 10.3993338186583,45.2857479123103 10.3994262829023,45.2860591050622 10.3994627831792,45.2861819485538 10.3995081059265,45.2863344797613 10.399519758884,45.2863736986913 10.3995831426004,45.286587012554 10.3996345053746,45.2867598724639 10.399786379485,45.28710013794 10.399944070158,45.2871735725761 10.4002068251131,45.2871599165201 10.4002867488136,45.2871596314063 10.4003589315802,45.2871593736531 10.4003734698973,45.2871593222892 10.4004357747337,45.2871591001075 10.400662096415,45.2872310772573 10.4011890867827,45.2875163857014 10.4012090247231,45.2875311087407 10.4012190332876,45.287538498578 10.4014337518036,45.2877693147231 10.4015250042074,45.2878674092684 10.4016091939614,45.2879993226261 10.4018685250306,45.2884056550719 10.4021737902072,45.2887961896626 10.4023408123343,45.2890098621662 10.4025958333485,45.2893076797247 10.4026058977282,45.2893194344765 10.402789273821,45.2897465594439 10.402815645168,45.2898079839193 10.4029525950664,45.2902189118285 10.4029751002977,45.2902864399635 10.4030322875776,45.2904580285836 10.4031221986934,45.2904189654743 10.4042351280116,45.2899354280955 10.4052060361675,45.2894783618521 10.40570057656,45.289262078669 10.4061602290677,45.2890610493034 10.4061878375721,45.2890489740867 10.4062939489647,45.2892857037444 10.4064243633135,45.2896503233261 10.4065119171634,45.2898951054108 10.4066084826488,45.2901218841515 10.4069382451036,45.2908962931565 10.4074585165618,45.2919520540293 10.4075637955505,45.2921505705353 10.4077177048796,45.2924407788144 10.4079628876198,45.2929030843635 10.4079879739549,45.2929537801823 10.4080498718464,45.2930788694648 10.4083164306646,45.2936472973945 10.4083813609153,45.293785755899 10.4084032463777,45.2938431765001 10.4083959666152,45.2938701105155 10.40837903074,45.2939327716993 10.4086897652671,45.2939210950109 10.4093594627445,45.2938959268774 10.4096194247866,45.2938861560849 10.4100426491395,45.2939412130136 10.4110875471868,45.2940771374634 10.4117946090351,45.2941569133243 10.4127444450262,45.2942640732963 10.4145041450572,45.2944447519006 10.414510830626,45.2944452739866 10.4145117800611,45.2944453486402 10.4145124892687,45.294445404666 10.4145810280094,45.2944507630806 10.4153195341462,45.2945084988126 10.4153201175666,45.2945127258802 10.4155670104801,45.2963011093922 10.4156733908869,45.2969385906943 10.4157049229028,45.2971275450422 10.4157571569617,45.2975697685199 10.4159279517121,45.2990157116976 10.4162477651223,45.3016480081688 10.41638437163,45.3032059865527 10.416749825394,45.3053132224301 10.416954696619,45.3064700822107 10.4177866519631,45.3064480451043 10.4185341082112,45.306438761635 10.4186579617088,45.3067923480236 10.4194079554492,45.3068844918445 10.4226303231903,45.3069458538876 10.4227292526269,45.3069360078746 10.4235626165785,45.3068530639073 10.4246481708847,45.3066767128662 10.4255245063313,45.3065343407635 10.4258658054338,45.3064319861886 10.4261952539657,45.306333182952 10.4268528965465,45.3061829172146 10.4269144144595,45.3063322399074 10.4271897543992,45.307000567757 10.4276248977964,45.3080309020226 10.4277554116279,45.3083399279583 10.4266322957017,45.3088511407584 10.4274543093937,45.3106641803212 10.4272296055688,45.3108780345211 10.4273533053983,45.3123680123449 10.4268653000007,45.3124045503996 10.4269445641384,45.3126978068405 10.4270081881215,45.3128918447549 10.4271002927626,45.3131727418288 10.4271433239734,45.3133052699008 10.427287324009,45.3137487506504 10.4274487203072,45.3138766071965 10.4274043578268,45.3149729746653 10.4273161002593,45.3160394512575 10.4273059470234,45.3167802672192 10.4272093855941,45.3169438161854 10.4273224068979,45.3174355193109 10.427403459517,45.3179037995518 10.4274569920531,45.3182130818401 10.4275265598322,45.3185092816597 10.4276019331741,45.3188302006362 10.4276631606596,45.319549830135 10.4258746408697,45.3199171558765 10.4259216431121,45.3200353538819 10.4261356084245,45.3205734132727 10.4263352508163,45.3210782395485 10.4269074272177,45.3209922711368 10.4288714357855,45.3206971575554 10.4289086989114,45.3206915577648 10.4289047971187,45.3208109225621 10.4289033927447,45.320853874334 10.4288925314373,45.3211860141794 10.4288909656263,45.3212339133629 10.4288939008434,45.3212360666869 10.4289291571276,45.3212619259503 10.4290044254877,45.3213126901876 10.42914370666,45.3214066253339 10.4291559191615,45.321414861841 10.4291674506019,45.3214211310532 10.4292171273991,45.3214169843604 10.4294059004286,45.3214012265359 10.4294146580114,45.3214004958145 10.4294221626756,45.3213998689899 10.4296764126829,45.3213606011505 10.4298623438774,45.3213304911389 10.4299179030915,45.3213214934182 10.4300097454557,45.32129973274 10.4301589300483,45.3212643871872 10.4304261684433,45.3212339564564 10.4305478508838,45.3212242075465 10.4306936382768,45.3212125281469 10.4309355895405,45.3211914225797 10.4311000084867,45.3211835094355 10.4311905327175,45.3211791515187 10.4312343178759,45.3211785919519 10.4314457064669,45.3211758874456 10.4317138697623,45.3211814559912 10.4319602877863,45.3211930728156 10.4325027659716,45.3211992473066 10.4327343319925,45.3211593786683 10.4332437516252,45.3211168309073 10.4335119159891,45.3211223952154 10.433754562256,45.3211282891879 10.4340097353517,45.3211250139902 10.4344172422098,45.321089455748 10.4344936354533,45.3210827901142 10.4345884541277,45.3210783836576 10.4347613350765,45.3210703508319 10.4350292669696,45.3210669130498 10.4352065267907,45.3210586759985 10.4352969663697,45.321054472514 10.4353887773938,45.321053293308 10.4355648980335,45.3210510298769 10.435845122541,45.3210294246513 10.4361123564596,45.3209989806623 10.4363925816312,45.3209773695833 10.4365405984439,45.3209754689494 10.4366605129152,45.3209739288798 10.4368202929507,45.320965936236 10.4369026933569,45.3209618137269 10.4370850921343,45.3209530248166 10.4371576326107,45.320949529387 10.437399581315,45.3209284110489 10.4376545203981,45.3209161301021 10.4379096921005,45.3209128462032 10.4380393113945,45.3209015320325 10.4383935870915,45.3208706058559 10.4386610517508,45.3208491589399 10.4389415068053,45.3208365437537 10.4392092053129,45.3208240940531 10.4397186152194,45.3207815220148 10.4398579132925,45.320774547569 10.4399607952133,45.3207693967779 10.440133562084,45.3207613599538 10.4402284905484,45.3207569438265 10.4404704371317,45.3207358190049 10.4406574975832,45.3207208157934 10.4407379002532,45.320714367241 10.4409800796901,45.3207022398483 10.4417441915186,45.3206383659691 10.4419863690887,45.3206262364647 10.442254296777,45.3206227826759 10.4423791359346,45.3206217648951 10.4429553998279,45.3206170671873 10.4429786911218,45.3206165334373 10.4429971966228,45.3206161087656 10.4430448767823,45.3206014837965 10.4432075411326,45.3205515890321 10.4432245380781,45.3205463757159 10.4432603322871,45.320535396137 10.4432722269787,45.3205317478406 10.4437965344523,45.3204779407383 10.4444705354961,45.3204501089904 10.4445624421091,45.3204489211961 10.4450063909854,45.3204431837191 10.445261325827,45.3204308858346 10.4455579896407,45.3204230513518 10.4460393552486,45.3204118187926 10.4462311129357,45.3204095227191 10.4463312527029,45.3204083237451 10.4463709081989,45.3204077629686 10.4465624524343,45.320405052275 10.4468143105313,45.3204071400049 10.4470768369691,45.3204062835373 10.447350894486,45.3203926224797 10.4476084093124,45.3203825100104 10.4478763351807,45.320379043048 10.4481312689308,45.320366737867 10.4482193857377,45.3203655960883 10.4483991958232,45.3203632651635 10.4484863671911,45.3204014750981 10.4484955040813,45.320405480064 10.448528201286,45.3204198123819 10.448564299839,45.3204356353907 10.4486186670547,45.3204594656651 10.4486361126236,45.3206393210161 10.4487549559243,45.3217722746587 10.4487724037064,45.3219521299221 10.4487799044526,45.3222401584236 10.4487971178775,45.3224110106971 10.448839617558,45.3228494872415 10.4488482591691,45.3229386521232 10.4488484709302,45.3229407521738 10.4488494599339,45.3229505665022 10.448867610843,45.3231574207273 10.4488852927411,45.3233462735055 10.4489034440805,45.3235531331069 10.4489218299658,45.3237689857643 10.4489525065659,45.3239666750749 10.448964602823,45.3239900855669 10.449066708946,45.3245109185865 10.4491483913173,45.3249275597326 10.4492526990495,45.3256940327737 10.4493701396538,45.3265569765866 10.4493765909261,45.326604383596 10.4533844422786,45.3264589367612 10.4533797130307,45.3264375771274 10.4533788678138,45.3264334679261 10.4530451932059,45.3248120234924 10.4530035836022,45.3246098188721 10.4541617044241,45.3246082623602 10.4564000594266,45.3247552784542 10.4571371688035,45.3247638825338 10.4610365690225,45.3249976284052 10.4643190209622,45.3251806400801 10.4643443218111,45.3250892678607 10.4643452861654,45.3250857890393 10.464345870533,45.3250857869466 10.4657444596086,45.3250815574328 10.466147618955,45.3250803353479 10.4661812447975,45.3250802330679 10.4661833227285,45.3250875245604 10.4662240243262,45.3254928040428 10.4663758029634,45.3270040466845 10.4664302940048,45.3274491125783 10.4664395474817,45.327524687741 10.4664561194111,45.3276600437841 10.4664587323812,45.327681385943 10.4664687830571,45.3277634706043 10.4664616935697,45.3278608437836 10.4664558316479,45.3279413559068 10.4664078226299,45.328600765985 10.4664052648222,45.3286359026325 10.4663969541017,45.3287500449491 10.4662222035145,45.3296319577332 10.4662082512403,45.3297201160004 10.4661864082389,45.3305918144895 10.4661862522279,45.3305980328825 10.4661259113184,45.3307247592679 10.4661191141053,45.330739035496 10.4654197470257,45.3322077755903 10.4654114764228,45.3322237215427 10.4653311854673,45.3325421837176 10.4653260971996,45.3325623681073 10.4653302809433,45.3325988971354 10.4653590412948,45.3328499902361 10.465388712818,45.3331961627294 10.4653629714962,45.3334350291299 10.4652316153743,45.3336700541916 10.4649131312917,45.3340264804623 10.4648611691965,45.3340805615108 10.4648083252355,45.3341810724119 10.4647896995459,45.3342164979113 10.4647643299254,45.3342843322396 10.4647747180881,45.3344669540789 10.4647937199704,45.3345871242358 10.4647984350373,45.3346169439929 10.4648153758017,45.3346209987651 10.4648186838517,45.3346217916637 10.4648595024881,45.3346315620894 10.4649026365289,45.3346418878908 10.4649405566734,45.3346502660432 10.4649841411703,45.3346598956256 10.4651319279356,45.3346294209549 10.4653519132335,45.3345927250148 10.465441251225,45.3345778217012 10.465873344718,45.3345195509023 10.4670025854762,45.3343672575338 10.4685782412618,45.3342083693515 10.4694374987214,45.3340623014981 10.4697835199798,45.3339948410973 10.4700524100491,45.3339058690351 10.4700920741451,45.3338764845368 10.4701014507697,45.3338695380414 10.4702997168447,45.3337226592314 10.4705233057851,45.3336338030464 10.4706512010433,45.3335829758021 10.4708679029568,45.3337333486039 10.4708689164507,45.3337868355427 10.4708722518746,45.3339628272229 10.470859481846,45.334075157608 10.4708358733771,45.3342828428991 10.4704627613103,45.3354291226397 10.4700473973091,45.3367051522184 10.4699620968396,45.3369671970734 10.4692838805918,45.3390505894874 10.4692578408245,45.3391305772009 10.4692156742516,45.3392601001811 10.4691904853034,45.3393340063717 10.4691405901632,45.3394804065008 10.4686346327463,45.3410756408595 10.4684013623196,45.3418020692991 10.4682056431542,45.3424082586421 10.4681900250703,45.3424470728183 10.4696769904347,45.3423375782866 10.4752281124959,45.3418792474458 10.475371410171,45.3418233552412 10.4750224254201,45.3401895090736 10.4747118850834,45.3385515985737 10.4741107325866,45.3357184802841 10.474014143678,45.3352236062692</coordinates></LinearRing></outerBoundaryIs></Polygon></MultiGeometry>
  </Placemark>
  <Placemark id="acquaioli_2026.16">
	<Style><LineStyle><color>FF12fa4b</color><width>3.40157</width></LineStyle><PolyStyle><fill>0</fill></PolyStyle></Style>
	<ExtendedData><SchemaData schemaUrl="#acquaioli_2026">
		<SimpleData name="ID">0</SimpleData>
		<SimpleData name="NOME">MARCHINI</SimpleData>
		<SimpleData name="ZONA">Medio Sud</SimpleData>
		<SimpleData name="Shape_Area">3354.17351013256</SimpleData>
	</SchemaData></ExtendedData>
      <MultiGeometry><Polygon><outerBoundaryIs><LinearRing><coordinates>10.557709174891,45.1714494460489 10.5578049132135,45.1713751435746 10.559271523561,45.1708311629847 10.5602701673388,45.1704126403965 10.5617736409236,45.1699872087633 10.5632032621403,45.169324598498 10.5640711398588,45.1690507333864 10.5656722502334,45.1685048287605 10.5682349394125,45.1674217328957 10.5690258222302,45.167410872283 10.5697838936187,45.1680435118463 10.5703723949166,45.1686308435068 10.5711173963738,45.1687873176332 10.5758524333057,45.1671263654745 10.5812929110757,45.1648123797152 10.5839573894762,45.1637751419762 10.5845446314317,45.1631001260048 10.5850731463801,45.1627355387326 10.5863419790424,45.162360664228 10.587381854789,45.1622271272275 10.5877764022214,45.1618882064169 10.588542425026,45.161591750012 10.5891507858299,45.1616785494352 10.5902189911232,45.1613540580913 10.5922570678116,45.1608016842164 10.5943086063134,45.160130001694 10.5960180875656,45.1598679482487 10.5965671253903,45.1602413382561 10.597071871322,45.1602342784873 10.597862149068,45.1596039859287 10.5987903355694,45.1590908402317 10.600788591997,45.1583245203822 10.602285412728,45.1576842874219 10.6024443039781,45.1573486241339 10.6043588901643,45.1572026503181 10.6054652526981,45.1570441966055 10.6055851227217,45.156518543227 10.6059358358599,45.1558229254457 10.606766381235,45.1548347531922 10.6082253758123,45.1540520740924 10.6085234962639,45.1538811569521 10.6091830009685,45.1533955285831 10.6105100289074,45.1527099475448 10.6107724786051,45.1524680775318 10.6132871040702,45.1521229519031 10.611894469214,45.1474983589849 10.611392602475,45.1464098737896 10.6111160892463,45.1461517918933 10.6097476413524,45.1453613261824 10.6085184832318,45.1447355988805 10.6080624021494,45.1440751546762 10.6067412480687,45.1425694836885 10.605969748039,45.1414609510168 10.6047670007111,45.1405728272908 10.60346604956,45.1397813368959 10.6032455280266,45.1391175637384 10.6020705045164,45.1380146703172 10.6032956927044,45.1373067835554 10.6058805179779,45.1358890785419 10.6068834385764,45.1353446328946 10.6058235672757,45.1349234633931 10.6052552004977,45.13469759967 10.6047197762994,45.1344834053535 10.6036211399703,45.1340718248898 10.6014237348045,45.1332445886369 10.600377439543,45.1328519970406 10.5974770323896,45.1317657749207 10.5965590489285,45.1313936448449 10.5956260951995,45.1310154333609 10.5930798974187,45.1300828519098 10.5914895238034,45.1295003101059 10.5901120494008,45.1289736194075 10.5881058798897,45.1282064928406 10.586046617908,45.1273919946522 10.5856064082831,45.127232974493 10.5852567529359,45.127106664381 10.5847106103329,45.1269047518069 10.5846002362908,45.1268651123957 10.5841705461573,45.1267107899299 10.583724829397,45.1265592509337 10.5836019486214,45.1265174723814 10.5789334233341,45.1248374632579 10.5787476272577,45.1247796108958 10.5784403015623,45.1247159920926 10.5779544988075,45.1246154250069 10.5777781429067,45.1245789160528 10.5776847447854,45.1245595809304 10.5770926919557,45.1244370142962 10.5764489473219,45.1243506431494 10.5761386615802,45.1243090106558 10.5758610549012,45.1242879246623 10.5756055890138,45.1242685191534 10.5755171538368,45.1239550890251 10.5754580868996,45.1237592952239 10.5754539466703,45.1237455733858 10.5754525754205,45.1237410275234 10.5754468204379,45.1237219512253 10.5754432384431,45.1237100778432 10.5753661869194,45.1235803564659 10.5753010302322,45.1234706591315 10.5751286460536,45.1233528667674 10.5750637813658,45.1233085431142 10.574993978153,45.1232608452794 10.5748943229558,45.1231927480279 10.5743710741898,45.1229902675342 10.5728641177849,45.1223813894844 10.5719086604086,45.1220390638001 10.5697383739004,45.1212772502392 10.5698489619988,45.1210699202499 10.569884466487,45.121003355692 10.5703617034765,45.1209016347541 10.5705280040774,45.1208756989642 10.5705528958591,45.1208718170946 10.5706955153416,45.1209422950184 10.5707670134083,45.1209776271911 10.5709521997652,45.120919983377 10.5712239348416,45.1208353988172 10.5712952899895,45.1207490002263 10.5713732665159,45.1206545835282 10.5714283471925,45.1205878894999 10.5715179691796,45.1203555533117 10.5718512661676,45.1201418189433 10.5719787343803,45.1200600763814 10.5721028912145,45.1199804568721 10.5725008777795,45.1196969521262 10.572599701322,45.1196265539823 10.5726190913906,45.1196127410939 10.5726096414681,45.1196071668412 10.572524682501,45.1195570440965 10.5724382103254,45.1195060293502 10.5722058191502,45.1194568069176 10.5721400145755,45.1194428682121 10.5715862298879,45.1193813395533 10.5715737591044,45.119312141036 10.5715557444857,45.1192121806344 10.5714818022046,45.1190925335105 10.5714378791257,45.1190720523275 10.5712956740591,45.119005740117 10.5712917807081,45.1190039249325 10.5712942184367,45.1189978728171 10.5713460560299,45.1188691401849 10.5712918463157,45.1187425645783 10.5712311295727,45.1186007917173 10.571245429502,45.1185688925784 10.5712934006414,45.1184618866777 10.5717254524602,45.1182903521166 10.5717998632067,45.1181673469087 10.5719178835892,45.118070805045 10.5719320579153,45.1180592109917 10.5719950730172,45.1180591364942 10.5721135093468,45.1180589956339 10.5723415990013,45.1180216365645 10.5724572262935,45.1179260065659 10.5722710385562,45.1177239769697 10.5721228888238,45.1176525446224 10.5720197568081,45.1176028175334 10.5719321461967,45.1175497593613 10.5719122394813,45.1175377037202 10.5717739580252,45.1174539583944 10.5717820980807,45.1174063387042 10.5718123575552,45.117229307815 10.5718277007068,45.1171395381843 10.5720309225829,45.117012191294 10.5722986390325,45.1168174906193 10.572367339315,45.1166946167567 10.571935294253,45.1163490507974 10.5719051478508,45.1163249387497 10.5718832091514,45.1162837336972 10.5718115353754,45.1161491197935 10.5718723429244,45.1159778957343 10.5717985839191,45.1158622880167 10.5717390650447,45.1158288907723 10.5716995993279,45.1158067460101 10.5716649306364,45.1157872933412 10.5716335016558,45.1157696567312 10.5715622569364,45.1154349250873 10.5715021078593,45.1153188120802 10.5714667789949,45.1152506149403 10.571436569215,45.1152036958944 10.5712104127654,45.1148524586759 10.5711487862385,45.114805955662 10.5711057529008,45.1147734834602 10.5710803312056,45.1147543003502 10.5710787154824,45.1147184983014 10.571078631072,45.114716627098 10.5710746793955,45.1146290637979 10.5711342081835,45.1145742710729 10.5712007986708,45.1145129790949 10.5713126523945,45.1144529995659 10.5713648011207,45.1144250362902 10.5714512235484,45.1143786932002 10.5714768996711,45.1143585197566 10.5716006493446,45.114261291689 10.5713377032109,45.1141297447782 10.5712316441427,45.1141134141339 10.5707695183556,45.1140422592812 10.5705813043837,45.1140740608644 10.5703048368429,45.1141490618937 10.5699685816938,45.1141647535192 10.5694856256827,45.1142201564969 10.5689197477559,45.1140833193684 10.5684295071714,45.1139771221479 10.5680932990505,45.1141786713379 10.5678153908435,45.1143556435937 10.5676554026214,45.1144351212465 10.5676046878338,45.1144603149046 10.5674505000698,45.1144969371966 10.5672545245753,45.1145434847933 10.567069403003,45.1145241198732 10.5667621796552,45.1144919805578 10.5664054043544,45.1146860618652 10.5663377795945,45.114695904004 10.5661465740567,45.1147237335276 10.5659270520692,45.1147170818854 10.5658268817437,45.1145354112561 10.5657977195587,45.1142549393282 10.5657620935065,45.1140980276916 10.5656209781585,45.1140082006342 10.5651123042134,45.1136761169217 10.5649384095447,45.113562589317 10.564825438499,45.1133001269242 10.5647470549246,45.1131180216935 10.5642236587541,45.1124019083285 10.563745722663,45.1121891585261 10.5633885556601,45.112093256821 10.5627401491614,45.1118718726508 10.5621349799289,45.1114548719573 10.5620658212213,45.1114072167189 10.5618274174013,45.111261685217 10.5612874513256,45.1109320629392 10.560972139611,45.1106488299144 10.5604750913936,45.1102023412795 10.5603035690564,45.1104387274677 10.5600468984374,45.1108158013745 10.5597533357062,45.111296897976 10.5595649601258,45.1116730377883 10.5592985090605,45.1120997531915 10.5591121010279,45.112664899535 10.5588599633957,45.1133839709692 10.5584874607609,45.1141181873544 10.5583119136933,45.1146741822051 10.5580499686745,45.1152088522243 10.5575505932658,45.1157782658816 10.557257701421,45.1159937975411 10.5568687566466,45.1161251233315 10.5563233971301,45.1162900851142 10.5555479333178,45.1163501583331 10.5546154425958,45.11630434515 10.5541640442491,45.1161844665838 10.5535346072346,45.1160039955788 10.5532088323446,45.1157698838388 10.5528049799163,45.1154108102639 10.5522645218063,45.1149365705479 10.5518180449785,45.1142945212351 10.5514421991413,45.1137955358123 10.5512205771342,45.1130649137103 10.5509988260291,45.1125638349519 10.5507782931517,45.1122247681125 10.5504233502408,45.1119685400338 10.5500894299985,45.1116670175537 10.5496033783177,45.1114980816281 10.5490796906788,45.1114061682852 10.5483136999385,45.1114030533703 10.5473619622292,45.1115824822436 10.546933905307,45.1118538288541 10.5465048720262,45.1120891809406 10.5460610436002,45.112365239646 10.5457444197358,45.112585564093 10.5453113391209,45.1128479708246 10.5448601735607,45.1130881170997 10.5439106833669,45.1134700235341 10.5434192085384,45.1135711837178 10.5424985935426,45.1136691363719 10.5414922228123,45.1136512192476 10.5405560150848,45.113524326455 10.539645512798,45.1132305495847 10.5388235066033,45.1128590596814 10.5380794512219,45.112549525226 10.5373620980925,45.1124646667115 10.5367944934693,45.1125713242619 10.5362460710292,45.1126822208821 10.5356886990921,45.1128742501393 10.5353484648393,45.1130453545112 10.5348157588824,45.1132685539636 10.5343035584182,45.113545485015 10.5337966008382,45.1138403459372 10.5333138708005,45.1140313608737 10.5328669282759,45.1142533994678 10.5325067698836,45.1143932575651 10.5317758351918,45.1146326039901 10.5314818120331,45.1146905567229 10.5313118151047,45.1147513472052 10.5310677338185,45.1148941448373 10.5307506764631,45.1151009307741 10.5304040110536,45.1153891275435 10.5301614907982,45.1155904127895 10.5298009080416,45.1158337854507 10.5294281186435,45.1160368143852 10.5290863781842,45.1162124210484 10.5286284016483,45.1164390907008 10.5281345798674,45.1167517539718 10.5274422673866,45.117130080973 10.5269978277406,45.1173880690837 10.5265615936662,45.1175964370273 10.5260888472153,45.1177467808356 10.5253500760624,45.117873671548 10.5241294947752,45.117930474038 10.5226472645621,45.118008754621 10.5209059953421,45.118027455301 10.519554434834,45.1182389804473 10.5187767257111,45.1184563624627 10.5183418387042,45.1185971688233 10.5175929093428,45.118701639112 10.5171637773102,45.1188198610201 10.516438319139,45.1190905414807 10.5157591643281,45.1193696053021 10.5153359016559,45.119649771141 10.5149320962659,45.1200647007307 10.5146281751287,45.1205908239559 10.514429066179,45.1209940353828 10.5130439451969,45.1218630448975 10.5123197727856,45.1223047124058 10.5111744954055,45.1231705221252 10.5102636288507,45.1238261844686 10.5091474547493,45.1245925713565 10.5076422187284,45.1253730849017 10.5066215518746,45.125845633853 10.5062547978236,45.1260641980426 10.5064397485754,45.1262679482749 10.5066956560611,45.126642774288 10.5070882153999,45.127210406446 10.5073315222893,45.1274363195645 10.5077841757819,45.1278274943013 10.5078329530241,45.1280406998793 10.507997347311,45.1281378170906 10.5081092257041,45.1282890889906 10.5081771580191,45.128410392062 10.5084282387799,45.1285216386639 10.5087952295334,45.128936852157 10.5089079183157,45.1291186635251 10.5090108283767,45.1293387902563 10.509406558346,45.1296161483758 10.509564810419,45.1298890060814 10.5096167144623,45.1299020070007 10.5096120962131,45.1299143140134 10.5110804336242,45.1314953812684 10.5123316731795,45.1329168605986 10.5125244032214,45.1328964645428 10.5134847070127,45.1338758335661 10.5152895273463,45.1358691522746 10.5161468139123,45.1369242719189 10.5169376350649,45.1376743733373 10.5202002333866,45.1413265277395 10.5227758025588,45.1441692770625 10.5256618882339,45.1472558424104 10.5258475029442,45.1476151875099 10.5260412595904,45.1476006528801 10.5282888436099,45.150148772648 10.5306323427364,45.1526265057804 10.5311367930637,45.1532412673707 10.5318143480956,45.1542450352495 10.5320942621479,45.154977901042 10.5324524017465,45.1555946196697 10.5330042409383,45.1567612020542 10.5333025014554,45.1569643730012 10.5341071427756,45.1578513244145 10.5353451274415,45.1591237743811 10.5361179253825,45.1600341585986 10.5374572951356,45.1614433394777 10.537896229301,45.1620359333618 10.5393269289012,45.1638121709345 10.5407147621508,45.1645991374849 10.5418061601263,45.1652519729228 10.5434888645899,45.1649069771469 10.5451421347663,45.1646774521397 10.5463099831447,45.1645465525687 10.5471561874119,45.165755118965 10.5481613258628,45.1668234104047 10.5487667975319,45.1675518228632 10.5499984502003,45.1685709969128 10.5514447127913,45.1697023398204 10.5534114884311,45.1690310635428 10.5545074565192,45.1686478409638 10.5558638523738,45.1718521085195 10.5567071409253,45.1717485411093 10.5576742726983,45.1714130837504 10.557709174891,45.1714494460489</coordinates></LinearRing></outerBoundaryIs></Polygon></MultiGeometry>
  </Placemark>
  <Placemark id="acquaioli_2026.17">
	<Style><LineStyle><color>FF12fa4b</color><width>3.40157</width></LineStyle><PolyStyle><fill>0</fill></PolyStyle></Style>
	<ExtendedData><SchemaData schemaUrl="#acquaioli_2026">
		<SimpleData name="ID">0</SimpleData>
		<SimpleData name="NOME">BIGNOTTI</SimpleData>
		<SimpleData name="ZONA">Alto Mantovano</SimpleData>
		<SimpleData name="Shape_Area">1404.61888703276</SimpleData>
	</SchemaData></ExtendedData>
      <MultiGeometry><Polygon><outerBoundaryIs><LinearRing><coordinates>10.5600719360966,45.3576060387198 10.5598992905655,45.3572797908313 10.5596965997225,45.3572795824418 10.5594067712658,45.3562594419892 10.5591766648819,45.3556299648869 10.5580362690035,45.3558027174253 10.5577182510547,45.3552926249391 10.555868547349,45.3525099051291 10.5556686471856,45.3522411231707 10.555515678331,45.351835948839 10.5549892489601,45.3511143407813 10.5545530319612,45.3504796223527 10.5560747366003,45.3502969457791 10.5555364744918,45.3493897343479 10.5551005912379,45.3487669214293 10.5547769310702,45.3482950030707 10.5543696390307,45.3477289570481 10.554284959242,45.3475967384828 10.5552772861872,45.3473260115309 10.5557870813999,45.3471952223484 10.5551192272737,45.3459944520413 10.5547363505487,45.3453328094442 10.5541031078463,45.3444078306405 10.5547930737477,45.3439506919795 10.5557489346356,45.3433375025274 10.5568213490809,45.3425417121253 10.5570046580101,45.3423296293627 10.5541123677772,45.3407971529904 10.555850265551,45.339639830922 10.5561408107054,45.3393977087241 10.5572915159693,45.3399821928097 10.557420280352,45.3397518000799 10.5575073366608,45.3384931111447 10.5576037140509,45.3370818702607 10.5576598422927,45.3356807045418 10.5576889429875,45.3353873667028 10.5571124037464,45.3346807398845 10.5555471501059,45.3330111130777 10.5554595713944,45.3328956060013 10.5554570291187,45.3328027568989 10.5553222610184,45.3326902741318 10.5537558786458,45.3309753865593 10.5526805191828,45.3298039593007 10.5513440742539,45.3283431277884 10.5496338459409,45.326544397722 10.5468577598429,45.3235383049202 10.5458157784868,45.3224663882853 10.5444130871165,45.3211635588816 10.5437360086018,45.3204725125127 10.5414430658063,45.3180813605672 10.5407247925061,45.3173622724036 10.539568229146,45.3179089772927 10.5379272945805,45.3186455812323 10.5361917409049,45.3163825683258 10.536643969132,45.3161287930492 10.5362228255257,45.3155342861236 10.5354477683123,45.3147859710051 10.5349645767654,45.3149804442683 10.5337773222073,45.3154550306845 10.5327347719088,45.315733622563 10.5317931323664,45.3160461325078 10.5306812814663,45.3165373161623 10.5296231976312,45.3171688890519 10.5295911360054,45.3172413058664 10.5295501107403,45.3171886711935 10.5295378156167,45.317190577664 10.528489044203,45.3178286619036 10.5274923677471,45.3182969211714 10.5263846366436,45.3188062157997 10.5258590548162,45.3190703710273 10.5248692347408,45.319795650243 10.523968242768,45.3206977525246 10.5240028082571,45.3207610556906 10.5237540130534,45.3208095100307 10.5234069545097,45.3209795134569 10.5227905057705,45.3210940446672 10.5221408955365,45.3212208262871 10.5212111655838,45.3215167090214 10.5204841785364,45.3218807621818 10.5204172332611,45.3220032541219 10.5202355468566,45.3217650040391 10.5192991951861,45.3205985703637 10.5174179576903,45.321851581999 10.5163994800327,45.3228229527178 10.5149981382292,45.3237993916469 10.514878755369,45.3239825679144 10.514779676872,45.323960719739 10.5138331049098,45.3248566263841 10.5121599283849,45.3262871727678 10.5094018571436,45.3284865249817 10.5073807694609,45.3301237195347 10.5072221502737,45.330770591581 10.5075874150453,45.3313734512049 10.5081936819126,45.3322704664772 10.5086452883889,45.332746781833 10.5091942134739,45.3330729571272 10.5097516866858,45.3337205372535 10.5103920854474,45.3346289974179 10.5111660571178,45.3357976658808 10.5118034926988,45.3365930295148 10.5127455528021,45.3374141248335 10.5133405493162,45.3378825675284 10.5141471457487,45.3386875840388 10.5150730061162,45.3398482571085 10.5158118197433,45.3406422527592 10.5167309114544,45.3415469766211 10.5179310982734,45.3425432219809 10.5188747793516,45.3434178310839 10.5193088887675,45.3438645657871 10.5194759416349,45.3441124141497 10.5196296195223,45.3444914298558 10.5196176779269,45.3449917308834 10.5195984107481,45.3455338078571 10.5192880244813,45.3459249525103 10.518540152193,45.3466910672409 10.5204845716512,45.3489872809512 10.5196181805443,45.349427506633 10.5199997841605,45.3498034881767 10.5213048498542,45.3509233361173 10.522212725099,45.3517150365621 10.5226537706646,45.3521021248461 10.522531778448,45.3522764193325 10.5227130399706,45.3524228540721 10.5221228083266,45.3530856701768 10.5213271039974,45.3539596129665 10.5222729464138,45.3549056123728 10.5231087554475,45.3558411633576 10.5224173486878,45.3565112840951 10.5231290838954,45.3572281885251 10.5237376123684,45.3578750169014 10.5232358911256,45.358375897479 10.5236701519222,45.3588226125261 10.5246428827198,45.3598218193299 10.5260571528333,45.3590229463848 10.5262650531279,45.3592166518042 10.5268414697805,45.3599234332116 10.5276151262709,45.3607407003302 10.5276981112103,45.3606860036567 10.529355588751,45.3598242954345 10.5295161574747,45.3598280989322 10.5295339033428,45.360173196619 10.5320849231285,45.3605021966438 10.5320797816212,45.3603117357716 10.5323509091728,45.3603438221993 10.534788594493,45.3606659468852 10.5348334973732,45.3608272937378 10.5348970866344,45.3621792007763 10.5350763973575,45.3653110049143 10.5364037654699,45.364921620748 10.5364849780086,45.3654254317837 10.5366552733212,45.3666892621992 10.5366626536702,45.3666866980021 10.5369228248807,45.3665947544765 10.5371035181931,45.3665199602698 10.537293232708,45.3663566012343 10.5374588043673,45.3661453249136 10.5377218863684,45.3657397681331 10.5379548597857,45.3654873823355 10.5381412978931,45.3652034609232 10.5383953535744,45.3648864672262 10.5384952590871,45.3647805980733 10.5388006439875,45.3646719609974 10.539070254554,45.3645075222956 10.5396900318045,45.3642016787582 10.5401168351801,45.3639386348264 10.5403998171304,45.3638463756789 10.5412390911994,45.3636340484749 10.5417602618213,45.3634822897397 10.5426232304198,45.363301792593 10.5446764689072,45.3627996684042 10.5456632323044,45.362553153288 10.5466502033674,45.3623146650573 10.5474894302961,45.362102291565 10.5481563324665,45.3618520462857 10.5487771287827,45.3615863405473 10.5498727254334,45.3611453454962 10.5514086417413,45.3605214740272 10.5522440865815,45.3601724316206 10.5531701728522,45.3597980301307 10.5536335439194,45.3596228821648 10.5540789266974,45.3596248644296 10.554696624988,45.359664701088 10.555577301087,45.3597170342004 10.556252073742,45.3597560858351 10.5565264616011,45.3597684288446 10.5568550533441,45.3596755071177 10.5573067769321,45.3594924629829 10.5576689452373,45.3593749608612 10.5581546841885,45.3591834093131 10.5586182550949,45.3590162793066 10.5590932334514,45.3588489916638 10.5592497205929,45.3587262506941 10.5593269677021,45.3586287126223 10.5597441305425,45.3580199947052 10.5600083425044,45.3576626135157 10.5600719360966,45.3576060387198</coordinates></LinearRing></outerBoundaryIs></Polygon></MultiGeometry>
  </Placemark>
  <Placemark id="acquaioli_2026.18">
	<Style><LineStyle><color>FF12fa4b</color><width>3.40157</width></LineStyle><PolyStyle><fill>0</fill></PolyStyle></Style>
	<ExtendedData><SchemaData schemaUrl="#acquaioli_2026">
		<SimpleData name="ID">0</SimpleData>
		<SimpleData name="NOME">GABUSI</SimpleData>
		<SimpleData name="ZONA">Medio Nord</SimpleData>
		<SimpleData name="Shape_Area">6560.64953458171</SimpleData>
	</SchemaData></ExtendedData>
      <MultiGeometry><Polygon><outerBoundaryIs><LinearRing><coordinates>10.5138331049098,45.3248566263841 10.514779676872,45.323960719739 10.514878755369,45.3239825679144 10.5149981382292,45.3237993916469 10.5163994800327,45.3228229527178 10.5174179576903,45.321851581999 10.5192991951861,45.3205985703637 10.5202355468566,45.3217650040391 10.5204172332611,45.3220032541218 10.5204841785364,45.3218807621818 10.5212111655838,45.3215167090214 10.5221408955365,45.321220826287 10.5227905057705,45.3210940446673 10.5234069545097,45.320979513457 10.5237540130534,45.3208095100307 10.5240028082571,45.3207610556906 10.523968242768,45.3206977525246 10.5248692347408,45.3197956502431 10.5258590548163,45.3190703710273 10.5263846366436,45.3188062157997 10.5274923677471,45.3182969211714 10.528489044203,45.3178286619036 10.5295378156167,45.317190577664 10.5295501107403,45.3171886711935 10.5295911360054,45.3172413058664 10.5296231976313,45.3171688890519 10.5306812814662,45.3165373161623 10.5317931323664,45.3160461325078 10.5327347719088,45.315733622563 10.5337773222073,45.3154550306845 10.5349645767654,45.3149804442683 10.5355086892826,45.3147614515056 10.5353251660045,45.3144463971851 10.5349971525329,45.3134100418527 10.5346427317414,45.3123211198035 10.5345597579843,45.3117373638876 10.5345501376313,45.3116696815418 10.5331308914986,45.3118827772772 10.5327069968527,45.3119237444822 10.5324037751193,45.3118043319612 10.5321892658825,45.3116343967114 10.533180664098,45.3109346409666 10.5348418256825,45.3099349478283 10.5348110667216,45.3098808573776 10.5350731121901,45.3097524342104 10.5362031152199,45.3089993101152 10.5421246831136,45.3041782965637 10.544117920429,45.3024910183688 10.549296972712,45.2982884583992 10.5505989000257,45.2971454416439 10.5520340376489,45.2959579412658 10.5519891132199,45.2958894870458 10.5508837705396,45.2945911813618 10.5495128932686,45.2929353058985 10.5485753239929,45.2918152830613 10.548637920313,45.2915517714439 10.5496894775601,45.2908808534213 10.5510401046361,45.2900909515051 10.5506801932975,45.2896854254292 10.5494350722211,45.2883725856125 10.5480254916221,45.2869962956547 10.5476097489916,45.2862467707651 10.547499793481,45.2856244343301 10.5471654144947,45.2853006337755 10.5466625137976,45.2847656991919 10.5446532347746,45.2827079915628 10.5440801998418,45.2821575780376 10.5444870253139,45.2817252498077 10.5453055618556,45.2810411047717 10.5460141017357,45.280588274168 10.5488597655868,45.2792035769889 10.5512931760961,45.278054238375 10.5545091186347,45.2766151223052 10.557081754509,45.2754637651868 10.559953278102,45.274193353613 10.5599187770737,45.2741565532444 10.5599993112479,45.2741763077558 10.5627285515443,45.2728092697577 10.5658017489898,45.2712732875222 10.5669912661686,45.2705674836983 10.5689399745383,45.2695721632872 10.5692840896801,45.2699693337065 10.5693280112574,45.2696486904456 10.5694351850259,45.2694827155783 10.5705647351279,45.2688818048214 10.5761971663135,45.2660713823556 10.5752951654308,45.2650176825162 10.5764936940355,45.2644962777742 10.5774055657806,45.2639182326964 10.5764668535387,45.2632713247186 10.5762290645796,45.2629803241727 10.5754744874928,45.2622330361854 10.576752083684,45.2615891889768 10.5769322185,45.2602713508512 10.57727413668,45.2594663897163 10.5770544739951,45.2588406647344 10.5770826638892,45.2583972860448 10.5766345980854,45.2575603648027 10.5784533224427,45.256749289015 10.5778256024775,45.2560005954543 10.5775888886118,45.2554894266542 10.5780505756843,45.2538968583714 10.5780529928106,45.2532537753847 10.577901930985,45.2529129031666 10.5774673468911,45.2525616579351 10.576424550864,45.251432859804 10.5776534600405,45.250515617294 10.5786102981754,45.2500022430941 10.5792693269493,45.2496930401437 10.5792923783179,45.2483351711935 10.5798923244952,45.247355151501 10.5802805131773,45.2467638895291 10.5816658749902,45.2463874580421 10.5804823744746,45.2445604342448 10.5848170034875,45.2425854926072 10.5841754956446,45.2420656639186 10.5837417520275,45.2417430103455 10.5834031574552,45.2412046854215 10.5831046109835,45.2406515141898 10.5826118137297,45.2403868350669 10.5823584763282,45.2400045154728 10.5819675754916,45.2397670014741 10.5818676695002,45.2390824644328 10.5825178298119,45.2384589844412 10.5829554938372,45.238195697417 10.5834296218879,45.2377890027768 10.5846097851953,45.2373153501181 10.5867198855825,45.2360999749186 10.5878357527788,45.2354985719099 10.5888481219456,45.2348128579178 10.589331245303,45.2340058923399 10.5896843917163,45.2336151453411 10.5915632175354,45.2328173105731 10.5906588409043,45.2315723891064 10.595761731004,45.2289146901182 10.5963811936061,45.2286488103237 10.5955327994205,45.2279604559515 10.5951743651632,45.2274367320188 10.5942677576776,45.2268349216745 10.5962829948863,45.2258636229056 10.5980786172091,45.2249953926696 10.599623033639,45.2245450652594 10.6013457332535,45.2239636062031 10.6022024542701,45.2235085961443 10.6033922046584,45.2233918651097 10.6042795612879,45.2233079508421 10.6050262296543,45.2232545874829 10.6042934644851,45.2223646113228 10.6039357906209,45.2218694838712 10.6034204419712,45.2215194701874 10.6035925590049,45.2211293515491 10.6026838988247,45.2201605113608 10.6031059148501,45.2198294169003 10.601801232041,45.2184251218325 10.600385583098,45.2186990164229 10.5992760009159,45.2191210275338 10.5978650270575,45.2200756461319 10.5960515866705,45.2210358753033 10.5942702379519,45.2221175657684 10.5933657334727,45.2226789168455 10.593102137903,45.2227451289566 10.5910214428674,45.2207028328002 10.5891124506449,45.2187140382249 10.5880784769779,45.2187032361523 10.5829058805589,45.221117969525 10.580350042837,45.2221905297077 10.5795804021169,45.2212446721716 10.5787513552944,45.2203822518731 10.5779837573076,45.2196612366472 10.5774252547181,45.2192218494815 10.5761285069085,45.2180813393242 10.5756590658657,45.2177423241186 10.5764571344168,45.217487436198 10.5775347508327,45.2169441563574 10.5784432629222,45.2165251362076 10.5773347917599,45.2154328531977 10.576525052333,45.2142246503913 10.5760747221367,45.2134587235493 10.5760193359195,45.2134830479426 10.5760464035469,45.2133726476643 10.5753847854871,45.2123662989986 10.5750096862621,45.2117890657274 10.574683933906,45.210703413755 10.57428855962,45.2101563249247 10.5737246651808,45.209626490192 10.5710126810833,45.2108734301975 10.5676126908914,45.2124582848744 10.5654864454665,45.2135029185372 10.5627641471866,45.2147722026956 10.5614731242724,45.2154618626059 10.5595533640409,45.2163392937256 10.5578837276449,45.2170938153305 10.5559331918326,45.2180089384329 10.5554783066021,45.2183735365887 10.5553158538659,45.2186146834941 10.5522943345282,45.2201640583742 10.5510444926034,45.2208231734205 10.552011450626,45.2218031132803 10.5517620462322,45.2219558358179 10.5520451728668,45.2222655917192 10.5530270060099,45.2234021229382 10.554056008794,45.2247172045447 10.5523966752195,45.2254648793994 10.5524132513957,45.2254828084474 10.5523613475844,45.2255051611246 10.5515614735155,45.2258427454524 10.5507649245018,45.2263027969393 10.5491648321397,45.227498645364 10.5467227829469,45.2290836396745 10.5448778180823,45.2303133720184 10.5454349739053,45.2306121330985 10.5446504795298,45.2315212140599 10.5440832372192,45.2319168578175 10.5433593834637,45.2318653800089 10.5426607505073,45.2322117427331 10.5421812567615,45.232647032536 10.5417622935226,45.2331836016311 10.5414883181081,45.233738632906 10.540838227863,45.2342783166458 10.541994730104,45.2353653800395 10.5439723685502,45.2368905712298 10.5448492625695,45.2377873963528 10.5454475655937,45.2385348345909 10.5464586770916,45.2395829795973 10.5471314350286,45.2409419940785 10.548077022586,45.2427669615556 10.5483737748802,45.2435030844607 10.547983662563,45.2435637234708 10.5465150862711,45.2431971912399 10.5456484776738,45.2431767175228 10.545112175839,45.2435703949311 10.5450435429907,45.243767294875 10.544972323186,45.243765300607 10.5439199451208,45.2443704351776 10.5438073731084,45.2445032693187 10.5411888916084,45.2456219541377 10.535929273277,45.2478922754 10.5314948703991,45.2497573551812 10.530188092751,45.2502902143102 10.528918934052,45.2482321204469 10.5275614974697,45.2460605525158 10.5246716736104,45.2436840155794 10.5197386341264,45.2398855179043 10.5190345915803,45.2391220364064 10.5141378234283,45.2391722846008 10.5138852628649,45.239325687681 10.5132643544036,45.2397205254613 10.5128665812144,45.2398001420111 10.512727198477,45.2400993806413 10.5125465258684,45.2404289054086 10.5121697212499,45.2409022880944 10.5118020227112,45.2415887726471 10.5117686488564,45.2416510786662 10.5113819015126,45.2421468943681 10.5111309967315,45.2422096929068 10.5109062551386,45.2424654488241 10.5106640195144,45.2428552637921 10.5097272784141,45.2440423486936 10.509356335251,45.2447386895077 10.5096155251289,45.2449880486391 10.510307763722,45.2456926420773 10.5108928378016,45.2463243008747 10.5113668001088,45.2467343812963 10.5111007483826,45.247020424419 10.5112511968384,45.2471373907565 10.5116560576345,45.2477193852369 10.5126693993914,45.2494159815041 10.5130433188114,45.2500206847862 10.513984972514,45.2509970403744 10.514739286226,45.2516561760232 10.5154896607371,45.2521666622804 10.5163012026786,45.2526019830322 10.5168415593595,45.2531301168243 10.5175331971376,45.2538049360026 10.5179870198874,45.2542449954159 10.5183197519137,45.2544859232538 10.5184912470184,45.2553906917947 10.5186126957669,45.2567868240393 10.5186023074773,45.2583705775762 10.5189263290059,45.2586785322898 10.5189120249557,45.2589315065458 10.5187511880245,45.2592161673266 10.5182178549707,45.2597436936048 10.5178763119083,45.2603578868376 10.51697718337,45.2613809635981 10.5164473773992,45.2620422612967 10.516499710385,45.2632162666908 10.5166767516058,45.2643291378692 10.516775832925,45.2644885522776 10.5164098420931,45.2652628605699 10.5167513415027,45.2660150189 10.5171521613237,45.2663123733142 10.517204670777,45.2669422517049 10.5172780993025,45.2670169456026 10.5159838539597,45.2680430493504 10.5152818117957,45.26850637764 10.5124779289858,45.2678372872805 10.5121835694833,45.2675132844571 10.5103391402354,45.2666548764252 10.510397596903,45.267511686979 10.5096497759904,45.267597240258 10.5090621594355,45.2683364715489 10.5081761756547,45.2686004023124 10.5078030753241,45.2679999741238 10.5037920926306,45.2682798472705 10.5034674011458,45.2681580059844 10.5001078357147,45.2694380970296 10.4976586175158,45.2700251371176 10.4971348834821,45.2698049937524 10.495530757443,45.2712889399285 10.4941374550852,45.271281947244 10.4920921401987,45.2709303330135 10.4915368117431,45.2709375844317 10.491576719558,45.2709001065 10.4886610775086,45.2706281336831 10.4880404216006,45.2705640806248 10.4880074742586,45.2705963231496 10.4875125681787,45.2711375624641 10.4865036789455,45.2719660366975 10.4858610024918,45.27207960282 10.4847487222262,45.2722781733197 10.4842025915088,45.272285269456 10.4837332176423,45.2723790368664 10.4821752281924,45.2726272056555 10.4814421475462,45.2727200636941 10.4814339939909,45.2728185515816 10.4813395828387,45.2731390080554 10.4812703579198,45.2740323057845 10.4811016973944,45.274658447186 10.4808717766934,45.2752998922841 10.4804980379591,45.2759432006702 10.480631119952,45.2763187511361 10.4806918388464,45.2770725130021 10.4804846071615,45.2774016866372 10.4801033042718,45.2777548801304 10.4796409451695,45.278152653967 10.4795849666711,45.2783710376493 10.4795517973102,45.2786761892754 10.4795582100592,45.2789227853814 10.4796596338408,45.279661510521 10.4796070492142,45.2800104440729 10.4796831256287,45.2809599005295 10.4797321429423,45.2812639870714 10.4796548608552,45.2814536249779 10.4795790867373,45.2817012859 10.4796064244991,45.2819621220789 10.4795089723297,45.2821665316406 10.4793327253903,45.2825025566588 10.4793817411001,45.2828066432948 10.4794326441406,45.2831832584662 10.479584020796,45.2834715083419 10.4796315302029,45.2837175726472 10.4795344511343,45.2839364877594 10.4794400136989,45.2842569433115 10.4794073183776,45.284975638151 10.4793443655013,45.2857164914158 10.4792785952791,45.2871393751024 10.4792516563427,45.2884746929253 10.4792178262231,45.2891498706813 10.4792033130059,45.2893822279445 10.4790647463815,45.2895871685546 10.4788070304166,45.289953268366 10.4788994145257,45.2903438565417 10.4790085767983,45.2905891223399 10.4788517199646,45.2908813637824 10.4788570012522,45.2910844428695 10.4790498751466,45.2913866669619 10.4790368705981,45.291677046195 10.479033296302,45.2923300660498 10.4790438607391,45.2927362231797 10.4787416326439,45.2929723037695 10.4786041882924,45.2932207621664 10.4787342847031,45.2934802674445 10.4787904751432,45.2940599611577 10.4789220828815,45.2943774891066 10.4792390331897,45.2947071273974 10.47920283586,45.2948962332535 10.4790725577505,45.2954202986244 10.4792224579219,45.2956505259526 10.4794594735608,45.2960682613662 10.479527169314,45.2962995532794 10.479432711793,45.2966200075305 10.4794234814378,45.2970554424778 10.4796084717152,45.2970126316965 10.4795933493867,45.2970378859698 10.4803642560789,45.2971247748841 10.480925210988,45.2975825053627 10.4815395473301,45.2979814161128 10.4817925896217,45.2982106347958 10.4824555920722,45.2994226600217 10.4832070196484,45.3008660327435 10.4857827381806,45.3054050652228 10.486559754285,45.3067705816001 10.4880376722494,45.3092119654464 10.4896860177552,45.3113411073577 10.4905425132256,45.3125893090945 10.4917742031846,45.3140069813922 10.4927309228004,45.3148857332316 10.4933673819197,45.3150711652551 10.4936418918668,45.3150675767649 10.4943510312556,45.3148839290026 10.4950342433045,45.3147587404947 10.4955273364476,45.3147135378242 10.4959157262961,45.3148634520708 10.4977072913672,45.316157477508 10.4987988430977,45.3169375369521 10.4987179481818,45.316970059677 10.4958097418962,45.3181392080672 10.4951026062696,45.3184003383576 10.49014881791,45.3191044957804 10.4896990076267,45.3191684222458 10.4848555198641,45.3198320974779 10.4840619022052,45.319939283314 10.481592521382,45.3205525816265 10.480309261629,45.3208404647306 10.4768619811889,45.3215916405166 10.4768866765256,45.3217259512713 10.4770600356716,45.3226233504932 10.4772134482155,45.3237150487871 10.4775255656924,45.3251398539321 10.4769414372157,45.3267173669786 10.4764155252276,45.3286116442377 10.4761737856343,45.3289322879307 10.475387555365,45.3294716441219 10.4741882166815,45.3304749652283 10.4733404608583,45.3310307009072 10.4734705356501,45.3320235413456 10.4735869186732,45.3326362891278 10.474014143678,45.3352236062692 10.4741107325866,45.3357184802841 10.4747118850834,45.3385515985737 10.4750224254201,45.3401895090736 10.4753714101711,45.3418233552412 10.4752281124959,45.3418792474458 10.4696769904347,45.3423375782866 10.4681900250703,45.3424470728184 10.4681089251634,45.3426486238249 10.4681090156281,45.342683378028 10.4681090439227,45.3426940020351 10.4681091134816,45.3427206399302 10.4681092298515,45.3427649875085 10.4681096438543,45.3429231541576 10.4681374610754,45.3434031201323 10.4682220512383,45.3449343134789 10.4682230869341,45.344964990478 10.4682276407939,45.3449745940439 10.468266037063,45.3450555523456 10.4682686467653,45.3450610546596 10.468297341482,45.3451215586599 10.4683259235458,45.3453012175902 10.4683762340325,45.3458803245831 10.4684653455605,45.3469060064687 10.468489929498,45.3471889601805 10.4685245364026,45.3475872865539 10.4685794658459,45.3482194835525 10.4687372251615,45.3500351103536 10.468746084569,45.3501445588042 10.4687579014875,45.350290558122 10.4689077489705,45.3521417738595 10.4688789996472,45.3525249318588 10.4688784265141,45.3525311519981 10.4688160223579,45.3537018954749 10.4686227578602,45.3573273758061 10.4685840900039,45.358052721104 10.4687554254764,45.3591613154451 10.4688292274982,45.3596388252308 10.4671793872717,45.3601585564389 10.4670919355368,45.3601846408359 10.4670823274838,45.3601875060954 10.4670054696609,45.3604484355972 10.4666522487318,45.3616475847448 10.4665978492749,45.3618322618592 10.466562650908,45.3619779044759 10.4665058444613,45.3622129518032 10.4663414911907,45.3628929792144 10.4663378285986,45.3629208315245 10.4663301982771,45.3629788606194 10.466314061901,45.3630281640745 10.4663051492461,45.3630553933893 10.4659939517425,45.3644623112939 10.4659385364062,45.364712830863 10.4659338165949,45.364734172521 10.4659245397572,45.364778165248 10.4658879409199,45.3649517307491 10.4656170807041,45.3661918846819 10.4655979180928,45.3662796159368 10.4654252526163,45.3669589741281 10.4653525736992,45.367244925538 10.4653162264429,45.3674073393483 10.4652744074271,45.3675610623103 10.4649274341616,45.368836516515 10.4648758984321,45.3690370630831 10.4646005723946,45.370108465563 10.4645592606229,45.3702423075528 10.4644859766227,45.3703635390621 10.4642408227008,45.3707690828588 10.4641824453069,45.3708656536923 10.4640794977549,45.371023222146 10.4640004227093,45.3711442512305 10.4619585005635,45.3745093870505 10.4614745407371,45.3754256308013 10.4612448053348,45.3758605588788 10.4612258200784,45.3758965003282 10.4612239154714,45.3759001063426 10.4610093257768,45.3764009164342 10.4600253855424,45.3786971239843 10.4582496231712,45.3795915305961 10.4573574077809,45.3800408959191 10.4550213223896,45.3811894626025 10.4541097160669,45.3816366506095 10.4536470685538,45.3818635969353 10.4532619463698,45.3820525106415 10.452997010152,45.3821870136432 10.4524001762258,45.3824900106423 10.4520786640921,45.3826532306558 10.4514991596108,45.3829474215716 10.4510174970108,45.3831919372826 10.4504143320194,45.3835288466779 10.4504116702759,45.3835379457484 10.4506086382786,45.3838690277909 10.4509255796126,45.3844017583755 10.4509272213561,45.3844045171344 10.450980700076,45.3844353423886 10.4510059313687,45.3844854941868 10.4510921485159,45.3846568663919 10.4513223721454,45.3851144715349 10.4513233680157,45.3851191440823 10.4513560378462,45.3852723468535 10.4513631738772,45.3852974230398 10.4513883491521,45.385423861914 10.4516321344354,45.3865670321933 10.4525373846179,45.3859456853625 10.4524339309675,45.3858414675557 10.4586181590292,45.3843007464584 10.4576387218073,45.3824734204587 10.4614485888565,45.3783508312801 10.4682572198627,45.3748466925513 10.4956765359748,45.3610864984252 10.4970832412555,45.3606543892838 10.4971928851601,45.3605574902593 10.4976258425087,45.3602293471502 10.497959778857,45.359867950402 10.4981580446038,45.3593240651466 10.4993202564902,45.3556465013929 10.5005283247321,45.3518531543378 10.5006654101328,45.3514713010554 10.5017041504403,45.3480832498097 10.5028764720738,45.3441866937011 10.5029811366006,45.3438167811401 10.5039603325385,45.3406598242749 10.5043662495884,45.3393185360602 10.5050921784459,45.3370977598595 10.5052563917363,45.33650824242 10.5061177355737,45.333848034845 10.5066071029488,45.3325747260496 10.5066638785626,45.3325647693966 10.5066629235484,45.3325560920144 10.5070110242723,45.331631571972 10.5073807694609,45.3301237195347 10.5094018571436,45.3284865249817 10.5121599283849,45.3262871727678 10.5138331049098,45.3248566263841</coordinates></LinearRing></outerBoundaryIs></Polygon></MultiGeometry>
  </Placemark>
  <Placemark id="acquaioli_2026.19">
	<Style><LineStyle><color>FF12fa4b</color><width>3.40157</width></LineStyle><PolyStyle><fill>0</fill></PolyStyle></Style>
	<ExtendedData><SchemaData schemaUrl="#acquaioli_2026">
		<SimpleData name="ID">0</SimpleData>
		<SimpleData name="NOME">PEGORARO L</SimpleData>
		<SimpleData name="ZONA">Alto Mantovano</SimpleData>
		<SimpleData name="Shape_Area">1024.97367447231</SimpleData>
	</SchemaData></ExtendedData>
      <MultiGeometry><Polygon><outerBoundaryIs><LinearRing><coordinates>10.4813811029457,45.3682622051234 10.4819416434882,45.3695309647973 10.4825678855808,45.3708684507786 10.4827326397322,45.3713545434731 10.483093361271,45.3728740947576 10.4833018653279,45.3737406770616 10.485202284214,45.3734063662195 10.4854537560274,45.3733316468337 10.4866038909048,45.3766033114759 10.4900664214483,45.3765581836706 10.4901564995566,45.3774143900876 10.4902106096433,45.3781877091391 10.489922209125,45.3787868761841 10.489484595253,45.3794951614465 10.4914419732838,45.3792647952105 10.4914559971232,45.3797980938576 10.4933971123407,45.3795917226583 10.4936606913637,45.3808743474719 10.4957509823145,45.380685037919 10.4954681618888,45.3802124190073 10.4955344719776,45.3801639183144 10.4965401660462,45.3798554228116 10.4966553068791,45.3801206547177 10.4970647219921,45.3802677115289 10.49751876731,45.3810810337591 10.4985625381876,45.3827249449844 10.497163773441,45.3840198370214 10.496631740244,45.3846187628967 10.4968419669996,45.3846252479852 10.4970708462773,45.384636239392 10.4972592490746,45.3846197794345 10.4974849891226,45.3845118924672 10.4978851282902,45.3842338360459 10.4983544409884,45.3839408798017 10.4990663917668,45.3834278886394 10.4995501978613,45.3829318780845 10.4996756502975,45.3827903279475 10.499957473036,45.3825487926819 10.5004136819228,45.3821370830487 10.5007941045092,45.381866270322 10.5013790802823,45.3814388745012 10.5019072180818,45.3811171493596 10.5025696139466,45.3806117827845 10.5029479776416,45.3802640435555 10.5035880758326,45.3796680272893 10.5038876940194,45.3793493015237 10.5039752480062,45.3792781970612 10.5053043142304,45.378057526022 10.5061696853146,45.377339608265 10.506605934941,45.3769281367538 10.5070160961242,45.3766569106864 10.5077344164576,45.3763021373016 10.5080770490337,45.3761952187993 10.508740191107,45.3760955257005 10.509244392343,45.3759979276788 10.5097274206316,45.3758516417043 10.51030810843,45.3756411065342 10.5107296650832,45.3754256769561 10.5109251692272,45.375304174197 10.5109829084969,45.3752334587853 10.511132341703,45.3748747301542 10.511331438908,45.3745153431299 10.5116124244576,45.3742458099507 10.5119156991151,45.3740669173206 10.5123484767575,45.3739002997004 10.512851906034,45.3737747160597 10.5134842791819,45.3736404263394 10.5141970486736,45.3735400437339 10.5153159587092,45.373392299181 10.5158013788999,45.3733368920565 10.517514963601,45.3731322669044 10.5184361281196,45.3730220933261 10.5194956027377,45.3728820930423 10.5204862928215,45.3727709786687 10.5211984740873,45.3726495743499 10.5218221946156,45.372564320238 10.5227735166233,45.372467699675 10.5240027714667,45.3723603691423 10.5247462422119,45.3722944875369 10.5252295760787,45.372162122606 10.5256407408713,45.37193278667 10.525973378296,45.3717394743739 10.5261555159782,45.3714922110116 10.5263237668357,45.3710982350005 10.5268665404864,45.3698528395169 10.5272320641425,45.369036515983 10.5273373667108,45.3688882096013 10.5275225042817,45.3687528269735 10.5277878529227,45.3686443508249 10.5280933071884,45.3685493282334 10.5286373219428,45.368458108394 10.5297660222217,45.368310090068 10.5312815077333,45.3681358924131 10.5318257043229,45.3680516490032 10.5320497750132,45.3680444591958 10.5322776299408,45.3680414038131 10.5326715390009,45.3679489049869 10.5333027341963,45.3678357778772 10.5336860743703,45.3677189967073 10.5341331445671,45.3675769391356 10.5345553524748,45.3674317267803 10.5348692449406,45.3673123868223 10.5351538906094,45.3672108820589 10.5353290744816,45.3671500196641 10.5366552733212,45.3666892621992 10.5364849780086,45.3654254317837 10.5364037654699,45.364921620748 10.5350763973575,45.3653110049143 10.5348970866344,45.3621792007763 10.5348334973732,45.3608272937378 10.534788594493,45.3606659468852 10.5323509091728,45.3603438221993 10.5320797816212,45.3603117357716 10.5320849231285,45.3605021966438 10.5295339033428,45.360173196619 10.5295161574747,45.3598280989322 10.529355588751,45.3598242954345 10.5276981112103,45.3606860036567 10.5276151262709,45.3607407003302 10.5268414697805,45.3599234332116 10.5262650531279,45.3592166518042 10.5260571528333,45.3590229463848 10.5246428827198,45.3598218193299 10.5236701519222,45.3588226125261 10.5232358911256,45.358375897479 10.5237376123684,45.3578750169014 10.5231290838954,45.3572281885251 10.5224173486878,45.3565112840951 10.5231087554475,45.3558411633576 10.5222729464138,45.3549056123728 10.5213271039974,45.3539596129665 10.5221228083266,45.3530856701768 10.5227130399706,45.3524228540721 10.522531778448,45.3522764193325 10.5226537706646,45.3521021248461 10.522212725099,45.3517150365621 10.5213048498542,45.3509233361173 10.5199997841605,45.3498034881767 10.5196181805443,45.349427506633 10.5204845716512,45.3489872809512 10.518540152193,45.3466910672409 10.5192880244813,45.3459249525103 10.5195984107481,45.3455338078571 10.5196176779269,45.3449917308834 10.5196296195223,45.3444914298558 10.5194759416349,45.3441124141497 10.5193088887675,45.3438645657871 10.5188747793516,45.3434178310839 10.5179310982734,45.3425432219809 10.5167309114544,45.3415469766211 10.5158118197433,45.3406422527592 10.5150730061162,45.3398482571085 10.5141471457487,45.3386875840388 10.5133405493162,45.3378825675284 10.5127455528021,45.3374141248335 10.5118034926988,45.3365930295148 10.5111660571178,45.3357976658808 10.5103920854474,45.3346289974179 10.5097516866858,45.3337205372535 10.5091942134739,45.3330729571272 10.5086452883889,45.332746781833 10.5081936819126,45.3322704664772 10.5075874150453,45.3313734512049 10.5072221502737,45.330770591581 10.5070110242723,45.331631571972 10.5066629235485,45.3325560920144 10.5066638785627,45.3325647693966 10.5066071029488,45.3325747260496 10.5061177355737,45.333848034845 10.5052563917363,45.33650824242 10.5050921784459,45.3370977598595 10.5043662495884,45.3393185360602 10.5039603325385,45.3406598242749 10.5029811366006,45.3438167811401 10.5028764720738,45.344186693701 10.5017041504403,45.3480832498097 10.5006654101328,45.3514713010554 10.5005283247321,45.3518531543378 10.4993202564902,45.3556465013929 10.4981580446038,45.3593240651466 10.497959778857,45.3598679504021 10.4976258425087,45.3602293471502 10.4971928851601,45.3605574902593 10.4970832412555,45.3606543892838 10.4956765359748,45.3610864984252 10.4813811029457,45.3682622051234</coordinates></LinearRing></outerBoundaryIs></Polygon></MultiGeometry>
  </Placemark>
  <Placemark id="acquaioli_2026.20">
	<Style><LineStyle><color>FF12fa4b</color><width>3.40157</width></LineStyle><PolyStyle><fill>0</fill></PolyStyle></Style>
	<ExtendedData><SchemaData schemaUrl="#acquaioli_2026">
		<SimpleData name="ID">0</SimpleData>
		<SimpleData name="NOME">BRIGNANI</SimpleData>
		<SimpleData name="ZONA">Alto Mantovano</SimpleData>
		<SimpleData name="Shape_Area">1383.35073743297</SimpleData>
	</SchemaData></ExtendedData>
      <MultiGeometry><Polygon><outerBoundaryIs><LinearRing><coordinates>10.5354477683123,45.3147859710051 10.5362228255257,45.3155342861236 10.536643969132,45.3161287930492 10.5361917409049,45.3163825683258 10.5379272945805,45.3186455812323 10.539568229146,45.3179089772927 10.5407247925061,45.3173622724036 10.5414430658063,45.3180813605672 10.5437360086018,45.3204725125127 10.5444130871165,45.3211635588816 10.5458157784868,45.3224663882853 10.5468577598429,45.3235383049202 10.5496338459409,45.326544397722 10.5513440742539,45.3283431277884 10.5526805191828,45.3298039593007 10.5537558786458,45.3309753865593 10.5553222610184,45.3326902741318 10.5554570291187,45.3328027568989 10.5554595713944,45.3328956060013 10.5555471501059,45.3330111130777 10.5571124037464,45.3346807398845 10.5576889429875,45.3353873667028 10.5576598422927,45.3356807045418 10.5576037140509,45.3370818702607 10.5575073366608,45.3384931111447 10.557420280352,45.3397518000799 10.5572915159693,45.3399821928097 10.5561408107054,45.3393977087241 10.555850265551,45.339639830922 10.5541123677772,45.3407971529904 10.5570046580101,45.3423296293627 10.5568213490809,45.3425417121253 10.5557489346356,45.3433375025274 10.5547930737477,45.3439506919795 10.5541031078463,45.3444078306405 10.5547363505487,45.3453328094442 10.5551192272737,45.3459944520413 10.5557870813999,45.3471952223484 10.5552772861872,45.3473260115309 10.554284959242,45.3475967384828 10.5543696390307,45.3477289570481 10.5547769310702,45.3482950030707 10.5551005912379,45.3487669214293 10.5555364744918,45.3493897343479 10.5560747366003,45.3502969457791 10.5545530319612,45.3504796223527 10.5549892489601,45.3511143407813 10.555515678331,45.351835948839 10.5556686471856,45.3522411231707 10.555868547349,45.3525099051291 10.5577182510547,45.3552926249391 10.5580362690035,45.3558027174253 10.5591766648819,45.3556299648869 10.5594067712658,45.3562594419892 10.5596965997225,45.3572795824418 10.5598992905655,45.3572797908313 10.5600719360966,45.3576060387198 10.5601643812961,45.3575237963942 10.5603559850195,45.3574327360844 10.5610831596813,45.3573021966877 10.5620603313369,45.3571280329097 10.5630491291965,45.3569617416706 10.5637424919332,45.3568477291268 10.5643306902622,45.3566467080291 10.5649403818945,45.3563971481375 10.566760230621,45.3557289786523 10.5668940876515,45.3556145785762 10.5669019396047,45.3554859605301 10.566901947365,45.3554858254025 10.5667115609177,45.355207025052 10.5664269873681,45.3548249930432 10.5662948271087,45.354585679912 10.5662947814085,45.3545855968258 10.566339103352,45.3545367467637 10.5664841472746,45.3544141536441 10.5680400786429,45.3537013397109 10.5682538176795,45.3535858410587 10.5684431742867,45.3534143947232 10.5687628184022,45.3529999494067 10.5692272713305,45.3524548696929 10.5701778603769,45.351324205105 10.5704441979495,45.3510471724876 10.5705565459381,45.3509813059766 10.5709605005715,45.35072650218 10.5714658261335,45.3504220597987 10.571948768172,45.3501340043139 10.5733069378773,45.3492951956754 10.5737556249655,45.3490076044412 10.5740044618467,45.3489237732489 10.574571277465,45.3487792760435 10.5754209385039,45.3485424334559 10.5757167591671,45.3485061924743 10.5758537029614,45.3485043027087 10.5761636149752,45.3485643504388 10.5767957456228,45.3487164336828 10.5773703705723,45.3488532213674 10.5778069314507,45.3489517100067 10.5781846454005,45.3489866880047 10.5784596508422,45.3490230854386 10.5788595202874,45.3490336329634 10.5793388264709,45.3490270003279 10.5796467256974,45.3490146977888 10.5799309087943,45.3489705614123 10.5801909215963,45.348878517538 10.5807659926459,45.3486213018642 10.5815764489124,45.3482080549916 10.5818467489387,45.3480756636403 10.5819926396595,45.3479851973861 10.582181484112,45.3477976523539 10.5822580037789,45.3476759857638 10.5823432469823,45.347457715685 10.5824392291178,45.3472151747267 10.5825126165486,45.3469809886731 10.5825414481425,45.3467877590017 10.5825414517168,45.3467877040436 10.5825414646968,45.3467876201506 10.5825262499166,45.346651226436 10.5825262413046,45.3466511464428 10.5825568890035,45.3465220761794 10.5826345301468,45.3464405958895 10.5827573647883,45.3463424081136 10.5830061748664,45.3462585531227 10.5832109074388,45.3462315918673 10.5835630948292,45.3461704225169 10.5841887027047,45.3460893754545 10.5846337462071,45.3460831950005 10.5850208355184,45.3460456579006 10.5853629534774,45.346032864951 10.5855786490031,45.3459896662122 10.5858504989981,45.3459135251583 10.5861093667307,45.345781282425 10.5863682306725,45.3456490382538 10.5867989404936,45.3455385249317 10.5871047968525,45.3454538673572 10.5878870025123,45.345258057963 10.5886121458027,45.3450630370651 10.5892014745849,45.3449101048163 10.5898019861292,45.3447489728626 10.5902447671477,45.3446624004564 10.5904711866488,45.3445949220127 10.590661570235,45.3444636227666 10.5907930956463,45.3442688208356 10.5908903874859,45.3440744965924 10.5910089215685,45.3438235940186 10.591105536355,45.3436051579063 10.591192316119,45.3434431419311 10.5913028190092,45.3433129555672 10.5914710507094,45.3432060847451 10.591731243237,45.3431220529446 10.59205967627,45.3430290263775 10.5923420135753,45.3429205624249 10.59253261265,45.3427972979836 10.5926214170182,45.3427076150887 10.5926748609965,45.3425782240733 10.5927725944417,45.3423999721499 10.5928262644997,45.3422786179735 10.5928463778561,45.342181853871 10.593039230471,45.3421389596355 10.594084035239,45.3419474812462 10.5950236533609,45.34166901912 10.5959970413743,45.341373997113 10.5964842963556,45.3412465757759 10.596961722103,45.3411755712207 10.5972560846932,45.3410910606147 10.5972561302709,45.3410910473752 10.5969177480408,45.340018379773 10.5967748265036,45.3394012747493 10.5965784766996,45.3389135631179 10.5964464106855,45.3386822410994 10.5962630571582,45.3382506277005 10.596002550597,45.3379165777666 10.5957568463658,45.3377029260078 10.5954899065017,45.33754585186 10.5951090972487,45.3373984105556 10.5947056978489,45.3372593235377 10.5942897616214,45.3370802070441 10.5940328835483,45.3368747476312 10.5938433335308,45.3366281457095 10.5936419286604,45.3363656278564 10.59337512971,45.3358065302537 10.5931840082323,45.335503666772 10.5930033963272,45.3351684942251 10.5929295286363,45.3349765573885 10.592935296722,45.3347756063539 10.5929353005159,45.334775468579 10.5930426325978,45.334532760753 10.5931009151533,45.3341702691497 10.5931009304284,45.3341701312147 10.5931327983201,45.3336793604928 10.593132803364,45.3336792218003 10.5931374436466,45.3334380824396 10.5931374359334,45.3334379439251 10.5931208544658,45.3332533839066 10.593120840374,45.3332532454811 10.5930345811285,45.3326192536037 10.5929427661826,45.3321943920658 10.592953403157,45.331760198893 10.592953400522,45.3317600594075 10.5929145806812,45.3311898683902 10.5929145742194,45.3311897289581 10.5928755674429,45.3297994157317 10.5928755660839,45.3297992762284 10.5928750248413,45.3293732789104 10.5928750273093,45.3293731393536 10.5929019381581,45.3287055456334 10.5929019380748,45.3287054061122 10.5928504365511,45.3272493445412 10.5928504339169,45.3272492050556 10.5928467944777,45.327146328813 10.5928039156534,45.3264313264983 10.5928074322955,45.3261498616634 10.5927310970325,45.325869511535 10.5927070662437,45.3254195817814 10.5926867785204,45.3246962231268 10.5926980971743,45.3242860015997 10.5926599551297,45.3237397829128 10.5926856584767,45.3226218008103 10.592651799099,45.3222282912692 10.5926542846891,45.3222172280234 10.592712665807,45.3219572871541 10.5927253345082,45.3215952889934 10.5927172203349,45.3213059460714 10.5926639316913,45.3210333134177 10.5926108701162,45.3207687185584 10.5925224606991,45.3204644152525 10.5923787407511,45.3198151427292 10.5922778036364,45.3194708115889 10.5922979095962,45.3193740455256 10.5923613499819,45.3193473131869 10.5921519798096,45.3192672950567 10.5914043407408,45.3168934705256 10.5895177495254,45.3172319092781 10.5889742891431,45.3172394784185 10.5884207383711,45.3168861665391 10.5883396203313,45.3167824432108 10.5883288017267,45.3167865264323 10.5883048503751,45.316795843042 10.5882881409158,45.3166151362333 10.5877141633031,45.3157587622761 10.5874656545171,45.3153653186493 10.5872407307392,45.3153684471526 10.5861651056908,45.3153481239433 10.585512863428,45.3152689886046 10.5845876823283,45.3152641998722 10.5841917511298,45.3154108175001 10.5841485660662,45.3147587359694 10.5839583841145,45.3142145345022 10.5836716842981,45.3137951524818 10.5807487208509,45.3138709616378 10.5790385498577,45.3139563795858 10.5764179025252,45.3141160842227 10.5725961581827,45.3142393153537 10.570362581239,45.3143847002574 10.5687390985816,45.3144422848639 10.5654431081349,45.3145933363255 10.5639205498166,45.3146847499755 10.5631183845075,45.3146075272828 10.562288319912,45.3144248414804 10.5614387380145,45.3139866345865 10.5602202559935,45.3133153196884 10.5584466802694,45.3124575252798 10.5562146343767,45.3112884274327 10.5553562702573,45.3109825955983 10.5546065612157,45.3109928003062 10.5529070125014,45.3114657362121 10.5514700773302,45.3119439004291 10.5500307136732,45.3123338795341 10.5496808402057,45.3123386255413 10.5481919567783,45.3118296102544 10.5461715800818,45.3110808091604 10.5445563715137,45.3105205362595 10.5439924137724,45.3104664193271 10.5419734691694,45.3106877267913 10.5384372483096,45.3111940429517 10.5347500649627,45.3116669964345 10.5345597579843,45.3117373638876 10.5346427317414,45.3123211198036 10.5349971525329,45.3134100418527 10.5353251660045,45.3144463971851 10.5355086892826,45.3147614515056 10.5354477683123,45.3147859710051</coordinates></LinearRing></outerBoundaryIs></Polygon></MultiGeometry>
  </Placemark>
  <Placemark id="acquaioli_2026.21">
	<Style><LineStyle><color>FF12fa4b</color><width>3.40157</width></LineStyle><PolyStyle><fill>0</fill></PolyStyle></Style>
	<ExtendedData><SchemaData schemaUrl="#acquaioli_2026">
		<SimpleData name="ID">0</SimpleData>
		<SimpleData name="NOME">NON SERVITA</SimpleData>
		<SimpleData name="ZONA">Alto Mantovano</SimpleData>
		<SimpleData name="Shape_Area">809.12462217352</SimpleData>
	</SchemaData></ExtendedData>
      <MultiGeometry><Polygon><outerBoundaryIs><LinearRing><coordinates>10.4650212923523,45.4034912418156 10.4649943820553,45.4035002400117 10.4650291321355,45.4035039150219 10.4650212923523,45.4034912418156</coordinates></LinearRing></outerBoundaryIs></Polygon><Polygon><outerBoundaryIs><LinearRing><coordinates>10.4650212923523,45.4034912418156 10.465252249043,45.4034141140778 10.4722754752882,45.4010683813897 10.4727080595966,45.4017827019506 10.4762867836,45.4002556540375 10.4777286460958,45.3997765611203 10.4780998079392,45.3996532299132 10.4781151613061,45.3996610360727 10.4782468479068,45.399727987373 10.4783000259876,45.3998519152265 10.4787103061066,45.4008080103275 10.4787769984794,45.4008199007146 10.4789107401811,45.4008437451593 10.4794258461954,45.4004282192163 10.480053712071,45.4000282987795 10.4813345354412,45.3992678493616 10.4823596909134,45.3987282082179 10.4837035258935,45.3975847228046 10.484204684703,45.3971582639146 10.4843721974586,45.3973221847034 10.4843656887719,45.3974765386943 10.4843274561286,45.3983832342203 10.4835692251603,45.4033632319868 10.48337506615,45.404260123238 10.4830486294281,45.4049543055734 10.4837645000356,45.4052705214496 10.4848469586678,45.4057486506916 10.4847952413778,45.4058515367538 10.4845612983255,45.4059714829115 10.484549372615,45.4059775977197 10.4844912911167,45.4060073766178 10.4845353464308,45.4059884070182 10.4846420924503,45.405942442954 10.4849382833808,45.4058149047283 10.4851089281068,45.4057426859831 10.4856614888632,45.4055088337342 10.4858561614727,45.4054121498216 10.4859377910688,45.4053020699559 10.4865347158188,45.4049672516191 10.486915971547,45.4047343430575 10.4872206878804,45.4045371184333 10.487601420289,45.4042843934605 10.487655142749,45.4041845872344 10.4881048559834,45.4036088656709 10.4883096952711,45.4033633854452 10.4886370946051,45.4029577362756 10.4888146761904,45.4027472979513 10.4888747850729,45.4026226308083 10.4889230376085,45.4023147710585 10.4889272214418,45.4019381117138 10.4888821252179,45.401562093959 10.4887934853219,45.4011370906281 10.4887041861012,45.4009549075898 10.4884849204834,45.4003829461846 10.4883430873995,45.4000775649452 10.4881406435407,45.3996094452632 10.4880433956728,45.3993926768088 10.4879594513975,45.3991460044195 10.4879036649274,45.3988989641874 10.487952957899,45.3986307338791 10.4880267547648,45.3984910230437 10.4882193171107,45.3983150778248 10.4884679378588,45.3981284911444 10.4891575999097,45.3975744132287 10.489847508979,45.3970302410405 10.4901442238653,45.3967984242835 10.4903829224205,45.3965029449606 10.4904975146668,45.3963081915505 10.4905358424358,45.3961590315003 10.4905636428484,45.3944705548327 10.4904786796828,45.3932936033781 10.4905836562817,45.3921521762257 10.4906547629405,45.391981106466 10.491562852412,45.3909829376687 10.4922799172402,45.3902810528294 10.4925592311586,45.3899416378788 10.4924769689126,45.3894600472789 10.492490763859,45.3892290274213 10.4927376843958,45.3887921024616 10.4931242562136,45.3883743368186 10.4934924244158,45.3880127710173 10.4935761339967,45.3877948273861 10.4936488013896,45.3875350566167 10.4936622228869,45.3872900515279 10.4936682882224,45.387143073746 10.4936817095862,45.3868980686408 10.4935871290038,45.3867034416995 10.493280583416,45.3863856730033 10.4930268490193,45.3861861307852 10.4929420225474,45.3859843799086 10.4929593157675,45.3858862218056 10.4930912288038,45.3856116877358 10.493264540263,45.3853995676381 10.4934371137736,45.3851594762111 10.4935434552577,45.3850461635094 10.4937899982641,45.3849729883441 10.4945027633743,45.3848657322652 10.4955814727408,45.3846907251154 10.4959871594576,45.384622456698 10.4965236671367,45.3846154288992 10.496631740244,45.3846187628967 10.497163773441,45.3840198370214 10.4985625381876,45.3827249449844 10.49751876731,45.3810810337591 10.4970647219921,45.3802677115289 10.4966553068791,45.3801206547177 10.4965401660462,45.3798554228116 10.4955344719776,45.3801639183144 10.4954681618888,45.3802124190073 10.4957509823145,45.380685037919 10.4936606913637,45.3808743474719 10.4933971123407,45.3795917226583 10.4914559971232,45.3797980938576 10.4914419732838,45.3792647952105 10.489484595253,45.3794951614465 10.489922209125,45.3787868761841 10.4902106096433,45.3781877091391 10.4901564995566,45.3774143900876 10.4900664214483,45.3765581836706 10.4866038909048,45.3766033114759 10.4854537560274,45.3733316468337 10.485202284214,45.3734063662195 10.4833018653279,45.3737406770616 10.483093361271,45.3728740947576 10.4827326397322,45.3713545434731 10.4825678855808,45.3708684507786 10.4819416434882,45.3695309647973 10.4813811029457,45.3682622051234 10.4682572198627,45.3748466925513 10.4614485888565,45.3783508312801 10.4576387218073,45.3824734204586 10.4586181590292,45.3843007464584 10.4524339309675,45.3858414675557 10.4525373846179,45.3859456853626 10.4516321344354,45.3865670321933 10.4516905124807,45.3868407727601 10.4525490415488,45.3871351321065 10.4525894682033,45.3871489930432 10.4525950468011,45.3871524866178 10.4526025071393,45.3871550363184 10.4526048989851,45.3871558538211 10.4526073425029,45.3871574915894 10.4526682800554,45.3871983476805 10.453117471807,45.3874995130759 10.4531240824137,45.3875039449352 10.4536228266456,45.3878383264503 10.4537993439372,45.3879551267545 10.4542705913103,45.3882669434336 10.4544055074334,45.3883562135624 10.454799556857,45.388616944703 10.455445848918,45.3893543640095 10.4556094887769,45.3895410734375 10.4559942495833,45.3899817395769 10.4562875234344,45.3903176225716 10.4563119465774,45.3903460686129 10.4563629092571,45.3904054279616 10.4584006361962,45.3927787450125 10.4587276544031,45.3939272537811 10.4598106718485,45.3964749719692 10.4599408271663,45.3966696218282 10.4600690248734,45.3968322833134 10.4601388656105,45.3969208996263 10.460407458005,45.3972616941292 10.4605267466935,45.3974130472237 10.4607428754815,45.3976872692132 10.4608774126626,45.3978579660772 10.4610030781647,45.3980162572244 10.462706973158,45.400162410999 10.4627597723512,45.4002268683352 10.4627994275568,45.4002752790161 10.4629794817232,45.4004814478118 10.4631836846345,45.4007152659395 10.4635729602992,45.401160990378 10.4637766823414,45.4014560919275 10.4638680867459,45.4015884936958 10.4644065784287,45.402368503766 10.4644075819795,45.4023699572133 10.4647491804184,45.4030274573148 10.4648020660316,45.4031267990086 10.4648703038926,45.4032554815988 10.4649829844099,45.4034293207604 10.4650212923523,45.4034912418156</coordinates></LinearRing></outerBoundaryIs></Polygon><Polygon><outerBoundaryIs><LinearRing><coordinates>10.4841570708377,45.406282216798 10.4844405682688,45.4060333827921 10.4842583126161,45.4061268262416 10.4841570708377,45.406282216798</coordinates></LinearRing></outerBoundaryIs></Polygon><Polygon><outerBoundaryIs><LinearRing><coordinates>10.5826357868233,45.4088171780903 10.5828156431494,45.4088005703237 10.582688021778,45.4088092692915 10.5826357868233,45.4088171780903</coordinates></LinearRing></outerBoundaryIs></Polygon></MultiGeometry>
  </Placemark>
  <Placemark id="acquaioli_2026.22">
	<Style><LineStyle><color>FF12fa4b</color><width>3.40157</width></LineStyle><PolyStyle><fill>0</fill></PolyStyle></Style>
	<ExtendedData><SchemaData schemaUrl="#acquaioli_2026">
		<SimpleData name="ID">0</SimpleData>
		<SimpleData name="NOME">GUIDETTI</SimpleData>
		<SimpleData name="ZONA">Colli Morenici</SimpleData>
		<SimpleData name="Shape_Area">1958.77968919172</SimpleData>
	</SchemaData></ExtendedData>
      <MultiGeometry><Polygon><outerBoundaryIs><LinearRing><coordinates>10.5416463867405,45.3986203810093 10.5422312703129,45.3982222675301 10.5425504828938,45.3980282597763 10.5430079571272,45.3975483787302 10.5436392163141,45.3971744752181 10.5442632863897,45.3967802818069 10.5446794907327,45.3965354296935 10.5448640432704,45.3965354954843 10.543900122788,45.3960655023877 10.5429727002343,45.3956132899094 10.5416281236485,45.3947630149227 10.5400595994902,45.393315658938 10.5393978499991,45.3924739381032 10.539289144637,45.3924132270131 10.5408591666247,45.3909711042514 10.5416272243712,45.3903376704529 10.5422349221074,45.390208025451 10.542699422266,45.3900679850252 10.5429858168303,45.3899447400215 10.5437482141283,45.3898534277197 10.5439595031116,45.389665974933 10.5443539936155,45.3893408293747 10.5449389482722,45.3890266729793 10.5467101733272,45.3896403507993 10.5483626587987,45.3901296066948 10.5498391203089,45.3904852020315 10.5500902866424,45.3905351609347 10.5501177008358,45.3883491264688 10.5514676175185,45.3885015829444 10.5516241825516,45.3878795920978 10.5517959829503,45.387465404698 10.5519509188412,45.3871271810946 10.5521124718477,45.3867922832167 10.5521034407409,45.3864491050914 10.5524095767482,45.385921754355 10.5527535047709,45.3851784576049 10.5530705424494,45.3845175935271 10.5534582026725,45.3843071490237 10.5536990770912,45.3840576659325 10.5538866904688,45.3834601125058 10.554106584906,45.3830311109312 10.5544196648655,45.3828111689842 10.5547783595474,45.3823928965271 10.5550239387282,45.3820390711264 10.5552152736377,45.3815691543638 10.555404631912,45.3810273711788 10.5557462770985,45.3801892899185 10.5560894450356,45.3799543394542 10.5563968251844,45.3796484102823 10.556836433435,45.3792295098667 10.5570798736758,45.3790594395022 10.5571900363966,45.3789828344312 10.5576450194411,45.3788343769918 10.5580283507725,45.379307786206 10.5587991370134,45.3790416040807 10.5591010123471,45.379329674476 10.5582594104722,45.3795359514479 10.5587510834348,45.3798092583052 10.5595415029531,45.379628024521 10.5603463196239,45.3799700962471 10.5599690660778,45.380084821354 10.5603118875823,45.3806036452989 10.5599173431339,45.3807186055788 10.5601218841256,45.3812393189101 10.5609438712062,45.3809480732798 10.5605965496056,45.3796379640558 10.5600234788466,45.3790083986193 10.5605064593061,45.3787813443145 10.5600932356864,45.3779878292622 10.5611759716077,45.377018120838 10.5620581241459,45.3763165891732 10.562473540576,45.3767267791072 10.5625661594231,45.3767036240605 10.5658287133052,45.3751918879689 10.5655966574206,45.3748807363823 10.5673786427334,45.3741277543104 10.568135400732,45.3742829459276 10.5688856536947,45.3747693788234 10.5697494549402,45.3742607769617 10.5696645598003,45.3728931615639 10.5702187107411,45.3728159974633 10.5709487165664,45.3727502493846 10.5717956114939,45.3726202120999 10.573272484485,45.3723839978125 10.5741847289449,45.3724227291833 10.5762781763783,45.3724332968828 10.576267999041,45.3719875469435 10.5758696303475,45.3719730261148 10.5753606880859,45.371559687704 10.574506886654,45.3712693923225 10.5738271572419,45.3711201789526 10.5738911105078,45.3716856561383 10.5722919654654,45.3720248401647 10.5722658371383,45.3716627297435 10.570281086059,45.3720185188134 10.5701417020684,45.3722129973799 10.5694546706546,45.3723810192095 10.5682600797033,45.3722275186355 10.5685293605681,45.3720765684353 10.5676664990843,45.3717032888533 10.567260035411,45.3709037336005 10.5673167669057,45.370447132329 10.5680454490108,45.3700464265042 10.5688615980006,45.3694654408769 10.5697408906339,45.3689595161258 10.5713702606172,45.3680798390726 10.572192772743,45.3679229455642 10.5727773878673,45.3674700854405 10.5732681381745,45.3669457276379 10.5732233824623,45.3665743188 10.5728155875214,45.3659491092392 10.5721560616555,45.3661846382283 10.5720013095144,45.3664555005634 10.5702768831919,45.3672092549843 10.5691280340179,45.3656825869302 10.5703190318106,45.3649612615524 10.5726306477363,45.3641901955197 10.5715497016297,45.3631620049729 10.5710918724599,45.363459247788 10.5705193552067,45.3641648587244 10.5700659138524,45.3638080420232 10.5687098323159,45.3641897223153 10.5679493478826,45.3635669380899 10.5683420651263,45.3623924877151 10.5688410072207,45.3607044403492 10.5692620618676,45.3597533851187 10.569356233633,45.3592241023826 10.5692038997026,45.3589621992849 10.5688015122354,45.3588145666551 10.5682675241047,45.3588026223064 10.5671131155634,45.3591172405248 10.5659961923165,45.3595634032636 10.5664231554753,45.3609033807816 10.566036369918,45.3610185478421 10.5658600338646,45.3616938812982 10.5653313312721,45.362319111456 10.5645813936248,45.3627001761357 10.5635016043982,45.3631406817933 10.5623239596139,45.3635687835337 10.5608747330915,45.3639009942478 10.5612167568161,45.364441330234 10.5610832304601,45.3648013101142 10.5609818472355,45.3653972088433 10.5609196095661,45.3657700625871 10.5606950892691,45.3661164451269 10.5603593770836,45.3664447497007 10.5599010524655,45.3672529474832 10.5608815743399,45.3675779867083 10.5617602188227,45.3676174773851 10.561534810707,45.3681576355756 10.5609053783736,45.3680632373333 10.5602352908822,45.3679184423788 10.5596219958518,45.3677423351505 10.5577043448559,45.3671717605468 10.5574645847101,45.3671330043055 10.5557914585311,45.3670507412104 10.5535797381852,45.3667215175733 10.5499710204877,45.3660469074863 10.5479215195261,45.3656349664369 10.5476954440509,45.3656716977185 10.5468419133174,45.3659273496734 10.5461066983945,45.3661393091942 10.5454999192687,45.3662355043444 10.5448083549543,45.3662999630182 10.5432356787683,45.3664811423864 10.5413129086368,45.3666343473497 10.5406083032494,45.3668514211211 10.5397413777421,45.3643836164811 10.5396900318045,45.3642016787582 10.539070254554,45.3645075222956 10.5388006439875,45.3646719609974 10.5384952590871,45.3647805980733 10.5383953535744,45.3648864672262 10.5381412978931,45.3652034609232 10.5379548597857,45.3654873823355 10.5377218863684,45.3657397681331 10.5374588043673,45.3661453249136 10.537293232708,45.3663566012343 10.5371035181931,45.3665199602698 10.5369228248807,45.3665947544765 10.5366626536702,45.3666866980021 10.5353290744816,45.3671500196641 10.5351538906094,45.3672108820589 10.5348692449406,45.3673123868223 10.5345553524748,45.3674317267803 10.5341331445671,45.3675769391356 10.5336860743703,45.3677189967073 10.5333027341963,45.3678357778772 10.5326715390009,45.3679489049869 10.5322776299408,45.3680414038131 10.5320497750132,45.3680444591958 10.5318257043229,45.3680516490032 10.5312815077333,45.3681358924131 10.5297660222217,45.368310090068 10.5286373219428,45.368458108394 10.5280933071884,45.3685493282334 10.5277878529227,45.3686443508249 10.5275225042817,45.3687528269735 10.5273373667108,45.3688882096013 10.5272320641425,45.369036515983 10.5268665404864,45.3698528395169 10.5263237668357,45.3710982350005 10.5261555159782,45.3714922110116 10.525973378296,45.3717394743739 10.5256407408713,45.37193278667 10.5252295760787,45.372162122606 10.5247462422119,45.3722944875369 10.5240027714667,45.3723603691423 10.5227735166233,45.372467699675 10.5218221946156,45.372564320238 10.5211984740873,45.3726495743499 10.5204862928215,45.3727709786687 10.5194956027377,45.3728820930423 10.5184361281196,45.3730220933261 10.517514963601,45.3731322669044 10.5158013788999,45.3733368920565 10.5153159587092,45.373392299181 10.5141970486736,45.3735400437339 10.5134842791819,45.3736404263394 10.512851906034,45.3737747160597 10.5123484767575,45.3739002997004 10.5119156991151,45.3740669173206 10.5116124244576,45.3742458099507 10.511331438908,45.3745153431299 10.511132341703,45.3748747301542 10.5109829084969,45.3752334587853 10.5109251692272,45.375304174197 10.5107296650832,45.3754256769561 10.51030810843,45.3756411065342 10.5097274206316,45.3758516417043 10.509244392343,45.3759979276788 10.508740191107,45.3760955257005 10.5080770490337,45.3761952187993 10.5077344164576,45.3763021373016 10.5070160961242,45.3766569106864 10.506605934941,45.3769281367538 10.5061696853146,45.377339608265 10.5053043142304,45.378057526022 10.5039752480062,45.3792781970612 10.5038876940194,45.3793493015237 10.5035880758326,45.3796680272893 10.5029479776416,45.3802640435555 10.5025696139466,45.3806117827845 10.5019072180818,45.3811171493596 10.5013790802823,45.3814388745012 10.5007941045092,45.381866270322 10.5004136819228,45.3821370830487 10.499957473036,45.3825487926819 10.4996756502975,45.3827903279475 10.4995501978613,45.3829318780845 10.4990663917668,45.3834278886394 10.4983544409884,45.3839408798017 10.4978851282902,45.3842338360459 10.4974849891226,45.3845118924672 10.4972592490746,45.3846197794345 10.4970708462773,45.384636239392 10.4968419669996,45.3846252479852 10.4965236671367,45.3846154288992 10.4959871594576,45.384622456698 10.4955814727408,45.3846907251154 10.4945027633743,45.3848657322652 10.4937899982641,45.3849729883441 10.4935434552577,45.3850461635094 10.4934371137736,45.3851594762111 10.493264540263,45.3853995676381 10.4930912288038,45.3856116877358 10.4929593157675,45.3858862218056 10.4929420225474,45.3859843799086 10.4930268490193,45.3861861307852 10.493280583416,45.3863856730033 10.4935871290038,45.3867034416995 10.4936817095862,45.3868980686408 10.4936682882224,45.387143073746 10.4936622228869,45.3872900515279 10.4936488013896,45.3875350566167 10.4935761339967,45.3877948273861 10.4934924244158,45.3880127710173 10.4931242562136,45.3883743368186 10.4927376843958,45.3887921024616 10.492490763859,45.3892290274213 10.4924769689126,45.3894600472789 10.4925592311586,45.3899416378788 10.4922799172402,45.3902810528294 10.491562852412,45.3909829376687 10.4906547629405,45.391981106466 10.4905836562817,45.3921521762257 10.4904786796828,45.3932936033781 10.4905636428484,45.3944705548327 10.4905358424358,45.3961590315003 10.4904975146668,45.3963081915505 10.4903829224205,45.3965029449606 10.4901442238653,45.3967984242835 10.489847508979,45.3970302410405 10.4891575999097,45.3975744132287 10.4884679378588,45.3981284911444 10.4882193171107,45.3983150778248 10.4880267547648,45.3984910230437 10.487952957899,45.3986307338791 10.4879036649274,45.3988989641874 10.4879594513975,45.3991460044195 10.4880433956728,45.3993926768088 10.4881406435407,45.3996094452632 10.4883430873995,45.4000775649452 10.4884849204834,45.4003829461846 10.4887041861012,45.4009549075898 10.4887934853219,45.4011370906281 10.4888821252179,45.401562093959 10.4889272214418,45.4019381117138 10.4889230376085,45.4023147710585 10.4888747850729,45.4026226308083 10.4888146761904,45.4027472979513 10.4886370946051,45.4029577362756 10.4883096952711,45.4033633854452 10.4881048559834,45.4036088656709 10.487655142749,45.4041845872344 10.487601420289,45.4042843934605 10.4872206878804,45.4045371184333 10.486915971547,45.4047343430575 10.4865347158188,45.4049672516191 10.4859377910688,45.4053020699559 10.4858561614727,45.4054121498216 10.4856614888632,45.4055088337342 10.4851089281068,45.4057426859831 10.4848398947727,45.405871345961 10.4846420924503,45.405942442954 10.4845353464308,45.4059884070182 10.484429549853,45.4060699372689 10.4842025226241,45.4062760569633 10.4840867228972,45.4064262214631 10.4838321889694,45.4068230218212 10.4836702635378,45.4071057805845 10.4832176245452,45.4079340210534 10.4830085618181,45.4082885644717 10.4826866685674,45.4089072039455 10.4824838616147,45.4092319328689 10.4823915064801,45.4094709879774 10.4823439947255,45.4098085663258 10.4822364807805,45.4103588900496 10.4822150271557,45.410488555224 10.482174454589,45.4108662513552 10.4821563125842,45.4109804587737 10.4821148009095,45.4112783172775 10.4820287958938,45.4117601009516 10.4819403248906,45.4121477636836 10.4818474459832,45.4123670032401 10.4817979025558,45.4125232806136 10.4820395271001,45.412596597778 10.4821003210874,45.4126150445983 10.4833959194539,45.413042093534 10.484158002389,45.4132646957099 10.4845948488121,45.4134131073442 10.4851937963654,45.4133309298332 10.485220431678,45.4133357132755 10.4852285549231,45.4133345985804 10.4858127979438,45.4134395141053 10.4863058861309,45.4135867274579 10.4867213018546,45.4135855920392 10.486761358781,45.4135808147205 10.486887775577,45.4133792766823 10.4868948572717,45.4133679877448 10.4869110797427,45.4133295443494 10.487088995242,45.4129079366392 10.487213072299,45.4127247643604 10.4874016523321,45.4125194187129 10.4875955601271,45.4125414035282 10.4880029150674,45.4125932871666 10.4883532259139,45.412634956426 10.4885187856879,45.4126546492428 10.4890548542866,45.412638822201 10.4891794611025,45.4126351432589 10.4893829831635,45.4125460539766 10.4894444845287,45.4125191327428 10.4896057540707,45.4124122116546 10.489831833644,45.4122623213936 10.4900635941079,45.4120139946955 10.4900374589886,45.4117173895414 10.4900938315867,45.4114422173982 10.4901024334271,45.41140022924 10.4901357293103,45.4113590107182 10.4902710758029,45.4111914583172 10.4904706773923,45.4111763811438 10.4906497272502,45.4110527729868 10.4907844668221,45.4109087186245 10.4908073391319,45.410884265007 10.4908240476832,45.4108283845448 10.4908750976198,45.4106576544237 10.4909690687642,45.4104086024297 10.491038849979,45.4102688010269 10.4911043461559,45.4102048547195 10.4911406276421,45.4101694315661 10.4913838143096,45.4101600629903 10.4913903928928,45.4101598096517 10.4916375838943,45.4101482801313 10.4918129940601,45.410096181826 10.4922910027282,45.409899009467 10.4926040693723,45.4097039910644 10.4930275011648,45.4098818028269 10.4930450097283,45.4098891557278 10.4937881504747,45.4103609079046 10.4938341649214,45.4103851640311 10.4940032818708,45.4104743114355 10.4943537694296,45.4106068309712 10.4944913602712,45.410658853795 10.4947700167184,45.4108715632589 10.4947800318941,45.4108792084039 10.495241973402,45.411412739417 10.4956483036398,45.4120715156551 10.4953749946756,45.4122244770616 10.4951793786987,45.4123339551128 10.4947557249677,45.4123581779952 10.4947132859131,45.412369825798 10.4945889820634,45.4124039420591 10.4943990169145,45.4125745267418 10.4939320498809,45.4131194416391 10.4939187895798,45.4131349146401 10.4938993942072,45.4131565680862 10.4935238018761,45.4135758931585 10.4931849183879,45.4137982311537 10.4928630503763,45.4139954417708 10.4928428667274,45.4141250373632 10.4929128817363,45.414166177105 10.4930175429016,45.4142276739794 10.4938653376062,45.4148492592647 10.4958665980917,45.4149603748502 10.4968881460727,45.4149874959544 10.4975649131121,45.4149651219449 10.498589346998,45.4149201803966 10.4996420730397,45.4146768328911 10.50021417259,45.4145027980244 10.5009266550889,45.4142008987279 10.5014024965646,45.4139516127363 10.5016403703913,45.4138854767879 10.5023946720424,45.413655027986 10.5031259755837,45.4134193608985 10.5045199930092,45.412943745948 10.5062234396735,45.4124068747458 10.5068703986481,45.412322131038 10.5080446539166,45.412230421627 10.5091673623858,45.4122346449747 10.5098362633756,45.4122922302153 10.5107104904997,45.4123076733163 10.5111748303678,45.4122880285787 10.5116592796435,45.4121240965184 10.5120762248305,45.4120645704591 10.5124019070448,45.4119972502611 10.5125835068211,45.4119183347719 10.5135484175298,45.4114419913442 10.5155141661746,45.4105203077172 10.5178683575733,45.4093662514852 10.5186211082938,45.4090298495295 10.5191476183598,45.4086492990455 10.5197269622215,45.4082140359808 10.5201355093985,45.4079025587835 10.5206323856186,45.4075493998095 10.5211335859983,45.4070650857811 10.5213947102787,45.4068506576166 10.521694127314,45.4066396413711 10.5221035704457,45.406481165815 10.5225396724792,45.4063043307068 10.523078977706,45.406045107394 10.5236869122798,45.4058434735559 10.5240254615604,45.4057219413742 10.5245464950429,45.4056744824967 10.5251205057207,45.4055182996224 10.525472228893,45.4052930737517 10.5259259337836,45.4049863552156 10.526330405392,45.404539011684 10.5268043735538,45.4041681291532 10.5273184321848,45.4036256859058 10.5277590348509,45.4030842230365 10.5281817034497,45.4025294964168 10.5290922305197,45.4014101659132 10.5300248338619,45.4002779392824 10.530723505069,45.3996112654482 10.5311615973962,45.3993100782594 10.5317088525583,45.3990455314773 10.5318822576688,45.3989574695398 10.5320466916575,45.398816990497 10.5323580559871,45.3985509837525 10.532610500653,45.3983856502495 10.5326325701738,45.3983976102742 10.5326452527075,45.3983893046519 10.5327824845814,45.3984636725667 10.5328675577742,45.3984800670509 10.5331291018859,45.3985304677066 10.5334009890588,45.3985839756602 10.5339449313446,45.3987408556705 10.5340006402634,45.3987569227374 10.5341664564024,45.3988880625896 10.5343182395588,45.3990003394174 10.5344573827874,45.3991508795383 10.5345185914971,45.3991903074273 10.5346056609248,45.3992463930828 10.5347680858799,45.3993263213199 10.534844087536,45.399353078868 10.5349225338016,45.3993806964395 10.5349660741264,45.3993871619447 10.5351126975171,45.399408932028 10.5352500175826,45.3994300240783 10.5354687078846,45.3994436480474 10.5361096527465,45.3994401616008 10.5367928981562,45.3993847829882 10.5375977049661,45.3992456542916 10.5385547289331,45.3990788099901 10.5394127301833,45.3990210619735 10.5401342729677,45.3989009990564 10.5406036832628,45.3987509744038 10.5411236450297,45.3985848715242 10.5415092984221,45.3985694029653 10.5415193382605,45.3985740462481 10.5415440510916,45.3985730546501 10.5416463867405,45.3986203810093</coordinates></LinearRing></outerBoundaryIs></Polygon></MultiGeometry>
  </Placemark>
  <Placemark id="acquaioli_2026.23">
	<Style><LineStyle><color>FF12fa4b</color><width>3.40157</width></LineStyle><PolyStyle><fill>0</fill></PolyStyle></Style>
	<ExtendedData><SchemaData schemaUrl="#acquaioli_2026">
		<SimpleData name="ID">0</SimpleData>
		<SimpleData name="NOME">MARTELLI S</SimpleData>
		<SimpleData name="ZONA">Colli Morenici</SimpleData>
		<SimpleData name="Shape_Area">2138.72091509588</SimpleData>
	</SchemaData></ExtendedData>
      <MultiGeometry><Polygon><outerBoundaryIs><LinearRing><coordinates>10.6424403108388,45.4438040028515 10.6436232366814,45.4411471266563 10.6455475653479,45.4410923896001 10.647378467103,45.4409579599897 10.6476804142932,45.4409536009775 10.647972643345,45.4409448807714 10.6482391791718,45.4409320300255 10.648554584853,45.4408959699606 10.6488553506134,45.4408511200295 10.6491391974445,45.4408290159447 10.6493603893461,45.4406863024235 10.6494042726418,45.4404921455319 10.6494115417047,45.4403030181162 10.6493901862134,45.4401188047837 10.6493462022672,45.4399259178917 10.6492894378733,45.4397332155633 10.6492067191762,45.4395273870138 10.6491271962426,45.4393215113463 10.6490403426976,45.4391382446856 10.6489345809851,45.438964252268 10.6487991462888,45.4387591845911 10.6486808689204,45.4385943739201 10.6485621978799,45.4384160677785 10.6484240961451,45.4382290398123 10.6482818577681,45.4380645745955 10.6481239080865,45.4379093381398 10.647898731572,45.4377505709665 10.6476711482908,45.4376188410297 10.6474157283445,45.4375190167254 10.6471734835716,45.4374325028354 10.6469308442569,45.437332492191 10.6466721022157,45.4372282134874 10.646451437414,45.4371143839186 10.6462246463831,45.437009643524 10.6459721650602,45.4369007723312 10.6457163575834,45.4367874478699 10.6454833099092,45.436687295909 10.6452386882043,45.4365738091919 10.6450309396007,45.4364642914214 10.6448369156609,45.4363320723648 10.6447342365218,45.4361535309385 10.6447139715031,45.4359512983321 10.6447181931206,45.4357667156186 10.6447362666471,45.4355639317143 10.6447470088275,45.435383755717 10.6447574882322,45.4351945822089 10.6447436134331,45.434992257537 10.6447121679986,45.4347901868241 10.6446912501374,45.4345654612466 10.644676852995,45.4343451432885 10.6446680325246,45.4341517470757 10.6446604174678,45.433944832459 10.644652410365,45.4337244215441 10.6446398724889,45.4335130771654 10.6446284093316,45.433283714716 10.6446205332218,45.433067802535 10.6446092009841,45.432842938828 10.6446035759493,45.4326494974434 10.6445934201573,45.4324651216965 10.6445799958691,45.4321682795452 10.6445871222907,45.4320286604595 10.644620357264,45.4318526601815 10.6448018547683,45.4317195291448 10.6450425573898,45.4316440506549 10.6453012485072,45.4315278075543 10.6455346448193,45.4314209296607 10.6457788268812,45.4313003948 10.6460147607538,45.4311709761102 10.6462620045841,45.4310458954292 10.6464890063879,45.4309391077598 10.6467106918825,45.4308143946082 10.6469134713109,45.4306989549857 10.6471181077224,45.4305924886116 10.6473489565553,45.4305081469741 10.6478632873142,45.4305007207237 10.6481518748169,45.430478550627 10.6484207701147,45.4304386623724 10.6487297280492,45.4304026948141 10.649035752986,45.4303757700704 10.6493179499856,45.4303536893075 10.6495712637445,45.4303275253316 10.6498087591991,45.4302520830968 10.6498462433094,45.4300580181564 10.6498702944281,45.429841644935 10.6498610640801,45.4296347538518 10.6498314621343,45.4294416581319 10.6497954725149,45.4292486555837 10.6499041547115,45.4290850646905 10.6501971325948,45.4290493249326 10.6504762590255,45.42903178632 10.6507332855126,45.4290235677927 10.6510476832243,45.4290100185594 10.6516067222663,45.4290019281158 10.6517569268941,45.4288377348932 10.6518809191364,45.4286514174022 10.6519668385159,45.4284746527535 10.6520272010382,45.4282982577668 10.6520759898264,45.428108529135 10.6520513043367,45.4279198634626 10.651950084659,45.4277368074183 10.6518571143516,45.4275626314493 10.6517799858652,45.4273837265022 10.6516997946379,45.4272093664486 10.6516202812879,45.4270034928739 10.6515503518836,45.4267974797272 10.6514739029246,45.4265870610666 10.6514042383066,45.4263900452901 10.6513143352443,45.4262113247344 10.6512119174896,45.4260417863666 10.6510899403716,45.4258590287529 10.6509603728588,45.4256898826981 10.6508057769474,45.4255391009189 10.650606591688,45.4253934641045 10.6504055493199,45.4252388533758 10.6501931953935,45.4250799050999 10.6499765767422,45.4249390197552 10.6497707449134,45.424784477101 10.6495731634226,45.4246388152974 10.6493596113182,45.4244933847228 10.649173341781,45.424352059488 10.64894981582,45.424193270224 10.6487210813539,45.4240750606948 10.6485096545624,45.4239475995447 10.6482899810788,45.4238112557296 10.6480834786035,45.4236882233596 10.6478993369671,45.4235648670313 10.6476896419595,45.4234418800154 10.6474503888831,45.4233463229664 10.6471618884941,45.4232604770921 10.6469185010846,45.4231874800279 10.6466539592106,45.4231012873309 10.6464141597657,45.4230417394122 10.646167841557,45.4229777852083 10.6461370527884,45.4227982073989 10.6461344879593,45.4226002210066 10.6461771652864,45.4224195832343 10.6462340842669,45.4222342403767 10.6462912657119,45.4220578941095 10.6463674798821,45.4218767727535 10.646458328949,45.4217044407422 10.646300561866,45.4215536984948 10.6461068473623,45.4214304781461 10.6458970347185,45.4213029888397 10.6456772470923,45.4211621409341 10.6454381650194,45.4210170708679 10.6452190331104,45.4208987159012 10.644937488503,45.4207767598209 10.6447266051462,45.4206672854956 10.6445275846312,45.4205261362525 10.6443239045936,45.42038955531 10.64414590762,45.4202571030762 10.6440071834285,45.4201015827916 10.6438556849482,45.4199462462266 10.6437180371134,45.4197727083657 10.6436505276631,45.4195936583551 10.6437046789874,45.4193678515083 10.6437812183311,45.4190877144838 10.6438569421272,45.4188345930742 10.6438638084308,45.4186859761645 10.6438717494318,45.4185193420531 10.6438663908451,45.4183348967643 10.6438373411392,45.4181597938261 10.6437961672967,45.4180073686874 10.6437450213761,45.4178415851017 10.6437325936226,45.4176887452446 10.6439701752462,45.4176178144049 10.644002593521,45.4176221354924 10.6440049440554,45.4176214337548 10.644248725314,45.4176539255 10.6444403335906,45.4176872346654 10.6447498452078,45.4176740881406 10.6450462231388,45.4176473129609 10.6453403490969,45.4175980670716 10.6456130331252,45.4175806331239 10.6459009010484,45.4175359766299 10.6461586888351,45.4175007543518 10.6464566607843,45.4174739525293 10.6467133741019,45.4174567462199 10.6470162685209,45.4174343726093 10.6472853634185,45.4174034853586 10.6475545901201,45.4173770953291 10.6478143656698,45.4173553426037 10.648070005882,45.417356151358 10.6483589192258,45.4173474779355 10.648638119723,45.4173344433517 10.6488949625775,45.417321730922 10.6491615180715,45.4173133783033 10.6494404561344,45.417291344231 10.6497160690027,45.4172648568574 10.6499867584051,45.4172339402003 10.650239357913,45.4171852816943 10.6504894410944,45.417105155293 10.6507151771827,45.417011878321 10.6509584777016,45.4169183469617 10.6512262562384,45.4168424637649 10.6514722014573,45.4167848974306 10.6517270718986,45.4167046990767 10.6519544012429,45.4166113966008 10.6521942416312,45.4165089122383 10.6524165148278,45.4164066806762 10.6526349370659,45.4162820020186 10.6528400578299,45.4161395137338 10.6530198893717,45.4160063924772 10.6532126267058,45.415877583851 10.6534262544185,45.4157529739793 10.653668210716,45.4156684576023 10.6539239937089,45.4156197448236 10.6541806958915,45.4156025218701 10.6544371351241,45.4155763017305 10.6544576321505,45.4155670034461 10.6544734685419,45.4155622724427 10.6545317644718,45.4155344238535 10.6545412145159,45.4155297862723 10.6545521287789,45.4155206268158 10.6550699170522,45.4143249680658 10.6550822964285,45.4143112866616 10.6550993362488,45.4142930370476 10.6551867855277,45.4142242605244 10.6552452280231,45.4141469030771 10.65526187336,45.4141151571757 10.6553921856783,45.41360020188 10.6554640354994,45.4132166113164 10.655483514273,45.4130633091541 10.6554892189636,45.41271218118 10.6554902899289,45.4126941639086 10.6554896312902,45.4126716701505 10.6554904393107,45.4126446553684 10.6554899134224,45.4126266603469 10.6554909831092,45.4126086430939 10.6554904572215,45.4125906480724 10.6554913954359,45.4125681320638 10.6554906066053,45.4125411395312 10.6554948712153,45.4125230759597 10.6554976691683,45.4125095334121 10.6555003369251,45.4124914920906 10.6555011436629,45.4124644773261 10.655503811417,45.4124464360043 10.6555446101335,45.4122028132912 10.6557556674164,45.411335641409 10.6558871094339,45.4105866389693 10.6557431325552,45.4101971779941 10.6550134714694,45.410482297734 10.6540959321091,45.410734132703 10.653372570102,45.410852629765 10.6528498897472,45.4108962061904 10.6523093132918,45.4107645169322 10.6504170108569,45.410238332005 10.649024309031,45.4098624154537 10.6483744634591,45.4095432629632 10.6476486593511,45.4089191648378 10.6470205309058,45.4083026528107 10.6463350168485,45.4075249442964 10.6456254973598,45.4066350635852 10.644742628608,45.4050005817705 10.6445175065019,45.4045087633095 10.6445565309276,45.4039276260379 10.6444763462906,45.4025966110263 10.6446978202725,45.4019183318802 10.6449759776063,45.4012122316808 10.6452064398768,45.4006238344081 10.6451859392964,45.4001380673126 10.6435562942643,45.3983568176012 10.6430075675531,45.3978291512767 10.6434746728958,45.3975253860878 10.6434459150653,45.3970847431058 10.6430077222661,45.3961279282011 10.6425765512056,45.3952475210199 10.642157450601,45.3944524495175 10.6417183246098,45.3935721523626 10.6413933312163,45.3929377446485 10.6414202699407,45.3928203425689 10.6420860063166,45.3917126206465 10.6421966915433,45.3914544948769 10.6421646834172,45.3906808541056 10.6428801845698,45.3904095212846 10.6426161357702,45.3895087044142 10.6417264976988,45.3896115189753 10.6412001187111,45.3885839556735 10.640717179187,45.3881183388085 10.6402620657818,45.3876208163178 10.6395982351704,45.386973270406 10.6393688871416,45.3870485750156 10.6390662964487,45.3866343672173 10.6387550105202,45.3863057944968 10.6389735751227,45.3862441470253 10.6384404612571,45.3854777021095 10.6379437990861,45.3861374178125 10.6369784915308,45.3854986847622 10.6366152475321,45.3859134488623 10.6363399092882,45.3855573502224 10.6358560150101,45.3852222433057 10.634678908214,45.3850995942107 10.634425048911,45.3850447227505 10.6341508314997,45.3850036450082 10.6338779107277,45.3850075530622 10.6336109853341,45.3849978726517 10.6333432414814,45.3850152074087 10.6332895063059,45.3852005012116 10.6332018631628,45.3853727779108 10.6330333814897,45.3855102069852 10.6327774565597,45.3855498738929 10.6325070357043,45.3855852467844 10.6322282468651,45.3856072375048 10.6319479911869,45.3856337491875 10.6316918059521,45.385664416019 10.6314178033362,45.3856863363682 10.6311424645144,45.3857172765066 10.630980490537,45.3858591102628 10.6308238203128,45.3860188698599 10.6306587818645,45.3861652475972 10.6304853739374,45.386298242557 10.6302581294788,45.3863915006458 10.6300732872129,45.3865156577574 10.6299374927452,45.3866796187969 10.6297179233866,45.3868177721448 10.6294524567565,45.3868035614102 10.6291920371108,45.3867982785104 10.6289850672802,45.3866527141842 10.629001979327,45.3864634479852 10.6289644957504,45.3862704579768 10.6288574327931,45.3861009638707 10.6287423912844,45.3859315834604 10.628651290566,45.3857618614771 10.6285567385316,45.3855831872778 10.6284512742195,45.3854136699734 10.6283471482392,45.3852351321218 10.6282222752722,45.3850568899978 10.6281105578797,45.3848919622064 10.6279067899935,45.3847463502307 10.6276541458165,45.3846779452445 10.6274112089622,45.3846139011346 10.6271329011984,45.3845413600575 10.6268526108591,45.3844553445032 10.6266277935194,45.3843550360303 10.6264151001929,45.3842320510269 10.6262308785838,45.3840996587922 10.6260433354935,45.3839628137731 10.6258305159117,45.3838353287898 10.625619164375,45.3837033227269 10.6254002204908,45.3835849254848 10.6252318334249,45.3834478055532 10.6251501945493,45.3832734453639 10.6251562044524,45.3830933361562 10.6251728719815,45.3828950725355 10.6251788830828,45.3827149632985 10.625183039021,45.3825258790941 10.6251633864664,45.38234163441 10.6250959832252,45.382162570867 10.6248448539947,45.382202151762 10.6245781523654,45.3822554556985 10.6243441433208,45.3823352971663 10.624125529633,45.3824509237474 10.6238919056104,45.3825442608558 10.6236443522201,45.3825972903014 10.6233808395513,45.3826505460929 10.6231816310286,45.3827748954514 10.6230116649427,45.382916831566 10.6228370386963,45.383063334334 10.6226507244505,45.38319200019 10.6224581539927,45.3833252562107 10.622286974512,45.3834807096171 10.6221104899695,45.3836182362963 10.6218897547444,45.3837158868788 10.6216358113895,45.3837690027136 10.6213736812463,45.383759225586 10.6211126315138,45.3837314306931 10.6208424458028,45.3836632596474 10.6206053891994,45.3835811148536 10.6203716539198,45.3835034240188 10.6201094490051,45.3834351370886 10.6198291216918,45.3834031120796 10.6195764940695,45.3833346889681 10.6193174816532,45.3832663558381 10.6190568216681,45.3832520518599 10.6187901629661,45.38325133437 10.6185265139973,45.3833000801959 10.6183369969692,45.383428785297 10.618131518679,45.3835577153577 10.6178789854432,45.3836603094471 10.617641640416,45.3837356837323 10.617388206002,45.3838067856298 10.617108006492,45.3837792528102 10.6168400612137,45.3837335430704 10.6165495165574,45.3836791521685 10.6162887829939,45.3836063349534 10.6160103654805,45.3835292676208 10.6157523829868,45.3834969163795 10.6154672126036,45.3835189564616 10.615289144994,45.3833774581362 10.6151502089676,45.3832084028621 10.6149267577613,45.3830990506425 10.6146959677936,45.3830123051647 10.6144618583699,45.3829211045683 10.614199989078,45.3829203095409 10.6139443175213,45.3829689320155 10.6136732558693,45.3829817668457 10.6131818110657,45.3828807013639 10.6130405958796,45.3828556939274 10.612797682534,45.3827916183689 10.612542257434,45.3827367203404 10.6122785370637,45.3827269456805 10.6120132207231,45.3827171920411 10.6117339239084,45.3827211380558 10.6114612680253,45.3827339892346 10.6106418337268,45.3828895781753 10.610576910364,45.3829084966087 10.610309106078,45.3829797854684 10.610064028694,45.3830642544043 10.6098265475857,45.3831351136792 10.6095727224682,45.3831927016903 10.6093015957753,45.3832595343307 10.6090348735822,45.3833128022199 10.6087461904877,45.3833798809185 10.6084924907028,45.3834419645396 10.6082265323837,45.3835222238651 10.6079452519217,45.3836252008282 10.6076860600354,45.3837188647556 10.6074300581101,45.3838124831888 10.6071900158872,45.3839058764233 10.6069393116643,45.3840174210132 10.6067052695785,45.3840972267467 10.6064424976948,45.3841774370706 10.6062429910623,45.3842927596515 10.6060765505686,45.3844481229453 10.6058257803145,45.3845011589616 10.6055559229029,45.3845004555313 10.6052691467411,45.3845224927035 10.6049779641206,45.3845580931292 10.6047176158223,45.3846112613289 10.6044635240164,45.3846598394466 10.6042045162925,45.3847039871786 10.6039409743894,45.3847571984696 10.6036845797005,45.3848373119587 10.6034888933204,45.3849750794599 10.6033497039902,45.3851345558719 10.6032271108727,45.3853163025036 10.6031288400984,45.3855112086815 10.6030063726454,45.3856974530797 10.6028542854132,45.3858526092457 10.602711899953,45.3860121297182 10.602519272309,45.3861453528194 10.6022761467948,45.386243278726 10.6020164236472,45.3863189353693 10.6017755991476,45.3863853240728 10.60149633986,45.3864477515254 10.6012114022363,45.3864787540642 10.6009134411626,45.3865009371159 10.6006587011974,45.3865270142374 10.6004112356368,45.3865844917904 10.6001645313481,45.3866689622106 10.5999304685005,45.3867487543014 10.5996856127576,45.3868421991412 10.5994355870319,45.386922213832 10.5991722838701,45.3869844121006 10.5989415361747,45.3870686564106 10.5987228500796,45.3871842352359 10.5984798415156,45.3872866529764 10.5982222311926,45.3872677580527 10.5979484071731,45.3872400889779 10.5979573951272,45.3873841558304 10.5979806032299,45.3875360379585 10.5982061351453,45.3880052871088 10.5987187326808,45.3886661683403 10.5996218155841,45.3895486774485 10.6004854126623,45.3903775223546 10.6013269872236,45.391537263907 10.6017643498573,45.3922358355449 10.6021341145211,45.3925218424036 10.602412608052,45.3925967284164 10.6018516345223,45.3928166136056 10.6017400206483,45.3929566981792 10.6014724688181,45.3931903142708 10.6012374293068,45.3934339604568 10.6008684179733,45.3939859322627 10.6007561560557,45.395034276982 10.6005530982689,45.395047213532 10.59990632525,45.3952424009864 10.5995268836986,45.3954840130192 10.5987278803263,45.3959858971073 10.5981573065837,45.3962668085735 10.5978785077342,45.3963365036258 10.597615916677,45.3963686958607 10.5972559846305,45.3962694996059 10.5971647552869,45.3967502033902 10.5966329489553,45.3966492631964 10.5957850077156,45.3964052430446 10.5951282691322,45.3960958760386 10.5945993448874,45.3960179824923 10.5941203316234,45.3957773433499 10.5936155552634,45.3954816263048 10.5923036925101,45.3946953216957 10.5919174831827,45.3945390680395 10.5914933266405,45.3944383732977 10.5908507580609,45.3944617168878 10.5903314265262,45.3946720537803 10.5897662810536,45.3948060788861 10.5892257285704,45.3947514239667 10.5884176894667,45.3944133503192 10.5883322614901,45.3945153870493 10.5882842640974,45.3949642572976 10.5886635631479,45.3952760518189 10.5894095260701,45.3958876256029 10.5899925810553,45.3963637986845 10.5904612966718,45.39672363884 10.5908576056935,45.397191337351 10.5910325796707,45.3975709378998 10.5912701946962,45.398275074836 10.5914393495308,45.3989554680537 10.591676269561,45.3993669846782 10.5923795759703,45.3994175198542 10.5924180656191,45.3998338640941 10.5916261911136,45.4000272191987 10.5908059512049,45.40037286981 10.5903389597618,45.4005722620022 10.5899482763491,45.4008771842648 10.5899012996624,45.4010109671601 10.5897365745567,45.401480075776 10.5895886298334,45.4019013901834 10.5893345814209,45.4021536216364 10.5894136663971,45.4025560723476 10.5892211145544,45.4025721789375 10.5886004757998,45.4027105489289 10.5876304185864,45.4031216276077 10.5870177006459,45.4033987844291 10.5867034276026,45.4036180618102 10.5865802396544,45.4037594645159 10.5860493851072,45.4042360575008 10.585618505185,45.404689501302 10.5855446060162,45.4051382507156 10.5854163669271,45.4061894945032 10.5853446660967,45.4068485474778 10.5852855658195,45.4073729572175 10.585305285192,45.407895622647 10.5851415377524,45.4082238395239 10.5849226083034,45.4086848349425 10.58486032357,45.4090802086438 10.5847293544989,45.4093076798484 10.5846701665068,45.4097088989076 10.584721037714,45.4098908630746 10.5849082188841,45.4102177863806 10.5852769190997,45.4104033104743 10.5856807665566,45.4107407387916 10.5857942639856,45.4109791403235 10.5859854670586,45.4114492778006 10.5862645153032,45.4119211813037 10.5864546900271,45.4121728433816 10.5868624295628,45.4125090069927 10.5872949773096,45.4128091037998 10.5879352675779,45.4133264284857 10.5882365702993,45.4134607924262 10.5886611098082,45.413509085821 10.5892115871109,45.4136905377915 10.5895319831181,45.4140281073618 10.5899588331096,45.4142441493521 10.5904039040586,45.414488616144 10.5915588108527,45.4149477758058 10.592133967846,45.4150651393266 10.5931291650001,45.4151107688339 10.5937299783389,45.4150339933323 10.5935968518468,45.415598339106 10.5938886978045,45.4155942629522 10.5938775984963,45.4156911525399 10.5940338673398,45.415623283429 10.5945015675351,45.4154201543553 10.5957373090934,45.4150881854106 10.5967712549605,45.4148230468639 10.5970809287417,45.4147458909765 10.5973800633295,45.415122762052 10.5976581393789,45.4153587727228 10.5980291786144,45.4154360235009 10.5985315878041,45.4154202860197 10.5991496221348,45.4153699039739 10.6000770034428,45.415338149594 10.6004062354567,45.415273740711 10.6009485269943,45.4152255149152 10.6014323767465,45.4153009801669 10.6017010502585,45.4152797031237 10.6019123287506,45.4152629709061 10.6023168671554,45.4152309323376 10.602546368155,45.4154915251019 10.6025051414254,45.4157166709725 10.6024479383093,45.4164320897403 10.6023917406934,45.4168506458417 10.6025236480792,45.4175796571201 10.6029929311309,45.4185698529765 10.6032335706747,45.4184724736406 10.603949555984,45.4181827317188 10.6050211783734,45.4178067596111 10.6055336541882,45.4176295236714 10.606256557458,45.4183889433724 10.6056726934631,45.418532176897 10.606485776434,45.4194016698404 10.6070795989316,45.4200071457928 10.6075696711675,45.4204928867091 10.6080845499487,45.4208244273142 10.6082877220591,45.4208266321713 10.608363871112,45.4209360327489 10.6086258642517,45.4213124250611 10.6088361652789,45.4217941644395 10.609018847739,45.422490527164 10.6094245779567,45.422751020421 10.6097063302696,45.4230118951978 10.6098365394125,45.4235408894248 10.6100465244457,45.4243529453336 10.6092117719329,45.4256786902234 10.6109240675132,45.4256819731989 10.6116135023511,45.4256832877973 10.611789628004,45.4256977468355 10.6119287576577,45.4258477953147 10.6119792807784,45.4259924941076 10.6121608238934,45.4265124290819 10.6131281546126,45.4264403267058 10.6133914009363,45.4264375491827 10.6136073696364,45.4265944914693 10.6136952905489,45.4268121056312 10.6138834517532,45.4272778197221 10.6143410380323,45.4283641525578 10.6150552433525,45.4282010886088 10.6158918027089,45.4280100825288 10.616509891193,45.4288384283925 10.6166070803347,45.4294548416453 10.6169235527888,45.4295116187138 10.61754890106,45.4296204960644 10.6184657118003,45.4296748085535 10.6190401373042,45.429742385446 10.6194102264218,45.429897141312 10.6198548050543,45.4301088673004 10.6199750469425,45.4303979958713 10.6205440824789,45.4303468228724 10.6204193005168,45.4309658937293 10.6217700477803,45.4307260257019 10.6218571434711,45.4309814901242 10.622128909963,45.4318261748587 10.6224080521485,45.4326320941946 10.6222131583938,45.4330100605386 10.622245150215,45.4332579099665 10.6222799899955,45.4335278205562 10.6224745113815,45.4338469707556 10.6225154030107,45.4341934619054 10.6225712168622,45.434666387302 10.6233750494111,45.4346752476958 10.6245729295645,45.4346884410442 10.62499037242,45.4347276941598 10.6253528238959,45.4347263804846 10.6267888963017,45.4347680760644 10.6268235048981,45.4350234729966 10.6268858005319,45.4356647207599 10.6269130862305,45.4361658117304 10.6269932503993,45.436961466498 10.6270964924081,45.4372026577099 10.6272810754459,45.4375275826877 10.6271154329588,45.4381748241434 10.6271915492149,45.4383762629087 10.627201580795,45.4383793694294 10.6272028826167,45.438379396662 10.6272263311612,45.4383798871751 10.6274069385938,45.4384358191039 10.6275178570954,45.4385692521886 10.6277045513906,45.4388366216463 10.6278781630637,45.4393157020202 10.6280268312186,45.4397377725372 10.631078929242,45.4393378847411 10.6310862158454,45.4393451104086 10.6311137119969,45.4393415078112 10.6317356356004,45.4399581894176 10.632024977914,45.4400710658903 10.6327371923744,45.4402760093363 10.63283982581,45.4402668133581 10.6332795911422,45.4402200159741 10.6337943113848,45.4401676420943 10.6342010084227,45.440193321815 10.634737017573,45.4401586415866 10.6347381951107,45.4401644377574 10.6347718010368,45.4401622635314 10.6351128100858,45.4418405756672 10.6351491136911,45.4421010866305 10.6352468677831,45.4421765748782 10.635377085982,45.4421747083093 10.6358063673804,45.4420965468726 10.6363235168525,45.4420171238741 10.6363237749122,45.4420260485448 10.636358301576,45.4420207462169 10.6363597940351,45.4420723156602 10.636601636418,45.4420176362427 10.6368487832746,45.4419420828237 10.6368666904921,45.4419508634279 10.636883567955,45.441945704107 10.6370975821953,45.4420506470492 10.637187205666,45.4422203810687 10.6372503224713,45.4424129982468 10.6372876164417,45.4425969852479 10.6372585666345,45.442777231081 10.6375024842785,45.4427698028204 10.6377548180793,45.442707674988 10.6380224419924,45.4426768299481 10.6382889888801,45.4426640022881 10.6385545905395,45.4426736907634 10.6385890467859,45.4426772991369 10.6385893757655,45.4426773115188 10.6391184263892,45.4427327206644 10.6393804096134,45.4427829640066 10.6396565117756,45.4428240018448 10.6399294176849,45.4428650858158 10.6401786206503,45.4429155108592 10.6404459203163,45.4429836770502 10.6404184773981,45.4434701285488 10.6424403108388,45.4438040028515</coordinates></LinearRing></outerBoundaryIs></Polygon></MultiGeometry>
  </Placemark>
  <Placemark id="acquaioli_2026.24">
	<Style><LineStyle><color>FF12fa4b</color><width>3.40157</width></LineStyle><PolyStyle><fill>0</fill></PolyStyle></Style>
	<ExtendedData><SchemaData schemaUrl="#acquaioli_2026">
		<SimpleData name="ID">0</SimpleData>
		<SimpleData name="NOME">MARTELLI S</SimpleData>
		<SimpleData name="ZONA">Colli Morenici</SimpleData>
		<SimpleData name="Shape_Area">1446.56155751748</SimpleData>
	</SchemaData></ExtendedData>
      <MultiGeometry><Polygon><outerBoundaryIs><LinearRing><coordinates>10.6552769862563,45.3151360521386 10.6569571118436,45.3161592579779 10.658246929297,45.3168645531557 10.6594507911037,45.3173996047264 10.6602806466478,45.3180734541841 10.6604030908964,45.3185670550892 10.6608814818874,45.3192269571166 10.6607743329284,45.3201811717841 10.6603629910247,45.3208921192775 10.6593838586102,45.3225068143772 10.6592789042882,45.3235372076825 10.6589716183753,45.3241132658747 10.6585344725412,45.3254033211131 10.6581980005733,45.3265875843388 10.6573318662607,45.3275787842303 10.6568413602166,45.3281942671029 10.6563742159858,45.3290112119559 10.6555618005781,45.3297979021451 10.6531380394571,45.3298030932359 10.6521596825488,45.3299670638552 10.6515670349911,45.3303467841184 10.6503545997861,45.3304648239212 10.6501432411328,45.3307414358213 10.6497813958924,45.3309974639575 10.6486032955495,45.331418600124 10.6478121834993,45.3318893069356 10.647154233797,45.3319972808205 10.6461937439148,45.3324959280132 10.6469604462046,45.3334366694431 10.6463363320047,45.3337345938138 10.6458499626889,45.3344179599588 10.6454436237049,45.3347319581099 10.6449397600031,45.3349043260842 10.6437733821871,45.335030790261 10.6420797052092,45.3352517212073 10.6413512416627,45.3355086117202 10.6408925579797,45.3353733156849 10.640825504791,45.3351861371452 10.6406007968822,45.3352882362769 10.6406878141204,45.3354865728141 10.6410208697799,45.3356272140636 10.6410901020172,45.3360425298496 10.6404563427007,45.336090985479 10.6392797313628,45.3364505285498 10.6394617510819,45.3377846968541 10.6390237546838,45.3381143691798 10.6387266696002,45.3382188026411 10.6394061719896,45.3400739721077 10.6390412944361,45.3401277079669 10.6394524169124,45.3406878905384 10.6404048078354,45.3403209145409 10.6407122504225,45.3407808402781 10.6406073509801,45.3408200047115 10.6407439209373,45.3411223819827 10.6416876622711,45.3408112817284 10.6421777771442,45.3407327258038 10.6429579897121,45.341129846952 10.6432761485328,45.3408558841782 10.6441801408679,45.3404916137483 10.6439110960995,45.3416213056225 10.6438502482526,45.3422591322535 10.6435967888861,45.3425178509721 10.6437165582008,45.3434906260361 10.6436251328639,45.343960623117 10.6447153832846,45.3441316928309 10.645202005142,45.3441338337336 10.6489466913449,45.3436723667352 10.650317683299,45.34350949096 10.6506553484413,45.3436316456082 10.6510490499413,45.3438509333749 10.6513127565615,45.3439280001926 10.6517465545791,45.3439329600506 10.6523159956469,45.3438552208537 10.6521467399371,45.3448813029228 10.6520323953494,45.3451821965533 10.6517938747435,45.3459946308353 10.6521396215837,45.3461411170937 10.6524052282503,45.3461370977202 10.6528603079817,45.3468662709892 10.6529244508624,45.3471960651833 10.6534730025821,45.3469612823041 10.6536021072226,45.3472486347657 10.6527383217008,45.3477148216161 10.6530081183577,45.3483747509325 10.6534814073564,45.3479612630035 10.653903976504,45.3478040546004 10.6547603562008,45.3477181688624 10.6556878674986,45.3482378918062 10.655885446837,45.3480889017151 10.6561475324878,45.3481744205693 10.6567374096638,45.3481954796529 10.6574411479688,45.3480584076661 10.6572781786193,45.3490213557491 10.6567165199219,45.3490876646311 10.6569086643294,45.3495143264675 10.658038976296,45.3492101539936 10.6582753658117,45.3495072309343 10.6583601435239,45.3498435390756 10.6586005855036,45.3500306610847 10.659179116287,45.3488629540305 10.6595649051499,45.3490329941742 10.6597352170253,45.3489131099883 10.6602137355581,45.3493281261532 10.6600052317433,45.3494536032648 10.6598502945959,45.3495465484141 10.6606278597669,45.3503767872962 10.6611852983456,45.3499904341377 10.6618996275692,45.3507548680634 10.6614622239968,45.3509129475798 10.662759143163,45.3525501718436 10.6632945985987,45.3523982385825 10.6638823123892,45.353135891004 10.6658668411736,45.3519437115741 10.6657083466862,45.3514739586007 10.6654552255532,45.3510537995976 10.6664864216048,45.350889612612 10.6680298363601,45.3507506588758 10.6678037937139,45.3516656757598 10.6678646555754,45.3522070470235 10.6694041013572,45.3521678445715 10.6693640329927,45.3524718363965 10.6695283734959,45.352532615332 10.6693958222744,45.3527108144978 10.6693988263504,45.3529776888947 10.6713607418905,45.3528740850524 10.6713659769491,45.3525936679854 10.6721776945696,45.3525651133831 10.6745558430367,45.3522836233502 10.675056516976,45.3542265150243 10.6761889203876,45.3540372942253 10.6786610638817,45.3536138986661 10.6817396088666,45.3535685672215 10.685399313879,45.3536405879309 10.6853444971319,45.351742137048 10.6855322700776,45.3507042218199 10.686484115271,45.3464910792723 10.6868031275295,45.344555597314 10.6866901870539,45.3432790895531 10.6864659282308,45.3429808623054 10.6864864087096,45.3423279690496 10.6865209826767,45.342336422921 10.6865211348604,45.3423315761057 10.6870152157412,45.3424523840044 10.6876338348097,45.3422299935125 10.6880835162745,45.3420073113474 10.6894443755224,45.3419511656224 10.6908886197954,45.3411061583967 10.6923408278798,45.3408505966409 10.6932908531539,45.3407149859504 10.6931859070694,45.340406000068 10.6938990141904,45.3404044169837 10.6956188273839,45.3405093913521 10.6963704593597,45.340462214491 10.6981346284611,45.3401299307363 10.6994843100517,45.340181846844 10.6994949495771,45.3401845239404 10.6995190355958,45.340185449955 10.7009545707738,45.3405466129395 10.7031889993352,45.3411795514108 10.7038031403896,45.3406080069524 10.703987025616,45.3404213781785 10.7032577367959,45.3398018807399 10.7028721654613,45.3394852110415 10.7026271067014,45.3391820444008 10.7022189565323,45.3386076344755 10.7018530895848,45.3382805841278 10.7010251009352,45.3377353099231 10.7003208981932,45.3373510305025 10.6994317682509,45.3368658719353 10.698866809027,45.3364622804889 10.6986465689083,45.3357424527921 10.6986816539978,45.3357472462016 10.6986812904082,45.3357460562198 10.6985789994039,45.3355995690878 10.6985538040643,45.3355634871629 10.6985282699486,45.3355376710093 10.6983495988717,45.3353570242744 10.6975638616323,45.334907812232 10.6970206673316,45.3346225890172 10.6963761509495,45.33421324445 10.6963545454235,45.3341995222826 10.6963159232307,45.3341647528045 10.6956830105474,45.3335949603871 10.6951133756941,45.333086648239 10.6947064826518,45.3328893994267 10.6944704127535,45.3327749596901 10.6936657839538,45.3323539306566 10.6930552915513,45.3319505453696 10.6928146302634,45.3318108609165 10.6914385590366,45.3313507938966 10.6908881751707,45.3310641158027 10.68990536813,45.3302924467748 10.6879387467599,45.3297537231561 10.6888430452463,45.3284081207997 10.6890124917828,45.3278596200327 10.6889543802923,45.3274673656742 10.6884774091832,45.3265243969411 10.6883621732797,45.3257726327431 10.6881843999722,45.3249999527261 10.6882546237546,45.3247586765313 10.6889398482653,45.3247836984389 10.6901688592828,45.3248551892887 10.6901779654327,45.3248573057621 10.6902035736455,45.3248587954056 10.6916002297598,45.3251834286045 10.6949428598138,45.3250668946964 10.6949528083276,45.3250713629662 10.6949775758424,45.3250704993363 10.6949862400539,45.3250743907715 10.6951752220378,45.3251592684647 10.696686623594,45.3249199006911 10.6967203121853,45.3249236676916 10.6967213396275,45.3249235048006 10.6969017124604,45.3249436719067 10.6972743154261,45.3249853322563 10.6972015104354,45.3249136502895 10.6970908752648,45.3247038838716 10.6970582039941,45.3244837663538 10.6970882616524,45.3241799904652 10.6970197657006,45.3240707073699 10.6968411877411,45.3237700338886 10.6967422232787,45.323514134939 10.6966712598875,45.3233221622241 10.6964973543329,45.3231776785928 10.6963331945157,45.322922748785 10.6962578401202,45.3225837716529 10.6962196861078,45.3221798994391 10.6962133734796,45.3219685823167 10.6962401386956,45.3215545524887 10.6963977088376,45.320715755711 10.6964461602188,45.3201543359329 10.6965173939445,45.3194822746059 10.6965115463513,45.3188499801009 10.6964646116024,45.3181521010312 10.6965807210444,45.3176724000729 10.6967073974536,45.3171098157941 10.6971338597713,45.3161034216929 10.697516886553,45.3153899545728 10.6978640896927,45.3147873209412 10.6983321935232,45.3143023807057 10.698941127737,45.3132932625172 10.6991536906002,45.312986767199 10.6994528365402,45.3125227218308 10.6995617636778,45.3118041379425 10.6995105572272,45.3114004604028 10.6991278395995,45.3103785300364 10.6989158036436,45.3098301773911 10.6986678083481,45.3089514542456 10.6986298989771,45.3085558560694 10.6982274253001,45.3086169974093 10.697618021611,45.3087363660686 10.6973594968156,45.3088137469207 10.6959956333068,45.3089994779043 10.6948794478827,45.3091815146625 10.6933898601216,45.3095253425847 10.6930791771431,45.3096034872398 10.6922861452129,45.3096887853048 10.6914798017693,45.3097650827446 10.6898049311413,45.3100196925452 10.6882731740113,45.3102629686301 10.6881411695083,45.3102097700837 10.6848573550286,45.3107454693785 10.6835643000414,45.3111230344208 10.6835412211083,45.3112244855253 10.6830881989255,45.3113414698262 10.6817812679301,45.3116916449504 10.6810569080327,45.3118953461918 10.6807326122749,45.311955274804 10.6804277263386,45.3120443399506 10.6802024421054,45.3121101505827 10.6794381453453,45.312286854986 10.6785451007763,45.3125205989619 10.6777267430799,45.3126337440858 10.6768573192268,45.3127843997778 10.676127503743,45.3128043146151 10.6752686722286,45.3128720765177 10.6744861626532,45.3128743702496 10.6740545783929,45.3128347441794 10.6734513459931,45.3127240974175 10.6728239344654,45.3126781459928 10.6720411567184,45.3126712345896 10.6718176312528,45.3126101677131 10.6715454715931,45.3126693050555 10.6711676606017,45.3126840301698 10.671113889322,45.3126296669345 10.6710009430027,45.3123371824684 10.6707638409557,45.3122579276056 10.6702499888244,45.3120816135601 10.6699566889474,45.3118653026325 10.6694936396969,45.311642282464 10.6690058692193,45.3114655805604 10.6688969871225,45.3113109118786 10.6686536830977,45.3110203311274 10.6685149534629,45.3110566872884 10.6678648553949,45.3114521328498 10.6672052324078,45.3119120364533 10.666688428713,45.3121849200793 10.6660787343548,45.312402875075 10.6655800156405,45.3125146812461 10.6639721564864,45.3129321201306 10.6634406257685,45.3130926375553 10.6621264272361,45.3134092843726 10.6614245269868,45.3135963961568 10.6610940334068,45.3136092472407 10.6607174512385,45.3136066883702 10.6598460174853,45.3134585587893 10.6591810403528,45.3133476224605 10.6590218486116,45.3133660175149 10.6587892022558,45.3135161960555 10.6586523095571,45.3136045627042 10.6575587413057,45.3140546372742 10.6560837252845,45.3147273297901 10.6552769862563,45.3151360521386</coordinates></LinearRing></outerBoundaryIs></Polygon></MultiGeometry>
  </Placemark>
</Folder>
</Document></kml>
