<?xml version="1.0" encoding="utf-8" ?>
<kml xmlns="http://www.opengis.net/kml/2.2">
<Document id="root_doc">
<Schema name="RIP_2026" id="RIP_2026">
	<SimpleField name="id" type="float"></SimpleField>
	<SimpleField name="CODICE_CAN" type="string"></SimpleField>
	<SimpleField name="NOME" type="string"></SimpleField>
	<SimpleField name="NOME_TIPO" type="string"></SimpleField>
	<SimpleField name="NOME_COMPL" type="string"></SimpleField>
	<SimpleField name="FUNZIONE" type="string"></SimpleField>
	<SimpleField name="TRATTOGEST" type="string"></SimpleField>
	<SimpleField name="LUNGHEZZA" type="float"></SimpleField>
	<SimpleField name="COMUNI" type="string"></SimpleField>
	<SimpleField name="PROVINCIA" type="string"></SimpleField>
	<SimpleField name="CODICE_SIB" type="float"></SimpleField>
	<SimpleField name="CAN_ALIMEN" type="string"></SimpleField>
	<SimpleField name="CAN_SFOCIO" type="string"></SimpleField>
	<SimpleField name="REGIME_PAT" type="string"></SimpleField>
	<SimpleField name="BACINO_IRR" type="string"></SimpleField>
	<SimpleField name="GERARCHIA" type="string"></SimpleField>
	<SimpleField name="BACINO_SCO" type="string"></SimpleField>
	<SimpleField name="NOTE" type="string"></SimpleField>
	<SimpleField name="NORMATIVA" type="string"></SimpleField>
</Schema>
<Folder><name>RIP_2026</name>
  <Placemark id="RIP_2026.1">
	<Style><LineStyle><color>ff0000ff</color></LineStyle><PolyStyle><fill>0</fill></PolyStyle></Style>
	<ExtendedData><SchemaData schemaUrl="#RIP_2026">
		<SimpleData name="CODICE_CAN">0098</SimpleData>
		<SimpleData name="NOME">GOZZOLINA E RIALE</SimpleData>
		<SimpleData name="NOME_TIPO">Vaso</SimpleData>
		<SimpleData name="NOME_COMPL">Vaso GOZZOLINA E RIALE</SimpleData>
		<SimpleData name="FUNZIONE">equamente ripartita</SimpleData>
		<SimpleData name="TRATTOGEST">tutto il suo corso</SimpleData>
		<SimpleData name="COMUNI">Castiglione delle Stiviere, Medole, Castel Goffredo, Ceresara, Piubega, Gazoldo degli Ippoliti</SimpleData>
		<SimpleData name="PROVINCIA">MN</SimpleData>
		<SimpleData name="CODICE_SIB">4333</SimpleData>
		<SimpleData name="CAN_ALIMEN">Fontanile</SimpleData>
		<SimpleData name="CAN_SFOCIO">Cavo Osone</SimpleData>
		<SimpleData name="REGIME_PAT">demanio statale</SimpleData>
		<SimpleData name="BACINO_IRR">GOZZOLINA</SimpleData>
		<SimpleData name="GERARCHIA">1</SimpleData>
		<SimpleData name="BACINO_SCO">Marchionale e Osone</SimpleData>
		<SimpleData name="NOTE">MN020</SimpleData>
		<SimpleData name="NORMATIVA">Allegato A</SimpleData>
	</SchemaData></ExtendedData>
      <MultiGeometry><LineString><coordinates>10.4576507828043,45.3825178691292 10.459548726505,45.3804305809648 10.4601603222043,45.3797605495937 10.4608800244653,45.3790789451097 10.4619252579454,45.3781282841828 10.4628297606733,45.3776073087786 10.4641416212172,45.3769079114986 10.4655101980457,45.3761670193288 10.4672512847014,45.3752990712008 10.4676792561465,45.3750796271098 10.4718402025274,45.3730496341147 10.4728100832587,45.3725481128884 10.4766556961419,45.3706340770071 10.478025548334,45.3699541457768 10.4809588776566,45.3685407849583 10.4813822752444,45.3683341169875 10.4864459667447,45.3658614097479 10.4866600131188,45.3657567448215 10.4861290107711,45.3645207265842 10.4855991197682,45.3630503697909 10.485338585623,45.3624832329706 10.4847589724999,45.3610440809413 10.4843949890833,45.3598364471311 10.4837041858206,45.3580115925909 10.483297708424,45.3568350692369 10.4827026978532,45.3553553534364 10.4828560770451,45.3545892673757 10.4830064522386,45.3542613010353 10.4831143784498,45.3536992535086 10.4831771379675,45.3532728926927 10.4832254209397,45.353114949894 10.4835083562008,45.352696879805 10.483664084201,45.3524519348966 10.4837580092541,45.3522034146217 10.483725067738,45.3520674231185 10.4838295401179,45.3519777953583 10.483946601172,45.3518773672201 10.4841775973574,45.3516791913314 10.4844382832249,45.3514555419162 10.4845695454969,45.3513322738463 10.4849535112155,45.3509390176274 10.4852264146132,45.3506558157403 10.4854779486127,45.3503788391435 10.4856268474617,45.3502148776999 10.4857785739669,45.3500478013955 10.4861585338518,45.3496255558463 10.4864415092207,45.3492895326661 10.4865043394393,45.3492149233912 10.4865276240603,45.3491872734426 10.4862669355496,45.3489171607183 10.4858927496159,45.348557644259 10.4856243451817,45.3483682254476 10.4853923459551,45.3480211480667 10.4851813562903,45.3477023755253 10.4843833702045,45.3464409752612 10.4839711702488,45.345789009958 10.4838864074362,45.3456472158215 10.4833355695861,45.3453114194154 10.4828605146381,45.3449674918629 10.4825190004923,45.3446932774236 10.4823190997178,45.3444100793742 10.4820158673182,45.3440496289054 10.4816301210238,45.3436330901482 10.4815252969863,45.3434986980199 10.481548194526,45.3434055189484 10.4817271448701,45.3432745920922 10.482037200922,45.343120530234 10.482577217032,45.3428491660107 10.4829767403931,45.3426296374828 10.4834267154095,45.3424023068455 10.4839959805419,45.3420876884641 10.4844763306329,45.3418599598257 10.4859374078274,45.3413622643011 10.4869314521717,45.3410206715381 10.4873626390964,45.3408507280698 10.4877032363127,45.3407033982777 10.4879208038495,45.3405005106705 10.4881231772702,45.340297820646 10.4882814728197,45.3401528628487 10.4884476484447,45.3399220644857 10.4885449903446,45.3397707563661 10.4887552326242,45.3396751344416 10.4891460819742,45.3395128554018 10.4894358419448,45.3393590371102 10.4897751133761,45.3391617046885 10.4903428099162,45.3387899159001 10.4909410693303,45.3384248705592 10.4920509201499,45.3376744686466 10.4920650410109,45.3375988576089 10.491988937049,45.3374472553233 10.4919183950952,45.3372786252332 10.4919035017313,45.3370762310448 10.4919096874499,45.336926109976 10.4919561926404,45.336768316797 10.4919729075262,45.3366081835872 10.4919265098759,45.3364434767944 10.4918685430436,45.33629587621 10.4918054588576,45.3361822526185 10.4918561916674,45.3360544266895 10.4919889922747,45.3358962243642 10.4920879394046,45.3357250115941 10.4919102593612,45.3355959302548 10.4917424828765,45.3353861825924 10.4916723907241,45.3352345015074 10.4916195422843,45.3350529237284 10.4915127365358,45.3348762894587 10.4914228169605,45.3347818840264 10.4911771895495,45.3346856872142 10.4908697931147,45.3345533229582 10.4907357099387,45.334462190386 10.4906163529546,45.3343835772459 10.4905773044313,45.3342696391898 10.4905151146261,45.3341899142583 10.490648734887,45.3340143794943 10.4907406327964,45.3338521055631 10.4908069426911,45.3336308227846 10.4907962646619,45.3334529328024 10.4907893437722,45.3332254336883 10.4906198227157,45.333141565078 10.4905208089327,45.3330326484949 10.4904084838315,45.3329946226018 10.4900218124212,45.3329282170932 10.4898664269741,45.332829248443 10.4898814505555,45.3327146046334 10.4899737932215,45.3325692814789 10.489959374347,45.33247890531 10.4898247356554,45.332366343777 10.4896835476449,45.3322721134241 10.4897026888269,45.3320853567471 10.4897752306123,45.3318724707553 10.4898600102963,45.3316679016936 10.4898676914595,45.3315024883612 10.4899677066238,45.3314206467034 10.4903902354913,45.3312625360449 10.4909127750731,45.3310225813839 10.4915672510405,45.3307724226147 10.4922038092023,45.3305267338976 10.4929529430891,45.3302202261013 10.493428072139,45.330006312369 10.494562092643,45.3294828200181 10.4948232900921,45.3293607145077 10.4946312690159,45.3291428106941 10.4943108701337,45.3288418101234 10.4940452073236,45.3285655260722 10.4939585449991,45.3284691671194 10.4940410847307,45.3284087443602 10.494552794392,45.3282155411545 10.4949931961716,45.3280529406646 10.4951955421936,45.3279782321833 10.4952783028844,45.3279262822856 10.4951187732149,45.3278012077891 10.4950203192068,45.3277134815729 10.4949500053791,45.3275533276568 10.4949338533439,45.3271678085274 10.4949410735265,45.3269854456501 10.4949801121091,45.3268704866636 10.494906789588,45.3265959250736 10.4948580514204,45.3263422345933 10.4947751687685,45.3261610511748 10.4947114218197,45.3260220050051 10.4947568015158,45.3259196803117 10.4952512464953,45.3257563713323 10.4965554757003,45.3253111667281 10.4972288859135,45.3250988770072 10.4974070798464,45.325020242453 10.4976121800791,45.3248225680221 10.4981996719928,45.3243146829325 10.4986692561937,45.3238931178742 10.4990109349378,45.3236343054128 10.4992715383213,45.323491003492 10.4993844334488,45.3234428946066 10.4992914282758,45.3233339065632 10.4990888512406,45.3231712527797 10.4990630366844,45.3231037711711 10.499459438324,45.3228696716273 10.4999431392377,45.3225284535999 10.5004157164452,45.3222212899136 10.5005736399498,45.3220581401831 10.5006838457289,45.3219083336796 10.5008141974872,45.3218388000453 10.5015886427569,45.3216905700515 10.5022880324051,45.3215542067925 10.5026222612887,45.3214692723898 10.5027770831559,45.3214163687377 10.5026033025912,45.3212067155668 10.50214859877,45.3205980717636 10.5018927108377,45.3202368995615 10.5018070561549,45.3201786831299 10.5017555355238,45.3200479575249 10.502465493334,45.3197368692128 10.5024416969082,45.3196996291556 10.5018991457881,45.3193115638895 10.5015689089421,45.3190923755772 10.5015701681493,45.3190440770313 10.5017309468537,45.3188935378077 10.5018502091952,45.318802557006 10.5019989788828,45.3186772110804 10.5020522668146,45.3185835215497 10.5020293507509,45.3184836809182 10.5025160895562,45.3182948765836 10.5030533598955,45.318100040188 10.5034174339561,45.3179699913393 10.5035023219867,45.3179206700097 10.5033902764845,45.3177093436295 10.5032180445617,45.3173307144815 10.5031170154236,45.3170566547772 10.5030064674576,45.3168059674186 10.5029343986013,45.3165726548977 10.5028413144535,45.3161196656185 10.5028067694908,45.3160593199122 10.5027231420458,45.3154846044596 10.5026625630233,45.315206435675 10.5026345142908,45.3150083091219 10.5025325884434,45.3144123756393 10.5025062428687,45.3142786041541 10.5024407583353,45.3141024286682 10.5021036845122,45.3135274706649 10.5018626911738,45.3131354385812 10.5016853885927,45.312862379659 10.5014910668409,45.3124993378877 10.5013035839898,45.3121318392426 10.5010570559243,45.3117611323912 10.5008026813546,45.3113416546667 10.5005775983098,45.3110076266928 10.5004583735087,45.3107580444064 10.5002910013432,45.3103940972641 10.5000572133705,45.3097207841296 10.4999163703097,45.3092563798719 10.499807925726,45.3089714622017 10.4996031514734,45.3083739787342 10.4996138829001,45.3082690463181 10.5000348613153,45.3081830907372 10.5003167622811,45.3081222297697 10.5012434368447,45.3079385799996 10.5014389858759,45.3078544880981 10.5013652183315,45.3076172944471 10.5012584237164,45.3071518985269 10.5011691500476,45.3068386958335 10.5010503719383,45.3064306165341 10.5009439603256,45.3059919585667 10.5009169093218,45.3054663797453 10.5008763399555,45.3049524806343 10.5008988037937,45.3047807082198 10.5008810335488,45.3046189908829 10.5008200134756,45.3043530495284 10.5007134814422,45.3038971756611 10.5005644551431,45.3033656472906 10.500470165161,45.3028619800428 10.500346951549,45.3022853378725 10.5004061735831,45.3021121994655 10.5002981746558,45.3019716021594 10.5001169692322,45.3017548715268 10.4999085261423,45.301528972108 10.4997690622873,45.3013593248417 10.4997121471757,45.3012486115418 10.4999402887204,45.3011979837216 10.5002894508363,45.3011420262732 10.5009335808946,45.3009978120939 10.5016286874255,45.3008672146848 10.5023335333137,45.3007221950571 10.5046656375733,45.3002842452106 10.5054017754809,45.300174519359 10.5053880181844,45.2999612360244 10.5053346764036,45.2994760861077 10.5052726980652,45.298919600715 10.5051686631527,45.298558962165 10.5047482625408,45.2969036183528 10.5045233748269,45.2960563363967 10.5044558542427,45.295800009432 10.5043220328244,45.2957160323898 10.504317543868,45.295470236622 10.504264469513,45.2949946086028 10.5042541393854,45.2946041566257 10.5042361117039,45.2944329157561 10.5042540266721,45.294089724844 10.5041257934742,45.2938341964668 10.5039238046179,45.2933414752285 10.5037358146685,45.2928676218025 10.5035473233292,45.2923747229762 10.5034033406774,45.2920336618806 10.5036523831765,45.2917541143758 10.5036603347921,45.2915444261202 10.5036382325489,45.2912951912807 10.5036295453031,45.2909666395523 10.5036232732732,45.2906532289209 10.5035852145053,45.2904384989377 10.5035407085159,45.2900827220911 10.5034494383614,45.2896933345368 10.503415909551,45.2894460854281 10.503400808081,45.2893977688902 10.5038163650131,45.2892788637543 10.5045263590105,45.289078984772 10.5052231089594,45.2888888031299 10.5057727120967,45.2887481882031 10.5067380119745,45.2885068243129 10.5071936765549,45.2883864954853 10.5078232061003,45.2882067105536 10.5095926288934,45.2877546486994 10.5106177435483,45.2874800719879 10.5113819052198,45.2872889599796 10.5114881350474,45.2867159613802 10.5115847458636,45.2857810810905 10.5116110430453,45.285247245474 10.5116065642583,45.284570919251 10.5115601851086,45.2839171283812 10.5114652390189,45.2833152834658 10.511397658835,45.2825617437853 10.5113017292652,45.2819985631892 10.5112508248442,45.2816062662006 10.5113132939435,45.2812910635722 10.5114430993105,45.2806534474425 10.511536355,45.2799734461252 10.5116225289071,45.2794078566911 10.5117499396174,45.2782872064696 10.511736451225,45.2782873841414 10.5118708578299,45.2775183103017 10.5119302828029,45.2770888281982 10.5119822486898,45.2767594741324 10.5120301709061,45.2766588102497 10.5122773063046,45.2765530589022 10.5134579259924,45.276299260423 10.5145850891032,45.2760652122796 10.5154429931472,45.2758537775554 10.5165696313321,45.275600662349 10.5174550024176,45.2754079011935 10.5178705840609,45.2753071147202 10.5184032329239,45.2750428193146 10.5191107072094,45.2747571431408 10.5199507600071,45.2743839602464 10.5206045232634,45.2741085160142 10.5215913900646,45.2736762070941 10.5219652155718,45.2735283296402 10.5222446278095,45.2733817078174 10.5225667862499,45.2733322331481 10.5228679557689,45.2732424802387 10.5229767394009,45.2731481454134 10.523203276508,45.2729164878536 10.523577716226,45.2725399582683 10.523842985936,45.2722434775415 10.5245778181968,45.2715334701374 10.5251092944756,45.2709762169362 10.5256020249196,45.2704837821637 10.5259176580582,45.2701794791137 10.5267110185952,45.2693900814623 10.5272951366181,45.2689107081701 10.5277407081835,45.2685475040656 10.5280269353655,45.2682793128676 10.5281849309024,45.2681343010609 10.5283639231673,45.2680175878525 10.5285979685362,45.267878702057 10.5288345747849,45.2676468983183 10.5292610497926,45.2673268127592 10.5293201999792,45.2672688617656 10.5296861755954,45.2669567293637 10.5291794455524,45.2665491067644 10.5285366339699,45.2659718235123 10.5278967114289,45.2655016728702 10.5275846642697,45.2651843238819 10.5271245089057,45.2646260251187 10.5269052189793,45.2643717379311 10.526816186468,45.2642586089513 10.527141614603,45.2640292098157 10.5291338313652,45.2621306505591 10.5266043571656,45.2590966236439 10.5263559451699,45.2587917298798 10.5262403000744,45.2586289408123 10.5259990896492,45.2583106403116 10.525852724406,45.2581339714289 10.5255036134811,45.2577528064214 10.5250874349561,45.2573225208188 10.5247536929359,45.256948293627 10.5243886634755,45.2565387577934 10.5240654261466,45.2561786773595 10.5232895027584,45.2553459218935 10.522851606498,45.2548587578686 10.5222784424859,45.2542304950363 10.5221011908714,45.2540327984959 10.521751175349,45.2536159084754 10.5216242967715,45.2534103953247 10.5213226555716,45.2531000344728 10.520988391376,45.2527043675875 10.5205091358803,45.252182019918 10.5202897339399,45.2519205764787 10.519763465267,45.2513416925791 10.5195125924955,45.2510377956683 10.5191697658096,45.2506993971341 10.5189517113585,45.2504879484668 10.518765135031,45.2503189497017 10.5185978298283,45.2501139707715 10.5185024480316,45.2499509041542 10.5183967643138,45.2497808299083 10.5182551216979,45.2495897991782 10.5183903944863,45.2493522173569 10.5186147630347,45.2490420024407 10.5187122556609,45.248904952451 10.5188803360381,45.2487598189287 10.5193301909004,45.2485609227823 10.5206484492908,45.2479289178948 10.5213172971158,45.2475984893605 10.5230299205267,45.2467754350776 10.5240785491568,45.2462755934665 10.5248270944591,45.2459012123696 10.5261128811483,45.2452094703579 10.5244913107271,45.2438113269454 10.5244909126941,45.2437789799876 10.5245130037052,45.2437531828786 10.5246027890027,45.2437031255845 10.5277455112151,45.2419534657562 10.5285895227848,45.2414804349992 10.5288081324136,45.2413613041923 10.5293803386148,45.2410455246701 10.5299574264812,45.2407261555161 10.5305676670795,45.2403887323603 10.5326357648075,45.2392623351737 10.5330395907323,45.2390578118749 10.5337452726543,45.2386721390353 10.5344348077559,45.2382887329027 10.5345557415626,45.2382295925284 10.5349812317409,45.2380357753584 10.5355427708718,45.2378198794315 10.5357928344415,45.237728482897 10.5359841542137,45.2376303931778 10.5363123669518,45.2374182187042 10.5372187155457,45.2368361505535 10.5378470938618,45.2364198008056 10.5382571247166,45.236161915105 10.538454496472,45.235970989748 10.5388196450964,45.2356374030031 10.5391509360776,45.2353323327496 10.5396111316027,45.2349640174803 10.5397295686851,45.2348820657195 10.5399240049942,45.2347385408735 10.5409382419693,45.2341866799444 10.5411461092927,45.2340562259601 10.5414853409079,45.2337922414149 10.5415528241757,45.2336768867803 10.5416303080357,45.2334399107922 10.5417533842459,45.2332610081905 10.5419628423491,45.2328978291941 10.5421329996954,45.2327061540462 10.5423005851023,45.2325467023046 10.5425001310318,45.2323717612937 10.5427358736351,45.23219749792 10.5428802030556,45.2321289357659 10.5433714047121,45.2319259827304 10.5434719966965,45.2319293181767 10.5435430159849,45.2319447911056 10.5440303557034,45.2319367350681 10.544434742548,45.2316413423014 10.5447194612335,45.2313208094219 10.5450641339337,45.2309803339757 10.5452913836645,45.2307843458688 10.545330846445,45.2307480872225 10.5450194808392,45.2304522094679 10.5449366830744,45.230381879683 10.5448704018206,45.23036134098 10.5450264532926,45.2302594407211 10.5451924597247,45.2301342723627 10.5459038995585,45.2296689096116 10.5466387607754,45.2292151405481 10.5472380269394,45.2288008892809 10.547689561596,45.2285356620293 10.5485566284686,45.2279696183309 10.5491213687801,45.2275521022554 10.5497331084034,45.227036413271 10.5503199619775,45.2266022009783 10.5508153525716,45.2262954985898 10.5512037582374,45.2260276598831 10.5515222822688,45.2258585203743 10.5518197900861,45.2257303212773 10.5520835430994,45.2256150276256 10.552331813088,45.2255365038156 10.5525168053352,45.2254513406108 10.5526671143192,45.225358886654 10.5532626761705,45.2251145976041 10.5538692976962,45.2248619652839 10.5539616518901,45.2246973726641 10.5539461864999,45.2246779797488 10.5538852112308,45.2244371601212 10.5536420980502,45.2242074895578 10.5535404472793,45.2240987920523 10.5532006700601,45.2237083307163 10.5526273807153,45.2230288778506 10.5522735052523,45.2225707474939 10.5521577291676,45.2224720424487 10.5518853031565,45.2222231631354 10.551649242164,45.2220167656777 10.5516621630776,45.221981907169 10.5518190190852,45.2219196762731 10.5518974033697,45.2218837091812 10.5519466867486,45.2218129195241 10.5519099958787,45.2217583779034 10.5517521170944,45.2216021884446 10.5515571592989,45.2213771367423 10.551292370876,45.2210949772117 10.5510294310429,45.2208022362686 10.5510440340458,45.2207507674842 10.5511762549465,45.2206698038042 10.5518929115065,45.2203072047745 10.552401070865,45.2200454530353 10.5527662011507,45.2198595338607 10.5530279883324,45.2197179958142 10.5533857315455,45.2195351910261 10.5543083404835,45.2190973929735 10.5550895769013,45.2187180611592 10.5557535828647,45.2183825440024 10.5555751217299,45.2181953501246 10.5556422796208,45.2181152675903 10.557221699482,45.2173736905562 10.5588627398978,45.2166048611255 10.5590474236744,45.2165706725996 10.5594089983548,45.2163924953414 10.5610844232513,45.2156135345494 10.5616992222327,45.2153167612242 10.5618221757045,45.2152879363335 10.5619898881367,45.215218538228 10.5620174755846,45.2151352233123 10.5620620281346,45.2150871132492 10.562790748441,45.2147610150863 10.5635251676872,45.2144285117632 10.5647795265541,45.2138291274144 10.5657257598803,45.2133743960495 10.5663172131047,45.2130451762199 10.5673025064926,45.2125693020231 10.5677962698795,45.2123556088796 10.5690808062255,45.2117918879535 10.5694788624019,45.2116127662974 10.57101314313,45.2108814226739 10.5717242211954,45.2105413155918 10.5754721674056,45.2087998313902 10.5797270471018,45.2068055714882 10.5813806795696,45.2060937011058 10.58283315925,45.2054235957019 10.5839954789218,45.2049004925953 10.5846676328367,45.2046051747689 10.5850864212459,45.2044563657472 10.5857085331076,45.2042129241705 10.5864297333183,45.203848206298 10.5868082626898,45.2036209268212 10.5871149709799,45.2034464313919 10.587329519359,45.2033674631998 10.5876202389865,45.2032805277278 10.5881232883734,45.2030669260458 10.5888691348808,45.2027683061768 10.589367836486,45.2025265002959 10.5900054595381,45.2022017481242 10.5910441642557,45.2016710780181 10.5918319001941,45.2012787021385 10.5924581238174,45.2009647087657 10.59294351548,45.2006985031423 10.5933721685705,45.200320342715 10.5937648204312,45.1999066118346 10.5941509501761,45.1995982185959 10.5946180890473,45.1991867888662 10.595163168146,45.1987290360757 10.5956523969821,45.1983009041747 10.5959967958659,45.1979570686376 10.5962906904545,45.1976346409684 10.5966960609061,45.1972489205256 10.597362680251,45.1966993114589</coordinates></LineString><LineString><coordinates>10.4860071402639,45.3927944307882 10.4859571843421,45.3929614715495 10.4859444301236,45.3931246392124 10.4857556722544,45.3931270951955 10.485462210012,45.3930643920803 10.4852982411293,45.3930302404422 10.485155574671,45.39282648908 10.4849774808856,45.3925808667088 10.484925075642,45.3922187121229 10.4849416266799,45.3918677550559 10.4849481730303,45.3914625032337 10.4849575947698,45.3908395128622 10.4849582534556,45.3905371410011 10.4849601667986,45.3904464068591 10.4851190594073,45.3902871122761 10.4850253429212,45.3899859676884 10.4848001122034,45.3892511288791 10.4846341218847,45.3888118365792 10.4841182351238,45.3873006762549 10.4841129844463,45.3872856762327</coordinates></LineString><LineString><coordinates>10.5222821882582,45.3973953376437 10.5220067174512,45.3968839754065 10.5217074317254,45.3964937403791 10.5214088313152,45.3961289295977 10.5210006102216,45.395714709757 10.5204996182602,45.3952063472921 10.5200447678808,45.3947355187995 10.5196655062941,45.3943908517432 10.5192338243284,45.39411046449 10.5187691281016,45.3939449667465 10.5183375435748,45.3938362528979 10.5180027284405,45.3938025527857 10.5178134477754,45.3938114263789 10.5175101243258,45.3939426258075 10.517119477496,45.3941830771873 10.5166127382614,45.3944695780106 10.5161628444763,45.3948570568115 10.5158853778961,45.3952803963548 10.5155633075459,45.395723401903 10.5153574163304,45.3959550373812 10.5150539057902,45.3960798741678 10.5147032444718,45.3961290339144 10.5139724771907,45.3961387227038 10.5135746678444,45.3961122023948 10.5126602379771,45.3960035063569 10.5123715402612,45.3960073292237 10.5121027528484,45.3960808308287 10.5118077463795,45.3961864707366 10.5112935674592,45.3963649528562 10.5109153277282,45.3963953911999 10.510552757643,45.3963366022819 10.5102053508531,45.396169518209 10.5097640031331,45.3958637897763 10.509139006792,45.3954396752629 10.5088181676657,45.3952531611044 10.5084797956862,45.3950859523812 10.5083254109992,45.3950498403453 10.5080537466346,45.3950152769323 10.5075914982172,45.3951103973082 10.5070193515418,45.3953150596508 10.506330254915,45.3955339780204 10.5057482331,45.3957069715043 10.5054882899685,45.3957739823714 10.5050923441595,45.3958173510377 10.5046066854014,45.3958809751234 10.5044267545338,45.3959024213142 10.5041870011653,45.3958801444935 10.5040118745377,45.3957425649047 10.5036063121392,45.3954236242491 10.5028094479466,45.3949826622504 10.5023524648813,45.3947661287307 10.5019502883122,45.3945743067432 10.5012183622719,45.3942304239702 10.5009829423857,45.3939201098368 10.5004891632475,45.3932692327276 10.5002336837204,45.392976398344 10.499985905058,45.392974364029 10.4997859511715,45.3930774821653 10.4994601033644,45.3932457224378 10.4991898617413,45.3935295921313 10.4988019254645,45.3939049203449 10.4983693776059,45.3942966992342 10.4981491395877,45.3944847067276 10.4980374125634,45.3945179066489 10.4978206231653,45.3945524845226 10.4976634507569,45.3945704125738 10.4968794795052,45.3943056564254 10.4962935441584,45.3940065660071 10.4960272623382,45.3938725376365 10.4955636370925,45.3936564662848 10.4951184017416,45.3938527026653 10.4948443682971,45.3939938063038 10.4946118767562,45.3940518097879 10.4945758863761,45.3940607888933 10.49435159195,45.3940954584045 10.4939760951403,45.3940897921724 10.493600598374,45.3940841247044 10.4933892215853,45.3940392864528 10.4931347613221,45.3939262525944 10.4930763731831,45.3939269719037 10.4913909040849,45.3939477135866 10.4906475887372,45.3938714685293 10.4902876564381,45.3937439383695 10.4899080948114,45.3935836048484 10.4895483396227,45.3934626815271 10.4886662413915,45.393103943439 10.4884001202657,45.3929751843568 10.4882106052816,45.3929049288226 10.4880879668797,45.3928800810328 10.4877417642664,45.3929176474675 10.4873298992807,45.3929560680743 10.486916820257,45.3929482235012 10.4863574784823,45.3929092238149 10.4862164277594,45.3928978366348 10.4860072885507,45.3927947754103 10.4860071402639,45.3927944307882 10.4856074725278,45.3918611607025 10.4858011622353,45.391733025241 10.4858894165943,45.3915203129486 10.4859472777997,45.3912220476252 10.4859882849943,45.3909967270399 10.485965896752,45.3906796723355 10.4856966969697,45.3900749269807 10.4856451198214,45.3898970904823 10.4856553898949,45.3895729983973 10.4855925273345,45.3893225840923 10.4855300116674,45.3890853873099 10.4852219083183,45.3886067623731 10.4850925266596,45.3883241554162 10.485018209957,45.3879945518081 10.4849157567048,45.3876653149014 10.4848726985603,45.3874543106524 10.4844317102523,45.3872749229986 10.4841973989192,45.3872845791412 10.4841129844463,45.3872856762327 10.4840402330411,45.3870155550213 10.4838318826109,45.3862248950315 10.4837232114674,45.3856577266879 10.4836687025714,45.3853675336657 10.4835987428428,45.3850246502819 10.4834193702476,45.3846236856156 10.4832307927987,45.3842294507937 10.4831384276238,45.3839265261472 10.4831047581893,45.3837153982674 10.4830436436786,45.3835310727807 10.4830216006677,45.3834057433222 10.483128844451,45.3826638746359 10.4832282448985,45.3821601179425 10.4832588402336,45.3818952651508 10.4832746576514,45.3817826660401 10.4831848905137,45.381578878237 10.4831626751915,45.3814469386053 10.4832165446288,45.3811751720129 10.4833145187966,45.3809755580939 10.4833956369099,45.3808488886314 10.483515479875,45.3807679956359 10.4836818663363,45.3806732748136 10.4838393938528,45.3805985033561 10.483959235653,45.3805176099062 10.4840497300503,45.380390817225 10.4840454053086,45.3802255886409 10.4840483811527,45.3799809289795 10.4840303522719,45.379650592774 10.4839739644621,45.3791091915063 10.4839182510152,45.3787727334383 10.4839194983586,45.3784619820687 10.4839544511173,45.3780053414517 10.4839836579863,45.3776876152081 10.4840232982046,45.3772309135978 10.4840370367342,45.3770390041748 10.4839299768575,45.3761743019682 10.4838918107679,45.3757913369738 10.4837292018516,45.3747752933853 10.4835958840421,45.3743406724098 10.4834365103579,45.3739857269007 10.4833563070945,45.3737884262437 10.4832290650302,45.373406617005 10.4831235391647,45.372958411389 10.4829895382656,45.3724973533185 10.4828954675204,45.3721283358649 10.4828328111352,45.371884527264 10.4826462514744,45.3710274660187 10.4825368887213,45.3707908751193 10.4822494182839,45.3701995790179 10.4821100271251,45.3698906517233 10.4815484858459,45.3686814365307 10.4813896606337,45.3683463143639 10.4813822752444,45.3683341169875</coordinates></LineString></MultiGeometry>
  </Placemark>
  <Placemark id="RIP_2026.2">
	<Style><LineStyle><color>ff0000ff</color></LineStyle><PolyStyle><fill>0</fill></PolyStyle></Style>
	<ExtendedData><SchemaData schemaUrl="#RIP_2026">
		<SimpleData name="CODICE_CAN">0096</SimpleData>
		<SimpleData name="NOME">OSONE VECCHIO</SimpleData>
		<SimpleData name="NOME_TIPO">Cavo</SimpleData>
		<SimpleData name="NOME_COMPL">Cavo OSONE VECCHIO</SimpleData>
		<SimpleData name="FUNZIONE">equamente ripartita</SimpleData>
		<SimpleData name="TRATTOGEST">tutto il suo corso</SimpleData>
		<SimpleData name="COMUNI">Castel Goffredo, Ceresara, Gazoldo degli Ippoliti, Rodigo, Castellucchio, Curtatone</SimpleData>
		<SimpleData name="PROVINCIA">MN</SimpleData>
		<SimpleData name="CODICE_SIB">4331</SimpleData>
		<SimpleData name="CAN_ALIMEN">Fontanile</SimpleData>
		<SimpleData name="CAN_SFOCIO">Fiume Mincio</SimpleData>
		<SimpleData name="REGIME_PAT">demanio statale</SimpleData>
		<SimpleData name="BACINO_IRR">OSONE</SimpleData>
		<SimpleData name="GERARCHIA">1</SimpleData>
		<SimpleData name="BACINO_SCO">Marchionale e Osone</SimpleData>
		<SimpleData name="NOTE">MN018</SimpleData>
		<SimpleData name="NORMATIVA">Allegato A</SimpleData>
	</SchemaData></ExtendedData>
      <MultiGeometry><LineString><coordinates>10.5198328191701,45.2826433194929 10.5216369120564,45.2822682451881 10.5218939682733,45.2822388168186 10.522251414156,45.2821755442797 10.523355304041,45.282011657232 10.5247377162736,45.2818303351029 10.5248657195202,45.2817961213896 10.5249256269976,45.2816262928622 10.5251027708367,45.281423523797 10.5255418741998,45.2812482994226 10.5260012871284,45.2810463339048 10.5260989936583,45.2810012123837 10.525958471102,45.280681303489 10.5256799282409,45.2801346002272 10.5254246909074,45.2795621799419 10.5253240548145,45.2793456300946 10.5250940655911,45.2788199757456 10.5250075177634,45.2786115467271 10.5249149924956,45.2784317772639 10.5248365939152,45.2782756352812 10.5247301988287,45.2780817600681 10.524608912071,45.2778356884697 10.5244587359013,45.277518552003 10.5243793184486,45.2773243171756 10.5244194471712,45.277059419586 10.5245932234115,45.2764950332356 10.5247094920141,45.2760504955146 10.5248334727544,45.2756420560578 10.524901146291,45.2753982248109 10.5250386833475,45.275243964434 10.5257816094488,45.2747720055063 10.5266835605248,45.2741931244907 10.5276484721096,45.2735729069641 10.5286301577644,45.2729500748582 10.5294461778871,45.2724390081181 10.5297976948371,45.2722151896889 10.5299106699581,45.2721517546175 10.5303947979785,45.271842324539 10.5315829042156,45.271121436106 10.5329175354651,45.2703318822862 10.5336544859556,45.2698932953755 10.5346740783479,45.2693051508296 10.5350434311705,45.2690689682231 10.5353397174622,45.2687003335183 10.5356692886575,45.2681209124188 10.5360319019746,45.2674250650752 10.5361736116916,45.2673120924077 10.537385818568,45.2662760318391 10.5376736254503,45.2658264167964 10.5381241577444,45.2650890801504 10.5383772041317,45.2646669608962 10.5384921331339,45.2644904583525 10.5386699760391,45.2643619045188 10.5389058866785,45.2642470239634 10.5394583224127,45.264088212635 10.5400386874379,45.2639329535044 10.5405306437335,45.263802473519 10.5408269649476,45.2636431790156 10.5410155078821,45.2635128591885 10.5411879565881,45.2633021594134 10.5414005637629,45.2629297235573 10.5413296483545,45.2626516806453 10.5412169979684,45.262298306588 10.5411471762248,45.2620990520842 10.5407111566767,45.2609856524138 10.5406527420881,45.260731644814 10.5407117261566,45.2605306520299 10.5410260935034,45.2602443169319 10.541569587856,45.259854790754 10.5420630333036,45.2595205367157 10.5424558998192,45.2592786366864 10.5430602916388,45.2589974793219 10.5435462685291,45.2588635167456 10.5437887617047,45.2587783416081 10.5439698176573,45.2588031943974 10.5443207768685,45.2589167484614 10.5447098831098,45.2590115860844 10.5449553386024,45.2590355661015 10.5452634639207,45.2589949999024 10.5455064486441,45.2589280137824 10.5457229341836,45.2588340868839 10.5459114351214,45.2586586388107 10.5460357840406,45.2584931586855 10.5462079449318,45.2581905334089 10.5464316217254,45.25788721109 10.5464663057793,45.2577411440902 10.5466674427581,45.2575129842891 10.5474360860718,45.2566513311999 10.5476595484375,45.2563998627066 10.54776671885,45.256235834074 10.5478567406266,45.256072185421 10.5480042746922,45.2557860192089 10.5482536167824,45.2553440283794 10.548308620854,45.2551649862158 10.5483198632311,45.2550313678264 10.5483502120274,45.2548124545305 10.5483167327144,45.2539281066589 10.5483047399822,45.2536575890751 10.5482693586603,45.2535047949277 10.5482141443669,45.2532918143628 10.54819483687,45.2531144152422 10.5481840986562,45.2528721616736 10.5482039001057,45.2525443627527 10.5483890421251,45.2514288554099 10.5484027782188,45.2512224354581 10.5484029463424,45.2510971450555 10.5484034715689,45.2509799296026 10.5483900601755,45.2508064408839 10.548291447314,45.2506469598839 10.5480995905435,45.2504491253584 10.5472962783609,45.2496222010069 10.5470745992182,45.2493967325876 10.546978675551,45.2492978142599 10.5469065086931,45.2492185781731 10.5468041548649,45.2491036349205 10.5467521700268,45.2489633306268 10.5467773431184,45.2487566577474 10.5468493025316,45.2483145445376 10.5469798306598,45.2476448129143 10.5470328666257,45.2474213580073 10.5470510722685,45.2471865478217 10.547084633665,45.2469109838483 10.5470810501861,45.2467009062873 10.5470515708353,45.2465520211176 10.5469025964063,45.2462885716782 10.5467593452394,45.2461543249246 10.5464937405474,45.2458409127007 10.5457937509604,45.2450197781126 10.5452693522629,45.2444170470583 10.5451548643623,45.2442862049574 10.5450866364757,45.2441664667289 10.5450403759039,45.2440260345789 10.5450103650755,45.2437357081301 10.5451955694848,45.2435255035524 10.5452823655481,45.24341850748 10.5454147056777,45.2433064652779 10.5455432940644,45.2432389621364 10.5458379809616,45.2431758751094 10.5460946267534,45.2431580833948 10.5463918148064,45.2431515197057 10.5467897359669,45.243223561541 10.5472742802442,45.2433138941232 10.547645775551,45.2434350138218 10.5477908017176,45.2434803072033 10.5479645825261,45.2435290065513 10.5481029989845,45.2435542382371 10.5483857560664,45.2435294820112 10.5486303963039,45.2434496267763 10.548753624271,45.2433903211315 10.5490022158917,45.2431908329114 10.5492254414933,45.2429353240975 10.5492936526262,45.2427964055167 10.549383100609,45.2424913133706 10.5494107427817,45.2420825102117 10.5494464396822,45.2418553951753 10.5494753609198,45.2417335112716 10.5496260599711,45.2413906911771 10.5498885503095,45.2409888173091 10.5499521168842,45.2408742493648 10.5500174718911,45.2408000570469 10.5500933647051,45.2407054240008 10.5501939055887,45.2406506599899 10.5510669958463,45.240344397311 10.5516404168743,45.2401175066857 10.551722557073,45.2400348578561 10.5517414753771,45.2399455266292 10.5516373196722,45.2396608838153 10.5512123743423,45.2389791894992 10.5510571483138,45.2387037598775 10.5508272607077,45.2382925705899 10.5507886748746,45.2381964276536 10.5508000890991,45.2380668471206 10.5509097262547,45.23795934202 10.5511382938323,45.2378249556675 10.5512897227294,45.237756940378 10.5515373977598,45.2376890880078 10.5521944962257,45.2372251676237 10.5525667669017,45.2369907923149 10.5529522052364,45.2367671565102 10.5533768561692,45.236470186616 10.5535988842895,45.2362997294353 10.5538026929166,45.2362168791363 10.5541508935117,45.2361393428558 10.5544891907837,45.2360765012822 10.5546694202448,45.2358847714102 10.5549888747288,45.2355091478781 10.5552178169096,45.2352148351811 10.5553582347405,45.2350746052545 10.5556824332127,45.2346843559582 10.5559224620893,45.2344190108652 10.5561018856903,45.2341981695514 10.5563433026164,45.2339837634745 10.5565350104189,45.2338355534016 10.5567693063261,45.2337377221188 10.5571382841032,45.233667174795 10.5575177598386,45.2336037617601 10.5579505213333,45.2336051411393 10.5582590961768,45.233586372257 10.5586383698204,45.2335156795754 10.5590065488656,45.2334160161 10.5594105726403,45.2333085832371 10.5595933662617,45.2332114494941 10.5599108419047,45.2331415957267 10.5601420214783,45.2330191204471 10.5601647306493,45.2330070901058 10.5604390163838,45.232865025598 10.5607859903562,45.2327438065181 10.5612042587425,45.2325924933109 10.5616809275782,45.2323166216107 10.562219382969,45.2320399025926 10.5624928610739,45.2318687249559 10.5627520860546,45.2317414201084 10.5629221751102,45.2315570954232 10.5630173772356,45.231271876966 10.5632049826972,45.2305995576532 10.5633228914509,45.2300155516893 10.5633970938742,45.2297160602865 10.5635053424781,45.229343303214 10.563614828991,45.2292034865189 10.5637762066433,45.229077519138 10.5640308666839,45.2289721134919 10.5643467157631,45.2288440302453 10.5646629628226,45.228730500735 10.5649186183235,45.2286614791784 10.5653307446305,45.2286631133731 10.5656923792579,45.2287018363453 10.5664255492739,45.2287645847635 10.5670652368301,45.2287994913238 10.5677291879662,45.2288295090656 10.5683414861899,45.2288609876487 10.5688948050082,45.2288002131319 10.5696815515022,45.2286764036241 10.5701212989288,45.228590593664 10.570381470415,45.2284740161957 10.5705911474086,45.2282318359102 10.5714551751341,45.227329232794 10.572250855708,45.2265073308116 10.5731789993356,45.2255440078482 10.5740563153589,45.2246146135435 10.5743444132233,45.2243181682147 10.5758232460802,45.223373821809 10.576432025243,45.2229400032022 10.5769032588419,45.2226343769236 10.5769879823815,45.2224670283756 10.5770394297282,45.2222868439964 10.5769559423038,45.221988873976 10.5768560664727,45.221438537267 10.5767473437365,45.2209082647293 10.5766741798482,45.2206433875845 10.5763038844616,45.2189867047561 10.5762371869887,45.2186153831531 10.5761735370616,45.21818419477 10.5762340184462,45.2179905923565 10.5764010360911,45.2179085216617 10.5770058666869,45.2176741693354 10.5780770632293,45.2173004183521 10.5788039045597,45.2170577161721 10.579172016451,45.2171058018249 10.5797108209828,45.2172047009953 10.5815885374729,45.2175974722263 10.5823358341343,45.217753294686 10.5829568693079,45.2181036311437 10.5844053383066,45.2189543150849 10.5847271987448,45.2190296126111 10.5850197476699,45.2190654336189 10.5853570871029,45.2190208661092 10.5857580149559,45.2188956477228 10.5862253061515,45.2187894481822 10.5878173008546,45.2183751304648 10.588798499017,45.2181487685936 10.5893865091885,45.2179876975231 10.5910713556264,45.2175321593491 10.5912383486738,45.2174500654731 10.5914029286296,45.2172815913818 10.5916448826463,45.2168527986096 10.5918411270109,45.2164711736457 10.5920463984154,45.2160761279854 10.5929952243236,45.2141883872846 10.5930844016616,45.2140143158225 10.5937663865949,45.2126753608116 10.5939718172785,45.212286956007 10.5940549879833,45.21206643825 10.5939533714439,45.2117953222099 10.5935813114073,45.2112687433433 10.5930707921375,45.2104981493699 10.5927523037489,45.2100372908796 10.5925329727215,45.2097298665634 10.5925260619886,45.2096702776672 10.5925248611062,45.2095930744751 10.5925350259817,45.2095470728257 10.5925625050481,45.2094890275128 10.5926307738303,45.2094054600933 10.5927157728574,45.2093402055411 10.5928040091978,45.2092883939658 10.5934454948936,45.2088909835355 10.5937496329064,45.2087127410294 10.5939549125809,45.2085817376648 10.5940401913827,45.2085265943628 10.5941465571807,45.2084408081414 10.5942470686996,45.2083503826877 10.594567938222,45.2079517094628 10.5946904551971,45.207761163597 10.5947616457943,45.2076799145077 10.5952343764144,45.2072875483871 10.5955144436405,45.2070678239811 10.5961881130252,45.2066288092379 10.5969029683547,45.2061619008669 10.5970829549619,45.2060481058117 10.5972868108487,45.2059009304598 10.59732640205,45.2058497958378 10.5973459579304,45.2057645465551 10.5973351005272,45.205717489715 10.5973069883517,45.2056504419403 10.5971619680289,45.205496681738 10.5967250097493,45.2050185662728 10.5964024317604,45.2046730576846 10.5957464927788,45.2039598318603 10.5954751490687,45.2036711482978 10.5952677201065,45.2034297920383 10.5952254639836,45.2033514763523 10.5952070856265,45.2032741758854 10.5952062678093,45.2032107927079 10.5952517654295,45.2030638099494 10.5952712557218,45.2030102592031 10.5953232623695,45.202959626203 10.5955527005306,45.2027723062113 10.5965682710716,45.2019737706986 10.5971168613317,45.2015331269073 10.597377709043,45.201309620082 10.5975035064485,45.2011689315017 10.5975839098038,45.2010423661376 10.5976391051216,45.200901316387 10.5976632023891,45.2006716794951 10.5975891120782,45.1995867981995 10.5975439836985,45.1989825353147 10.597472850267,45.1979532163279 10.5974112559842,45.1970965905486 10.597362680251,45.1966993114589 10.5972413758963,45.1943869118321 10.5971947511902,45.194211148129 10.5971869975083,45.1940454599114 10.5971691413273,45.1939083266747 10.5971044210768,45.193748016206 10.59641507687,45.192955016924 10.5953802687773,45.1916426231311 10.5952665664168,45.1914625868715 10.5952004554322,45.1913063351243 10.5951561064537,45.1910449957238 10.5951717409406,45.1908090142163 10.5952678213045,45.1905352345355 10.5954117345648,45.1902939679006 10.5956469425266,45.1900496789125 10.5958698733114,45.1898963734876 10.5961038492226,45.1897848266744 10.596499883556,45.1896395784992 10.5971512762164,45.1894891880509 10.5979922973171,45.1893112379707 10.5988797363181,45.1891126903646 10.5999910024113,45.1888511738183 10.6013313470184,45.1885465503845 10.6020969841766,45.1883629803974 10.602378787198,45.1882880361789 10.6025463000848,45.1882289274447 10.6026919957605,45.1881404360002 10.6028074542556,45.1880305388957 10.6028999836253,45.187895640842 10.6030513310786,45.1875686867849 10.6032245515295,45.1872292006325 10.6037031496689,45.186313031133 10.6041552536012,45.1853428349052 10.6046434310698,45.1843189516155 10.6049180602067,45.183723489641 10.6049936204883,45.1835683533333 10.6051146554097,45.1833937587955 10.6052197352356,45.1832665411076 10.6055865005881,45.1829610043216 10.6062962191011,45.1823816972803 10.6067283433202,45.1820298310051 10.6068679256976,45.1819003798592 10.606984653224,45.1817485470539 10.6070575385001,45.1816182879476 10.6071174217348,45.181385967634 10.6070992671568,45.1811706232494 10.6070588542304,45.180990440058 10.6069640126192,45.1806913947396 10.6069102840044,45.1805096524869 10.6068320127437,45.1801248004137 10.6067779823295,45.1799743519317 10.6066830329597,45.1797591348781 10.6066031267399,45.1796397578804 10.6057197062563,45.1785187733244 10.60558875074,45.178329819796 10.6048925836891,45.1774668463251 10.6046767435194,45.1771461449956 10.6043831497878,45.1767314971198 10.6042543020211,45.1764940081734 10.6042015434809,45.1762886860203 10.6042333315222,45.1760821759974 10.6042938620122,45.1758952035077 10.6047694940387,45.1752636798687 10.6052238735321,45.1747122203352 10.605568508518,45.1742686577812 10.6058039638053,45.1739529266769 10.6064064025372,45.1731534327618 10.6068962658109,45.1725283474858 10.6069581549634,45.1723262720541 10.6071587649035,45.1721723500962 10.6075187696707,45.1717750947659 10.6078131846341,45.171551591277 10.6080068891631,45.171422565551 10.6083426163704,45.17133142277 10.6089221941526,45.1712235476933 10.6093341885509,45.1711712091944 10.6099603546379,45.1710493785189 10.6103997765971,45.1709700611969 10.6114328562909,45.1707826557073 10.6117965654176,45.170684460107 10.6121296557384,45.1705002822982 10.6123864730536,45.1702772969005 10.6125675791376,45.1700354387989 10.6126641472091,45.1697947753291 10.6126712993902,45.169382546146 10.6126442554585,45.1690904510823 10.6125657614828,45.1681410069969 10.6125610816408,45.1676425314111 10.6125990373228,45.1673229290969 10.6126418735983,45.1671760864428 10.6127598484487,45.1670281815879 10.6131088895083,45.1665778893231 10.6133895448275,45.1662016811222 10.6135982503637,45.1659394907136 10.613806765112,45.165670656668 10.6138582373125,45.1654971022946 10.6138240521371,45.1652848757573 10.6137806628541,45.1650794261315 10.6135565839597,45.1639658667934 10.6134463324996,45.1633891197393 10.6134196648011,45.1631103147465 10.6131398239001,45.1616851251553 10.6130819811691,45.1613004055166 10.6129948448702,45.1607100366247 10.6131000376126,45.1604426631962 10.6133419724998,45.1600271188761 10.6136019370765,45.1595847300301 10.6137632851604,45.1593099145889 10.6146712008391,45.1577701887957 10.6151623337854,45.1569396595704 10.6152919124464,45.1567557717671 10.6154106650528,45.1566223186375 10.6156054500246,45.1565779496406 10.6159666050461,45.1565242900268 10.6166311080438,45.156452463076 10.6173442059176,45.1563660732153 10.6184290360763,45.1562536030164 10.619133762277,45.1561614587295 10.6201603388633,45.1560688709107 10.6208567215279,45.1559983016123 10.6213084006273,45.1559398716508 10.6217715892433,45.155855269628 10.622076051407,45.155790258919 10.6223302935581,45.1556826151001 10.6225948122647,45.1555054702133 10.6236007161008,45.1549016571529 10.6245037314799,45.1543426467396 10.6252502294832,45.1538812184132 10.6259249607873,45.1534814930023 10.6272430385258,45.1526564697108 10.6275685151709,45.1524697749025 10.6278952247885,45.1523264083675 10.6279924561755,45.1522990134536 10.6282344242357,45.1521915314227 10.6284291355389,45.1521454078258 10.6286983122395,45.1521328989685 10.6293476272151,45.1521323027863 10.6298864752237,45.1521246112182 10.6305970220817,45.1521231329385 10.6309276787417,45.1521184103474 10.6312373052241,45.1522353562751 10.632190191932,45.1525685076508 10.6333540080018,45.1529939960689 10.6336246743865,45.1530334697014 10.6345436747689,45.1530376537385 10.6354511714766,45.1530680037579 10.6364507665998,45.1531056952513 10.6373090297891,45.1531280665792 10.6376139564132,45.1530803458956 10.6381245903082,45.1529429806408 10.6389146583573,45.1527235784397 10.6396562309201,45.152522205359 10.6423111811117,45.1517558224645 10.6427975489038,45.1516274548391 10.6431129635981,45.1515188844769 10.6432344295808,45.1514824582779 10.6435848370256,45.151312698024 10.6439477384542,45.1511514254405 10.645352834046,45.1505493085824 10.6457502199028,45.1505431789719 10.6460311863409,45.1506619971356 10.6464499374825,45.1508274392732 10.6469982520724,45.1509338502145 10.6475342118463,45.1509618420306 10.6477657338255,45.1509370653098 10.6480893999449,45.1506565504617</coordinates></LineString><LineString><coordinates>10.6762718437805,45.1518368132198 10.6763822053675,45.1519663295798 10.6764726281133,45.1520724462433 10.6767185702143,45.1521035120576 10.6773663921766,45.1521356071998 10.6782301579224,45.152178396456 10.6789567658187,45.1522231961342 10.6798829901214,45.152223441358 10.6802758899553,45.1522523363341 10.6805938800002,45.1524002341681 10.6809424870389,45.1525892943293 10.6812525203044,45.1527997270518 10.6813949045611,45.1528580623821 10.6815303072291,45.1529135378951 10.6825051208198,45.1530656250511 10.6831407117019,45.15318109376 10.6835085168239,45.1533559914316 10.6835932273623,45.1535697407589 10.6836440569573,45.1537978603427 10.6836399798042,45.1539921123107 10.6834848648148,45.1543827840797 10.6832828103772,45.1551764019779 10.6831593292048,45.1556428962333 10.6829984932486,45.1561723595995 10.6828021404559,45.1568271843641 10.6824312629933,45.1582127994753 10.6820003528978,45.1597241364957 10.6818560313773,45.1601493229925 10.681588003301,45.1605347191638 10.681110120176,45.1609509479053 10.6806804062521,45.1613387223811 10.6805399547796,45.1615627236315 10.6805775100988,45.1618395875654 10.6808641118432,45.1622514933091 10.6810894803951,45.1624146246165 10.6814222297356,45.1623958533183 10.6817057810447,45.1623708707911 10.6821791832679,45.1624679269331 10.6826740220317,45.1626270846869 10.6830090190551,45.1626845649271 10.6835193726666,45.1627047815377 10.6841166892638,45.1626821011038 10.6844584198272,45.1626354470838 10.6861066218541,45.1621811195595 10.6862338001636,45.1621723055951 10.6863781199377,45.1620800132183 10.6867678138718,45.1619979666591 10.6870887124343,45.1619099995101 10.6872244587992,45.1618594457394 10.6874263392087,45.1617246884313 10.6876596614381,45.1616588204278 10.6880311890412,45.1616255859656 10.6881512115596,45.1615405863528 10.6884139288923,45.161474282185 10.6886962416968,45.1614076875942 10.6890206182035,45.1614375658735 10.6895509705798,45.1614713312699 10.6899082294569,45.1616186218474 10.6901820230014,45.1619266630828 10.6904112888063,45.162055041101 10.6907258715974,45.1620850595272 10.6910237302778,45.1622124205757 10.6912354543619,45.1624104120278 10.6914398464781,45.162691735888 10.691590756577,45.1629877224407 10.691821672991,45.1631715568389 10.6921699723377,45.1633467153485 10.6923677975253,45.1634062018871 10.6926119468917,45.1633748404847 10.6929063238372,45.1633843468374 10.6931035679474,45.1634292156781</coordinates></LineString></MultiGeometry>
  </Placemark>
  <Placemark id="RIP_2026.3">
	<Style><LineStyle><color>ff0000ff</color></LineStyle><PolyStyle><fill>0</fill></PolyStyle></Style>
	<ExtendedData><SchemaData schemaUrl="#RIP_2026">
		<SimpleData name="CODICE_CAN">0099</SimpleData>
		<SimpleData name="NOME">GOLDONE</SimpleData>
		<SimpleData name="NOME_TIPO">Canale</SimpleData>
		<SimpleData name="NOME_COMPL">Canale GOLDONE</SimpleData>
		<SimpleData name="FUNZIONE">equamente ripartita</SimpleData>
		<SimpleData name="TRATTOGEST">tutto il suo corso</SimpleData>
		<SimpleData name="COMUNI">Goito, Rodigo</SimpleData>
		<SimpleData name="PROVINCIA">MN</SimpleData>
		<SimpleData name="CODICE_SIB">4334</SimpleData>
		<SimpleData name="CAN_ALIMEN">Scolo Caldone</SimpleData>
		<SimpleData name="CAN_SFOCIO">Fiume Mincio</SimpleData>
		<SimpleData name="REGIME_PAT">demanio statale</SimpleData>
		<SimpleData name="BACINO_IRR">CALDONE-GOLDONE</SimpleData>
		<SimpleData name="GERARCHIA">1</SimpleData>
		<SimpleData name="BACINO_SCO">Vaso Birbesi - Scolo Goldone</SimpleData>
		<SimpleData name="NOTE">MN021</SimpleData>
		<SimpleData name="NORMATIVA">Allegato A</SimpleData>
	</SchemaData></ExtendedData>
      <MultiGeometry><LineString><coordinates>10.6437598443541,45.2797224981288 10.6436044639291,45.2795637454266 10.6438180157965,45.2794290826432 10.6434533328973,45.2791711601826 10.6426587103207,45.2785465940624 10.6429033115244,45.2784114862876 10.6429017282507,45.2783566808275 10.6428528271549,45.2777517875169 10.6426486706473,45.2777137641744 10.6420547445988,45.2775721182815 10.6416961397614,45.2775431418613 10.6413773772963,45.2775545539042 10.6413535166332,45.2773978771086 10.6412685115882,45.2770695110835 10.6411176290684,45.2765278502567 10.64099002343,45.2761338945686 10.6408943951663,45.2758957167792 10.6405511164332,45.2754286996334 10.6392373047407,45.2737553766524 10.6388458282944,45.2732558017119 10.6383058635493,45.272413050271 10.6382348391409,45.2723621485015 10.6379860241796,45.2723032069566 10.6383097242549,45.2710066332683 10.6383280765239,45.2707839439979 10.6382695027778,45.2705064481543 10.6380647228053,45.2699695814988 10.637842382446,45.2695585034504 10.6373147008055,45.268911909329 10.6367593767974,45.2682861559217 10.6366897997702,45.2681422717931 10.636454485279,45.2676304031015 10.6361652636132,45.2669419581328 10.635881996472,45.2663826962822 10.6357723392758,45.2660675716702 10.6357369052082,45.2659657444362 10.6357726463181,45.2658719756212 10.6358814457295,45.2658735197641 10.635997634526,45.2659112638215 10.6361117789292,45.2659046036772 10.6363282636825,45.2658834687449 10.6364554681968,45.2657876004153 10.6364904182542,45.2655524105858 10.6364108538681,45.2653158059198 10.6363947189987,45.2650149483747 10.6363044334355,45.2642473363668 10.636331250834,45.2639597976088 10.6364951915497,45.2627964476592 10.6367037918891,45.2616465211219 10.6369453408618,45.2602981381013 10.6372011181656,45.2587428585817 10.6373762063153,45.2575749753912 10.637481638628,45.2570067881353 10.6374773634296,45.2569139381668 10.6367511600054,45.2555566124928 10.6361055640717,45.2542095544017 10.6358151641425,45.2536181246862 10.6357251820007,45.253495455169 10.6359293807675,45.2533649480404 10.6362309564749,45.25326974092 10.6365487991281,45.2532310492475 10.6381331880936,45.2531405660773 10.6383772691521,45.2530985887608 10.6386101056448,45.2530609076037 10.6388532548375,45.252998744955 10.6392127046529,45.25285308181 10.6394967377734,45.2526849055485 10.6397689676611,45.2525089164019 10.6400736258606,45.2522917719918 10.6402988272834,45.2520885738373 10.6404967557133,45.2519142921015 10.640606032785,45.2518026690209 10.6406880368228,45.2517199582502 10.6407353779131,45.2516299645633 10.640672270893,45.2515020968924 10.6404544331549,45.2512444291596 10.6402469106534,45.2509622762131 10.640068947966,45.2508249267205 10.6398696688549,45.2506413207356 10.6397401126186,45.2505172738336 10.6395825200927,45.2501699721597 10.6393705146874,45.2496973243508 10.6390636606769,45.2491592304521 10.6389199712447,45.2487024067734 10.6388464681306,45.2483082487442 10.6386792036553,45.2477880898488 10.6383849329049,45.2468503880861 10.6383792970407,45.2463301049727 10.6383730743776,45.2454651164901 10.6383895556941,45.2447952131194 10.6383950114465,45.2447147199139 10.6384242885476,45.2446519988358 10.6391791091548,45.2435945712481 10.6398474743662,45.24266679739 10.64026216526,45.2421076585682 10.6406912627515,45.2415029591799 10.6411661160571,45.2408421292925 10.6416304692645,45.2401898762296 10.6418889472354,45.2397209390734 10.6424914795611,45.2387312644554 10.6428377978159,45.2381649832303 10.643115358301,45.2377421723937 10.643258905649,45.2375461883603 10.643355899826,45.2373769670309 10.6433651611118,45.2370817458452 10.6433213316339,45.2363795847797 10.6433161295354,45.2358947599187 10.643386689998,45.2354405202776 10.6434472519515,45.2348935623685 10.6434960147268,45.2343387943106 10.6435518520711,45.2339374292245 10.6436716531957,45.2335588381982 10.6439544606373,45.2333664302783 10.644258875986,45.233189851281 10.6461788372513,45.2324537350802 10.6466588243346,45.2322332004572 10.6469568146407,45.2321023244965 10.6472088020099,45.2319970811399 10.6472530376067,45.2319729875547 10.6472891965364,45.2319336089787 10.6473356779657,45.2317046468994 10.6474063041205,45.2314360403592 10.6475060866417,45.2310654442561 10.6476044397954,45.2306600778972 10.6475938331216,45.2305781457953 10.6475439649691,45.2304653433394 10.6473895847802,45.2300267893148 10.6472388944778,45.2295488441458 10.6472080145,45.2294210471506 10.6470918585924,45.2290669372081 10.6468982207426,45.2284298070351 10.6468081430482,45.2281038465359 10.6467906831962,45.2278752453513 10.6468439029134,45.2277008264329 10.6469024474098,45.2272340425199 10.6470163797076,45.2263929594532 10.6471228664176,45.225697566314 10.6471577396703,45.2256214650061 10.6472445342035,45.2255094352749 10.6473952627365,45.2253373517641 10.6475679217433,45.2251911490206 10.6479576761663,45.2249111031309 10.648382065392,45.2246193818157 10.6488569852609,45.2243394414411 10.6495035420817,45.223981920264 10.6500164845757,45.2236809444062 10.6506809603526,45.2232593695528 10.6511259735844,45.2229782092242 10.6515023733722,45.2226986129839 10.6519604624676,45.2223281651222 10.6524578156959,45.2218152504525 10.6528887719876,45.221352388581 10.6532655065988,45.2209554781414 10.6536094140148,45.2205916771566 10.6538439707348,45.22033958374 10.654339994484,45.2197983789148 10.6556895104721,45.2181495998812 10.6561325143807,45.2177347678789 10.6565673715115,45.2173246026358 10.6571184965473,45.2168630198821 10.6576819484089,45.2162959852693 10.6583185916998,45.2157030034932 10.6591746220975,45.214902754883 10.6594609467314,45.2146575532927 10.6596036455103,45.2145248515037 10.659656919009,45.2144386896908 10.6596716315924,45.2142603807717 10.659646746158,45.2134681686185 10.6596356190143,45.2123520547668 10.6596288574392,45.2109567506707 10.659609347689,45.2102817150092 10.6596795808006,45.2101911208658 10.6609684090747,45.2092231933752 10.6619206877838,45.2085365305399 10.6627766886433,45.2078925657211 10.662778340746,45.207891402957 10.6647998541192,45.2065587725779 10.6651430842891,45.2063082033507 10.6653908189221,45.2060962314919 10.6656143905322,45.2058565004025 10.6658175105362,45.2056698185572 10.6660026975793,45.2054526412583 10.6661515633669,45.2052593105748 10.6663719334492,45.2051595765378 10.6665774638148,45.2050254204255 10.6667232810699,45.2049613995073 10.666964217785,45.204850699877 10.6675613748615,45.2049246798787 10.6680261134866,45.2049656793995 10.6686298801205,45.2049903975802 10.6692419935191,45.2049884591544 10.6697196723911,45.2049248941637 10.6699510334112,45.2048548553708 10.6702644520254,45.2048274230761 10.6704866105963,45.2048061337875 10.6706623005865,45.2047697342471 10.6708018390776,45.2046937171024 10.670965726269,45.2046494999624 10.6712251527789,45.2046920677573 10.6714617196641,45.2047351631382 10.6717045603953,45.2047902463539 10.671938891146,45.2047848547268 10.6720120745627,45.2047589007844 10.672045384323,45.2046125200658 10.6719965721561,45.2042981473687 10.6720080819764,45.204051148846 10.6719775872816,45.2038860122857 10.6720461369478,45.203616515534 10.6721174715509,45.2034867412414 10.6722617784719,45.2032242113758 10.67228663329,45.2031427417918 10.6723381685128,45.2029510807241 10.6724397159174,45.2028641712693 10.6726342800621,45.2027204178587 10.6727640114106,45.2025341864955 10.6728645845878,45.2023415544488 10.6729567050493,45.2021900089678 10.6730789838379,45.2020789843134 10.6732412734479,45.2020151619433 10.6734717295216,45.2019708216877 10.6735956091086,45.2019143885974 10.673744503262,45.2017541590701 10.6738460126611,45.201598118436 10.6740288385455,45.2014685178282 10.6743809297626,45.2013635342729 10.6746381362462,45.2012437014749 10.6747509565088,45.2011396405725 10.6748894015722,45.2010239867401 10.6751644065183,45.2009084392871 10.6753999648074,45.2008059345501 10.6755507197485,45.2007524157702 10.6757608626397,45.2006742329852 10.6760310373894,45.2004718489799 10.6761736624754,45.2003391263361 10.6763898373565,45.2001885293278 10.6765735838332,45.2000791278604 10.6769626938054,45.1999569010101 10.6773899414988,45.1997933432696 10.6778066923135,45.1996502521554 10.6782166052555,45.1994830474278 10.6785308546809,45.1993504078115 10.6787841068517,45.1992596234196 10.6791256869258,45.1991842780808 10.6796850954163,45.199162393645 10.6801198880175,45.1991964319413 10.6804181798247,45.1992138145096 10.6807913273207,45.1992416002863 10.6809919237556,45.1992728714106 10.6811773218402,45.19933841104 10.6813805907668,45.1993655148821 10.6816987265579,45.1993375586115 10.6819321839416,45.1993955623197 10.6821643491961,45.1994889781063 10.6823898518107,45.1995253591287 10.6825542684261,45.1995082826312 10.682797018175,45.1994379553833 10.6831180940726,45.1993294133138 10.683503715302,45.1992557829809 10.6837971441418,45.1991681028451 10.6840473982218,45.1990126571414 10.6843101956165,45.198881191639 10.684550027575,45.1987766605805 10.6848246896904,45.1985951029787 10.6850428502036,45.1984621691464 10.6852179534924,45.1983465036228 10.6853598032646,45.1981976076539 10.6855176785235,45.1980240724048 10.6856370419993,45.1978837868292 10.6858379022988,45.1977739737189 10.6862275298234,45.1977073529942 10.6864955557773,45.19762829555 10.6866845523852,45.1974889615822 10.6869821798675,45.1972823365009 10.6872868351845,45.1971903434385 10.6876910785337,45.197148625289 10.6880840728526,45.1971112109719 10.6885480794104,45.1971247332005 10.6888246277269,45.1971668664978 10.6891555182359,45.1971470659901 10.6894769391323,45.1970465888513 10.6898075438897,45.1968973588483</coordinates></LineString></MultiGeometry>
  </Placemark>
  <Placemark id="RIP_2026.4">
	<Style><LineStyle><color>ff0000ff</color></LineStyle><PolyStyle><fill>0</fill></PolyStyle></Style>
	<ExtendedData><SchemaData schemaUrl="#RIP_2026">
		<SimpleData name="CODICE_CAN">1041</SimpleData>
		<SimpleData name="NOME">CAVATA</SimpleData>
		<SimpleData name="NOME_TIPO">Scolo</SimpleData>
		<SimpleData name="NOME_COMPL">Scolo CAVATA</SimpleData>
		<SimpleData name="FUNZIONE">equamente ripartita</SimpleData>
		<SimpleData name="TRATTOGEST">tutto il suo corso fino al ponte della strada SP67 in Comune di Acquanegra sul Chiese</SimpleData>
		<SimpleData name="COMUNI">Redondesco, Marcaria, Aquanegra sul Chiese</SimpleData>
		<SimpleData name="PROVINCIA">MN</SimpleData>
		<SimpleData name="CODICE_SIB">4336</SimpleData>
		<SimpleData name="CAN_ALIMEN">Tartaro Fabrezza</SimpleData>
		<SimpleData name="CAN_SFOCIO">Fiume Oglio</SimpleData>
		<SimpleData name="REGIME_PAT">non valorizzato</SimpleData>
		<SimpleData name="BACINO_IRR">FABREZZA</SimpleData>
		<SimpleData name="GERARCHIA">2</SimpleData>
		<SimpleData name="BACINO_SCO">Vasi Tartari</SimpleData>
		<SimpleData name="NOTE">MN058</SimpleData>
		<SimpleData name="NORMATIVA">Allegato A</SimpleData>
	</SchemaData></ExtendedData>
      <MultiGeometry><LineString><coordinates>10.53193194561,45.1545471891698 10.5317160410787,45.1540667134991 10.5314748540541,45.1536596036478 10.5311885343549,45.15326564056 10.5309649377496,45.1529956424901 10.5304115249037,45.152397433377 10.5298708022442,45.1517981360228 10.529688939479,45.1516240960365 10.5290901768193,45.1509540755416 10.5285423705166,45.1503483871915 10.5280237126776,45.1497585604591 10.5273909810974,45.1491052388993 10.5265921532605,45.1482219301815 10.5261265623362,45.1476824698022 10.5261180519769,45.1476709740491 10.5261014958775,45.1476653901295 10.5255870219504,45.1471381912314 10.5248429446895,45.1463063843704 10.5241918755126,45.14557782378 10.5235587708729,45.1449070708107 10.5231315598771,45.1444895618961 10.5229836948823,45.1443164253496 10.5225641911735,45.1438864420858 10.5219270933971,45.1431793590261 10.5211814010168,45.1423523716919 10.5210869845661,45.142229868293 10.5208888178383,45.1420069290551 10.5204994928193,45.1415912381972 10.5200910753545,45.1411569287653 10.5199367476784,45.1409966014334 10.5197801085632,45.1407959286485 10.519371601083,45.1403811474843 10.5190882796222,45.1400275675096 10.5188042455981,45.13969956045 10.5186780853191,45.1395722108051 10.5183979796329,45.1392985703091 10.5182500002431,45.1391434226662 10.5178430958484,45.1386713420998 10.5174579658538,45.1382718230619 10.5171120951041,45.1378852763285 10.5169616085904,45.1377288436816 10.5166083822852,45.1373538526643 10.516510478528,45.1372568324089 10.5163261000123,45.1371083474188 10.5162419564057,45.1370281927628 10.5161122584068,45.1369312272909 10.5161189181127,45.1368730876667 10.5161821997782,45.1367851701505 10.5161557567319,45.1367158596538 10.5160307737123,45.1366420523174 10.515872688492,45.1365570738865 10.5157788082479,45.1364189960418 10.5156846222237,45.1362693126554 10.5155254610453,45.1361437124482 10.515390588731,45.136006178346 10.5152546410407,45.1358280227772 10.5151100341878,45.1356325672087 10.5149665054165,45.1354777327244 10.514756619318,45.1352947523177 10.5144396392949,45.1349390374402 10.5142610146829,45.1346975902552 10.5139663815787,45.1344112393139 10.5137639323045,45.1341991332833 10.5136454662864,45.1340613795707 10.5135437053124,45.1339350156263 10.5134600309236,45.1338722682966 10.5134083825025,45.1337800703666 10.5132582007415,45.1336833730955 10.5131991216906,45.1336202996094 10.5128971767814,45.1332121350815 10.5127205590206,45.1330461257019 10.5125581469021,45.1328956360841</coordinates></LineString></MultiGeometry>
  </Placemark>
  <Placemark id="RIP_2026.5">
	<Style><LineStyle><color>ff0000ff</color></LineStyle><PolyStyle><fill>0</fill></PolyStyle></Style>
	<ExtendedData><SchemaData schemaUrl="#RIP_2026">
		<SimpleData name="CODICE_CAN">0100</SimpleData>
		<SimpleData name="NOME">RE e Vaso BIRBESI</SimpleData>
		<SimpleData name="NOME_TIPO">Fosso</SimpleData>
		<SimpleData name="NOME_COMPL">Fosso RE e Vaso BIRBESI</SimpleData>
		<SimpleData name="FUNZIONE">equamente ripartita</SimpleData>
		<SimpleData name="TRATTOGEST">dalle origini a nord di Cavriana per tutto il suo corso</SimpleData>
		<SimpleData name="COMUNI">Cavriana, Guidizzolo, Ceresara, Goito</SimpleData>
		<SimpleData name="PROVINCIA">MN</SimpleData>
		<SimpleData name="CODICE_SIB">4335</SimpleData>
		<SimpleData name="CAN_ALIMEN">Fontanile</SimpleData>
		<SimpleData name="CAN_SFOCIO">Canale Goldone</SimpleData>
		<SimpleData name="REGIME_PAT">demanio statale</SimpleData>
		<SimpleData name="BACINO_IRR">BIRBESI</SimpleData>
		<SimpleData name="GERARCHIA">1</SimpleData>
		<SimpleData name="BACINO_SCO">Vaso Birbesi - Scolo Goldone</SimpleData>
		<SimpleData name="NOTE">MN022</SimpleData>
		<SimpleData name="NORMATIVA">Allegato A</SimpleData>
	</SchemaData></ExtendedData>
      <MultiGeometry><LineString><coordinates>10.5657362642111,45.3112433262691 10.5717907025789,45.310217225906 10.5747396140899,45.3110382880647 10.5758085570193,45.311364965437 10.5761247037328,45.3116352521949 10.5765470880844,45.3115293880307 10.5768034980658,45.3114803776094 10.577510323476,45.3114069530695 10.5781421172586,45.311416405182 10.579369327097,45.3115176515024 10.580583657232,45.3116190629065 10.5823089145726,45.3117861315662 10.58294424111,45.3118387088784 10.5830193212512,45.3115651756689 10.5831153264469,45.3110254768657 10.5832029783499,45.3108093038819 10.5832120604083,45.3105019299652 10.5831078846418,45.3100960497707 10.582920152957,45.3096152500515 10.5827991745819,45.3094724570529 10.58260036825,45.3089999881043 10.582388491697,45.3082368056631 10.5819923536136,45.3070695377684 10.5815085942495,45.3058638114732 10.5814062568032,45.3054983043849 10.5813806586849,45.3051836252599 10.5813868058209,45.303663801918 10.5814760564167,45.301826864509 10.5815040843361,45.3004116360628 10.5815073917048,45.2994657981103 10.581465422581,45.2976398817005 10.581480013249,45.2961804925639 10.5814830257283,45.2958651718901 10.5815076591985,45.2952664458917 10.5814667408703,45.2944832681184 10.5814181174241,45.2934011745596 10.5814472034425,45.2927740562684 10.5814234276154,45.2924997517717 10.5814702030044,45.2921389901682 10.5815825365669,45.2917080531064 10.5816845193314,45.2913015975242 10.58171649253,45.2909937112386 10.5817327562379,45.2907185091374 10.5817207819708,45.2904520245619 10.581742029714,45.2904151733562 10.5821699526294,45.2901267130932 10.5826846732445,45.2897312229777 10.5828907544781,45.2895157177188 10.5829690419849,45.2894338494025 10.5830565726468,45.2893429711087 10.58310923002,45.2892407482707 10.5831241251154,45.2890625794245 10.5831561763876,45.2888840250847 10.5832097402955,45.2886936460388 10.5832447753098,45.288640113533 10.5833444882269,45.288487758678 10.5838188721072,45.2879597894679 10.5841403597039,45.2875969143876 10.5842230713617,45.2875263509035 10.5844105487077,45.2874938584162 10.5847751593179,45.2874533525403 10.5848525144437,45.2873909921962 10.5848766565935,45.2869094863212 10.5849391112418,45.2862614086955 10.5849391112418,45.2862614086955</coordinates></LineString><LineString><coordinates>10.5836496161949,45.2936752510429 10.5826761255459,45.2939787221479 10.5820514146948,45.2942136992258 10.5816572646989,45.2944525499328 10.5814803690779,45.2944948119741</coordinates></LineString><LineString><coordinates>10.5825377090934,45.3138474026972 10.5825211880512,45.3132253496946 10.5830007815828,45.3126811031235 10.5828074022601,45.3125843914136 10.5829110459892,45.3119596473617 10.58294424111,45.3118387088784</coordinates></LineString><LineString><coordinates>10.5836496161949,45.2936752510429 10.583689083052,45.2936291752461 10.5836018911216,45.2933248101542 10.5834424093764,45.2929448449708 10.5834747557669,45.2926482080528 10.5836959525027,45.2920368638942 10.5833076483893,45.290333254702 10.5835289277926,45.2902706589477 10.5835908088594,45.2899934395147 10.5831028885081,45.289343084576</coordinates></LineString><LineString><coordinates>10.5836496161949,45.2936752510429 10.5838024153019,45.2937650709173 10.5838906423476,45.2937370912938 10.5839473316037,45.2938133324632 10.5840589833633,45.2940676440239 10.5841782343757,45.2943342604824 10.5848287957034,45.2941750456232 10.5850529068469,45.2944622372013 10.5854492015537,45.2949241710166 10.585507555804,45.2950168480508 10.5858285616785,45.2954035601613 10.5864305274783,45.2959905627807 10.5865240021061,45.2960925918467 10.5867267785292,45.2961143745972 10.5869029163579,45.2961808110903 10.5871762387501,45.2964820752317 10.587617537018,45.2970565446869 10.5880268663764,45.2976093154036 10.5882410554297,45.2980393303046 10.5885571280661,45.2981234981659 10.5887897126321,45.2982137479467 10.5891056935357,45.2985439358127 10.5891360443942,45.2986320804533 10.5891383821013,45.2987156947824 10.5891281570512,45.2988486881013 10.5892683835951,45.2990017280362 10.589346417565,45.2990498452961 10.589551819,45.2991650741041 10.5896465426016,45.2993113667664 10.5897236612388,45.299575994294 10.5896936308255,45.2997486267743 10.5895993653808,45.299868029593 10.589560989808,45.2999915742402 10.5895780917944,45.3001045053034 10.589805690479,45.3005146486222 10.5897998693256,45.300805033503 10.5897616548104,45.3010589666312 10.5898269918735,45.3011515440426 10.5899186630668,45.3012878133828 10.5896879253384,45.3014661451864 10.589575084928,45.3014239377423 10.588301928047,45.3020370638816 10.5875672942283,45.3037440726018 10.5873362181996,45.303833394141 10.5872546439751,45.3039083348336 10.587286094086,45.3040358278079 10.5874322180805,45.3042748948285 10.5874773333011,45.3043923568437 10.5874657297363,45.3044761650764 10.5874746604854,45.3047958668744 10.5875013403393,45.305002152533 10.5876035882332,45.3051680236627 10.5878772535517,45.3056045917559 10.5882768546065,45.3064305781146 10.5885721501066,45.3070169155061 10.5887598541685,45.3073710311761 10.5887987208495,45.30745810239 10.5890814105461,45.3079721763579 10.5897696424408,45.3077804008164 10.5900689454163,45.307879248939 10.5902045996109,45.307945822728 10.590153177096,45.3080238722244 10.5900758361614,45.3081436646479 10.5900399155789,45.3082634755462 10.5901054738893,45.3087373803228 10.5901207278616,45.308929418866 10.590241949353,45.3091291102186 10.5905408597437,45.3098433220582 10.5909204728979,45.3108245694058 10.5920238071261,45.3106320473568 10.5922655464766,45.3110469079857 10.5927045929521,45.3117837602893 10.5929737044876,45.3123040257054 10.5930763957932,45.3124846466305 10.5927152122861,45.3132818716707 10.5926538855279,45.3134574015553 10.5926554639016,45.3137624438255 10.5928262100415,45.3138830703518 10.5928785912054,45.3140102693481 10.5930761075803,45.3145881181813 10.5932067513215,45.3150192885904 10.5915966095567,45.3156691080276 10.5913099792951,45.3158694821301 10.5913393035439,45.3161883202642 10.5911937656168,45.3162951406049 10.5913238082346,45.3170087986564 10.5915567275975,45.3176058376832 10.5918726773677,45.3184280557339 10.5920780286312,45.3191607887725 10.5921421569685,45.3193678071035 10.5922387866006,45.3192566715261 10.5922341845983,45.3190924025442 10.5921461940763,45.3188435572461 10.5919706155239,45.3183601506468 10.5917272999438,45.3176276157342 10.5914883903851,45.3170522070969 10.591438417694,45.3168347452833 10.5913590661448,45.3164119191016 10.591341303083,45.3162597416288 10.5913393035439,45.3161883202642</coordinates></LineString><LineString><coordinates>10.5838188721072,45.2879597894679 10.5836128361461,45.2877049229168 10.5835418281548,45.2874915566824 10.5835677480132,45.287253880045 10.5836697651628,45.2870228034115 10.5838538200241,45.2866221701257 10.5838961172017,45.2865833064573 10.5841227036639,45.2865418862663 10.584231322209,45.2865480347375 10.5845420753574,45.286413581225 10.5846591899189,45.2863354020562 10.5849391112418,45.2862614086955 10.5849391112418,45.2862614086955 10.5849596313698,45.2862084065652 10.58548891888,45.2860106210095 10.5859261421697,45.2858027734018 10.5861393066933,45.2857050330523 10.5863985913286,45.2856143415506 10.5868693152562,45.2855148647781 10.5871042626465,45.2853923835149 10.5874141964279,45.2851550515082 10.587930373555,45.2846665450952 10.5881134770812,45.2845371413089 10.5883340681981,45.2843503127592 10.5886812124055,45.2841768087374 10.5892177275583,45.2838858845848 10.5896561909383,45.2837062853848 10.5900688710828,45.2834625963394 10.5904813596128,45.2832148685836 10.5907244541836,45.2830194459355 10.5906374653266,45.2828678148245 10.5911278403988,45.2825698334656 10.592394773078,45.2818461795118 10.5926893261834,45.2816495957283 10.5931288214459,45.2812395813528 10.593323959129,45.280996730711 10.5934317812609,45.2808488030541 10.5933136459295,45.2806412897036 10.5931003193672,45.2801004533201 10.5929588360829,45.2797560453548 10.5928245305475,45.2794438101974 10.592874250671,45.2792769810847 10.5930932422596,45.2789285090864 10.5934751573134,45.2785117037404 10.5942036848679,45.2777839708571 10.5948344995299,45.2771840090334 10.594956197878,45.2770073827282 10.5949597890454,45.2768335177662 10.5947826811148,45.2754472228031 10.5946787456672,45.2745402220507 10.5947651257204,45.2744251167213 10.5948843607608,45.2742769345171 10.5950506099846,45.2741559884732 10.5951714841693,45.2740441447118 10.5952846315541,45.2738880177664 10.5956961998319,45.2734825496618 10.5959214445394,45.2732150377495 10.5965188486576,45.2725064791522 10.5967843459182,45.2722312577097 10.5971265534826,45.2718049182413 10.5973623749985,45.2715723890545 10.5978599788271,45.2713484931846 10.5982725400604,45.2711744156083 10.5986100301948,45.2709410519938 10.5992663775814,45.2705317425234 10.6003217752722,45.2698235825722 10.6010271742704,45.2694567558777 10.6013729665624,45.2692562324936 10.6020345063259,45.2697508483025 10.602727115733,45.2691208973894 10.6041655458692,45.2678183062152 10.6048791443914,45.2671832314792 10.6048755782267,45.267157104747 10.6039272922141,45.2664224902611 10.6029825506589,45.265697309665 10.6026334998986,45.2654255038496 10.6023968409574,45.2652409912298 10.6018239528219,45.2647824417033 10.6011258618644,45.2641879666247 10.6005787617335,45.2637300482839 10.6003475489102,45.2635374620891 10.6003271253703,45.2634953857628 10.6003289166126,45.2634785754897 10.6022043584005,45.2621287370668 10.6019750004459,45.2619924645512 10.6018752580299,45.2619381344261 10.6020591557497,45.2618289023791 10.6029534021504,45.2612307651704 10.6032243799981,45.2610225664186 10.6034530921795,45.2608921109524 10.6036653857748,45.2607781919082 10.6040200458503,45.2606489296687 10.6042258867411,45.2605189919626 10.6052601265996,45.2597367459239 10.6057056063209,45.2594226034285 10.6062303753913,45.2590899978713 10.6072862609209,45.2586501779073 10.6081483131313,45.2583041414351 10.6084942115404,45.2581605060447 10.6086262758768,45.2582713881601 10.6090302362356,45.2580098527552 10.6099105633379,45.2574423945222 10.6115058339144,45.2565396165465 10.6116640703933,45.2564667093646 10.6121033760425,45.2569417351411 10.6122285578735,45.2570520594687 10.6123016792548,45.2571094389457 10.6133205352461,45.2566657498045 10.6133954176207,45.2566294164959 10.6137807998033,45.2564424290801 10.6140610092432,45.2563647494261 10.6146562802913,45.2561395157847 10.6162291963015,45.2548857489961 10.6169089838414,45.2543947930463 10.6177510374696,45.2537213329805 10.6182703909049,45.2533133694538 10.6185311541515,45.2531477265591 10.618693461989,45.2530092502749 10.6188514799083,45.2529612020706 10.6190847228909,45.2529316491853 10.6192702206442,45.2528587265188 10.6197042585674,45.2527154867405 10.6199785432307,45.2527010215465 10.6201939604348,45.2526383001252 10.6202868189377,45.2525091298176 10.6204865360049,45.2523187797549 10.6209959790955,45.2519876556207 10.6213030351378,45.251753161476 10.6214414662334,45.2515295856131 10.621567107829,45.251280621384 10.6216213494571,45.2510667653341 10.6216391618944,45.2508449030507 10.6217587340725,45.2503829390252 10.6219407595092,45.2497837123281 10.6221977806193,45.2490640906838 10.6223783406787,45.2484137434152 10.6225522164692,45.248164092628 10.6226913635021,45.2479660747759 10.6226941179421,45.2477195815778 10.6227027141642,45.2476307627925 10.6226793568616,45.2474245101873 10.6227168992534,45.2472359173575 10.6227345239718,45.2467944292113 10.6227747589826,45.2460865297681 10.6227904616948,45.2457449929208 10.6228008116169,45.2454108299535 10.6228233511348,45.2451977499151 10.6228517414742,45.2451064042733 10.6230361125347,45.2448068183174 10.6230720354354,45.2447776777578 10.6232314854509,45.2447470618782 10.6234659856595,45.2446800123412 10.6239287200815,45.2443084423165 10.6241263299424,45.2441549211958 10.6243664515198,45.2439932624567 10.6245525912046,45.243842287378 10.6248031391837,45.2436083057046 10.6255365500213,45.2428115270348 10.6259238220277,45.2424309798449 10.6261025293558,45.242351722714 10.6266916458692,45.2418574924878 10.6274567753744,45.2411902806524 10.6278640610752,45.2408776284173 10.6287116307048,45.2401410449013 10.6289821705086,45.2398985278006 10.6292404047784,45.2396476620436 10.6293799968111,45.2394666765842 10.6296765987431,45.2392919737219 10.6302112104678,45.2390030655474 10.6305012555999,45.2388285243526 10.6307033542863,45.2387344361084 10.6309670847613,45.2386233219603 10.6312138580066,45.238516637885 10.6315232962156,45.2384044751893 10.6317955175777,45.2383537823892 10.6319770605148,45.2383213322771 10.6320736033121,45.2381817187946 10.6323978488847,45.2376448880742 10.6326188252361,45.2372043277093 10.6327185650375,45.237031354908 10.6333805297175,45.2367494547101 10.6343294255666,45.2363639793551 10.6347219507671,45.2361933245206 10.6348424727307,45.2355310802405 10.6371702775852,45.2350823621858 10.6386636114119,45.2348459919753 10.6395567069509,45.2347405982636 10.6407744791104,45.2344822467514 10.6417483724063,45.2341446294214 10.6426185408555,45.2339144617066 10.6431911130195,45.2338042920684 10.6434067273564,45.2337669982589 10.6436716531957,45.2335588381982</coordinates></LineString><LineString><coordinates>10.5921421569684,45.3193678071035 10.5921421569685,45.3193678071035 10.5922237223314,45.3196311130891 10.5923637186122,45.320271270026 10.5925247401686,45.3207905838174 10.5925997597312,45.3212274511422 10.5926005116398,45.3215029822484 10.5925823726828,45.3222240718657 10.5925007796799,45.3222990164069 10.5925215434997,45.322790765099 10.5925192784685,45.323580518389 10.5925347263319,45.3241313857687 10.5925480614456,45.3249799657525 10.592697784904,45.3267123106767 10.5927171201073,45.3280233222932 10.5927398208207,45.3285839287568 10.5927328059469,45.3289555153464 10.5914147003742,45.3289640660056 10.591236828946,45.3289640864755 10.5912211253761,45.3296482382525 10.5912453860874,45.3305138866447 10.5912907912092,45.3317605693121 10.5912856169837,45.3324470341296 10.5912804939227,45.3327620097091 10.5913022185345,45.3332881870416 10.5913155336325,45.3335143386585 10.5912920525383,45.3336721181762 10.5911033618427,45.3336599884323 10.5910092963085,45.3342861839752 10.589620230932,45.3342563411071 10.5895903982031,45.3348102913083 10.5896035692306,45.3350315216412 10.589918991671,45.3355831216235 10.5900003837775,45.3357492778924 10.5898628086549,45.3363170301147 10.58975163597,45.3369557586962 10.589663784685,45.3373063243437 10.5896042149984,45.3375457890437 10.5900163527135,45.3375646482012 10.5897959668978,45.3384140114595 10.5895588108186,45.339536684646 10.5907626040205,45.3396724377738 10.590704800713,45.3398503745406 10.5903735492229,45.3402289350525 10.5899516566558,45.3407342253526 10.5896019521974,45.3412016061337 10.5894258834744,45.3415164980349 10.5893913384638,45.3417777552252 10.5894488360775,45.3420869332988 10.5895121200397,45.3426026833669 10.5879002222236,45.3425956046711 10.5873892320577,45.3429102334429 10.5871113978091,45.3432043960296 10.5870545424652,45.3434167597554 10.5871470392,45.3437303723958 10.5872131109815,45.3438475405347 10.5874277746073,45.3444128489093 10.5875285307611,45.3450215642302 10.587557585611,45.3453046325131 10.5875561970079,45.3455420111184 10.5875838905863,45.345889866602 10.5876293635565,45.3462311414712 10.5876755476217,45.346597734599 10.5877104496514,45.3468821729157 10.5877856451234,45.3470764364643 10.5878347403752,45.3472503569344 10.5879017820072,45.3474333811918 10.5879648397162,45.3476320503546 10.5880075083524,45.3477343476436 10.5880823467591,45.3478798471783 10.5881609096749,45.3480003528442 10.5884523510534,45.3484228175545 10.5887174381926,45.3487278943861 10.5888538514736,45.3489068446738 10.5890474247046,45.3491158760257 10.5894478175344,45.3494741604034 10.5897200137879,45.349689590769 10.5900970536463,45.3499799699573 10.5904614539091,45.3502349386598 10.5913633039525,45.3508940510847 10.5919114200198,45.3510941250139 10.5921704051581,45.3511595649559 10.5923898936689,45.3512136741392 10.592355246808,45.3512562496732 10.5923051499395,45.3513821083356 10.5922605793508,45.3515578531324 10.5922484034381,45.351711993798 10.5922965967914,45.3520425501927 10.5926967955503,45.3522820845588 10.5931784960027,45.3523280474564 10.5934791468108,45.3523496558328 10.5940601378717,45.3530255187603 10.5942726667568,45.3531748384205 10.5944758038582,45.3532644618788 10.5946781779415,45.3533269005828 10.5950261818,45.3533546693498 10.5954213829155,45.3534144113414 10.5955617476672,45.3534668375306 10.5958785944648,45.3534841626474 10.5961763438659,45.3535111170953 10.5964408211818,45.3538373294812 10.5965897338772,45.3541608742309 10.5966286011115,45.3542460214613 10.596604971291,45.3544862878885 10.596689024602,45.3546650641981 10.5968012897041,45.3547663237134 10.5969848039928,45.3548073637645 10.5971487875699,45.3548288916071 10.5973930587302,45.3548423767327 10.5974675822329,45.3548413333104 10.5978418021634,45.3549466086803 10.5982150315277,45.3549885844145 10.5985353104251,45.3549998321795 10.5988276081319,45.3550744086385 10.5994286316654,45.3551612942356 10.5996522123184,45.3552592841586 10.5997586630368,45.3553615277497 10.5998660883173,45.3554983346747 10.5999559763781,45.3555931265307 10.6000632306826,45.3557281830878 10.6007015158349,45.3565238863284 10.6003032228987,45.3568025857467 10.5997845125026,45.357164834084 10.5995009420996,45.3573692559732 10.5992493773641,45.3575502258354 10.5991518525527,45.3576169499011 10.5991845571726,45.3576317807708 10.5990963594392,45.3577648684052 10.5990633864103,45.3578323725697 10.5990608888341,45.3579687274362 10.5990859088512,45.3580689397984 10.5991413008952,45.35812179803 10.5992199497231,45.3582123200333 10.5993595726035,45.3583288049591 10.5995215100319,45.3584494463382 10.5996220306961,45.358528488253 10.599720264111,45.3586388482811 10.5997440880368,45.3586966176497 10.5997576691751,45.3588278441968 10.5997582142061,45.3589021268987 10.5997088701733,45.3589661835152 10.599646071206,45.3590479084088 10.599589357122,45.3590705537699 10.5995682192775,45.3590905143213 10.5995361432114,45.3591073524788 10.5994825185281,45.359184578592 10.5994444187082,45.3592626799962 10.5993749966814,45.359550254139 10.599390604237,45.3597305288439 10.5994271835187,45.3599080380168 10.5994704977499,45.3600755621025 10.5994860361638,45.3602533659643 10.5994211290572,45.3604397137633 10.5992868510585,45.3606542326236 10.5991754470317,45.3608090910873 10.5990658485765,45.3609345652045 10.5987890344327,45.361231169278 10.5986527858313,45.3614201662969 10.5986049859837,45.3616079240507 10.5984117388658,45.361972335833 10.5983902977457,45.3621534874494 10.5985239699657,45.3625008469289 10.5986461644002,45.3627548226522 10.5987350861742,45.3630840989456 10.5987296981318,45.3635207139604 10.5984798571194,45.3637611930023 10.5983048799208,45.3638322427497 10.5982341164032,45.3638332340883</coordinates></LineString><LineString><coordinates>10.5994286316654,45.3551612942356 10.5995053974518,45.3549285462533 10.5994598310741,45.3546178727547 10.5999637366432,45.3542115957704 10.5997990754569,45.3537412164967</coordinates></LineString><LineString><coordinates>10.6100286503797,45.3583803052577 10.609425449197,45.3584266503988 10.6095007976261,45.358791990333 10.6083923763092,45.3588900599497 10.6079902930855,45.3589186267177</coordinates></LineString><LineString><coordinates>10.6103229322444,45.3591260837661 10.6102466708971,45.3589576988633 10.6101697593106,45.3587664226158 10.6098875447133,45.3579941876556 10.6098533770758,45.3579351295972 10.6092550046687,45.3581450917169 10.6089387976038,45.3582228315001 10.6085881661526,45.358232354865</coordinates></LineString><LineString><coordinates>10.6098533770758,45.3579351295972 10.6101424929828,45.3578110187075 10.6103298317832,45.3577732229093 10.6102814167435,45.3576293917772 10.6102071860788,45.3573570335982 10.6102076274715,45.3571773612145 10.6101819238396,45.357052738308 10.6101445875633,45.3569087508805 10.6100835430547,45.3567104169125 10.6100971680672,45.3566047688773 10.6101954322803,45.3565526063879 10.6103989415616,45.3564989587126 10.6106249090256,45.3564732799143 10.611340470109,45.3565662923057 10.6114488171279,45.3564578834189 10.6115974938802,45.3563768384001 10.6117552762884,45.3563080829982 10.6119931915569,45.3562569227065 10.6122082575457,45.3561994522881 10.6124222539616,45.356119806309 10.6125217399811,45.3560065374398 10.6125878842209,45.3557903654259 10.6126245002528,45.355539910866 10.612719844713,45.3551242729358 10.6128964025185,45.3548554106328 10.6130387176045,45.3546926406071 10.6130249347818,45.3545642274734 10.6129682994716,45.354354253533 10.6129180484795,45.3541906310992 10.6128306193207,45.3539668022731 10.6126639804519,45.3538083959741 10.6124172190366,45.3536832727881 10.6121403743504,45.3535692911089 10.6119208655165,45.3535116584543 10.6117114866342,45.3534538824003 10.6115580232115,45.353402461723 10.6113639164982,45.3534166158689 10.6113086305623,45.3534155417204 10.611145925293,45.3534308220322 10.6109698086229,45.3534370180693 10.6107887446847,45.3534544120608 10.6105681768887,45.3534705086562 10.6103217255221,45.35350180776 10.6100642286351,45.3535147146749 10.6099041541651,45.353529957022 10.6083524232427,45.3536447774358 10.6082147427908,45.3536526097859 10.6077053761959,45.3536686235831 10.6076468947155,45.3536694478413 10.6075758825742,45.3536704484778 10.6069534806362,45.3536792153034 10.6065492993342,45.3536747749967 10.6055662545905,45.3536908012427 10.6053156133959,45.3537016981513 10.6048929274896,45.3537297542552 10.6045747618561,45.3537563401455 10.6044859188758,45.353757589413 10.604193675501,45.3537764396533 10.603835471227,45.3538662339376 10.6035553463637,45.3539438742395 10.6034009578682,45.3540308030212 10.6032516920783,45.354113974494 10.6031542692147,45.3541816763413 10.6028671590543,45.3544238713823 10.6026098787908,45.3545994939251 10.6024276758928,45.3547252837408 10.6022199865614,45.3548514299693 10.6019868830929,45.3549805004575 10.6017537061463,45.3551070042971 10.6015133185409,45.3552361759869 10.6014774902406,45.3552572169731 10.6014268793976,45.3552707636614 10.6011642958522,45.3553827309599 10.6008728361208,45.3554644689059 10.6005727441928,45.3555657395267 10.6003680035425,45.3556300824111 10.6000632306826,45.3557281830878</coordinates></LineString><LineString><coordinates>10.6105529928091,45.3597987748465 10.610429467534,45.3594451832324 10.6103652874199,45.3592445668556 10.6103229322444,45.3591260837661 10.6102517814945,45.3591487642859 10.6099473940958,45.3591851191724 10.6096418147915,45.3592184934826 10.6092835684506,45.359255199825 10.6090260170338,45.3592794064007 10.608104847834,45.3593854183831</coordinates></LineString><LineString><coordinates>10.6106249090256,45.3564732799143 10.6106251521216,45.3564733430959</coordinates></LineString><LineString><coordinates>10.6112448906639,45.3616838358613 10.6112234564103,45.361649531539 10.6111921208849,45.3615548064346 10.6111404126866,45.361319059468 10.6110138524298,45.3610411105118 10.6108713382563,45.3606336124408 10.6108528484776,45.3605588934445 10.6105529928091,45.3597987748465 10.610159810912,45.3598799385876 10.6097481752175,45.359953309369 10.6094123904905,45.3600327207408 10.6092117662132,45.3600746655561</coordinates></LineString><LineString><coordinates>10.6108528484776,45.3605588934445 10.6109839256447,45.3605483867557 10.6112185296478,45.3605083915588 10.6113743614738,45.360497560336 10.612118447642,45.3603942669902 10.6120807934017,45.3601466570824 10.6120613231236,45.3600002046839 10.6119777086573,45.3598589739641 10.6119284946481,45.3597431510021 10.6118478802085,45.3595997201976 10.6117797272927,45.3593596094557 10.6117655278648,45.3591000970417 10.611656391579,45.3591016383203 10.6115822372241,45.3588934725945 10.6115280012292,45.3586657888248 10.6114530972112,45.3584311811688 10.6115551388272,45.3584201213154 10.6114495688073,45.3578045526201 10.6114496392545,45.35778162596 10.6112164942111,45.3577812675939 10.6103298317832,45.3577732229093</coordinates></LineString><LineString><coordinates>10.6114496392545,45.35778162596 10.6115748992772,45.3577818187286 10.6113469161842,45.3572302275241 10.611234184132,45.3568721762587 10.6112563091928,45.3567290748371 10.611340470109,45.3565662923057</coordinates></LineString></MultiGeometry>
  </Placemark>
  <Placemark id="RIP_2026.6">
	<Style><LineStyle><color>ff0000ff</color></LineStyle><PolyStyle><fill>0</fill></PolyStyle></Style>
	<ExtendedData><SchemaData schemaUrl="#RIP_2026">
		<SimpleData name="CODICE_CAN">0072</SimpleData>
		<SimpleData name="NOME">NAVIGLIO DI CANNETO</SimpleData>
		<SimpleData name="NOME_TIPO">Canale</SimpleData>
		<SimpleData name="NOME_COMPL">Canale NAVIGLIO DI CANNETO</SimpleData>
		<SimpleData name="FUNZIONE">equamente ripartita</SimpleData>
		<SimpleData name="TRATTOGEST">tutto il suo corso, diramazioni comprese</SimpleData>
		<SimpleData name="COMUNI">Asola, Casalromano, Canneto sull'Oglio</SimpleData>
		<SimpleData name="PROVINCIA">MN</SimpleData>
		<SimpleData name="CODICE_SIB">4319</SimpleData>
		<SimpleData name="CAN_ALIMEN">Fontanile</SimpleData>
		<SimpleData name="CAN_SFOCIO">Fiume Oglio</SimpleData>
		<SimpleData name="REGIME_PAT">non valorizzato</SimpleData>
		<SimpleData name="BACINO_IRR">NAVIGLIO DI CANNETO</SimpleData>
		<SimpleData name="GERARCHIA">1</SimpleData>
		<SimpleData name="BACINO_SCO">Destra Chiese</SimpleData>
		<SimpleData name="NOTE">MN006</SimpleData>
		<SimpleData name="NORMATIVA">Allegato A</SimpleData>
	</SchemaData></ExtendedData>
      <MultiGeometry><LineString><coordinates>10.3547133210455,45.2309598314464 10.3548600050797,45.2307865801444 10.3549016690424,45.2305351298991 10.3548512304719,45.2302693059181 10.3548701864665,45.2300223405226 10.3548991199653,45.2298843288712 10.3549328212395,45.2297219680744 10.3551256432071,45.2295322482058 10.3554579026674,45.2292508715668 10.3556256410332,45.2290050446717 10.3557317597389,45.2287927634734 10.3557425925948,45.2286308503391 10.3557251598011,45.2284775704402 10.3556982200016,45.2282274626659 10.3557384260682,45.2280851852043 10.3558518055838,45.2280587201398 10.3559913718116,45.2281166308937 10.3561264816695,45.2282069703902 10.3561812462728,45.2282907971482 10.3562917556068,45.2283371507266 10.3564310355979,45.2282414505433 10.3565110950507,45.2280943570401 10.3564490344669,45.2279702477075 10.3563799930626,45.2278139370812 10.3562806316036,45.2276137491511 10.3561725566832,45.2273369234128 10.3562403931626,45.2271698539998 10.3564055665811,45.2270049283667 10.3565256384287,45.2268570525826 10.3564548313233,45.2268018390381 10.3564230923902,45.2267216086649 10.3564478812336,45.226624102498 10.356711523742,45.2263440619207 10.3567520393451,45.2262098656032 10.3567223812874,45.2260366170039 10.3566920943592,45.2258472072154 10.3567794454905,45.2257403953456 10.3569960314206,45.2257199959163 10.357200075102,45.2256715413755 10.3573048909333,45.2255724717273 10.3573446169446,45.2254180796065 10.3572946226856,45.2253099067852 10.3571847768083,45.2251341808674 10.3571001699942,45.2250186005472 10.3570022070195,45.2250003006044 10.3569690428245,45.2248837145831 10.35702575934,45.2247249475162 10.357100095888,45.22457796383 10.3571912672927,45.2244225669587 10.3573194190426,45.2243351686296 10.357530915829,45.2243310360301 10.357699237656,45.2242468980769 10.3577326108155,45.2240764576748 10.3577264464002,45.2239189194562 10.3577310845195,45.2237449986234 10.357741279269,45.2235669267958 10.3577103561946,45.2233613615093 10.3576810140681,45.223196191848 10.3577309043027,45.2230092585574 10.3577966496479,45.2229352083891 10.3580848431421,45.2228446836731 10.358192682547,45.2226768311566 10.3582419375294,45.2224737410253 10.3582958033113,45.2222422626129 10.3583101314362,45.2220236856716 10.3582925369008,45.2218663689056 10.3583095512338,45.2217164619486 10.3583114722192,45.2216194028372 10.3585082866409,45.2214861703045 10.3586547845142,45.2213297133939 10.3590604701152,45.2211722089008 10.3591397236861,45.2210049152942 10.3590309900909,45.2208574652958 10.3588814342051,45.2208361353213 10.3587355399043,45.2207621787755 10.358699212235,45.2205648028069 10.358789266387,45.2203811276384 10.3589848863224,45.2202641113386 10.3591627274256,45.2201312726751 10.3593015309295,45.2198779214999 10.3594714487293,45.219662289977 10.3594754405496,45.2194985637491 10.3594483107814,45.2193899458249 10.3593017822444,45.2192998315707 10.35919463319,45.2191927772892 10.3592056124049,45.2190349026408 10.3593744149658,45.2188173473627 10.3596139368358,45.2186019392636 10.3598482847426,45.218378948112 10.3599516609645,45.218191392952 10.3599602382767,45.21785589038 10.3599677374913,45.2176091482843 10.3599504536406,45.2174599104931 10.3599615892629,45.2173060755813 10.3600752875823,45.2171421489626 10.3602384998266,45.2170742753973 10.3604115635719,45.2169657842388 10.3605084261963,45.2168102726085 10.3604987768764,45.2165638643692 10.3604902338356,45.2163457340672 10.3606239170241,45.2159813821808 10.3607165198549,45.2158447704568 10.3608913591771,45.2156394253682 10.3609313744137,45.2154881644531 10.361047453885,45.215269609223 10.361132750549,45.2150314696442 10.3611757255087,45.2147573275826 10.3612650077062,45.2146266492172 10.3613636856069,45.2144727489509 10.3613563229062,45.2144025036037 10.3613444165996,45.2142609738181 10.3613153189929,45.2140543405404 10.3613268616923,45.2140019558283 10.3614899214649,45.2138653730138 10.3616369939399,45.2136546291516 10.3617202593273,45.2134506743792 10.3618491139358,45.2133104806113 10.3619326182166,45.2128784428559 10.361934404815,45.2128342119638 10.3621296476564,45.2126168636262 10.3623108391472,45.2124659974118 10.3623913731514,45.2123263794678 10.3624031120309,45.2122227488479 10.3623355644546,45.212072840838 10.3623312597173,45.2120116020569 10.3625583315359,45.2118772686084 10.3625789812797,45.211789607605 10.3625847246437,45.2116729871663 10.3625316222744,45.2115922354684 10.3623568425445,45.2114757597445 10.3622623379078,45.211387463426 10.3623885217302,45.2112770606085 10.3624592008669,45.2112742065222 10.362485221286,45.2111969137263 10.362493506262,45.2111280038826 10.362513232619,45.2109413704157 10.3625437582205,45.2108505769284 10.3627388761907,45.2105689250747 10.3627995410865,45.2103712674957 10.3628719037669,45.2102468180773 10.3629301924805,45.2099497182924 10.3629457316392,45.2098255266484 10.3630229020328,45.2096057169937 10.3631619449531,45.20929787557 10.3632706045965,45.2091458644187 10.3633994218621,45.2090046637646 10.3634980365975,45.2088487531021 10.3635942609564,45.208771241624 10.3636583744491,45.2085841795524 10.3638239070478,45.2084479796223 10.3638301645375,45.2081746105439 10.3638838541541,45.2081016260356 10.3639739518963,45.207745618096 10.3640083314962,45.2076675892292 10.3641730569214,45.2075571070205 10.3642643174379,45.2071829988859 10.364318641638,45.2070474606655 10.3643788155351,45.2069337057412 10.3643893013937,45.2067926628831 10.364475477378,45.2065180867278 10.3646636266957,45.20609459158 10.3647136111076,45.2060005511489 10.3648570827063,45.2056034620333 10.3649277159588,45.2052288463549 10.3649890123615,45.2051175900082 10.3649711963503,45.2050263690484 10.3650209578948,45.2049082175979 10.3651325629036,45.2048204733066 10.3652939239886,45.2047331385992 10.3653477034428,45.204664171508 10.3653742493584,45.2045262022657 10.3653707192844,45.2043192630734 10.3654282086545,45.204227142626 10.3655096903588,45.2040091392656 10.3654960448156,45.2037952880564 10.3657500921754,45.2031863778752 10.3658270850424,45.2031372281152 10.3658714969989,45.202955406072 10.3660638500888,45.2026788041357 10.3660695398023,45.202500893751 10.3661152756727,45.2023928366418 10.3663447312325,45.2023006665221 10.366371077924,45.2022732230826 10.3663643397066,45.2021105318939 10.36640785929,45.2019693446069 10.3664194959371,45.2018024143134 10.3663551427693,45.2017190362928 10.366488933746,45.2013414024612 10.3665484301536,45.2011997727653 10.3666055791131,45.2010935880142 10.3667281798184,45.2009609985495 10.3668238553561,45.2006832929102 10.3668869437162,45.2006026582375 10.366949709795,45.2003750821784 10.3669810501521,45.2002984074396 10.3670559334032,45.2001206101634 10.3671393088242,45.1999302763167 10.367205996273,45.1997774449436 10.3673598646373,45.1994263215095 10.3674782122194,45.1992276561884 10.3675878244373,45.1990925838242 10.3676212919977,45.1989324257409 10.3678428148922,45.1986748760644 10.3679279070848,45.1984229165971 10.3680443015741,45.1981762341681 10.3681468701871,45.1979373317396 10.3680942540296,45.1977086204643 10.3680630228595,45.1974630836568 10.3681925245815,45.1971148883647 10.3684093868883,45.1969726268068 10.3685715862278,45.1968621683208 10.3687501830338,45.1966651028119 10.3688480406172,45.1965383345545 10.3688646063851,45.1963994784668 10.3688309152072,45.1960612770165 10.3688215223988,45.1959659372207 10.3688964299967,45.195711838692 10.3689504133026,45.1955333481092 10.3690698897153,45.19530081954 10.3693065107249,45.1950940143798 10.3694380987113,45.1949517696685 10.3693871195347,45.1947815714585 10.3693724276296,45.1945838089478 10.3693659931383,45.1943156140468 10.3692902394042,45.1941788703853 10.3692954391842,45.1940994316303 10.3693480247224,45.1939812433131 10.3694223035871,45.1938195905731 10.3694570212635,45.1936674543776 10.369517001474,45.1936009042815 10.3695954209311,45.1935723512328 10.3698034317058,45.1935356931599 10.3699582281929,45.193472544916 10.3699423940773,45.1933586598672 10.3699581228864,45.1931721220271 10.3699245309624,45.1930750634298 10.37000177006,45.1929776788551 10.3701716881002,45.1929525302286 10.3702781340302,45.1928879525302 10.3703114789243,45.1927971228593 10.3702227438608,45.1925339356572 10.3702465998458,45.1924030302579 10.3702890102958,45.1923297179053 10.3704086336667,45.1921679794152 10.3704692343109,45.1920878756936 10.3704462816715,45.1919012654843 10.3704549208518,45.1917876232564 10.3705344664261,45.1916088250178 10.370590917526,45.1913559512924 10.3707334678525,45.1910789341224 10.3708070437386,45.1910067129142 10.3709062847347,45.1908789206812 10.3709201015312,45.190803397588 10.3708786082167,45.1906139953677 10.3708965652382,45.190533398755 10.3710248855575,45.1903148286306 10.3712263116097,45.1898271073372 10.3713317311044,45.1896017788583 10.3714597823451,45.1893721592281 10.3714419219647,45.1892161169575 10.371359099819,45.1890257205501 10.3712755496457,45.1889192137128 10.3713048398035,45.1887189139139 10.3714187149265,45.1886090315424 10.3714455805427,45.1885444038559 10.3714707057819,45.1883481732565 10.3715815176478,45.188170003242 10.3715943598803,45.1879357387717 10.3715442241905,45.1877412339609 10.3716222918237,45.1875606252612 10.3717167794512,45.1874127949773 10.3717319181171,45.1873332366293 10.3716246744069,45.1871275437758 10.3716179307359,45.1870834150057 10.3716876846474,45.1867932039652 10.3717026267627,45.1866463291755 10.371741851294,45.1863273473857 10.371799071554,45.1862251781475 10.3719202565188,45.1860649692307 10.3719920999599,45.1857435853552 10.3720109398343,45.1854827955437 10.3720062598712,45.1852880588457 10.3719323887382,45.1852042535023 10.3719536895905,45.1850938966388 10.3720464188957,45.1849657431431 10.371982080342,45.1847801919901 10.3719053610314,45.1845778511413 10.3719361926981,45.1843657484582 10.3720017214967,45.1841024136694 10.3720215979604,45.1839327890297 10.3721380677522,45.183795880532 10.3722679327724,45.1837180957966 10.3722732764554,45.1831929356683 10.3722903023172,45.1829047745784 10.3722975945431,45.1827098939308 10.3724132461083,45.182539117245 10.3724209448165,45.182361170099 10.3723898785395,45.1820651182004 10.3723598298639,45.1818114005199 10.372463508284,45.1816407685535 10.3725677965089,45.1814955363216 10.3724807376534,45.1813610745697 10.3724659154965,45.1812426829537 10.3725947582155,45.1811225636249 10.3726555159761,45.1809101009001 10.3726037618012,45.1807498067641 10.3725509893126,45.1805471783612 10.372571066635,45.1803860207674 10.372699093275,45.1802320333875 10.3727427048937,45.180053654428 10.3726783700006,45.1798681034726 10.3728059869525,45.1796971824703 10.3729098638433,45.1795350164092 10.3729421154087,45.1793821820078 10.3728179220414,45.1791973507959 10.3727880767795,45.17895210032 10.3728783525047,45.1787223441132 10.3730658230577,45.1785507031626 10.373149501153,45.1782956170813 10.3731192479678,45.1780334331419 10.3731013738265,45.177788038748 10.373156547057,45.177592581211 10.3732711695658,45.1773794702829 10.373123851932,45.1772287951816 10.3731078085542,45.1770596020885 10.3731538616053,45.176982824051 10.3733675078935,45.1769040304539 10.3734486580847,45.1767929533283 10.373455335324,45.1765726708211 10.3734609934153,45.1763100549549 10.3735184047462,45.1762077320575 10.373816455293,45.1761533295129 10.37407553634,45.1759723555952 10.374377531775,45.1758332110885 10.3743996396729,45.1757567216332 10.3743012254423,45.1756478050052 10.3740711334221,45.175540474683 10.3738998762035,45.1753900886069 10.3738947854443,45.1751784172755 10.3738578552153,45.1751365159873 10.3734116831494,45.1750063757809 10.3734437262592,45.1748450739658 10.3735072025127,45.1744970686391 10.3735093997834,45.1740905163055 10.3735838266056,45.1737000326471 10.3736272286377,45.1735131860108 10.3738025070986,45.1733332206967 10.373885971203,45.1730696676619 10.3738916273507,45.1728070516449 10.3739790387577,45.172458757954 10.3739743554614,45.1722640200556 10.3738741145256,45.1720789024674 10.3738349467622,45.1719438644243 10.3739538317691,45.1719085562574 10.3741694945705,45.1719144299083 10.3743476179405,45.1718530003274 10.3744516803615,45.1716992991854 10.374410882097,45.1714965272087 10.3743538917366,45.1714282360705 10.3741519787495,45.1711862807013 10.3741217242397,45.1709240967343 10.3741431001205,45.1708560137315 10.374188452071,45.1707115600898 10.3744031686802,45.1704294876096 10.3745759911245,45.1701479199305 10.374626262469,45.1697492573395 10.3745929525732,45.1693600696429 10.3743973671264,45.1691930394754 10.3741563494615,45.169128186375 10.3741153506916,45.1689169478473 10.3741244685675,45.1687982672126 10.3742650451635,45.1686695348709 10.3742836887954,45.168449108902 10.3743151152686,45.1682624059682 10.3745617825249,45.168064641664 10.3747906992846,45.1678755593043 10.3750404206936,45.1678047968903 10.3752292773048,45.1676924203985 10.3753698487177,45.1675636867344 10.375248730804,45.1675058613792 10.3750566148714,45.1674827677687 10.3748030244112,45.1673926601934 10.374692451074,45.1672754222706 10.3746177840026,45.1671577520006 10.3747472009269,45.16706303207 10.3749606044614,45.1669757695049 10.3751506810784,45.1669141946878 10.375050649926,45.1667375460184 10.3748852738324,45.1663330154139 10.3748690253977,45.1661553568556 10.3749260157605,45.166036101493 10.3751041213858,45.1659746708834 10.375102082709,45.1658900031697 10.3750373485648,45.1656875221641 10.3750576171096,45.165534831109 10.3750564692092,45.1652384224305 10.3751467154584,45.1650086660592 10.3752866680815,45.1648545335581 10.3754039072931,45.1647514898354 10.3756177088621,45.1646811596693 10.3758065528873,45.1645687832148 10.3757892830793,45.1643487913483 10.3757474656162,45.1641036879875 10.3758036368481,45.1639505641978 10.3760281792425,45.1638292884657 10.3763482639533,45.1636983901512 10.3764293889055,45.163587311865 10.3763429598045,45.1634782541105 10.3760642248313,45.1633376378689 10.3756674406089,45.1632661979232 10.3754501802223,45.1631925933996 10.3754481412305,45.1631079256567 10.3756592859318,45.1629275269485 10.3756386843395,45.1628176746897 10.3754942518942,45.1627855385625 10.3753496158422,45.1627449350238 10.3752417004904,45.1627377659823 10.3752035538766,45.1626450643074 10.3753082090919,45.1625167649529 10.3754964353769,45.1623789891665 10.3756004780806,45.1622252887715 10.3755590707568,45.1619971187788 10.3755422104661,45.1617940603126 10.3754661240033,45.1616171225124 10.3753547445439,45.1614660187996 10.3754462065409,45.1612870628019 10.3755861507448,45.1611329299388 10.3757646468161,45.1610884320098 10.3760630230107,45.1610509588974 10.3761808647474,45.1609733143 10.3761666541212,45.160880324445 10.3760790053725,45.1607204657388 10.3760284843476,45.1606109749634 10.3760380050352,45.1605092285261 10.3761067517609,45.1603813611058 10.3760690143737,45.160305593221 10.3757137297839,45.1602167148204 10.3755315673426,45.160108809721 10.375337438932,45.1600010493532 10.3752747483288,45.1598832351215 10.3754157083561,45.1597714359222 10.3756607043471,45.1595059370084 10.3759211319923,45.1593842290707 10.3761215182587,45.1592547744435 10.3762730145293,45.1590835629955 10.3762800882301,45.1588802160699 10.3761431473132,45.1586616672471 10.3760786220927,45.1584676519588 10.3761789846084,45.1581615499155 10.3762675849582,45.1578640574211 10.3763514232858,45.1576174385706 10.3765161053831,45.157496883249 10.3768347250125,45.157306716871 10.3769738388492,45.1571187152606 10.3768855833381,45.156933457124 10.3766665092557,45.1567836531069 10.3765778461996,45.1565814602564 10.3765319528953,45.1561670212026 10.3765262429422,45.1559299513066 10.3765844434472,45.1558614948679 10.3767961700545,45.1557064949944 10.3769637695155,45.1554588647468 10.3769972205837,45.1553568304707 10.3769343279786,45.1552305507045 10.3768602857084,45.1551382823084 10.3769148142613,45.1549174236154 10.3769577834747,45.1547136436634 10.3770151677522,45.1546113198644 10.3772402832413,45.1545154428227 10.3774268468636,45.1543099288788 10.3776596411648,45.1540361038235 10.3778455882971,45.1538051893361 10.3780321474843,45.1535996753319 10.3780749077239,45.1533874277421 10.3780605512498,45.153150516173 10.3780601406885,45.1531334836203 10.3780080166082,45.1524696606314 10.3780340622998,45.1520519331696 10.3777845245554,45.1516886446051 10.3775607024166,45.1513931943944 10.3775388148356,45.1509845644327 10.3774202363863,45.1505600642205 10.377335506787,45.1500414505881 10.3773238097053,45.1495560291972 10.3772541951913,45.1491650122421 10.3770975338939,45.1484087450928 10.3770530186979,45.1480600176972 10.3770360599353,45.147855775546 10.3768861054595,45.1476275812976 10.3768899356897,45.1472867900435 10.3769172184725,45.1469201592364 10.3767658317515,45.1466323520756 10.3766897987982,45.1462243744474 10.37650395282,45.1460051315642 10.3763911325472,45.1458190823184 10.3762646397605,45.1455650485312 10.3759619307946,45.1453284833363</coordinates></LineString><LineString><coordinates>10.377877542276,45.1518260160284 10.3766643651043,45.151868147036 10.3761130625757,45.1517648248335 10.3759417186013,45.1517084686047 10.3759134479225,45.151341094433 10.375860487561,45.1509568361813 10.3758778170252,45.1506679537204 10.375741214537,45.1503396882384 10.3756033430879,45.1500595501443 10.375546576872,45.1498196734672 10.3756192992512,45.1496126017732 10.3756642947611,45.1494642868986 10.3756386735881,45.1492068516783 10.3755667324639,45.1490427630753 10.375511267818,45.1486550969337 10.3754727345139,45.1484665496736 10.3754844068557,45.148346128334 10.3756106687199,45.148244945901 10.3758648444157,45.1481112914028 10.3761488926487,45.1480082061769 10.3763555087852,45.1479163641388 10.3766398859758,45.1478270193223 10.3767937576188,45.1477633053582 10.3768979200051,45.1476520782976</coordinates></LineString><LineString><coordinates>10.3624592008669,45.2112742065222 10.3626162579611,45.2112190883304 10.3626739505661,45.2111517128386 10.3627427965495,45.2109870316621 10.3627943817183,45.2107768281756 10.3628313905392,45.2106334856738 10.3628872168139,45.2104880132244 10.3630238390867,45.2103396710186 10.3632352301097,45.2101618558986 10.3632900896846,45.2100887978712 10.3632860845876,45.2099211753717 10.3632807141719,45.2096964088302 10.363347872732,45.2094612496419 10.3634804494588,45.2090309641409 10.3635766014068,45.2088811991153 10.363834087411,45.2086023254588 10.3639818476482,45.2084409879539 10.3640454568697,45.208283037176 10.3641044551621,45.2079322252468 10.3641834247692,45.2077121671657 10.3643093213967,45.2074820216383 10.3644322474744,45.207168655298 10.3646301620159,45.2065278968622 10.3648647144373,45.2059106196293 10.3651059411863,45.2052908803793 10.3653104486977,45.2048263889667 10.3654772072061,45.2046148069327 10.3655814528325,45.2044658959965 10.3656612099326,45.204279170908 10.3657257849694,45.204021176848 10.3657827686847,45.2037275482906 10.3659045473635,45.2033259689098 10.3659755087107,45.2031941274938 10.3661179433914,45.2029518735462 10.3664958572378,45.202413854641 10.3665507746513,45.2023155484121 10.3665951320056,45.2021983150653 10.3666111265642,45.2018134724568 10.3666846029475,45.2015696029736 10.366871675448,45.2010699445558 10.3669619332331,45.2008380320235 10.366968878187,45.200677899702 10.3669346717719,45.2004296069195</coordinates></LineString></MultiGeometry>
  </Placemark>
  <Placemark id="RIP_2026.7">
	<Style><LineStyle><color>ff0000ff</color></LineStyle><PolyStyle><fill>0</fill></PolyStyle></Style>
	<ExtendedData><SchemaData schemaUrl="#RIP_2026">
		<SimpleData name="CODICE_CAN">8204</SimpleData>
		<SimpleData name="NOME">SCARPOLE</SimpleData>
		<SimpleData name="NOME_TIPO">Fosso</SimpleData>
		<SimpleData name="NOME_COMPL">Fosso SCARPOLE</SimpleData>
		<SimpleData name="FUNZIONE">equamente ripartita</SimpleData>
		<SimpleData name="TRATTOGEST">dalla Roggia Vivaldina allo sfocio in Osone</SimpleData>
		<SimpleData name="COMUNI">Ceresara</SimpleData>
		<SimpleData name="PROVINCIA">MN</SimpleData>
		<SimpleData name="CODICE_SIB">10030</SimpleData>
		<SimpleData name="CAN_ALIMEN">Roggia Vivaldina</SimpleData>
		<SimpleData name="CAN_SFOCIO">Cavo Osone Vecchio</SimpleData>
		<SimpleData name="REGIME_PAT">non valorizzato</SimpleData>
		<SimpleData name="BACINO_IRR">MARCHIONALE</SimpleData>
		<SimpleData name="GERARCHIA">0</SimpleData>
		<SimpleData name="BACINO_SCO">Marchionale e Osone</SimpleData>
		<SimpleData name="NOTE">MN102</SimpleData>
		<SimpleData name="NORMATIVA">Allegato A</SimpleData>
	</SchemaData></ExtendedData>
      <MultiGeometry><LineString><coordinates>10.5531639855667,45.2804248514396 10.5521107055495,45.2792612128154 10.5511795465425,45.2782040846724 10.552036671825,45.2777957852411 10.551227613597,45.2768451787062 10.5494675504249,45.2747295128324 10.5500805047226,45.2744206986972 10.5491720441657,45.2735675851607 10.5482992786633,45.2727740798485 10.5485899644118,45.272628244665 10.5497987653767,45.2720545368614 10.5490160178677,45.2711791812168 10.5500773361501,45.2707646603519 10.5512180021225,45.2702918918863 10.5525177609756,45.2697169193642 10.5542880139764,45.2689569042818 10.5546480496764,45.2688019584806 10.5546447343122,45.2686805390083 10.5547338163402,45.2686078763601 10.5545964749187,45.268395396951 10.5540906106062,45.2678414021426 10.5533686119119,45.2670295537483 10.5526805105535,45.2662231939134 10.5515095702293,45.2650244632794 10.5511870309269,45.2647416316413 10.5500457471226,45.2634589654191 10.5487860740246,45.2622019328779 10.5477525312038,45.2611221221465 10.5477296363198,45.2609060732817 10.5471332198614,45.260253052977 10.5462492497234,45.2593515025039 10.5456789672322,45.2596597192387 10.5453037550889,45.2590036965283</coordinates></LineString></MultiGeometry>
  </Placemark>
  <Placemark id="RIP_2026.8">
	<Style><LineStyle><color>ff0000ff</color></LineStyle><PolyStyle><fill>0</fill></PolyStyle></Style>
	<ExtendedData><SchemaData schemaUrl="#RIP_2026">
		<SimpleData name="CODICE_CAN">8040</SimpleData>
		<SimpleData name="NOME">FUGA DELLA GRILLA</SimpleData>
		<SimpleData name="NOME_TIPO">Seriola</SimpleData>
		<SimpleData name="NOME_COMPL">Seriola FUGA DELLA GRILLA</SimpleData>
		<SimpleData name="FUNZIONE">equamente ripartita</SimpleData>
		<SimpleData name="TRATTOGEST">tutto il corso</SimpleData>
		<SimpleData name="COMUNI">Castel Goffredo</SimpleData>
		<SimpleData name="PROVINCIA">MN</SimpleData>
		<SimpleData name="CODICE_SIB">4480</SimpleData>
		<SimpleData name="CAN_ALIMEN">Fontanile</SimpleData>
		<SimpleData name="CAN_SFOCIO">Tartaro Fuga</SimpleData>
		<SimpleData name="REGIME_PAT">non valorizzato</SimpleData>
		<SimpleData name="BACINO_IRR">FUGA</SimpleData>
		<SimpleData name="GERARCHIA">1</SimpleData>
		<SimpleData name="BACINO_SCO">Vasi Tartari</SimpleData>
		<SimpleData name="NOTE">MN087</SimpleData>
		<SimpleData name="NORMATIVA">Allegato A</SimpleData>
	</SchemaData></ExtendedData>
      <MultiGeometry><LineString><coordinates>10.4616311207488,45.3250336272167 10.4614914020915,45.3248252079198 10.4615945928448,45.3247024237495 10.4616925368952,45.324572561733 10.4612684708542,45.3216700103882 10.4611134641028,45.320368047162 10.4612215385897,45.320041570694 10.4611458321455,45.3198742054717 10.4612383102958,45.3197091175555 10.461707394412,45.3186528115424 10.4624871924386,45.317078090414 10.463082507532,45.3158129588939 10.4638727249281,45.3140558985538 10.4642900866783,45.3131574322525 10.46440291382,45.3130166594268 10.4658394535234,45.3125695328792 10.4658587073328,45.3125242071747 10.4680164925054,45.3121356835006 10.4702490679838,45.3117662264037 10.4706271183675,45.3117126829054 10.470748823541,45.3116656607799</coordinates></LineString></MultiGeometry>
  </Placemark>
  <Placemark id="RIP_2026.9">
	<Style><LineStyle><color>ff0000ff</color></LineStyle><PolyStyle><fill>0</fill></PolyStyle></Style>
	<ExtendedData><SchemaData schemaUrl="#RIP_2026">
		<SimpleData name="CODICE_CAN">0079</SimpleData>
		<SimpleData name="NOME">TARTARO FUGA</SimpleData>
		<SimpleData name="NOME_TIPO">Canale</SimpleData>
		<SimpleData name="NOME_COMPL">Canale TARTARO FUGA</SimpleData>
		<SimpleData name="FUNZIONE">equamente ripartita</SimpleData>
		<SimpleData name="TRATTOGEST">tutto il suo corso compreso il Diversivo di Redondesco</SimpleData>
		<SimpleData name="COMUNI">Castel Goffredo, Casaloldo, Asola, Mariana Mantovana, Redondesco, Acquanegra sul Chiese</SimpleData>
		<SimpleData name="PROVINCIA">MN</SimpleData>
		<SimpleData name="CODICE_SIB">4323</SimpleData>
		<SimpleData name="CAN_ALIMEN">Fontanile</SimpleData>
		<SimpleData name="CAN_SFOCIO">Fiume Oglio</SimpleData>
		<SimpleData name="REGIME_PAT">demanio statale</SimpleData>
		<SimpleData name="BACINO_IRR">FUGA</SimpleData>
		<SimpleData name="GERARCHIA">1</SimpleData>
		<SimpleData name="BACINO_SCO">Vasi Tartari</SimpleData>
		<SimpleData name="NOTE">MN009</SimpleData>
		<SimpleData name="NORMATIVA">Allegato A</SimpleData>
	</SchemaData></ExtendedData>
      <MultiGeometry><LineString><coordinates>10.470748823541,45.3116656607799 10.4707569945629,45.3116625040449 10.4706879698854,45.3113493932419 10.4706683121275,45.3111114830236 10.4705497856722,45.3101832213159 10.4704945121435,45.309612341026 10.4704878593814,45.3093552107376 10.4707842238536,45.3088083841767 10.4711468293826,45.3082130721656 10.4714451546525,45.307742430347 10.471988646071,45.3068342204012 10.472610278579,45.3058163982155 10.4732061342836,45.3048465372102 10.4734250346371,45.3044378851663 10.4734722227622,45.3043304126041 10.4733947547368,45.3037904713654 10.4733335365815,45.3029910328981 10.4731897944548,45.3016115398668 10.473076075608,45.3004748834813 10.4730460450811,45.3002384220943 10.4730226651122,45.3001167303415 10.4729809021653,45.2999952757084 10.4729156158195,45.299924089842 10.4727541499269,45.299831432897 10.4726828452614,45.2997408574902 10.4727757136932,45.2994924285473 10.4726611344005,45.2990799075075 10.4724142420994,45.2984575507674 10.4723652639073,45.2978086323968 10.4723050497399,45.2977467898215 10.472127008081,45.2976084359236 10.4721112088985,45.2975841435865 10.4721198417701,45.2975269290018 10.4721578862665,45.297469335245 10.4722089997411,45.2974193597975 10.4722643604407,45.2973913922041 10.4723403613248,45.2973793809862 10.4725401331667,45.2973758440464 10.4732242647797,45.2966906403179 10.4735446446929,45.2965531369485 10.4747116291687,45.2962713364499 10.4746268674633,45.2961257221659 10.4743741153467,45.2957479223689 10.473322308809,45.2945218914822 10.4721452279564,45.2930711260199 10.470790569883,45.291493994216 10.4699164552925,45.2903904732082 10.4685095355024,45.2886937876196 10.4662676198543,45.2860132307272 10.4649205220246,45.2845348416239 10.4640210823087,45.2836417086229 10.4639303620182,45.2835888887802 10.4638402195677,45.2834578978058 10.4637568281535,45.2833637011788 10.4637269077609,45.2832497656165 10.4637111876525,45.2831632754393 10.4634965885903,45.2826896961051 10.4633132229917,45.2824624113306 10.4630809154565,45.2817433169884 10.4628079612489,45.281099006118 10.4626843988845,45.279966926462 10.4626775435326,45.2797002707725 10.4626930147873,45.2792523240406 10.4626582016751,45.2789479194403 10.4626194489699,45.2784901885402 10.4624031635044,45.2779499424971 10.462272464063,45.277589606058 10.4623232374512,45.277465110367 10.4624125173045,45.2772639102121 10.4625484157675,45.2768902038134 10.4626834276341,45.2764428149961 10.4628165032721,45.2759510184152 10.4629394593882,45.2753584334993 10.463143507108,45.2747883231419 10.4633064794882,45.2741948685141 10.4634134228185,45.2737602064009 10.4635890552192,45.2731947583739 10.463753775551,45.2726416640619 10.4638911418666,45.2721174540534 10.4640380034316,45.2715485843713 10.4641755398497,45.2710284071265 10.4643177382419,45.2704838873817 10.4644434844075,45.2699558828634 10.4645946428246,45.2693545993769 10.4647497535924,45.2687128228812 10.4649346771382,45.2680986808946 10.4650733361641,45.2674734229477 10.4652978197221,45.2667170049174 10.4654125519471,45.2660680220615 10.4655840908158,45.2654097242851 10.4657584432652,45.2648160156538 10.4658868180395,45.2642632246957 10.4660418350586,45.2636039013174 10.4661885741106,45.2630161327169 10.466315817919,45.2624571940824 10.4664454528035,45.2619911086872 10.4665570651334,45.261610994203 10.4665738370289,45.2616008221995 10.4669860783861,45.2613508093692 10.4674522853143,45.2610214605185 10.4675081062914,45.2608586245764 10.4674919174048,45.2607498834263 10.4677636731035,45.2605380465042 10.4679001045879,45.2603362354042 10.4678454861345,45.2601797481566 10.4676637469995,45.2598370201107 10.4676093384324,45.2591149471512 10.4675523879969,45.2584656589971 10.4674326096829,45.2578986691051 10.467374313666,45.2575993302602 10.4674019771797,45.2572988867747 10.4672546918403,45.2570792847343 10.4671601796856,45.2569447450475 10.4671967656575,45.2567942309558 10.4673556243527,45.2566778710129 10.4676851109848,45.2565093053109 10.4679618216652,45.2562556765236 10.4682085614889,45.2560167223638 10.4684062088843,45.2558355587748 10.4686827289685,45.2555747861355 10.4686825448248,45.255567643978 10.4690983891242,45.2552196374099 10.4691130421249,45.2551977155611 10.469300212808,45.2550030091391 10.469329802472,45.2549734345867 10.4695711617119,45.2546518737654 10.469879639838,45.2542491798718 10.4699828128709,45.2540147557996 10.4700202598515,45.2538016562897 10.4702774819897,45.2532821788019 10.4704152911342,45.2527603722668 10.4704449308723,45.2527155724497 10.4705147605439,45.2522859762365 10.4706481953438,45.2518081028223 10.4705335088123,45.2515398861667 10.4704458090046,45.251234715265 10.4704062639502,45.2507224268114 10.4703072808635,45.250158907076 10.4702853417578,45.2497876549692 10.4702449304387,45.2494743370346 10.4702344507846,45.2494601819987 10.4701719109654,45.2489965655337 10.4700938367485,45.2485188590247 10.4700544718547,45.2481692629191 10.4700167003073,45.2479591010733 10.4700118349226,45.2477167734079 10.470061611498,45.2471540528998 10.470148430778,45.2461299018173 10.4702088950928,45.2452881508755 10.4702541560017,45.2444911766704 10.470474187839,45.2437671644059 10.4708451018201,45.2427503569317 10.471024874482,45.2421025768203 10.4713951589304,45.2413357173651 10.4717990687149,45.2404492748719 10.4720786739628,45.2397805268201 10.4723109030878,45.2392057441422 10.4724745717353,45.2386324562586 10.4726836530719,45.2379207989684 10.4727807121573,45.2374238603441 10.472905283687,45.2371038130754 10.4729523574493,45.2368724739682 10.47281987006,45.2361965507859 10.4726472330657,45.2353892667114 10.4724850395084,45.2345911210229 10.4723271486594,45.2338213176961 10.4720929209941,45.2326163618297 10.4718390048244,45.2316985888923 10.4715814350693,45.2307301915365 10.4713043966536,45.2297906234256 10.471170197557,45.2292922038277 10.4711139434817,45.2290714338086 10.4710599025175,45.2289363753313 10.4713809542033,45.2288393560004 10.4716157031291,45.2284682335912 10.4719127114607,45.2279238107732 10.472062256122,45.2276202398694 10.4723246819901,45.2271261035044 10.4727596946311,45.2263319402328 10.4730717386501,45.2257952425758 10.4731654271958,45.225508236169 10.4729906536752,45.2253961697456 10.4724914152577,45.2250271028708 10.4720408783299,45.2246367545234 10.4716832921585,45.2244741925057 10.4716644487309,45.2244668200173 10.4712129936832,45.2242901698703 10.4707960288675,45.2241955093585 10.4707633068785,45.2241138156144 10.4713406503966,45.2223808166968 10.471769711941,45.2211820773467 10.4721402565087,45.2202627458158 10.4724433512016,45.2192880389366 10.472687900473,45.2185618858088 10.4726664167368,45.218526124981 10.4725771006127,45.2181922157024 10.4725001626306,45.2177573629952 10.4724097266618,45.2173869889962 10.4722696848292,45.2170529800601 10.4721717271513,45.2167827322135 10.4720557720189,45.2165984574499 10.4719422136739,45.2165070356026 10.4718157860965,45.216308604638 10.4717356464712,45.2159452427757 10.4717237381041,45.2157519220972 10.4718693777695,45.215546515946 10.4723673131963,45.2150179746584 10.4725142248686,45.2149743479027 10.4727346057792,45.2148963459516 10.4728717610963,45.2147724548339 10.4729924787124,45.2146525355629 10.4732299987301,45.2145867229725 10.4734164085912,45.2145301056199 10.473562617866,45.2144703115895 10.4734488988968,45.2143726956769 10.4734109296809,45.2142713333485 10.4736033467266,45.2140891854925 10.4738265033147,45.2139248354996 10.4738359088749,45.2137767240913 10.4738654884411,45.2136668647599 10.4740097721013,45.2135626153629 10.474164859018,45.2133274356612 10.4742184727887,45.2130552343102 10.474352372225,45.2127605616972 10.4745406719749,45.2126152315445 10.4747714309933,45.2123851750666 10.4749307625179,45.212232056634 10.4750872674445,45.2120580106419 10.4751628968435,45.2117780215451 10.475272551228,45.2114054235108 10.4754180074084,45.2107976133508 10.4755757009514,45.2102297298861 10.4757350623888,45.2096621468522 10.4758868474314,45.2091682505586 10.4760018794651,45.2085560816101 10.4760950944897,45.2080366510029 10.47612294154,45.2075504306303 10.4761606420166,45.2072015537165 10.4763508328831,45.2069830317546 10.476435391452,45.2068072692746 10.4765126777332,45.206477936855 10.4765552457529,45.2060944098919 10.4765480364611,45.2058158481243 10.4764272843254,45.2054458685943 10.4763085664476,45.2051544575527 10.4763016892028,45.2048977806724 10.4762722910526,45.2047598904708 10.4761589857894,45.2042561204475 10.4759807012955,45.2036153735854 10.4758002632197,45.2032818894824 10.4757143918535,45.2026971088847 10.4756089271855,45.202526990908 10.475519356461,45.2023852476036 10.4753244438387,45.2022734445737 10.4752410339762,45.202174491678 10.4751061909795,45.2018806779881 10.4750827885605,45.2015263397101 10.4751010951659,45.2010616778826 10.4751904885477,45.2006103886435 10.4752700320374,45.2002469222063 10.4754503981463,45.1999139665199 10.4755523067379,45.1996419446395 10.4757287954133,45.1994324590039 10.4758878490457,45.1993303745242 10.4760974151702,45.1992276368549 10.476265645931,45.1990897075494 10.4764627052104,45.1988942457955 10.4766380795743,45.1986419037781 10.4768781325767,45.1985459159024 10.4774031434064,45.1983319220595 10.4777328191678,45.1981847570079 10.4779923336199,45.1980599347467 10.4781216273691,45.1979796670091 10.4782072690907,45.1976550874825 10.4783122006171,45.1975342107898 10.4783635617344,45.1971762954084 10.4784293894332,45.1965966976245 10.4785489811247,45.1957520382341 10.4786669802472,45.1952360704946 10.4787216678137,45.1950067216923 10.4789697678208,45.1948320300763 10.4792375148754,45.1946356478049 10.4795236113989,45.194367577565 10.4797002546796,45.1941652290976 10.4797556790201,45.1939644504053 10.4798204622491,45.1937349710966 10.4798468786179,45.1935845831693 10.4799136991238,45.1934336724813 10.4801322250728,45.19328794088 10.4802796711696,45.1931288402391 10.480391729654,45.1930267185795 10.4806528104222,45.1927033513361 10.480693398797,45.1926658696959 10.4808499828729,45.1925212675659 10.4811553365112,45.1922172176955 10.4812780401864,45.1921013843957 10.4816068529061,45.1918817100907 10.482069120401,45.1915925618075 10.4825429886808,45.1913072055374 10.4831324891673,45.1909182074166 10.4836935782559,45.1905338682787 10.4842430557075,45.1901457327719 10.4847210350846,45.1898238708019 10.4850896171261,45.18963680341 10.4852799083992,45.1895204755719 10.4854708823126,45.189439467281 10.4861855372965,45.1892985369176 10.4865547315596,45.1892379244939 10.4867635538197,45.1891727063971 10.4869141713507,45.1890844833285 10.4869649967152,45.1889377509087 10.4869292080141,45.188772674928 10.4868919774058,45.188620656589 10.4868914266146,45.1885987726633 10.4868839840162,45.1883130682744 10.4868868288849,45.1880343754182 10.4870785308284,45.1877971340866 10.4874408456824,45.1874414732218 10.4880025027531,45.1870653579839 10.4885579100941,45.1866772331197 10.4891936778447,45.1862954775649 10.4897136292009,45.1860112302653 10.4900712644565,45.1857779255897 10.4903312547401,45.1856745035231 10.4906402686406,45.1856131564154 10.4910293004015,45.1853224332088 10.4913471702617,45.1850235473443 10.4916663190085,45.1845959805898 10.4919419962858,45.1842219349261 10.4921632793107,45.1837802831723 10.4925111466117,45.1832226464714 10.4927797113163,45.1828163865353 10.4929892240989,45.1825003943024 10.4930442921638,45.1820169822028 10.4931536864772,45.1819345557716 10.4933901587614,45.1817190800539 10.4936530772103,45.1815759273579 10.4940023545758,45.1814511084429 10.4942311012169,45.1813167451416 10.4945366177249,45.1811324849981 10.4948169632558,45.1810359308192 10.4950660753645,45.1809040609337 10.4954212156449,45.180660094195 10.4956262286988,45.1805060093172 10.4957756587303,45.1803895238775 10.4959834260949,45.1801666071104 10.4962010838118,45.1800405667167 10.4964750098336,45.1798930891745 10.4967655604178,45.179733117494 10.4969810110449,45.1796270516941 10.497255095829,45.1794320941581 10.497396216898,45.1793750380196 10.4977632046732,45.1791610670522 10.4979918658024,45.1790433119916 10.4981620339537,45.1788852288713 10.4982990135464,45.1786217421666 10.4984484647611,45.1784889363227 10.4985884298828,45.1783079876209 10.499016516011,45.1778116746404 10.4993459492493,45.1773595923843 10.4996066620144,45.1770384397777 10.4998484118193,45.1768187161211 10.5002711583862,45.1766640922388 10.5003848898816,45.1765160085045 10.5004967071406,45.176323466293 10.500643679257,45.1761503952404 10.5009047572373,45.175970819261 10.5013178768949,45.17586887603 10.5018399176141,45.1757726739736 10.5024019534924,45.1756756084316 10.5031272565258,45.1755183842713 10.5036245138615,45.1753782094047 10.5044095254955,45.175146873154 10.5051438016272,45.1749328074544 10.5053640296317,45.17486737331 10.5056115655723,45.1746395342974 10.5058767199676,45.1742899543066 10.5061896785113,45.1739878831231 10.506453124506,45.1737313817173 10.5067751088692,45.1735059785391 10.5069336556022,45.1733366937958 10.5070627602475,45.1731478182214 10.5070990908972,45.1730620803151 10.5070999162938,45.1729487915379 10.5069611700051,45.1727818810771 10.5068295315554,45.172647180031 10.5068308821666,45.172546014965 10.5070277260473,45.1724689463557 10.5075863559095,45.1721615680924 10.5080866204625,45.1718271292902 10.5083481273621,45.1715261663772 10.5086621016776,45.1712483388575 10.5090014995118,45.1708971448275 10.5091949648901,45.1706097849662 10.509434425414,45.1702110491077 10.5095638745149,45.1700382249255 10.5097810511781,45.1697475821868 10.5098975140008,45.1695866544553 10.5100756154564,45.1693094453914 10.5101677672594,45.1690649720625 10.5102398943159,45.1688601135151 10.5103137502365,45.168652921725 10.5104062658594,45.1683473871766 10.5104380653666,45.1682746755531 10.5105032173186,45.1681071330465 10.5105420551017,45.1679795991608 10.5105672264615,45.1678978116298 10.5105620848585,45.1675554804114 10.5106421496186,45.1673621003073 10.5107095861071,45.16704372499 10.5107174478705,45.1667672764975 10.5107099574933,45.1666274147179 10.5107693493233,45.1662917065447 10.5108493118234,45.1657777566884 10.5109576627616,45.1654051806324 10.5110591305041,45.1650711512556 10.5111439902054,45.1646827881063 10.5113866005684,45.1638062744883 10.5114351011638,45.1636325817464 10.5109980990036,45.1623326592926 10.5109886951205,45.1621682289679 10.5113585586707,45.1618982560117 10.511693304993,45.1615723026121 10.5118336782484,45.1614101637181 10.5119685058963,45.1613546564228 10.5123899545161,45.1611837212819 10.5127244895457,45.1609863467902 10.5131144625283,45.1607032328689 10.513458342527,45.1603414281991 10.5136821396015,45.1598612273323 10.512146044425,45.1589782366331 10.5121382874725,45.1589737773032 10.5103632457558,45.1578673594798 10.5075565565043,45.1562436572528 10.507143317377,45.1560745876374 10.5043835211044,45.1543906084436 10.5026312439957,45.153396830947 10.5019668139969,45.1530417275722 10.5015852033634,45.1527600190261 10.5010537166852,45.152439318461 10.500734320852,45.1522039675512 10.5001337366799,45.1519284234142 10.4995869721508,45.1516056017018 10.4983002248899,45.1508549592445 10.4976336528805,45.150387531155 10.4969736363013,45.1499331792637 10.4964915904398,45.1496432613989 10.4959594046801,45.1495396146936 10.4955746515664,45.1494993429381 10.4955085110128,45.1492904056526 10.495494120356,45.1490884465022 10.4955458343587,45.1488792133617 10.4957063037686,45.1485354941572 10.4960139944549,45.1482532645912 10.4961885730621,45.1481956730278 10.496337519961,45.1479625835169 10.4963596781595,45.147861353248 10.4964343806952,45.1477930809995 10.4966279029719,45.1478019136332 10.4968913599204,45.1477973314444 10.4970659460014,45.1477540814656 10.4971594763519,45.1476943392707 10.4971581361739,45.147643155446 10.4968029906973,45.1472645324474 10.496827635473,45.147179361349 10.4969233014344,45.147119587421 10.4970487537757,45.1470184696208 10.4970475668765,45.1469731353685 10.4969880958546,45.1469124733839 10.4967507500344,45.1468482915407 10.4964726480466,45.146727590359 10.4964008935412,45.1466714777421 10.4963845909124,45.1466014723193 10.4964770483673,45.1464217871511 10.4964656440451,45.14630197903 10.4964606808501,45.146032464313 10.4964212902517,45.1459500020323 10.4963661835837,45.1458980599021 10.4961816147183,45.1458756092453 10.4961237152245,45.1457169120746 10.4961007932908,45.1455519049908 10.4959717282496,45.1452886447149 10.4958724298082,45.1451199006523 10.4959067013055,45.1450073242135 10.4960088009401,45.1448801773745 10.4962412402266,45.1446781776871 10.4963278402257,45.1445117354178 10.496434338845,45.1444737673084 10.4965347912309,45.1445207264167 10.4967492439618,45.1447373501907 10.496917239404,45.1447585543094 10.4969589505999,45.1446936399795 10.4969171607468,45.1445186401051 10.4969960047622,45.144395887831 10.4971071572093,45.1443537674927 10.4973256256965,45.1443289593968 10.4974746009131,45.1443343202359 10.4976089195755,45.1443325586241 10.497759191531,45.1441506511562 10.4978433388164,45.1440486074034 10.4978535501571,45.1438070952908 10.4978276423178,45.1437650111028 10.4975583902956,45.1435081468985 10.4974956306287,45.1434007155376 10.4974930649563,45.143302735014 10.4973430498671,45.1430169321359</coordinates></LineString><LineString><coordinates>10.5102058994341,45.1689566675074 10.5100592177946,45.168913717832 10.5101151761826,45.1687379230108 10.5101336715889,45.1686733725672 10.5099883467952,45.1685252474998 10.509382284227,45.1679509354244 10.5091191493334,45.167740060637 10.5085017298206,45.1673087958041 10.5081307924382,45.1670314644553 10.5078328927578,45.1668424811198 10.5076254898369,45.1666380119789 10.5068286687931,45.1661055027057 10.5070849680082,45.1658663320093 10.5072364745777,45.1656749871681 10.5075242455687,45.1652889255519 10.5078969852134,45.1648695881984 10.5080795299783,45.1647064127075 10.5082668391665,45.1645324563402 10.5086156474223,45.1641634483826 10.5094125153981,45.1633598113372 10.5099149695515,45.1628815916774 10.5102338464019,45.1625272646667 10.5104268507217,45.1623782372161 10.5109328757172,45.1620357226758 10.5111171969923,45.1619403971991 10.5113539289547,45.1617264835548 10.5114522440512,45.1616251507864 10.5115000791462,45.1615244861668 10.5118271986444,45.1612915122401 10.5124010966414,45.1610338336735 10.5127488738737,45.1608184462214 10.5131644822314,45.1604949822876 10.5133468089611,45.1603246560386 10.5134721898166,45.1601014960351 10.5135224199144,45.1599007673527 10.5136108840308,45.1598202687017</coordinates></LineString><LineString><coordinates>10.4653394323559,45.3343036170894 10.4650941829903,45.3342210252703 10.4651307576249,45.334068133033 10.465602085262,45.3334904995095 10.4668051533607,45.3319603504056 10.4673124003218,45.3312060082789 10.4680168587407,45.3302443100911 10.4681727179945,45.3300041454874 10.4683356752103,45.3295162005084 10.4691791953483,45.3276667447247 10.4693307073191,45.3272589672731 10.4699599429925,45.3260029032677 10.4704691319499,45.3248055387932 10.4707653269361,45.324249189645 10.4709179528941,45.3238852181327 10.4710783051232,45.323298226994 10.4721503668732,45.3229795701296 10.4720834506691,45.3222462496789 10.4718818202728,45.3209538861895 10.4718258789573,45.3203582477695 10.4717711935772,45.3197710004311 10.4716588688303,45.3187578747876 10.4715703623694,45.3183133409131 10.4715133428256,45.317675799813 10.4714342609299,45.3172290721726 10.4713487685731,45.3165347385257 10.4713129542303,45.3161544492464 10.4712118099257,45.3153769599572 10.4710779655613,45.3143140954641 10.4710153315579,45.3138504846976 10.4709114912184,45.3132041853452 10.4708031964711,45.3121098639939 10.4707764143883,45.3118541101734 10.4707586390385,45.3116787305029</coordinates></LineString></MultiGeometry>
  </Placemark>
  <Placemark id="RIP_2026.10">
	<Style><LineStyle><color>ff0000ff</color></LineStyle><PolyStyle><fill>0</fill></PolyStyle></Style>
	<ExtendedData><SchemaData schemaUrl="#RIP_2026">
		<SimpleData name="CODICE_CAN">2059</SimpleData>
		<SimpleData name="NOME">SERIOLAZZA DI CASALOLDO</SimpleData>
		<SimpleData name="NOME_COMPL">SERIOLAZZA DI CASALOLDO</SimpleData>
		<SimpleData name="FUNZIONE">prevalentemente bonifica</SimpleData>
		<SimpleData name="TRATTOGEST">tutto il suo corso</SimpleData>
		<SimpleData name="COMUNI">Casaloldo</SimpleData>
		<SimpleData name="PROVINCIA">MN</SimpleData>
		<SimpleData name="CODICE_SIB">4343</SimpleData>
		<SimpleData name="CAN_ALIMEN">Tartaro Fabrezza</SimpleData>
		<SimpleData name="CAN_SFOCIO">Vaso Zenerato / Vaso Corgolo</SimpleData>
		<SimpleData name="REGIME_PAT">non valorizzato</SimpleData>
		<SimpleData name="BACINO_IRR">FABREZZA</SimpleData>
		<SimpleData name="GERARCHIA">2</SimpleData>
		<SimpleData name="BACINO_SCO">Vasi Tartari</SimpleData>
		<SimpleData name="NOTE">MN104</SimpleData>
		<SimpleData name="NORMATIVA">Allegato A</SimpleData>
	</SchemaData></ExtendedData>
      <MultiGeometry><LineString><coordinates>10.4970108533209,45.2579631496464 10.4961712949072,45.2581963958129 10.4954111022552,45.258456377907 10.494576627643,45.2587339962529 10.4941548588093,45.2582505665506 10.4940144686715,45.2582968521735 10.4935067806389,45.2575367340579 10.4929817347805,45.2567911944027 10.4931113385991,45.2565438611756 10.4929786581464,45.2561168029467 10.4928053028932,45.2557456907004 10.4926466293693,45.2554543964909 10.4932088616744,45.2552959205951 10.493463736289,45.2552359154648 10.4929211337845,45.2543429020904 10.4927214115956,45.2540712080656 10.4928013266327,45.2539473444393 10.4916466771561,45.2525371120467 10.4918553526844,45.2523954821098 10.4921186322364,45.2522364701118 10.4926504308662,45.2521183983447 10.4940273858331,45.25183370181 10.4945591765619,45.2517156221437 10.4950420341373,45.2515315052872 10.4958044641852,45.2512103772935 10.4968496680962,45.250874428052</coordinates></LineString><LineString><coordinates>10.4814245851967,45.272738241468 10.4822896697115,45.2726130757224 10.4830851904066,45.2724725285762 10.4835442628088,45.272396031162 10.4841793065797,45.2722901151709 10.4843717760689,45.2723038926412 10.4846020894189,45.2722954742129 10.4851066813172,45.2721966751296 10.4859333407011,45.2720719805886 10.4864766207179,45.271983524229 10.4866551585462,45.2719052379204 10.4873536822069,45.2712884389717 10.4881089639152,45.2704918395359 10.4896053713783,45.2690941440117 10.4898746579412,45.2688139086479 10.4903652842645,45.2683300247525 10.4904530556725,45.2681606748287 10.4908883363342,45.2677643262449 10.491513507732,45.2672841076104 10.4922535990251,45.2666450316436 10.4921621403343,45.266380354047 10.4919642893955,45.2658674711855 10.4918570445862,45.2655867211995 10.491751510091,45.2652245605144 10.491827037946,45.2651747404985 10.4922253029877,45.2651261312798 10.4928996498332,45.2650576358657 10.4935964667589,45.2649671380669 10.4940374388998,45.2649255485954 10.4940639974212,45.2649230434365 10.4941907959948,45.264833405149 10.4943811634875,45.2645959560037 10.4946321419625,45.2643630547135 10.4959769916789,45.2628823004548 10.49612955286,45.2626453445048 10.4962284996966,45.2623823896137 10.4963517873179,45.2618948378941 10.4964189347809,45.26128520205 10.4965872496029,45.2602096627365 10.4967186295915,45.2594550052211 10.4968558796094,45.258636191244 10.4969424861273,45.258191838933 10.4971415996258,45.2574256132846 10.4971187633659,45.2571322139502 10.4969877291449,45.2567494525325 10.4969152167946,45.2565795232239 10.4966119662696,45.2557523621664 10.4971692808354,45.2554737614903 10.4971979347787,45.2545184144502 10.4972271584201,45.2535847643168 10.4972679793587,45.2525111048869 10.4971024657596,45.2520176424635 10.4969287454751,45.2512118245851 10.4968088427018,45.2507123762679 10.4966410590389,45.2498418335028 10.4967691366812,45.2497491760396 10.4969211430828,45.2496874986488 10.4970865106824,45.249549682665 10.4972356641683,45.2493795222164 10.4974244935538,45.2492576765141 10.4975688189217,45.2491960989816 10.4981179710614,45.2490478241078 10.4986064044489,45.2489274723647 10.4989419791677,45.2488362540863 10.4996768371793,45.2487397951772 10.4998218739109,45.2487053352356 10.5002393542023,45.2486618716479 10.5004982822051,45.24857708191 10.5007089943498,45.2484115349977 10.5008909913876,45.2483223283607 10.5011720934538,45.2482046897013 10.501499694916,45.248102716434 10.501697190352,45.2480187317501 10.5018719359206,45.2479458964224 10.5020394312006,45.2478894346129 10.5023833867308,45.2478252266493 10.5031214923644,45.2477069982583 10.5036505872477,45.2476729051603 10.5042699600563,45.2475670841529 10.5047811156288,45.2474355552378 10.5050108933474,45.2474108242138 10.5054131481234,45.2473729685021 10.5056046762511,45.2473541666843 10.5058747091291,45.2473994411434 10.5062913490523,45.2474699127081 10.5067011717704,45.2475730277371 10.5068477789375,45.247598223865 10.5070694471725,45.2475573181951 10.5074416688483,45.2474004802559 10.5077837477492,45.2472657427769 10.5094036705732,45.2466050495461</coordinates></LineString><LineString><coordinates>10.4967691366812,45.2497491760396 10.4965306307838,45.2498232001421 10.4962252510666,45.2497565199818 10.4960696499362,45.2496123230922 10.4958703553606,45.2493809575294 10.4957410694512,45.2491876711308 10.4957096381697,45.2490418480815 10.4956907227808,45.2488471158598 10.4957157567355,45.2487492984056 10.495587496069,45.2485949940236 10.494771697756,45.2474845376183 10.4942264218844,45.2468285244835 10.4948216556135,45.2464824324033 10.4953537001623,45.2461759343977 10.4952929947752,45.2460641132711</coordinates></LineString><LineString><coordinates>10.4942264218844,45.2468285244835 10.4941533005259,45.2466940011069 10.4946893919131,45.2463826099859 10.4952929947752,45.2460641132711 10.4946620091458,45.2453502526969 10.4943253267777,45.2449564443537 10.4942438116699,45.2449235232592</coordinates></LineString></MultiGeometry>
  </Placemark>
  <Placemark id="RIP_2026.11">
	<Style><LineStyle><color>ff0000ff</color></LineStyle><PolyStyle><fill>0</fill></PolyStyle></Style>
	<ExtendedData><SchemaData schemaUrl="#RIP_2026">
		<SimpleData name="CODICE_CAN">0102</SimpleData>
		<SimpleData name="NOME">REDONE INFERIORE</SimpleData>
		<SimpleData name="NOME_TIPO">Scolo</SimpleData>
		<SimpleData name="NOME_COMPL">Scolo REDONE INFERIORE</SimpleData>
		<SimpleData name="FUNZIONE">solo bonifica</SimpleData>
		<SimpleData name="TRATTOGEST">tutto il corso</SimpleData>
		<SimpleData name="COMUNI">Monzambano</SimpleData>
		<SimpleData name="PROVINCIA">MN</SimpleData>
		<SimpleData name="CODICE_SIB">0</SimpleData>
		<SimpleData name="CAN_ALIMEN">Fosso Bassa Guardola</SimpleData>
		<SimpleData name="CAN_SFOCIO">Fiume Mincio</SimpleData>
		<SimpleData name="REGIME_PAT">non valorizzato</SimpleData>
		<SimpleData name="BACINO_SCO">Bacino collinare</SimpleData>
		<SimpleData name="NOTE">MN024</SimpleData>
		<SimpleData name="NORMATIVA">Allegato A</SimpleData>
	</SchemaData></ExtendedData>
      <MultiGeometry><LineString><coordinates>10.6340873028556,45.3728214646913 10.6340551443505,45.3726726829105 10.6336487240614,45.371938925636 10.6335047098665,45.3716313752528 10.6335605700766,45.3714590994973 10.6336972164452,45.3712761414646 10.633828066768,45.3711266088774 10.6336840171597,45.3710524579903 10.6335868417788,45.3709633466322 10.6334399893913,45.3703224098373 10.6334701998062,45.3701981334101 10.6335687818241,45.3701014583388 10.6339816900807,45.3698907312624 10.634125634875,45.3697267212002 10.6342981412287,45.3693812989828 10.634359380222,45.3691613133679</coordinates></LineString><LineString><coordinates>10.6957975538639,45.3821452133347 10.6955731083227,45.3820522474698 10.6949617336315,45.3819889035561 10.6948956735874,45.3819898850021 10.6943234734945,45.3820087291876 10.6939925602188,45.3819929491348 10.6937440873874,45.3820328510804 10.6934023595677,45.3821465631992 10.693128542229,45.3823213471119 10.6929689186436,45.3823857953553 10.6927202876878,45.3824205243263 10.6923400018378,45.3824727250909 10.6919250217937,45.3825926923784 10.6916766990419,45.3826377615801 10.6912889150698,45.3826848968359 10.6908427203994,45.382743242774 10.690503604215,45.3829448544889 10.6901824052541,45.383254841089 10.6899550808107,45.3835117021401 10.6898211731009,45.383699926629 10.6895507773683,45.3838715413007 10.6892512190969,45.3839225363732 10.6889165015665,45.3840257842407 10.6875235488095,45.3843795584341 10.6868716340816,45.3857630168448 10.6866228124892,45.3857458370613 10.6864019580775,45.3857166652514 10.6862060296482,45.385665499164 10.6860026261705,45.3855351554973 10.6858294799174,45.3853899481829 10.6856464271797,45.3852556983801 10.6854838299962,45.3851211463495 10.6852483575418,45.3849444216743 10.6850960978279,45.3848133206665 10.684860411247,45.3846293909499 10.6847030396648,45.3844983648373 10.6845143437898,45.3843461766246 10.6843010453017,45.3842267874114 10.6841041583888,45.3841431963225 10.6839215895529,45.3840897868599 10.6837451592416,45.3840058934794 10.6834481440882,45.3839958587653 10.6831259876227,45.3840006113469 10.6827733659834,45.3840130202737 10.6825943907664,45.384015659442 10.6823689657882,45.3840045670045 10.6822398425861,45.383963222265 10.6820552195761,45.3839479230568 10.6818041202477,45.3839336044482 10.6815164769511,45.3838945953009 10.6812140286298,45.3838738232391 10.6809361859622,45.3838202517456 10.6805977431656,45.3837603262843 10.6802330791654,45.3837116358996 10.6798836484208,45.3836591161011 10.6795503071279,45.3836315867111 10.6792069523939,45.3836114118943 10.6788836241533,45.3835765250157 10.6785868250329,45.3835736827679 10.6782796922215,45.3835673883798 10.6779882198951,45.3835716745795 10.677505419129,45.3836796870334 10.6770430720146,45.3837873961512 10.6768194609786,45.383837534808 10.6766083892985,45.3838849937365 10.6763635856982,45.3839198207913 10.6760023815384,45.3839705536906 10.6756289240132,45.3840157862927 10.6753238634075,45.3840571742801 10.6751026412804,45.3840717785374 10.6748935039913,45.38408620511 10.6747426934186,45.3841650753773 10.674432456804,45.384226059954 10.6741950928048,45.3842658788367 10.6739763891995,45.3842827123285 10.6737771529662,45.3843038030409 10.6735404567657,45.3843663185157 10.6732981223634,45.3844561686509 10.6731517787864,45.3845219013706 10.6730528258284,45.3846641505691 10.6729411181068,45.3848111295319 10.6727994672101,45.3850357580311 10.6726864163077,45.3851373373318 10.6724713281671,45.3852767459505 10.6722958427074,45.3854473679043 10.6722519383557,45.385488888761 10.6721340491976,45.3856450398122 10.6719342584637,45.3858659782731 10.6717152659427,45.3860917395753 10.6715604482681,45.3863074759716 10.671417313641,45.3864821650606 10.6713341883603,45.3867241024587 10.671299045129,45.3869811259107 10.6712746047138,45.3871700072203 10.6712333971256,45.3872992307644 10.6711763579222,45.3874004937287 10.671087804258,45.3875356957175 10.6709707117326,45.3876360767314 10.6708606521517,45.3877204979203 10.6707231424316,45.3878070821967 10.6705482881897,45.3878995000452 10.6704370314808,45.387943414215 10.6702086777889,45.388045143838 10.6700567384771,45.3881513200877 10.6699487085795,45.3882198539105 10.6698350556151,45.3882673265665 10.6696295220687,45.3883372858708 10.6694762831417,45.3883994330959 10.6693184051898,45.388473980693 10.6691859435122,45.388562251775 10.6690437411562,45.3886594747051 10.6688911733408,45.3887445152874 10.6687508987406,45.3888223288512 10.6686226064408,45.3888823478905 10.6685166058461,45.3889349930029 10.668193531064,45.3890784619645 10.6681548269679,45.3891230755266 10.6680577782833,45.3892249231751 10.6679733845129,45.3893318705866 10.6677981583648,45.3894119559685 10.6675770468784,45.3894627582613 10.6673136938346,45.3895229874391 10.6668754853808,45.389591056869 10.6665396770239,45.3896541043588 10.6664226884831,45.3896734318355 10.6662462954078,45.3896960149903 10.6660630089961,45.3896722622496 10.6658277377152,45.3896668877472 10.6657719070158,45.3896395126538 10.6656149297253,45.3895748512928 10.6654624359452,45.3894925068677 10.6652208334388,45.3893568423999 10.6649556000248,45.389204514808 10.6647258791956,45.3890475327564 10.6645748024356,45.3889281655006 10.6644218982448,45.3888317295341 10.6642943055174,45.3887454956504 10.6640920224434,45.3886709222042 10.6639072386998,45.3885960925107 10.663661078651,45.3885357154842 10.6633835909577,45.3884849243515 10.6630641707835,45.3884521905882 10.6627933170869,45.3883863456455 10.6625261484048,45.3883254304605 10.662220220316,45.3882700656137 10.6614414448993,45.3880299373201 10.6609592326666,45.3878746542786 10.6604677443483,45.3876992393229 10.6598075985191,45.3875034662413 10.6596544299492,45.3874542326422 10.6595331339525,45.3875526133997 10.6591875055894,45.3877222914751 10.658711347491,45.3879621057297 10.658364818022,45.3881159501988 10.6581010372103,45.3882313885757 10.6580494712217,45.3882901285785 10.6580039765892,45.3883314293856 10.65752364469,45.3883461491941 10.6569643549043,45.3883852353333 10.6565883137836,45.3883965016497 10.655891380867,45.388425969318 10.6551277737647,45.3884491647637 10.6550042544449,45.388422138094 10.6548930210041,45.3883488237837 10.6547367647118,45.3882281305535 10.6546076029678,45.3881012809437 10.6544675383293,45.3879745900544 10.6543656944116,45.3878492652539 10.6542156787164,45.3877553787492 10.6540489464103,45.3876424694791 10.6538095114275,45.3875372028275 10.6534831382247,45.3874280980049 10.6532258550613,45.3873723602075 10.6530995996471,45.3873436059189 10.6529314853574,45.3873681297684 10.6526523910318,45.3874741133693 10.6525052478503,45.3875560983996 10.6522231404888,45.3877363713574 10.6519658091088,45.3879811966824 10.6518899731871,45.3880480495782 10.6514609427428,45.3882734418284 10.6509809247726,45.38849823655 10.6505943240837,45.3886988605202 10.650141101211,45.3889193820876 10.6497781815542,45.3891026196983 10.649729155096,45.3891298946044 10.6492221047398,45.3890233580443 10.6488674192417,45.3889246638603 10.6478626584317,45.3887185949205 10.6476854539936,45.3887307744327 10.6472293466257,45.3887806567283 10.6466506463659,45.3888419266262 10.646575277155,45.3888333927876 10.6464880503281,45.3886518446651 10.6462811432024,45.3883469453952 10.6460290906136,45.3878983750311 10.6457683444241,45.3875352820589 10.6456969897022,45.3874070014142 10.6448118508571,45.386868494109 10.6442856338982,45.3867127392911 10.6441920078369,45.3864826912592 10.6439927342018,45.3859410995672 10.6437417740533,45.3852442345032 10.6435719255263,45.3848009453458 10.6435876073467,45.3845075578523 10.6435627630479,45.3840644479819 10.6435368266689,45.3837902931934 10.6435000063899,45.3835543077967 10.6433386786978,45.3829960228167 10.6430428309706,45.3825103564196 10.6427194690895,45.3819026034406 10.6424173993227,45.381615530199 10.6420568758573,45.3813799789225 10.6417680206395,45.3811349483317 10.64136407167,45.3808402249024 10.6410268704646,45.3805462726842 10.6407891652239,45.380392819838 10.6405633555075,45.3802840161083 10.640300995998,45.3801944120993 10.6400761609644,45.3801192081146 10.6397256594327,45.3800980999249 10.6392371644201,45.3800715032413 10.6388923947324,45.3800652506826 10.6384846830551,45.3800823109433 10.6382139942055,45.3800712577802 10.638050582766,45.3801034838601 10.6368629295235,45.3801875989297 10.6362105981988,45.3801743652597 10.6352194235307,45.3802145808166 10.6349680398459,45.3802179436372 10.6345203691804,45.3802446061054 10.6342331088478,45.3798364530759 10.6340906993177,45.3795854442586 10.6339512275937,45.3792897378939 10.6337543569985,45.3790543930129 10.6334016224258,45.3786873114132 10.63324301534,45.3784603493604 10.6332545921308,45.3782756084177 10.6333733628823,45.3779065367514 10.6333771121991,45.377836233711 10.6334480318444,45.3775015527925 10.6338322888615,45.3761279205436 10.6339181366488,45.3759259975548 10.6349974184954,45.3750367488902 10.6349955586522,45.3746785027342 10.635208745067,45.3744306279484 10.6351885301374,45.3743174640673 10.6349987271222,45.3742007596879 10.634827586943,45.3741435002404 10.6345715646044,45.3740814840949 10.6344102738329,45.3740718524424 10.6341381714571,45.3740399221467 10.6339421362913,45.3740009312729 10.6337461013605,45.3739619391587 10.6336612799839,45.3739191188455 10.6335753955119,45.3738350765653 10.6335553233643,45.3737177463051 10.6335471707514,45.3735796629736 10.6335482083923,45.3734708520705 10.6335439738236,45.3733238913327 10.6336002527799,45.3732495746638 10.633714085095,45.3731450297637 10.6340873028556,45.3728214646913</coordinates></LineString><LineString><coordinates>10.6344220003883,45.370748561247 10.6342229508995,45.3708764451779 10.6340909364617,45.370985507336 10.633983224382,45.3710584972858 10.6338916282786,45.3711044633093 10.633828066768,45.3711266088774</coordinates></LineString></MultiGeometry>
  </Placemark>
  <Placemark id="RIP_2026.12">
	<Style><LineStyle><color>ff0000ff</color></LineStyle><PolyStyle><fill>0</fill></PolyStyle></Style>
	<ExtendedData><SchemaData schemaUrl="#RIP_2026">
		<SimpleData name="CODICE_CAN">0097</SimpleData>
		<SimpleData name="NOME">PIUBEGA</SimpleData>
		<SimpleData name="NOME_TIPO">Seriola</SimpleData>
		<SimpleData name="NOME_COMPL">Seriola PIUBEGA</SimpleData>
		<SimpleData name="FUNZIONE">equamente ripartita</SimpleData>
		<SimpleData name="TRATTOGEST">dallo sbocco al confine di provincia</SimpleData>
		<SimpleData name="COMUNI">Castiglione delle Stiviere, Medole, Castel Goffredo, Ceresara, Piubega, Gazoldo degli Ippoliti</SimpleData>
		<SimpleData name="PROVINCIA">MN</SimpleData>
		<SimpleData name="CODICE_SIB">4332</SimpleData>
		<SimpleData name="CAN_ALIMEN">Fontanile</SimpleData>
		<SimpleData name="CAN_SFOCIO">Cavo Osone</SimpleData>
		<SimpleData name="REGIME_PAT">demanio statale</SimpleData>
		<SimpleData name="BACINO_IRR">PIUBEGA</SimpleData>
		<SimpleData name="GERARCHIA">1</SimpleData>
		<SimpleData name="BACINO_SCO">Marchionale e Osone</SimpleData>
		<SimpleData name="NOTE">MN019</SimpleData>
		<SimpleData name="NORMATIVA">Allegato A</SimpleData>
	</SchemaData></ExtendedData>
      <MultiGeometry><LineString><coordinates>10.4681525746847,45.3425589724129 10.4686730260089,45.3425071834137 10.4703306975237,45.3423572548433 10.4727010856961,45.3421481046223 10.4739841856774,45.3420100965386 10.4765066474653,45.3418060495713 10.477456811906,45.3417223186225 10.4797755724692,45.3414779645781 10.4807358532514,45.3413940752339 10.482913357093,45.3411729231739 10.4833782997989,45.3411311632785 10.4836110520208,45.3411209960605 10.483962722471,45.3410092566057 10.4842134874396,45.3409131173646 10.4843022084282,45.3408190821512 10.484201162021,45.3404417211081 10.4841081911201,45.3399856626996 10.4840923197249,45.3393785611127 10.4840775245438,45.3392001336894 10.484046836286,45.3386075143374 10.4841391462924,45.3382633649482 10.4842768627369,45.3377185713471 10.4844548988484,45.3371661098727 10.4846049987922,45.3365139829254 10.4847723405052,45.3359402247834 10.4849284312026,45.3353237433487 10.4850415645562,45.3348078477593 10.4850678350933,45.3346503204791 10.4851526225225,45.3344062953495 10.4852193980252,45.334248241225 10.4852556058524,45.3340834402059 10.4853223807105,45.333925386021 10.4854692328232,45.3337305661716 10.4857046058135,45.3334345660739 10.4861248824166,45.3330432771035 10.4864500754866,45.3326960936158 10.4869247261767,45.332254080995 10.4872596615325,45.331892477623 10.4874160664253,45.3316760956724 10.4875443377152,45.3315458186369 10.4877434896295,45.3314146180204 10.4882325600774,45.330943832444 10.488585302429,45.3305766794803 10.4888933924607,45.3302636049352 10.489240115211,45.3299661463921 10.4896361520649,45.3296180297146 10.4898280515417,45.3293849130489 10.4902031794901,45.3290239592649 10.4905591715211,45.3285445673557 10.4908064353509,45.3281965844834 10.490997776854,45.3278549823416 10.4912299051402,45.3275411054537 10.4916754662975,45.3268118646528 10.4920134859124,45.3262592303351 10.4924088974012,45.3257567102577 10.4926101601166,45.3254884489799 10.4933598823822,45.3247495723457 10.493704406739,45.3244455243481 10.4943465959816,45.3241884466336 10.494988927942,45.3239370136318 10.4955306818156,45.323632215902 10.4957252248283,45.3235080844652 10.4957829528704,45.3234755370069 10.4962916509886,45.323112813154 10.4968049315193,45.3227532062564 10.4972097542646,45.3223823018601 10.4974435709448,45.3221916692229 10.497838221832,45.321948060299 10.4982950141614,45.3216686649443 10.49874891875,45.3214296834455 10.4990863085226,45.321257712609 10.4995592024361,45.3210766531453 10.50002308449,45.3208957100961 10.5004817196449,45.3206995964461 10.5010083937618,45.3204949119845 10.5018601442525,45.3201562653239 10.5025964628381,45.3198457917559 10.5026988737571,45.3198368577098 10.5029029782513,45.3197165451683 10.5043206054567,45.3193068493129 10.5057872564146,45.3188774134989 10.5069373480307,45.3185761227538 10.5070855776403,45.3185582708691 10.5076826116274,45.3183024203996 10.5077227665524,45.3181175017501 10.5077592607425,45.317964422751 10.5079240238144,45.3177206355099 10.5080609163293,45.3174454247573 10.5083414427224,45.3171492416917 10.508717149117,45.3168740547245 10.5089438608466,45.3167351740707 10.5090260460186,45.3166283605341 10.5094184926094,45.3164283282063 10.509653447159,45.3163529279635 10.5098315041744,45.3163053901325 10.5098803373396,45.3162196797895 10.5098059032265,45.3161316494574 10.5098759970534,45.3160517654976 10.5100151611428,45.315986667601 10.5101642553061,45.3158821198466 10.5102824093146,45.3157502134161 10.5103017224839,45.3156291521229 10.5102504025408,45.3155630697634 10.5101806421871,45.3154813355823 10.5101736047045,45.3153860555088 10.5103532592735,45.315214052373 10.5104755328113,45.3149955476205 10.510638138281,45.3148488061989 10.5108721338646,45.3147123817215 10.511068658925,45.314662372432 10.5113484170418,45.3145863757907 10.5114702933146,45.3145010031871 10.5114986963095,45.3144578694017 10.5113752230289,45.3143146945219 10.5111156183991,45.314020123399 10.5108383378848,45.3137074954724 10.5107128624833,45.3135645623839 10.5105485626819,45.3133877958663 10.5103451470812,45.3131933815295 10.5102151476571,45.3130488622521 10.5100414019252,45.3128775901872 10.5099596564382,45.3127597627384 10.5099335906845,45.3126265851239 10.5100153700141,45.3124824444043 10.5100628037138,45.3124023387421 10.5102218563406,45.3121141157388 10.5102998884813,45.3119986364103 10.510324886823,45.3119220066788 10.5103450431064,45.3118327255178 10.5103011298755,45.3117061417581 10.5099899920036,45.3113573757032 10.5097904979501,45.3111406550404 10.5097068961023,45.31104638715 10.5096232088677,45.3109489410086 10.5094611832558,45.3107857692044 10.5093119106268,45.3105938165495 10.5091771639003,45.3104398208253 10.5091398675409,45.3103926275763 10.5090662028545,45.3103331976683 10.5089916935798,45.3102419883984 10.5088723605548,45.3100915620328 10.5085154177898,45.3096715357046 10.5082436376171,45.3093871535134 10.5081678664246,45.3092482732899 10.5082172196357,45.3090519187606 10.5084060494816,45.3088858877145 10.5090635824333,45.3085370355795 10.5099610173653,45.3080610223055 10.5103422582622,45.307827084823 10.5104420445607,45.3076827046122 10.5104466625669,45.3075173297463 10.5102445085222,45.3070304208045 10.5100093989739,45.3063713620601 10.5097690631988,45.3057523464968 10.5092719658307,45.3044019988465 10.5090783562124,45.3038623349398 10.5089535530142,45.3035025029701 10.5089262836388,45.3033632567332 10.5090944082646,45.3030780943124 10.5093480099884,45.3027886225219 10.5096510601852,45.3024953171115 10.5100642942313,45.3022800314969 10.5104521946355,45.3021286623157 10.5106900149466,45.3021059263907 10.5108453059621,45.3021671324353 10.5109998729491,45.302226327017 10.5113710244479,45.3021228634625 10.5115630449552,45.3020293123718 10.5117776857351,45.3019788396072 10.5119648305553,45.3019096779807 10.5122311672793,45.3017727807826 10.5124689927976,45.3015791021126 10.5126915497682,45.3013189395524 10.512900356339,45.3010494315604 10.5131348827833,45.3007319501349 10.5133429249456,45.3004338717371 10.5133760532128,45.3001571637643 10.5133979708915,45.2999663425497 10.513300473182,45.2998533158703 10.5132164692847,45.2997401093902 10.5129095608089,45.2996184847604 10.5126890730436,45.2995129595507 10.5125830645599,45.2993788077983 10.5124064111155,45.2992268766515 10.5121752482898,45.2991632506034 10.5119474465866,45.2990709251664 10.5116994399838,45.2988934669961 10.5114388740626,45.2987252102077 10.5110506325659,45.2984950784203 10.5109554281414,45.2983610873177 10.5109134273079,45.2982260870294 10.5109866258599,45.2980895633417 10.511144620043,45.2977711775984 10.5113046262278,45.2973866400876 10.5113262957402,45.2971862961991 10.5112267815932,45.2969970815157 10.5111248472922,45.2967864023202 10.5110420461981,45.2965615715509 10.5109399651724,45.2963625969488 10.5107472701685,45.2962222478971 10.5104181303363,45.296026542146 10.5099807983721,45.2958227389843 10.5096566197522,45.2958136859598 10.5096009790152,45.2957515461634 10.5096336191775,45.2954557920737 10.5097147473031,45.2952777862709 10.5097968846765,45.2949963606714 10.5099386257319,45.2947429867421 10.5100682384531,45.2945412165203 10.5102393393959,45.2943770034448 10.510452181405,45.2942598711635 10.5107027663727,45.2941531705686 10.510846576268,45.2938640672981 10.5109470315136,45.2937089323806 10.5111337003876,45.2934100485893 10.5111649943422,45.2934313235468 10.5111949217003,45.2932592879757 10.5112805066444,45.2929247265953 10.5113418926355,45.2926952780767 10.5114182041115,45.2925531885709 10.511550090574,45.2923128655125 10.511783279348,45.2922230248403 10.5120674894687,45.2920664515431 10.5122113396923,45.2918930691047 10.5123120994531,45.2916954922645 10.512350940121,45.2916154523704 10.5126366643614,45.2915755214356 10.5129726191754,45.2914987760645 10.5133178512762,45.291385759459 10.5136659675135,45.2913811481659 10.5139329429471,45.2914065289046 10.5141697229268,45.2914384358342 10.5143868577732,45.2914831904962 10.5146612378391,45.2914474826143 10.5149458047991,45.2913641839521 10.5151090459386,45.2913403299313 10.5154605473991,45.2912706009533 10.5157655883881,45.2911870285229 10.5160795183941,45.2910527299603 10.5163204273622,45.2908687919981 10.5164811608841,45.2907509838102 10.5166125271764,45.2906841736406 10.5169291526233,45.2906510515334 10.5173204327401,45.2906535627621 10.5176709554404,45.2906393809942 10.5178593274786,45.2906178246615 10.51804769939,45.2905962689196 10.5182350533537,45.2905366203741 10.5184211348211,45.2904293552315 10.5185929631102,45.2902936995892 10.5187372973216,45.2901393558984 10.5188149392215,45.290014478851 10.5187711585454,45.2898912158862 10.5187268696421,45.2897489061954 10.5186156342882,45.2896265393963 10.5185456349199,45.2895322047689 10.5185000760414,45.2893422786525 10.5185217178533,45.289141933496 10.5186377967841,45.2889403333227 10.5187816204094,45.2887669437623 10.5189269685292,45.2886506923457 10.519101593139,45.2885834280849 10.5191911901004,45.288437594646 10.5191726114352,45.2882473107124 10.5192884320214,45.2880361869983 10.5194454876913,45.2878530933357 10.5196165415873,45.2876888666384 10.5197875945015,45.2875246396932 10.520022255734,45.2873927516155 10.5201731206668,45.2872895295307 10.5203149063169,45.2872298054527 10.5205594562421,45.2871831728314 10.5207839174437,45.2871512663399 10.5209977547057,45.2871050418087 10.521149003491,45.2870162724249 10.521321307306,45.2869489114436 10.5214945769493,45.2869176855564 10.5216653231994,45.2868375500756 10.5218116792852,45.2867593875657 10.5220847876436,45.2865844903506 10.5223158078428,45.2864151305132 10.5223747198014,45.2863203595412 10.522367526356,45.2863113414245 10.5223005410853,45.2862273628977 10.5219944125111,45.2860234090095 10.5215892928702,45.2856729264418 10.5212084003632,45.2853955980337 10.5209454660416,45.285151408852 10.5205738489149,45.2848800847837 10.5203809157484,45.2847302277167 10.5199522913132,45.2843453424242 10.5197453632222,45.28417661707 10.5195104385927,45.2839701578201 10.5193312552085,45.2838296422815 10.5191518172194,45.2836796035532 10.5190403389732,45.2835477139878 10.5190757209344,45.2833567120446 10.5191357936973,45.2830796431684 10.5192253882572,45.2828974471181 10.5192485523258,45.2827542409227 10.5192851547776,45.2826089503036 10.5195195706544,45.2822914562463 10.5197555097911,45.282031100088 10.5199469086648,45.2816189119752 10.5201904789625,45.2811393430954 10.5204358274063,45.2807264358616 10.5207208753595,45.2802844195837 10.52136756092,45.2792374137064 10.5215991499022,45.2788151608596 10.5217261387313,45.2785181452138 10.5218012864663,45.2783008914018 10.5219262347902,45.2779276904898 10.5220537306646,45.2776497220818 10.5221646773177,45.2772576539943 10.5222613717889,45.2768371968619 10.5222990159093,45.2762269944774 10.5223661829139,45.2757116641746 10.5227914564398,45.2751088536884 10.5231293325636,45.2744820913223 10.523488390123,45.2739861947273 10.5236109152774,45.2737821310805 10.5238920894528,45.2735759501698 10.5241419740969,45.2733484970407 10.524259184034,45.2731372736 10.5244123004634,45.2727376000271 10.5245080698887,45.2724905133277 10.5244628489178,45.2723846524603 10.5243353420061,45.2721577160077 10.5243624268047,45.2720225287451 10.5244016247463,45.2719569388614 10.5245804355161,45.2717521226843 10.5246830625004,45.2715700117468 10.5248823412558,45.2713649217857 10.5253905732504,45.2708448308013 10.5258696402203,45.2703829647322 10.5263880887529,45.2698627335973 10.5267478148346,45.2695325922275 10.5280659260963,45.2684811274366 10.5288173983504,45.2678710116043 10.5293587907977,45.2674444454268 10.529375244157,45.2674248096623 10.5298719384967,45.2670823468626 10.5302882883272,45.2667623930884 10.530734785333,45.266434889132 10.5311785858166,45.2660073900545 10.5316632209106,45.2655936323226 10.5321869578454,45.2651293326216 10.5327906363853,45.2646282339334 10.5331762259585,45.2642943924579 10.5336555824078,45.2638735516013 10.5341001108416,45.2634746110726 10.5344255820791,45.2631630074348 10.534791887189,45.2628651439509 10.535388680782,45.2624855879 10.5358876087274,45.2622288082336 10.5361365880847,45.2620825614474 10.5363102952279,45.2619587613331 10.5364888647531,45.2618277510041 10.5368677728237,45.2616225953733 10.537092442743,45.2614668395458 10.5371570349321,45.2613694596343 10.5371541711396,45.2612907248237 10.5370926693975,45.2611741751956 10.5358562590897,45.2593169446716 10.5357409969224,45.2591925096725 10.5321371045642,45.2534677696234 10.5310380325246,45.2517067173735 10.5301412885091,45.2503268985933 10.5300845264542,45.250255211061 10.5293012236678,45.249024434798 10.5286018529795,45.247916949813 10.5279690393929,45.2469048195434 10.5275501119665,45.2462311005126 10.5272807898807,45.2460243033512 10.5262739229068,45.2451735717902 10.5246134955615,45.2437801769142 10.5241471044405,45.2433219635124 10.5231150012109,45.2424798456765 10.5224707076727,45.2419262361463 10.521986153698,45.2415718796481 10.5215497673585,45.2412420521294 10.5205859512291,45.2405080849068 10.5201623505464,45.240211645916 10.5196888027288,45.2398235679943 10.5193351035021,45.2394758506982 10.5190145380628,45.2391037091466 10.519375199191,45.238975866901 10.5201939421025,45.238671228203 10.5216142798511,45.238160742601 10.5232042913153,45.2375868298137 10.5244128859293,45.2371558661612 10.5257611350897,45.236681060606 10.527036772897,45.2362203985521 10.5278486746283,45.2359325815179 10.5285707961325,45.2356825284265 10.5290766774515,45.2355102464414 10.5330943739094,45.2340907345438 10.5331835106249,45.2340342756062 10.5332322172748,45.2339946869267 10.5334337325168,45.2337546049337 10.5340426802529,45.2331322623235 10.5341822290166,45.2330336787165 10.5359111768495,45.2310988678648 10.5369341630645,45.2299510423257 10.5372886993496,45.2295667089257 10.5381840589588,45.2286157731726 10.5387289294032,45.2280126682648 10.5402880398943,45.2263062036342 10.5420191176807,45.2243570947966 10.5440346015461,45.2219968859285 10.5442964990529,45.2218412001214 10.5457548569304,45.2211888080365 10.5473437289461,45.220387763114 10.5483779897189,45.2198502495733 10.5491905266683,45.2193461343386 10.5497135238816,45.2190185741641 10.5500552137146,45.2187315848364 10.5503675204604,45.2183036763847 10.5507394187563,45.2179269897158 10.5510050442904,45.2174799234032 10.5514530286812,45.2168911150248 10.5518359258272,45.2163806689333 10.5520405021153,45.2159754572897 10.5521639611439,45.215673249722 10.5522215488458,45.2153078253362 10.5523156735647,45.2149901068968 10.5524531680724,45.2147442139454 10.5525872258201,45.2146723578162 10.5529407334659,45.2145185919719 10.5531323363908,45.2144535040045 10.5534002645135,45.2143057481116 10.554338514472,45.2139241175428 10.554726689851,45.2137776381136 10.5553394609963,45.2135369885159 10.5561355534679,45.2133002087545 10.5566646045999,45.2131059791463 10.5573026494806,45.212917330486 10.5577939060786,45.2127725132308 10.5581972267981,45.2127065858905 10.558618441053,45.2126564267433 10.5590295297525,45.2126348187752 10.5594209181016,45.212682437913 10.5598232333317,45.2124708851014 10.5600171826194,45.2123329115642 10.560261840963,45.2121775855142 10.5605655357004,45.212061352638 10.5608303236115,45.2119702909016 10.5627770480779,45.2114382766401 10.5631733719156,45.2113267519547 10.5637654488485,45.2111531798708 10.5644780736181,45.2109160025689 10.5650653807182,45.2106951821481 10.5654062348608,45.210581252246 10.5655701843909,45.2105161656264 10.5657202400028,45.2103843254014 10.5658570754519,45.2102754019313 10.5659552475986,45.2102145323883 10.5662528600733,45.2100552479879 10.5663298226644,45.2099703545215 10.5663965535495,45.209870760028 10.5663914537366,45.2096687352137 10.566396020128,45.2095909923905 10.5664167749733,45.2095171325386 10.5664995585423,45.2093107443366 10.5666670831253,45.208936780969 10.5668246923288,45.2086182542471 10.5669571705042,45.2082556218097 10.5670798554611,45.2079686426707 10.5672241967615,45.2076058470722 10.5675454271853,45.2074168360069 10.5677802002239,45.2073213128466 10.5681117413491,45.2072915889746 10.5685970722337,45.2072429698426 10.5690589020636,45.2072030628977 10.5692596908601,45.2071667410425 10.5693874412928,45.2070642931539 10.5695017089423,45.2069032930834 10.5699228588679,45.2066793383873 10.5702379112276,45.2064820133455 10.5707972801449,45.2061051163708 10.5711234979514,45.205882462232 10.5715843119884,45.2055908269073 10.5718363287033,45.2052601085173 10.5722170060194,45.2048604893746 10.5725746431112,45.2044863592933 10.5728050017113,45.2042314561008 10.5729046131262,45.2039699613672 10.5729537580762,45.2036000782774 10.5729919645862,45.2032639092895 10.5730605246501,45.2029524951496 10.5732797036738,45.2027229179952 10.5737231477157,45.2024482958413 10.5743901594838,45.2021034617336 10.575021336969,45.2017507266869 10.5754184672329,45.2015186915166 10.5758442353279,45.2010345283121 10.576248816526,45.2006429568552 10.5770892460342,45.1999181151392 10.5784661671824,45.1994963127793 10.5792491903002,45.1990575372764 10.5802889071633,45.1982459966989 10.5811371511283,45.1974261411684 10.5818390812109,45.1968116322612 10.5819955316201,45.1966738205045 10.5820520307655,45.1965759097122 10.5821255510112,45.1965224195925 10.5822181820412,45.1964748048859 10.5824079152891,45.1964269608633 10.5826042246171,45.1964169834441 10.5828743648598,45.1964961314641 10.5829838027094,45.1964788967906 10.5830718175127,45.1963571755328 10.5834604515889,45.1959951946304 10.5848320248447,45.1947230210781 10.5851547496065,45.1944260205807 10.5852218699561,45.1943748799782 10.5853078217146,45.1943125629313 10.5853480991679,45.1942954129872 10.5859896885047,45.1942074789037 10.5866695689389,45.1941198823252 10.5872776063681,45.1940468149638 10.5892945733266,45.1937908546219 10.5904730386782,45.1936251290416 10.5908991276312,45.1935598158121 10.5911706155288,45.193486177159 10.5912247616552,45.1934793102276 10.5922686439178,45.1932263755202 10.5923920617483,45.1932015146945 10.592446930578,45.1931762999819 10.5924840093112,45.1931552627433 10.5925243896135,45.1931197717059 10.5925258236581,45.1930826408618 10.5925206143016,45.1930508418523 10.5931489468516,45.1920905108979 10.5932127497646,45.1920536013043 10.5938512061936,45.1919211336807 10.5942539616915,45.1918168397685 10.5944260334624,45.1917655381056 10.5946105133209,45.1916721494658 10.5950581430088,45.1914061212495 10.595203540054,45.1913136255756</coordinates></LineString></MultiGeometry>
  </Placemark>
  <Placemark id="RIP_2026.13">
	<Style><LineStyle><color>ff0000ff</color></LineStyle><PolyStyle><fill>0</fill></PolyStyle></Style>
	<ExtendedData><SchemaData schemaUrl="#RIP_2026">
		<SimpleData name="CODICE_CAN">0095</SimpleData>
		<SimpleData name="NOME">MARCHIONALE</SimpleData>
		<SimpleData name="NOME_TIPO">Seriola</SimpleData>
		<SimpleData name="NOME_COMPL">Seriola MARCHIONALE</SimpleData>
		<SimpleData name="FUNZIONE">equamente ripartita</SimpleData>
		<SimpleData name="TRATTOGEST">tutto il suo corso compreso il Diversivo di Rodigo</SimpleData>
		<SimpleData name="COMUNI">Castiglione delle Stiviere, Medole, Guidizzolo, Ceresara, Goito, Rodigo, Castellucchio</SimpleData>
		<SimpleData name="PROVINCIA">MN</SimpleData>
		<SimpleData name="CODICE_SIB">4330</SimpleData>
		<SimpleData name="CAN_ALIMEN">Fontanile</SimpleData>
		<SimpleData name="CAN_SFOCIO">Cavo Osone</SimpleData>
		<SimpleData name="REGIME_PAT">demanio statale</SimpleData>
		<SimpleData name="BACINO_IRR">MARCHIONALE</SimpleData>
		<SimpleData name="GERARCHIA">1</SimpleData>
		<SimpleData name="BACINO_SCO">Marchionale e Osone</SimpleData>
		<SimpleData name="NOTE">MN016</SimpleData>
		<SimpleData name="NORMATIVA">Allegato A</SimpleData>
	</SchemaData></ExtendedData>
      <MultiGeometry><LineString><coordinates>10.6777516678988,45.1599946270629 10.6790865685252,45.1605255562894 10.6800875069897,45.1609713392121 10.6800960877269,45.1609749467117 10.680179833244,45.1606733889723 10.6802443289253,45.1605030577881 10.6802879142074,45.1604095297465 10.6803025496665,45.1603819951371 10.6804267037265,45.1604020231514 10.6804968218037,45.160422847259 10.68069527665,45.160343430722 10.6808178244798,45.1603088426003 10.6809815388264,45.1603610717873 10.6810917006134,45.160430480407 10.6811549036815,45.1604787242491 10.6811875489486,45.1605383469531 10.6811738791433,45.1605986516083 10.6811365678213,45.1606429122826 10.6811304558211,45.1606976407258 10.6811401035856,45.1607630660748 10.6811795048636,45.1607898051532 10.681223484907,45.1608522099006</coordinates></LineString><LineString><coordinates>10.6800875069897,45.1609713392121 10.6800960348402,45.1609751371495 10.6800960877269,45.1609749467117 10.6807619836476,45.1612548981986</coordinates></LineString><LineString><coordinates>10.6246253931824,45.2024930405634 10.6249165440682,45.2025691596731 10.6258844135036,45.2027747712679 10.6265085663318,45.2028975154357 10.6269558973917,45.2029862112284 10.6271366833332,45.2031591496968 10.6278557589675,45.2040703498596 10.6283290964752,45.2047071528469 10.6287246338017,45.2051549232208 10.6295232583793,45.2053072671872 10.6301493466603,45.2054194444802 10.6330466888867,45.2058472523995 10.6359683621731,45.2046686486946 10.6365744418903,45.2044081563429 10.637072104883,45.2041541679313 10.6373752546432,45.2039005499189 10.6378130216676,45.2034618567442 10.6383765395831,45.2028949161877 10.6388766265649,45.2023172801594 10.6394723401749,45.202081275904 10.6403333725273,45.2016410413883 10.6413518287416,45.2012659803859 10.6437695954053,45.2003372771685 10.6455252564066,45.1996946137283 10.6475452374246,45.1989528641827 10.6486681239244,45.198486370198 10.6494033068717,45.1981743264127 10.6494348278502,45.1981129345088 10.6488542953124,45.1975518156334 10.6478783467202,45.1965992760134 10.649090947822,45.1957181600972 10.6491047710766,45.1956450381843 10.6480960418595,45.1948509964505 10.6473020925857,45.1942502450044 10.6471653144565,45.1941360637919 10.6472053168143,45.1940097626094 10.6475068929005,45.1937237934597 10.6484527096491,45.192889215211 10.6487421060077,45.1925873416527 10.6488315049975,45.1924154200863 10.6488462464921,45.192237112417 10.6487889159066,45.1921089854687 10.64869011266,45.1919494465939 10.6483780364901,45.1916289354273 10.6479994223023,45.1912290441046 10.6479432018887,45.1911251610184 10.6479003306118,45.19099762465</coordinates></LineString><LineString><coordinates>10.4505635406118,45.3835610342217 10.4550983515899,45.3813036498994 10.4601061868891,45.3788414385888 10.4614588566905,45.3758364639655 10.4642699410053,45.3711288130499 10.4646285880255,45.3703051013377 10.4648541353006,45.3693345730986 10.4649763523062,45.3689369510314 10.4657696333411,45.3662173943969 10.466053905374,45.3649265656683 10.4662994903358,45.3635597218422 10.4665689134489,45.3622510791491 10.4672823909848,45.3616973399941 10.4682607874095,45.3611436415883 10.4698385218775,45.3603142903213 10.4714177705275,45.3594838453476 10.4731781858394,45.358502522022 10.4744868679644,45.3577625661201 10.4761919156985,45.3568073848488 10.4777741197601,45.3559624757707 10.4807933870378,45.3540744544101 10.4822286244991,45.3531197093502 10.4836798328989,45.3521062303628 10.4845054632598,45.3513979059797 10.4851784305637,45.3507086529983 10.4858284606659,45.3499928675255 10.4861073518951,45.3496863321053 10.4865282369456,45.3492985688687 10.4866887871143,45.3491416730314 10.4872612725801,45.3486024255343 10.4880114167794,45.3478424560304 10.4887320936645,45.3471185886577 10.4895409095074,45.3462792517741 10.4901336250799,45.3456999391275 10.4911157071449,45.3447082906043 10.4920763351618,45.3437111969867 10.4928970573243,45.3428659643549 10.4933785266893,45.3423738264261 10.4936710956384,45.3420956421437 10.4941250955557,45.3416381557061 10.4946435956087,45.341167566889 10.4948884648848,45.3408758868189 10.4953540405748,45.3404558922988 10.4957639084304,45.3400817775798 10.497122014826,45.3389524937607 10.497395829136,45.3387058120873 10.4980674446519,45.3381426299706 10.498581826539,45.3376868636412 10.4991391173468,45.3372284424211 10.4993210778137,45.3370602949323 10.5001682517065,45.3363440644406 10.5003256913408,45.3361861030191 10.5008050566479,45.3357927515011 10.5015598952074,45.3351446685451 10.5024072915629,45.3343981500632 10.5037897058138,45.3332005294674 10.5055800769706,45.3316508065563 10.5066251998146,45.3307705009848 10.5071427566124,45.3303392599234 10.5095959644157,45.3283141460502 10.5119036701617,45.3264284401035 10.512193477369,45.3261916642711 10.5126012447107,45.3258802290247 10.5135646790949,45.3250697651894 10.5145742970868,45.3242586805629 10.5148999534135,45.3240044338526 10.5151214835594,45.3238425382294 10.5158398700698,45.3232668763056 10.5174433525246,45.3219729882294 10.5184213414272,45.3212035376781 10.5188724267862,45.3208954085687 10.5192956295965,45.3206033192609 10.5215933469914,45.3190656168371 10.524612962714,45.3169784152492 10.5260583483113,45.3159883235035 10.5280480095119,45.3146146577247 10.5292450577705,45.3137808657175 10.5305189741227,45.3128983698376 10.5311643304116,45.312459747101 10.5322573398478,45.3117061007952 10.5324364195491,45.3115681572353 10.5331527318921,45.3110955580259 10.5336855694986,45.3107487522545 10.5339090204868,45.3105977496735 10.5344218860807,45.3102371628271 10.5348542944707,45.309925315191 10.5350044645428,45.3098254659811 10.5360135429789,45.3091471466762 10.5364338649812,45.3088622844505 10.5368792827227,45.3085590655624 10.5377238684455,45.3078903709828 10.538238897825,45.3074661755916 10.5387372624057,45.3070250546062 10.5403020611633,45.3057350346759 10.5408083355877,45.305288081883 10.5419449665982,45.3043410523644 10.5425860677226,45.303789385811 10.5429277081509,45.3035447034062 10.5441791826276,45.3025046454118 10.5452881395684,45.3015865351712 10.5463744833292,45.3007315955871 10.5471439493187,45.3001381539833 10.5487440207247,45.298818959145 10.5488116866665,45.2987656113307 10.5498781376365,45.2979356591779 10.5510994796477,45.2969126895389 10.5522649725434,45.2959492473847 10.5535290939813,45.294886610585 10.5560352066323,45.2927819906467 10.557631623487,45.2914694434448 10.5586366126584,45.2907641181659 10.5596998158992,45.2898902468209 10.5602143626305,45.2894602415814 10.5607208057158,45.289030344751 10.5612121521026,45.2886406637122 10.561618218515,45.2883893287927 10.5619839670345,45.288144259888 10.562364017277,45.2878304026882 10.5626240634681,45.2875696282618 10.5628272898238,45.287303915855 10.5629606512208,45.2871477606946 10.56398842035,45.2858018827742 10.5642300615265,45.2854613342161 10.5649454995906,45.2845369857028 10.5654452580102,45.283867089894 10.5656209171504,45.2836303291567 10.5658101317725,45.2834448258706 10.5661533492964,45.2829714140663 10.5667002249741,45.282249423611 10.5678160563334,45.2808737220253 10.5681460491744,45.2805090888331 10.5689786611037,45.2794344918674 10.5694165794355,45.2788740301453 10.5705093600633,45.2775212543659 10.570516411148,45.2775099531997 10.5706500443169,45.2773652169824 10.5707901916313,45.2771632322676 10.5709477852706,45.2770067350576 10.571072850206,45.2768449683224 10.5711898216174,45.2766833128113 10.5712829871899,45.2765391335517 10.5714169316556,45.276405824056 10.5715423095007,45.2762554853111 10.5717398889636,45.2760812887644 10.5718812915937,45.2759250121985 10.57199652186,45.2757005050986 10.5721122259065,45.2754931383439 10.5722918771882,45.2752563129409 10.5724799365049,45.2750308024874 10.5726454543918,45.2748684777857 10.5728493803513,45.2746313162528 10.5729431712516,45.2745099899356 10.5732438227175,45.2741114499954 10.573350477889,45.2738699108081 10.5733392258191,45.2737557474284 10.573263393887,45.27364818801 10.5730469921256,45.2734339626705 10.5726078399943,45.2730684720069 10.5723257591165,45.2728208531098 10.571135352591,45.2717797800845 10.5707612762282,45.2714248196401 10.5704463705597,45.2711604987659 10.5693804031625,45.2702262999662 10.5692460504048,45.2700509513822 10.5693025894579,45.2697529448497 10.569338949976,45.2696038308182 10.5694445631404,45.2694709128556 10.5701228916361,45.2691186347147 10.5710641295886,45.2686141229817 10.5718224062871,45.2682264397444 10.5733585218885,45.2674279246453 10.5746201919559,45.2668046501457 10.5762544308043,45.2660447545261 10.5762625220945,45.2660446428317 10.5752951654308,45.2650176825162 10.5758390220582,45.2647815437892 10.576502814074,45.2644923037728 10.5769316481265,45.2641948711854 10.5773620577418,45.2639545713583 10.5768165103981,45.2635448409216 10.5764359467396,45.2632471479482 10.5762927066035,45.2630433502769 10.5754744874928,45.2622330361854 10.5755063124498,45.2622118914175 10.5756020183931,45.2621605559575 10.5764145490249,45.2617441460337 10.5766061329486,45.2616475425889 10.5756955747279,45.2606707910506 10.5752515614089,45.2602390438053 10.5751990107272,45.2601604041824 10.5751295294871,45.2593119564071 10.5737974976642,45.2578042652603 10.5733449105727,45.2573062633399 10.5733028564683,45.2571640965042 10.5734238205448,45.2563139278002 10.5736233160619,45.2550492255983 10.5738044219493,45.2539892770701 10.5738952093721,45.2534678738245 10.5740025523616,45.2531062889394 10.5742367314367,45.2525028857613 10.5744856617833,45.2518478347633 10.5746880120645,45.2514106321301 10.5748360424209,45.250911302435 10.5750622744075,45.2503137229369 10.5752803191534,45.2498591546889 10.5754118493484,45.2493486197734 10.5755706459819,45.2489463122287 10.5757479896741,45.2486294883317 10.5758561040095,45.2482964707186 10.5759662056828,45.2478891176851 10.5760479049628,45.2476250563071 10.5761946287391,45.2473715292718 10.576301066293,45.2471242741768 10.5763770468464,45.2469460304404 10.5766463092514,45.2462964103249 10.5767424409837,45.2459692731885 10.5768637842717,45.2456760837453 10.5770419016842,45.245387826043 10.5771667227037,45.2452203382556 10.577451966422,45.2448562904659 10.5775813907357,45.2445629867666 10.5777195360329,45.2442924272811 10.5778280181779,45.2441194485025 10.5779994605692,45.2438827236119 10.5781467980315,45.243652047604 10.578451381975,45.2431105340891 10.5785906276882,45.2428799693356 10.5788873495966,45.2424928951503 10.5792073786134,45.2420712018541 10.5792835020313,45.2418986691529 10.5795576192847,45.2414261658604 10.5797748780296,45.2410916333547 10.579977702561,45.2408201743082 10.5801494444953,45.2405948739063 10.5803048513958,45.2403640833163 10.5804130016093,45.2401796754666 10.5809268638032,45.2393094463674 10.5810191534265,45.2391366886016 10.5812970348548,45.2386287157064 10.581781428327,45.2379510094262 10.5819984683925,45.2376941258039 10.5822152232011,45.2373424465258 10.5825099875184,45.2368867976838 10.5827893663879,45.2364599413192 10.5830853925141,45.2360500023434 10.5832872316081,45.2357442557398 10.5834350022316,45.2355307145904 10.583749804876,45.2350690685263 10.5840450218894,45.2346305572756 10.5842392418741,45.2343420626216 10.5843307184863,45.2341407342001 10.5844236237503,45.233990829003 10.5845411075139,45.2338520146592 10.5847182838615,45.233678075737 10.5849652858432,45.2332516631582 10.5851886614087,45.2328484429333 10.5854212339378,45.2324851056788 10.5855298299283,45.2323178336627 10.5855301629375,45.2323124010846 10.5855301588583,45.2323122544154 10.5855296710148,45.2323121198646 10.5857489285071,45.2320518548887 10.5860143154284,45.2317052086744 10.5862074016848,45.2313767142384 10.5865799406368,45.2308113707701 10.5869293283619,45.2302863589368 10.587242418937,45.2299104667347 10.5875386981999,45.2295119442551 10.5877566617646,45.2292059652284 10.5879907949685,45.2288997608953 10.5884654859235,45.2283730014936 10.5890294875122,45.2277135290157 10.589421174194,45.2272565127393 10.5898634971479,45.22673019793 10.590049096708,45.2264246650054 10.5903616678823,45.2260316232034 10.5906582232139,45.2256445205433 10.5913133973777,45.2249208902151 10.5915701543359,45.2245572029019 10.5917717477513,45.2242457281183 10.5919746176497,45.2239799632664 10.5924953455048,45.2233668055047 10.5927223035207,45.2230949873166 10.5929115496919,45.222920867 10.5931653131569,45.2227401292804 10.5935321022623,45.2225520976604 10.5940329740399,45.2222421568053 10.5954368972671,45.2213994402037 10.596192774827,45.2209544571792 10.5966457505647,45.2206680392735 10.5975966342245,45.2201117147141 10.5983835326689,45.2196205558134 10.598892596931,45.2193161948085 10.5992983231255,45.2190761551514 10.599908910757,45.2187875156123 10.6001414284538,45.2187156642774 10.6007450165388,45.2186100291069 10.6018640619865,45.2184285674845 10.6022508166056,45.2183774111382 10.6046783757575,45.2179946349622 10.6051288321455,45.2179082774918 10.6056641700717,45.2178207246511 10.6059282066442,45.21771983819 10.6065327720531,45.2173626556117 10.6073129194432,45.2169229740634 10.6078940205599,45.2165946946202 10.6082921192879,45.2162007073949 10.6086441364249,45.2157175112344 10.6091700912735,45.2149590870561 10.6094818224316,45.2145431398724 10.609807941759,45.2140641136143 10.610080536336,45.2136944455754 10.6101733428049,45.213544521194 10.6103295241102,45.2133479738859 10.6104787511131,45.2131915366049 10.6105898201027,45.2131156616877 10.6108323275947,45.2129693401877 10.6111184842438,45.2127938212692 10.6115218511995,45.2124737477436 10.6117038897822,45.2123339938154 10.6119830885041,45.2121985839894 10.6122947800355,45.2120684297959 10.6124866766417,45.2119914107753 10.6126533532466,45.2118804523833 10.6129386898291,45.2116763612284 10.6131925011434,45.2115012948759 10.6135426603433,45.211159101756 10.613604576084,45.2110610552668 10.613691549653,45.2109912338382 10.6138106933756,45.2109152407404 10.6139686344175,45.2107815406714 10.6141340100759,45.2106248702801 10.6144120615213,45.2104494576114 10.6147711027247,45.2102786158529 10.615139520252,45.2101533676361 10.6153963931033,45.2100868566229 10.6155798720261,45.2099985203118 10.6157843609755,45.2097955658726 10.6159531230212,45.2096159807929 10.6161277071926,45.2094991893437 10.616309563129,45.2093537145566 10.6164417878582,45.2091689308141 10.6166302666358,45.2089719175078 10.6168438027336,45.2088031292048 10.6170086789935,45.2086293135851 10.6171231144614,45.2083876206805 10.6172139480445,45.2081691260494 10.6172514448947,45.2080657064582 10.6173686227276,45.2077782471184 10.6174146865425,45.2076918542015 10.6175494969136,45.2075984880505 10.6177476708709,45.2074584957847 10.6180399263901,45.2072434395404 10.6182225566042,45.2070732430311 10.6182678228754,45.2069824106616 10.6184084414925,45.206808937661 10.6186211538988,45.2066115775002 10.6189203373635,45.2063272505042 10.6194850832309,45.2058562443925 10.6196281306411,45.2057684749576 10.6196438092355,45.2057511044713 10.6199054927663,45.2055701953169 10.6201287125977,45.2054584227892 10.6204085065767,45.2053458478659 10.6206965429138,45.205238870393 10.6208717532321,45.2051449268344 10.621150407876,45.2049923540447 10.621811661938,45.2045127150187 10.6223880971919,45.2040962309765 10.6230175823953,45.2036606750748 10.623278501779,45.2034744489201 10.6238858761446,45.2030628855337 10.6244774205642,45.2026133355081 10.6246253931824,45.2024930405634 10.6246925825512,45.2024204942844 10.6247397903992,45.2023528785671 10.624760113287,45.2022979605629 10.6247659061203,45.2022347234284 10.6247001306712,45.2021365064856 10.6243176836096,45.2017718611365 10.6241806521115,45.2015710838098 10.6237673375346,45.2010859535687 10.6236779032139,45.2009663411275 10.6237102972839,45.2006686116586 10.6237240740448,45.2005102778538 10.6236675720077,45.2002252166684 10.6236838154957,45.2000805975748 10.6241555508564,45.1999667114122 10.6246155550773,45.1997958307577 10.6251034204901,45.1995388111721 10.6256624006798,45.1992950671016 10.6261324962016,45.1991240357362 10.6262104581427,45.1990228956671 10.6262649597672,45.1988077689577 10.6262281387305,45.1985796528233 10.6262258990008,45.1985010905675 10.6267056804032,45.198315628774 10.627145257552,45.1981378842937 10.6275462602206,45.1980249920333 10.6280587838402,45.197924798382 10.6285502869623,45.1977963229541 10.6285704904753,45.1977960347924 10.6291417819837,45.1976306921758 10.6294811485684,45.1974829486301 10.6297675584649,45.1972502193934 10.6298020458461,45.1970425221006 10.6297540901985,45.1967788411797 10.6298221455723,45.1966849846015 10.6301271188632,45.1963948299682 10.6306106429974,45.1959878039916 10.6310127384702,45.1955605035328 10.6314760467336,45.1951537626034 10.6320162732076,45.1946101648702 10.6322824562614,45.1943777192154 10.6324793624434,45.1941962783323 10.6327978849119,45.1940273872457 10.6330772298209,45.1939019259199 10.6335080830737,45.1937742964801 10.6346982572661,45.193521474294 10.6357019714713,45.1932856010827 10.6366417613455,45.1931002348808 10.637375960113,45.1929490582507 10.6387385397976,45.1926467132903 10.6391754211831,45.1925327100172 10.6395861875397,45.1923936432933 10.6401320041981,45.1922003013002 10.6405923073228,45.1920436418267 10.641047557238,45.1918870531191 10.6417189342516,45.1916916295373 10.6420520980962,45.1916063258179 10.6429061130226,45.1915020195495 10.6432786727416,45.1914697252286 10.6437760292488,45.1914356331455 10.644369842356,45.191407631221 10.6466082486101,45.1912466926102 10.6469035482602,45.1912025383216 10.6472554036166,45.1911403013759 10.647664940483,45.19105339152 10.6479003306118,45.19099762465 10.6481355043766,45.1909343790091 10.648757882673,45.1907233955628 10.6492789010918,45.1905198579829 10.6494690478515,45.1904363120301 10.6495183857388,45.1903862219775 10.6495441542734,45.1903259984367 10.6495246860171,45.1901215217496 10.6494247012897,45.1898085863784 10.6493552239331,45.1895023548293 10.6493059476285,45.1891958314248 10.649235440191,45.1888538889141 10.6491834807884,45.1884545197765 10.6490713376968,45.1880703090392 10.6490016583275,45.1877569345983 10.6489402226456,45.1873791368645 10.6488905369455,45.1870583289693 10.6487617092301,45.1867958243561 10.6486320565929,45.1865047512565 10.6483887291409,45.1859509541515 10.6481308773649,45.1854188008659 10.6478241957196,45.1848344111448 10.6475051312577,45.1843918060355 10.6469734916515,45.1832991450935 10.6468712681976,45.1829076441791 10.6467366879223,45.1824451591644 10.6466909363379,45.1822600482081 10.6465599692181,45.1813973907393 10.6467153611237,45.1811807986768 10.6471172333442,45.1807534445377 10.6473408363782,45.1804501267842 10.6476165762042,45.1802032167944 10.6483159083293,45.1794071693927 10.648748875359,45.1790079407637 10.6492113043097,45.1785797046433 10.6496044862684,45.1782024830215 10.6506289351868,45.1771230662888 10.6509021665049,45.1767904445299 10.6511261872327,45.1764197077503 10.6514362239238,45.1756966758668 10.6518720993496,45.1748096053202 10.6522618677855,45.1736765841602 10.652609992222,45.1728923029348 10.6527009785022,45.1726274467646 10.652683681544,45.1723648915401 10.6526437752049,45.1721109874008 10.652602479717,45.1719541782747 10.6528073858815,45.171933430426 10.6527581650434,45.1715988468267 10.652808799438,45.1714521193496 10.6530365107189,45.1713079034852 10.6544165488832,45.1704805239453 10.6546061043911,45.1703991808751 10.6548554099163,45.1702883921012 10.655066192166,45.1702424664579 10.6553264199026,45.170160097747 10.6557147937845,45.1699686954206 10.656331027967,45.1696239394265 10.6564192013583,45.1695297747215 10.6562298029675,45.1692681564935 10.656184445328,45.1690973342938 10.656246344575,45.1689204842525 10.6563444038561,45.1686837219585 10.6564032608426,45.16859342927 10.6564954888852,45.1684821735957 10.6565121186197,45.1682065962291 10.6566146463057,45.1679496996067 10.6567635642065,45.1676996668628 10.6570097556636,45.1674515060955 10.6572120542146,45.1672447684717 10.6573711904859,45.1670956178406 10.6573995037819,45.1669615220155 10.6573887411113,45.1668485190327 10.6573390836034,45.1667606525079 10.6572881605385,45.1666445030487 10.6573903018762,45.1663712507179 10.6574551675569,45.1661594951743 10.6581908250831,45.1657345780257 10.6583795920252,45.1656090292171 10.6592098013576,45.1651253733938 10.6596112537503,45.1648980012068 10.6600953644694,45.1647294463413 10.6608288550824,45.1645213563271 10.6614887075509,45.1642902599703 10.6629199977134,45.163974659614 10.6636842925494,45.1638079045951 10.6637066606466,45.1638078235153 10.6638154187495,45.1637276432342 10.6639369774919,45.1637401610821 10.6642629371161,45.1638354397815 10.6643253813875,45.1638988349077 10.66460992118,45.1639589913808 10.664794549712,45.1640563289393 10.6649066373729,45.164090419557 10.6650778408482,45.1640736328324 10.6654076521585,45.1639545012957 10.6658077114687,45.1638200546674 10.6660275131423,45.1637382521521 10.6662784344042,45.1636845745158 10.6665693194443,45.1636160237417 10.666882060136,45.163604312954 10.6673660018651,45.1635758102857 10.6678093539058,45.163540754731 10.668754332346,45.1633911903596 10.6691754035899,45.1632850042622 10.6695470425617,45.1632152644198 10.669948548823,45.163130797262 10.6703902241411,45.1630385954993 10.6706951981362,45.1629341021932 10.6713924440122,45.1626023710093 10.6727679764633,45.1619820432031 10.6738637577275,45.1614658315341 10.674822821944,45.1609373246367 10.6748632006678,45.1609367314329 10.6751812012143,45.1607605859113 10.6755391607398,45.1605695620335 10.6758573678259,45.1604005562263 10.6760071088172,45.1603411975635 10.6761480133104,45.1603248389706 10.6765820776115,45.1603184651184 10.6769553654533,45.1603058376276 10.677196795337,45.1602737110749 10.6775551629456,45.1600969650448 10.6777516678988,45.1599946270629 10.6779928164168,45.1598690375119 10.6784003924907,45.1596486959717 10.6788679017607,45.1594060360007 10.6798224678296,45.1588989878665 10.6801410726468,45.1587442543999 10.6802802908512,45.1586707547711 10.6803160459702,45.1585130383357 10.6804294022351,45.1582470047544 10.6805261409727,45.158102679976 10.6805629463589,45.1579806730087 10.6804882960366,45.1578460163202 10.6802397361258,45.1576353251849 10.6799789838313,45.1573533619541 10.6796877432763,45.1570647019927 10.6793912471129,45.1567689730326 10.6793887277358,45.1566832698483 10.6795329977154,45.156438217215 10.6797327878428,45.1560208671155 10.6798770534469,45.1557758131849 10.6801447645864,45.1552645771804 10.6802787233944,45.155012530631 10.6806437950095,45.154206914698 10.6809884564123,45.153565933007 10.6813339505014,45.1529535183441 10.6813486704043,45.1529390113844 10.6813949045611,45.1528580623821</coordinates></LineString><LineString><coordinates>10.5691090183941,45.262914621628 10.5692296801321,45.2627061747606 10.5697140703338,45.2623679947709 10.5701765481472,45.2621158527768 10.5705111485808,45.2619226266567 10.5708152776973,45.2617984104602 10.5710867287091,45.2616632102184 10.5711106842636,45.2616514495575 10.5714681317586,45.2614064624597 10.5717684687997,45.2611451124366 10.5720358112022,45.2608613519518 10.5722482536253,45.2606412216275 10.5723172787894,45.2605030886101 10.5723542584013,45.2603768287794 10.5723986960598,45.2602276023194 10.5724894650618,45.2599977141032 10.5725462953681,45.2597111343178 10.5725399798114,45.2594825830287 10.5726077407979,45.2592987393838 10.5726124395183,45.2592899485761 10.5726231313737,45.2592699475215 10.5726780410814,45.2591179716526 10.5727540340526,45.2590280752527 10.5729114401163,45.2588725190023 10.5729125819586,45.2588654523648 10.5729563317401,45.2587215001285 10.5730545476275,45.2584809212061 10.5730913653229,45.2583489473448 10.5731791106204,45.2579826547573 10.5732945542292,45.2572694344614 10.5733028325711,45.2571643848829</coordinates></LineString></MultiGeometry>
  </Placemark>
  <Placemark id="RIP_2026.14">
	<Style><LineStyle><color>ff0000ff</color></LineStyle><PolyStyle><fill>0</fill></PolyStyle></Style>
	<ExtendedData><SchemaData schemaUrl="#RIP_2026">
		<SimpleData name="CODICE_CAN">7000</SimpleData>
		<SimpleData name="NOME">CAVATA - AIPO</SimpleData>
		<SimpleData name="NOME_TIPO">Scolo</SimpleData>
		<SimpleData name="NOME_COMPL">Scolo CAVATA - AIPO</SimpleData>
		<SimpleData name="FUNZIONE">equamente ripartita</SimpleData>
		<SimpleData name="TRATTOGEST">dal ponte della SP67 in comune di Acquanegra sul Chiese alla confluenza in fiume Oglio</SimpleData>
		<SimpleData name="COMUNI">Acquanegra sul Chiese, Marcaria</SimpleData>
		<SimpleData name="PROVINCIA">MN</SimpleData>
		<SimpleData name="CODICE_SIB">0</SimpleData>
		<SimpleData name="CAN_ALIMEN">Tartaro Fabrezza</SimpleData>
		<SimpleData name="CAN_SFOCIO">Fiume Oglio</SimpleData>
		<SimpleData name="REGIME_PAT">non valorizzato</SimpleData>
		<SimpleData name="BACINO_IRR">FABREZZA</SimpleData>
		<SimpleData name="GERARCHIA">2</SimpleData>
		<SimpleData name="BACINO_SCO">Vasi Tartari</SimpleData>
		<SimpleData name="NOTE">Canali in gestione ad AIPO</SimpleData>
		<SimpleData name="NORMATIVA">Allegato B</SimpleData>
	</SchemaData></ExtendedData>
      <MultiGeometry><LineString><coordinates>10.5125581469021,45.1328956360842 10.5124178984146,45.1327656822505 10.5122995920656,45.132633730208 10.5121299492556,45.1324211867078 10.5119185486781,45.1321801698072 10.511833037154,45.1320477839219 10.5116997181935,45.1319682769443 10.5115593866023,45.1317785644685 10.5114593208171,45.1317160326389 10.5113911288735,45.1316182475374 10.5113145842478,45.1315147677342 10.5112055556881,45.1314233282352 10.510927045065,45.1311251463857 10.5106901402581,45.1308496333489 10.5103606075415,45.1304824634335 10.5101668434334,45.1302876507522 10.5095785503183,45.1295930068394 10.5093744506543,45.1293170581924 10.5092502579695,45.1292722580806 10.5091186340407,45.1292565821344 10.5090745827095,45.129141060898 10.5089912263875,45.1290899164742 10.5089637232338,45.1289799826149 10.5089116275058,45.1288703728366 10.508811877057,45.1288194449244 10.5087433858618,45.1287100517145 10.5086832471843,45.1286063542191 10.5084519932907,45.1283888130373 10.5082784642054,45.1283388584073 10.5081955699116,45.1283051220462 10.5081686805479,45.1282184007456 10.5081741238565,45.1281138358255 10.5080248835693,45.1280519504534 10.5079501864285,45.1280181056517 10.507922687109,45.1279081714718 10.5079282825175,45.1278094097678 10.5078112216089,45.1277238782669 10.5076771538247,45.1276153512319 10.5075506714594,45.1274835021133 10.5074575923105,45.1273744336388 10.5073802962464,45.1272419358529 10.5072052429908,45.1271339484146 10.5070969936422,45.1270715198356 10.507044597642,45.1269503035965 10.5069465038717,45.1268064695659 10.5069111138026,45.1267082487981 10.5067683940326,45.1265824192022 10.5068272786002,45.1264375770775 10.5069352763965,45.1262587141207 10.5073470581016,45.1259257931654 10.5073900084498,45.1258202527886</coordinates></LineString></MultiGeometry>
  </Placemark>
  <Placemark id="RIP_2026.15">
	<Style><LineStyle><color>ff0000ff</color></LineStyle><PolyStyle><fill>0</fill></PolyStyle></Style>
	<ExtendedData><SchemaData schemaUrl="#RIP_2026">
		<SimpleData name="CODICE_CAN">7001</SimpleData>
		<SimpleData name="NOME">TARTARO FUGA - AIPO</SimpleData>
		<SimpleData name="NOME_TIPO">Canale</SimpleData>
		<SimpleData name="NOME_COMPL">Canale TARTARO FUGA - AIPO</SimpleData>
		<SimpleData name="FUNZIONE">equamente ripartita</SimpleData>
		<SimpleData name="TRATTOGEST">dal ponte sulla SP 67 in comune di Acquanegra sul Chiese alla confluenza in fiume Oglio</SimpleData>
		<SimpleData name="COMUNI">Acquanegra sul Chiese</SimpleData>
		<SimpleData name="PROVINCIA">MN</SimpleData>
		<SimpleData name="CODICE_SIB">0</SimpleData>
		<SimpleData name="CAN_ALIMEN">Fontanile</SimpleData>
		<SimpleData name="CAN_SFOCIO">Fiume Oglio</SimpleData>
		<SimpleData name="REGIME_PAT">non valorizzato</SimpleData>
		<SimpleData name="BACINO_IRR">FUGA</SimpleData>
		<SimpleData name="GERARCHIA">1</SimpleData>
		<SimpleData name="BACINO_SCO">Vasi Tartari</SimpleData>
		<SimpleData name="NOTE">Canali in gestione ad AIPO</SimpleData>
		<SimpleData name="NORMATIVA">Allegato B</SimpleData>
	</SchemaData></ExtendedData>
      <MultiGeometry><LineString><coordinates>10.4973430498671,45.1430169321359 10.4973075813729,45.1429650890131 10.4971454155107,45.142686777871 10.4971546106232,45.1424667346779 10.4973283758307,45.1423485645281 10.4974629270192,45.1421930633894 10.4974033345318,45.1420042058145 10.4973029361079,45.1419295092264 10.497213783976,45.1418505215963 10.4971009105385,45.1417585106776 10.4970982916747,45.1416585152744 10.4972036315126,45.1414825836562 10.4973573083322,45.1411406799918 10.4974131836349,45.1409613226347 10.4972739419954,45.1406559128471 10.4968705539864,45.1399888446651 10.4967807249947,45.1397478166506 10.4967554914721,45.1395552325372 10.4968724407397,45.1393698178036 10.4970169350369,45.1391302511551 10.4971427025387,45.1389213970688 10.497213708551,45.1385489264372 10.4972684588725,45.1383267131419 10.4973540446429,45.1381255312471 10.497480369793,45.1379381052347 10.4976205223965,45.1377004823656 10.4976960149428,45.1374994325746 10.4977223595159,45.1373490418564 10.4977589820216,45.1372056609775 10.4976943175803,45.1370493193311 10.4975695822793,45.1368464695758 10.4975174463519,45.1366979066208 10.4973382884906,45.136519718518 10.4970918208913,45.136371307289 10.4968871811671,45.1362953844582 10.4963871029222,45.1360875865264 10.4960762789669,45.1360169820934 10.4959495737668,45.1359374493296 10.4959474368702,45.1359385575323 10.4959029122893,45.1359081587239 10.495928138981,45.1357149132244 10.496107989517,45.1355591395955 10.4961766525552,45.1354282010238 10.49612005521,45.1353337142939 10.4960178365792,45.1352850382205 10.495868911226,45.1351840096106 10.4957182830256,45.1350245954297 10.4956128881448,45.1348544958429 10.4955226932922,45.1347100491228 10.4953543042989,45.134648952554 10.4950495301973,45.1344734734103 10.4948633605856,45.1343713018098 10.4946376605927,45.1343326702263 10.494435357191,45.1342803932292 10.4942726864433,45.1342191698104 10.4941480712825,45.1341126259032 10.4939938765927,45.1339325431196 10.4937763114383,45.1338414916685 10.4936117303044,45.1337358102711 10.4934091850739,45.1335757938639 10.4933239818277,45.1334054271354 10.4933299691382,45.1332481588969 10.4933662274512,45.133090494755 10.493462470619,45.1329106111325 10.4935221501476,45.1326770143868</coordinates></LineString></MultiGeometry>
  </Placemark>
  <Placemark id="RIP_2026.16">
	<Style><LineStyle><color>ff0000ff</color></LineStyle><PolyStyle><fill>0</fill></PolyStyle></Style>
	<ExtendedData><SchemaData schemaUrl="#RIP_2026">
		<SimpleData name="CODICE_CAN">7002</SimpleData>
		<SimpleData name="NOME">PALPICE - AIPO</SimpleData>
		<SimpleData name="NOME_TIPO">Vaso</SimpleData>
		<SimpleData name="NOME_COMPL">Vaso PALPICE - AIPO</SimpleData>
		<SimpleData name="FUNZIONE">equamente ripartita</SimpleData>
		<SimpleData name="TRATTOGEST">da via per Cremona della loc. La Filanda in Comune di Asola - MN, alla confluenza nel
fiume Chiese</SimpleData>
		<SimpleData name="COMUNI">Asola</SimpleData>
		<SimpleData name="PROVINCIA">MN</SimpleData>
		<SimpleData name="CODICE_SIB">0</SimpleData>
		<SimpleData name="CAN_ALIMEN">Coli</SimpleData>
		<SimpleData name="CAN_SFOCIO">Fiume Chiese</SimpleData>
		<SimpleData name="REGIME_PAT">non valorizzato</SimpleData>
		<SimpleData name="BACINO_IRR">ASOLANA</SimpleData>
		<SimpleData name="GERARCHIA">3</SimpleData>
		<SimpleData name="BACINO_SCO">Destra Chiese</SimpleData>
		<SimpleData name="NOTE">Canali in gestione ad AIPO</SimpleData>
		<SimpleData name="NORMATIVA">Allegato B</SimpleData>
	</SchemaData></ExtendedData>
      <MultiGeometry><LineString><coordinates>10.4047922107153,45.2198502446403 10.4048765979273,45.219826631488 10.4051770700362,45.2194729730397 10.4059573570248,45.2181999096669 10.4061020741764,45.2178576881963 10.406169432887,45.2176825112715 10.4061601362852,45.2173067378678 10.4060865723174,45.2161255067436 10.4059057241611,45.2145149316631 10.405916622799,45.2143208183153 10.4060300788773,45.213515790518 10.4063210119603,45.2118864511167 10.4063919476297,45.2113716261616 10.406471099664,45.211049585497 10.4065498083233,45.2107437909251 10.4066884399858,45.2106423210841 10.4077114808677,45.2101586172173 10.4080832046828,45.2099711375341 10.4081965393036,45.2097979279929 10.4083316087494,45.2095524013787 10.4084648990661,45.2092348476397 10.4089050458421,45.2083260241036 10.4090272073351,45.2078755910091 10.4094200704829,45.2066403542436 10.409542910185,45.206217623575 10.4095840501692,45.2059787970456 10.4094750107648,45.2058080464983 10.4088047262028,45.2050573133985 10.4084590735529,45.2049996228136 10.4082088498313,45.2048914309033 10.4080557050577,45.2049227898154 10.4062971204172,45.2046282226371 10.4050936118661,45.2044656890987 10.4048940505877,45.2043674082994 10.4047122435856,45.2042538004277 10.4045966543091,45.2039367414137 10.4044838410534,45.2035808844463 10.4044778665776,45.2028604610212 10.4045271369685,45.2026326207805 10.4046803352049,45.2024866365832 10.4050959436365,45.2021197364021 10.4053178634581,45.2019522721793 10.4053842493133,45.2017501482679 10.40532097268,45.2015627390999 10.4052097528719,45.2013897976913 10.4050885865338,45.2012890851658 10.4049055602264,45.2011968840071 10.4045747102504,45.2010952327092 10.4043209210027,45.2009440537057 10.4042704727292,45.2006824271014 10.4043142482193,45.2005125429928 10.4043338043637,45.2003515757779 10.4043468880512,45.2002461120619 10.404306549568,45.2001557124455 10.4041836009156,45.2000647714188 10.4040943626796,45.1999129662377 10.4040897989332,45.1998336028129 10.4041655778381,45.1997273672801 10.4043187706439,45.1995813826637 10.4044454490598,45.1994641609864 10.4045093731063,45.1993628886947 10.4045397899968,45.1992510690323 10.4045740402856,45.1991237743194 10.4046652181885,45.1990062644238 10.404765050632,45.1989219017946 10.4048833309051,45.1988229797219 10.4049576559137,45.1987367235411 10.4049871039137,45.1986254179595 10.405011158971,45.1985639397213 10.4051953439155,45.1984511135253 10.40534444547,45.1984159635806 10.4056136138571,45.198329571839 10.4059397566623,45.1983351884509 10.4061414969978,45.1983756286301 10.4064139527864,45.1984001836899 10.4068830343228,45.1984740129597 10.4073309374869,45.1985216626372 10.4076586925483,45.198567667274 10.4081129787045,45.1986068150736 10.4083473985919,45.1986494390309 10.4087139963055,45.1986676731318 10.409060340858,45.1986804669469 10.4092119404317,45.198689739264 10.4094787986468,45.1987030707468 10.4096593164482,45.1987119270066 10.4103830339496,45.1988379964314</coordinates></LineString></MultiGeometry>
  </Placemark>
  <Placemark id="RIP_2026.17">
	<Style><LineStyle><color>ff0000ff</color></LineStyle><PolyStyle><fill>0</fill></PolyStyle></Style>
	<ExtendedData><SchemaData schemaUrl="#RIP_2026">
		<SimpleData name="CODICE_CAN">7003</SimpleData>
		<SimpleData name="NOME">CACCIABELLA - AIPO</SimpleData>
		<SimpleData name="NOME_TIPO">Vaso</SimpleData>
		<SimpleData name="NOME_COMPL">Vaso CACCIABELLA - AIPO</SimpleData>
		<SimpleData name="FUNZIONE">equamente ripartita</SimpleData>
		<SimpleData name="TRATTOGEST">da via Carducci della loc. La Filanda in Comune di Asola - MN, alla confluenza nel fiume
Chiese</SimpleData>
		<SimpleData name="COMUNI">Asola</SimpleData>
		<SimpleData name="PROVINCIA">MN</SimpleData>
		<SimpleData name="CODICE_SIB">0</SimpleData>
		<SimpleData name="CAN_ALIMEN">Coli</SimpleData>
		<SimpleData name="CAN_SFOCIO">Fiume Chiese</SimpleData>
		<SimpleData name="REGIME_PAT">non valorizzato</SimpleData>
		<SimpleData name="BACINO_IRR">CACCIABELLA</SimpleData>
		<SimpleData name="GERARCHIA">1</SimpleData>
		<SimpleData name="BACINO_SCO">Destra Chiese</SimpleData>
		<SimpleData name="NOTE">Canali in gestione ad AIPO</SimpleData>
		<SimpleData name="NORMATIVA">Allegato B</SimpleData>
	</SchemaData></ExtendedData>
      <MultiGeometry><LineString><coordinates>10.4068849998674,45.2206428561708 10.4068849994833,45.2205586767319 10.406946791968,45.2196721142969 10.4068020270643,45.2187694651339 10.4067151241629,45.2177403397225 10.4066589417501,45.2170501788677 10.406525775889,45.2161513395835 10.4064972311043,45.2157233967722 10.4063893974563,45.2147375146596 10.4066031062432,45.214406306731 10.4066884472476,45.2142209584165 10.4066905402957,45.213941308593 10.4068460643791,45.2136851881826</coordinates></LineString></MultiGeometry>
  </Placemark>
  <Placemark id="RIP_2026.18">
	<Style><LineStyle><color>ff0000ff</color></LineStyle><PolyStyle><fill>0</fill></PolyStyle></Style>
	<ExtendedData><SchemaData schemaUrl="#RIP_2026">
		<SimpleData name="CODICE_CAN">7004</SimpleData>
		<SimpleData name="NOME">BRANCHELLO - AIPO</SimpleData>
		<SimpleData name="NOME_TIPO">Torrente</SimpleData>
		<SimpleData name="NOME_COMPL">Torrente BRANCHELLO - AIPO</SimpleData>
		<SimpleData name="FUNZIONE">solo bonifica</SimpleData>
		<SimpleData name="TRATTOGEST">dal confine bresciano per tutto il suo corso nella provincia di Mantova</SimpleData>
		<SimpleData name="COMUNI">Asola</SimpleData>
		<SimpleData name="PROVINCIA">MN</SimpleData>
		<SimpleData name="CODICE_SIB">0</SimpleData>
		<SimpleData name="CAN_ALIMEN">Coli</SimpleData>
		<SimpleData name="CAN_SFOCIO">Fiume Chiese</SimpleData>
		<SimpleData name="REGIME_PAT">non valorizzato</SimpleData>
		<SimpleData name="BACINO_SCO">Destra Chiese</SimpleData>
		<SimpleData name="NOTE">Canali in gestione ad AIPO</SimpleData>
		<SimpleData name="NORMATIVA">Allegato B</SimpleData>
	</SchemaData></ExtendedData>
      <MultiGeometry><LineString><coordinates>10.3931430056129,45.2523977352133 10.3931733540329,45.2521505789121 10.3932181195203,45.2517599317795 10.3932390161778,45.2515038726288 10.3932522580917,45.2511200047517 10.3932870539947,45.2510620242981 10.3942002648825,45.2510125055955 10.3945616782199,45.2509825118224 10.3945673426163,45.250982244612 10.3945664956969,45.2509792988463 10.3944267113966,45.2507785655321 10.3943967675669,45.2505883998806 10.3943323887986,45.2503688838598 10.3942941651725,45.2501847737938 10.3942469331539,45.2499769564967 10.3941998458851,45.2497750919316 10.3941441873689,45.2495673774593 10.3941589936822,45.2494838846329 10.3941590014989,45.2494838395298 10.3939438198362,45.2493018896512 10.3937373579013,45.2491317410888 10.3935970001516,45.248907198291 10.3935486059523,45.2486517622292 10.3935265110988,45.2484376841885 10.3935000394081,45.2478723667202 10.3935954778316,45.2476389916425 10.3937751793795,45.2474045880266 10.3940225792319,45.2471812658516 10.3941714855264,45.2470663200024 10.3943385544488,45.2470047384408 10.3946156011589,45.2469596762203 10.3952886811974,45.2469097740454 10.3955753196862,45.2469122249238 10.3958692172235,45.2468669528185 10.3961878100619,45.2467975626009 10.3963881429843,45.246717709535 10.3966670650196,45.2465773532357 10.3969488863865,45.2463833736195 10.3973634781816,45.2461044115502 10.3977113890779,45.2458560350091 10.3979326132676,45.245597299307 10.3980867187626,45.2453512940037 10.3982655183682,45.2450811697849 10.3982955693151,45.2449319484425 10.3982453825648,45.2444324174758 10.3982161147817,45.2439266766738 10.3982224500327,45.2434979034024 10.3981895772703,45.2431886918308 10.3981947207577,45.2425396306806 10.3982299841143,45.2422593556376 10.3982470806868,45.2419257158174 10.3982314990575,45.2416341551521 10.3982345206682,45.2414138156921 10.3982939129694,45.2412582813459 10.398501627124,45.2411366550675 10.3988917749921,45.2408937101681 10.3992740782045,45.2406746772919 10.3996075825004,45.2405276911731 10.399705169122,45.240468105144 10.3998132236956,45.2403177069561</coordinates></LineString></MultiGeometry>
  </Placemark>
  <Placemark id="RIP_2026.19">
	<Style><LineStyle><color>ff0000ff</color></LineStyle><PolyStyle><fill>0</fill></PolyStyle></Style>
	<ExtendedData><SchemaData schemaUrl="#RIP_2026">
		<SimpleData name="CODICE_CAN">8233</SimpleData>
		<SimpleData name="NOME">GERRA E SAN VIGILIO</SimpleData>
		<SimpleData name="NOME_TIPO">Fosso</SimpleData>
		<SimpleData name="NOME_COMPL">Fosso GERRA E SAN VIGILIO</SimpleData>
		<SimpleData name="FUNZIONE">solo bonifica</SimpleData>
		<SimpleData name="TRATTOGEST">tutto il suo corso</SimpleData>
		<SimpleData name="COMUNI">Castiglione delle Stiviere</SimpleData>
		<SimpleData name="PROVINCIA">MN</SimpleData>
		<SimpleData name="CODICE_SIB">0</SimpleData>
		<SimpleData name="CAN_ALIMEN">Coli</SimpleData>
		<SimpleData name="CAN_SFOCIO">Seriola Marchionale</SimpleData>
		<SimpleData name="REGIME_PAT">non valorizzato</SimpleData>
		<SimpleData name="BACINO_IRR">MARCHIONALE</SimpleData>
		<SimpleData name="GERARCHIA">0</SimpleData>
		<SimpleData name="BACINO_SCO">Marchionale e Osone</SimpleData>
		<SimpleData name="NOTE">MN086</SimpleData>
		<SimpleData name="NORMATIVA">Allegato A</SimpleData>
	</SchemaData></ExtendedData>
      <MultiGeometry><LineString><coordinates>10.4979601925603,45.3611352638667 10.4971523894562,45.3610086159226 10.4970456763694,45.3609653595177 10.4969807851241,45.3609066696353 10.4969624865291,45.3608533230035 10.4969899169765,45.3607725836556 10.4970798997421,45.3606349828931 10.4972175317919,45.3604460931091 10.4972466895738,45.3604029849748 10.497410883894,45.3602357418453 10.4966092893829,45.3586624708311 10.4955592813265,45.3566339848033 10.4953467901266,45.3562616617016 10.494912276974,45.3554754605821 10.4947464173413,45.3552518452139 10.4946464784538,45.3550026148865 10.4939932632601,45.3539275233318 10.4935243943059,45.3531179498526 10.4934586532516,45.3529943697136 10.494353642753,45.3527325906187 10.4943230716357,45.3526405783032 10.4939598507014,45.3520161105095 10.49458413904,45.3518650438995 10.4944564709687,45.3516345062193 10.4938113056353,45.3506069402235 10.4931540623539,45.3495045070934 10.4923970508144,45.348267621138 10.49130572258,45.3464527883479 10.4912370714464,45.3463465116058 10.4902381682074,45.3467813681113 10.4897082191048,45.3461157269979</coordinates></LineString><LineString><coordinates>10.4953255940782,45.3562233104719 10.4940542187872,45.3565643752106 10.4932484569205,45.3567845214227 10.492809492852,45.3560537193458 10.4923355868597,45.3551810940574 10.4917864696923,45.3543380287336 10.4910594354524,45.3530864535092 10.4908136903034,45.3526038103695 10.4905948681001,45.3521815466973 10.4900563183048,45.3509668010157 10.4898202522777,45.3504661670774 10.4890897467663,45.3492717828742 10.4884029720293,45.348198286791 10.4881858702718,45.3478402997249 10.4881163139679,45.3477370958688</coordinates></LineString><LineString><coordinates>10.50377739322,45.3794326317737 10.5036950784728,45.3793863091087 10.5038108633484,45.379267499415 10.5037140079955,45.3791530643507 10.5033931569453,45.3780977220984 10.5030496988614,45.3769328935246 10.5027556840084,45.3759682734428 10.5023866687709,45.3747942285178 10.5023352247621,45.3746762053245 10.5023273634009,45.3746282955364 10.5022074140013,45.3742458377081 10.5021101541657,45.373922621715 10.501834121098,45.3730688699216 10.5016084799304,45.3723633058611 10.5014469174292,45.3718444512266 10.5011262426396,45.3708989966581 10.5010673381713,45.3707421772908 10.5010331563615,45.3706306390036 10.5007264215755,45.3696808702697 10.5006306781802,45.3693607602336 10.500589714522,45.3692972645827 10.5004512482505,45.3688525303921 10.5003635541124,45.3685708652861 10.500294007772,45.3683365940692 10.5002801061014,45.3682125051194 10.5002276414979,45.3680433309107 10.5000092923936,45.3673467832489 10.4997147607189,45.3663558699044 10.4993932100036,45.3654132423495 10.4993780022902,45.3653180131134 10.4991190993172,45.3644699827088 10.4989761211996,45.3640133975077 10.4987789492226,45.3634235571768 10.498616182646,45.3628570811584 10.498404625518,45.3622019342461 10.4982510165107,45.3616621306847 10.498116967225,45.3612232892214 10.498115631746,45.3611726972647 10.49795972996,45.3611337808723</coordinates></LineString></MultiGeometry>
  </Placemark>
  <Placemark id="RIP_2026.20">
	<Style><LineStyle><color>ff0000ff</color></LineStyle><PolyStyle><fill>0</fill></PolyStyle></Style>
	<ExtendedData><SchemaData schemaUrl="#RIP_2026">
		<SimpleData name="CODICE_CAN">0074</SimpleData>
		<SimpleData name="NOME">ASOLANA</SimpleData>
		<SimpleData name="NOME_TIPO">Seriola</SimpleData>
		<SimpleData name="NOME_COMPL">Seriola ASOLANA</SimpleData>
		<SimpleData name="FUNZIONE">equamente ripartita</SimpleData>
		<SimpleData name="TRATTOGEST">dallo sbocco al punto in cui passa in Provincia di Brescia</SimpleData>
		<SimpleData name="COMUNI">Asola</SimpleData>
		<SimpleData name="PROVINCIA">MN</SimpleData>
		<SimpleData name="CODICE_SIB">4320</SimpleData>
		<SimpleData name="CAN_ALIMEN">Fontanile</SimpleData>
		<SimpleData name="CAN_SFOCIO">Vaso Turca e Rio S.Elena</SimpleData>
		<SimpleData name="REGIME_PAT">demanio statale</SimpleData>
		<SimpleData name="BACINO_IRR">ASOLANA</SimpleData>
		<SimpleData name="GERARCHIA">1</SimpleData>
		<SimpleData name="BACINO_SCO">Destra Chiese</SimpleData>
		<SimpleData name="NOTE">MN078</SimpleData>
		<SimpleData name="NORMATIVA">Allegato A</SimpleData>
	</SchemaData></ExtendedData>
      <MultiGeometry><LineString><coordinates>10.3728541355567,45.2409457076405 10.3729798247025,45.2407944510001 10.3732619712185,45.2404367843233 10.3734420227635,45.2402143135191 10.3736119243036,45.2397588918868 10.3736485857321,45.2396909786988 10.3739179689084,45.239137502893 10.3742519665026,45.2384019406318 10.3744323612257,45.237796315042 10.3745556327396,45.2371918854824 10.3746999607921,45.2362719566335 10.3749226724935,45.235176695284 10.3749484564501,45.2350354056151 10.374984657724,45.2345034115721 10.3750417945342,45.2342112262086 10.3751732491083,45.2339175739027 10.3753143639096,45.2334337275831 10.3754616909169,45.2331074238962 10.3755210538629,45.23287178772 10.3755999538703,45.2326964026344 10.3756343767605,45.2324087050494 10.375721522389,45.2321523030396 10.3757686526526,45.2318966967754 10.3757892308018,45.2314030987815 10.3758497015131,45.2311957366341 10.3759193800588,45.2309315981682 10.3759595180808,45.2306437875844 10.3759828191984,45.2303643908296 10.3760065999965,45.2300971138181 10.376041821882,45.2298296121144 10.3760441481989,45.2294536049204 10.3760204454125,45.2291427937294 10.3760465959419,45.2287905768784 10.3760212593244,45.2281483085502 10.375879864174,45.2264491782744 10.3756480167931,45.2255751558761 10.3753568017888,45.2252812114014 10.3752471762625,45.225009396397 10.3752905718079,45.2246720064845 10.3753073185577,45.2241157682631 10.3753500315242,45.2240205135307 10.375563430647,45.2236434986312 10.3760324155596,45.2226299909606 10.3762825784882,45.2221561260132 10.3764900400152,45.2217599101437 10.3766053049338,45.2213558279458 10.3768099679377,45.2207348794951 10.3768574004787,45.2204873455817 10.3769510389375,45.2202510344617 10.377055815645,45.2201519456696 10.3772765795502,45.2201084936363 10.3777850192193,45.2200769343553 10.3785096221978,45.220030307187 10.3801359111629,45.2198159552366 10.3805038391723,45.2197521051653 10.3806829696433,45.2196121382175 10.3808072703601,45.2194848831998 10.380728861485,45.2193033242745 10.3807441101825,45.2188527903147 10.3807607729553,45.2184267991209 10.3807560023052,45.2182298496149 10.3808379359038,45.217866058325 10.380982189422,45.2176085276014 10.3810451590193,45.2173202604591 10.3811217588474,45.2170175463953 10.381117370262,45.2168146508738 10.3810667351483,45.2165801261565 10.3810311526788,45.2162246735262 10.3809963396641,45.2159009841776 10.3809476451727,45.2157213273208 10.3809450628964,45.2155111642308 10.3809107408713,45.2153364189126 10.3808841481463,45.2149808552522 10.3808129096344,45.2144829194512 10.3805590737518,45.2138090981072 10.3803459516947,45.2131761675182 10.380269043312,45.2125987841167 10.3800763637753,45.2120672870364 10.3799698570663,45.2116738006545 10.3798948401989,45.2112225110129 10.3798852685721,45.210980146405 10.3797615348694,45.2105985440886 10.3796304910745,45.2101766583961 10.3795529552177,45.2098062726944 10.3795857790811,45.2096237094571 10.3796562093151,45.2093797639535 10.3797075876291,45.2090876847121 10.3797362351557,45.2086545634624 10.3797215588787,45.2082829353108 10.3796547592663,45.2076051024346 10.3796709363019,45.2067113731622 10.3797217993885,45.2062254587061 10.3797575786357,45.2059734201352 10.3799671493601,45.2052340287011 10.3800205741104,45.2050805396237 10.3800493235805,45.2049979381385 10.3801378738629,45.2049234221129 10.3805197621739,45.2048916273858</coordinates></LineString></MultiGeometry>
  </Placemark>
  <Placemark id="RIP_2026.21">
	<Style><LineStyle><color>ff0000ff</color></LineStyle><PolyStyle><fill>0</fill></PolyStyle></Style>
	<ExtendedData><SchemaData schemaUrl="#RIP_2026">
		<SimpleData name="CODICE_CAN">0083</SimpleData>
		<SimpleData name="NOME">TARTARO FABREZZA</SimpleData>
		<SimpleData name="NOME_TIPO">Canale</SimpleData>
		<SimpleData name="NOME_COMPL">Canale TARTARO FABREZZA</SimpleData>
		<SimpleData name="FUNZIONE">equamente ripartita</SimpleData>
		<SimpleData name="TRATTOGEST">tutto il suo corso</SimpleData>
		<SimpleData name="COMUNI">Castel Goffredo, Casaloldo, Asola, Piubega, Mariana Mantovana, Redondesco, Marcaria</SimpleData>
		<SimpleData name="PROVINCIA">MN</SimpleData>
		<SimpleData name="CODICE_SIB">4327</SimpleData>
		<SimpleData name="CAN_ALIMEN">Fontanile</SimpleData>
		<SimpleData name="CAN_SFOCIO">Fiume Oglio</SimpleData>
		<SimpleData name="REGIME_PAT">demanio statale</SimpleData>
		<SimpleData name="BACINO_IRR">FABREZZA</SimpleData>
		<SimpleData name="GERARCHIA">1</SimpleData>
		<SimpleData name="BACINO_SCO">Vasi Tartari</SimpleData>
		<SimpleData name="NOTE">MN012</SimpleData>
		<SimpleData name="NORMATIVA">Allegato A</SimpleData>
	</SchemaData></ExtendedData>
      <MultiGeometry><LineString><coordinates>10.5293717850226,45.1538305854869 10.5294569510055,45.1537817447524 10.5309649377497,45.1529956424902</coordinates></LineString><LineString><coordinates>10.4702333642455,45.3337716214819 10.4712265916949,45.3326834214469 10.4717390920162,45.3321835892002 10.4726922665202,45.3314458666406 10.4733293417851,45.33094852446 10.4736862162887,45.3306486004614 10.4743231498711,45.3302116919496 10.4748655666564,45.3297759988217 10.4753692040958,45.3294074903514 10.4759395959947,45.3290095372981 10.4761774125706,45.3288064081653 10.4765016950565,45.3277733568189 10.4768647338216,45.3266731186775 10.4772032350922,45.3256684606524 10.4772926076121,45.3254701063164 10.4773639476171,45.3250976506736 10.4771557594926,45.3238428459222 10.4770436806335,45.323167913643 10.4769156306494,45.3223979227408 10.4767736883039,45.3216128682087 10.476708800003,45.3211945414401 10.4765372924465,45.320310793437 10.4764748828273,45.3199876985387 10.4763937780396,45.3194647889698 10.476312427512,45.3189323562402 10.4762269833601,45.3187619832064 10.476141539732,45.3185916100972 10.4757480941391,45.3174801867456 10.4755457662406,45.3169683682418 10.4755398305666,45.3167398089044 10.4754571113638,45.3166741922567 10.4751504153235,45.3157826601426 10.4749890868311,45.3152893651534 10.4746910788205,45.3144692350663 10.4745110856396,45.3138951131982 10.4744339234843,45.3136674976837 10.4742836335191,45.313078792953 10.4741257731748,45.3123139208928 10.4741154658015,45.3123069094924 10.4739646261533,45.3117110911515 10.4738160761434,45.3111890495945 10.4736906129943,45.3107619498395 10.47351635099,45.3105641654011 10.4733636928052,45.3104041835419 10.4733276156295,45.3102551545122 10.4732060989106,45.3100537347632 10.4730377250062,45.3098082162556 10.4729135438714,45.3097050257288 10.4729831671457,45.3092659075502 10.4730550112881,45.3089125005109 10.4733727451604,45.3086702405821 10.4735815205119,45.3083912790465 10.4735613583955,45.3081343232117 10.4735310726297,45.3074869099149 10.4734149609516,45.3071740318817 10.4736237307866,45.3068950702702 10.4737164924059,45.3067105888539 10.4738560321654,45.3064824333781 10.4739727993956,45.3062999228744 10.4741307921628,45.3061454606303 10.4743942774103,45.3058943708819 10.4748309142087,45.3055386111929 10.475265936108,45.3051495760323 10.475543896411,45.3049364034106 10.4757188920913,45.3047833106857 10.4760335701106,45.3045585437247 10.4770206877691,45.3038471145385 10.4774118015818,45.3035690231831 10.4776777350694,45.3034131602691 10.4788021244626,45.3030461304352 10.4805013055766,45.3024620582822 10.4805123206773,45.3023666510527 10.4803794625489,45.3019301519423 10.4802755789495,45.3015694898558 10.4802006688539,45.3012846639987 10.4799630861599,45.3009733667984 10.4796472576164,45.3004793871236 10.4795263288317,45.3002558756321 10.4795449797799,45.3000034575438 10.4795147064599,45.29982360596 10.4794925081059,45.2996695388978 10.4794113279231,45.2994819889531 10.4793636599256,45.2992063366784 10.4793566625369,45.2982898137145 10.4793096423201,45.2971302514676 10.479385893221,45.2969482600053 10.479509927427,45.2962540500316 10.4794655464928,45.2961045810899 10.4793066887145,45.2958351318493 10.4790079384318,45.295390800586 10.4790022421848,45.295171763788 10.479156178077,45.2948630163503 10.4791244857031,45.2946824231682 10.4789701225177,45.2944557838624 10.4788587146675,45.2943238543895 10.4787603033056,45.294172703954 10.4787028670066,45.2940400753861 10.4787119021965,45.2938684809371 10.4787479205182,45.2936965370607 10.4787312088981,45.2935729082903 10.4787282370611,45.293458627867 10.4786578045376,45.2933452210079 10.4785726413355,45.29318437256 10.4785826668892,45.293050870379 10.4787151122309,45.2929538907941 10.4788470632904,45.2928378649021 10.4790042634052,45.2926548251933 10.4789691055523,45.2923409044046 10.4789484302332,45.2920649020307 10.4789792478011,45.2916929681429 10.4789730559993,45.2914548850712 10.478958617119,45.2912097382145 10.4788000100269,45.2910284301243 10.4788595439832,45.2907228100783 10.4789362833625,45.2905598649577 10.4789190620034,45.2904671799854 10.4788086678777,45.2903233534783 10.4787894807566,45.290104491198 10.4788048749243,45.2899685142061 10.4788470336711,45.2897226847149 10.4790049681098,45.289568215145 10.4790969311027,45.2894717593814 10.4791616637934,45.2893661290883 10.4791581963797,45.289232802452 10.4791510140314,45.2889566251935 10.4791816474409,45.2880588278229 10.4791805251247,45.287496775369 10.4792136843195,45.2866961153371 10.4792847070954,45.2852757388699 10.4793270282173,45.2848274433355 10.4793328398047,45.2845320449738 10.4793523901865,45.2842459949007 10.4794406291666,45.2840066881626 10.4795276294633,45.2837197650414 10.4794944561939,45.2834820303722 10.479434552586,45.2832541682928 10.4793304645331,45.2828839806063 10.4792803374481,45.2825130937783 10.4792902858589,45.2823767352221 10.4794332230221,45.2821652995909 10.4795097035614,45.2819928318129 10.4794360633909,45.281755621362 10.4794975673232,45.2815261871479 10.4796412457111,45.2813433214065 10.4796767603481,45.2811523308178 10.4795851724666,45.2807438742761 10.4796037304505,45.2804197307559 10.4795950933353,45.2802707767924 10.479567340739,45.2800581931003 10.4796160962806,45.2798575037294 10.4796311672528,45.2797209256827 10.4795659692324,45.2794866168424 10.4795865088901,45.2792386597656 10.4795581346377,45.2790413263475 10.4794389887334,45.2787547155016 10.4795434324183,45.2786199914079 10.4795590183337,45.2781815670958 10.4798360877796,45.2779398147869 10.4801393900407,45.2776691410659 10.4803220360163,45.2774286105382 10.4805184152134,45.2771974288543 10.480607878947,45.2770057374618 10.4806226130116,45.2766659490177 10.4805921661385,45.2763635733737 10.4805246919587,45.2761279649408 10.4805051291904,45.2759452627933 10.4807440697808,45.2754987742844 10.4808832673825,45.2751444869212 10.4809822478694,45.274800247273 10.4811042602877,45.2744842642981 10.4811992828973,45.2742472496262 10.4812027190193,45.273939997663 10.4812504729043,45.2737012142564 10.4812790357973,45.2732435684019 10.481325796369,45.2729666916904 10.4813742924308,45.2727564774901 10.4813825743927,45.2725563121739 10.4813766244684,45.2723277516538 10.4814241273634,45.2720794450578 10.4814053332421,45.271945630132 10.4813058183215,45.2716808622582 10.4812079380066,45.2715487591096 10.4812154411651,45.2714002726019 10.4813318151887,45.2711835771187 10.4815605716663,45.2709199765685 10.4817058816705,45.2707107284747 10.481808467437,45.2705711060019 10.4818351437632,45.2703967765927 10.4816853123703,45.2702424751097 10.4815704892875,45.2701035681943 10.4815539163555,45.2699867553132 10.4815646832434,45.2698410609789 10.4814003679845,45.2697476821124 10.4812299761492,45.2696463569727 10.4812241254821,45.2695131472961 10.4811938813256,45.2693744750561 10.4810189529528,45.2692624237136 10.4808246374857,45.2691461182533 10.4807607382647,45.2689939767718 10.4807418420925,45.2687230004495 10.4805710366386,45.2684526517234 10.4803849337877,45.2682274798767 10.4803098578431,45.2679775410084 10.4803017593604,45.2676625547492 10.480316694386,45.2673511063278 10.4802807191117,45.2670528930024 10.4801845724216,45.266687306367 10.480130216085,45.2664088213354 10.4800235003708,45.2661958556277 10.4798674022155,45.2659790659484 10.4798480718577,45.2658694608958 10.479719408319,45.2657358280529 10.4797821550156,45.2656011189787 10.4798172588241,45.2654625985938 10.479794244429,45.2653557219211 10.4797649728847,45.2652095617338 10.4799329198659,45.2651250779162 10.4801085206575,45.2650848721901 10.4801673265166,45.2649906515477 10.4800798625756,45.2648228625211 10.48002256687,45.2646907776544 10.4800461567292,45.2645379355488 10.4801437698555,45.264400917313 10.480222064262,45.2642823595172 10.480024223685,45.2640765789603 10.4799632128118,45.2638597225592 10.4799182918512,45.2636182733381 10.4799364180975,45.2633794833855 10.4800367152586,45.2632019541329 10.4800725063568,45.2629603292387 10.4802175495498,45.2627637693834 10.4802134221336,45.2625208678708 10.4801769661832,45.2620812454902 10.4802004043061,45.2615207716049 10.480238900708,45.2610558509111 10.4801972328723,45.2606205492194 10.4801471221856,45.2602496612069 10.4800810581638,45.260043313818 10.4798968683514,45.2597398125898 10.4797796485148,45.2595399267702 10.4794870119157,45.2591793246605 10.4791345650459,45.2587948323193 10.478917530062,45.2584116852967 10.4786223063325,45.2578258337374 10.4782997688144,45.2572869917624 10.4781910376792,45.2569954558497 10.4782147004979,45.256737931341 10.4784122101687,45.2562812383787 10.4784852492722,45.2558594255206 10.4783703374147,45.2555871799335 10.4781937616219,45.255152022278 10.4779833138949,45.2547188375017 10.4777215181423,45.254227572719 10.4775689657118,45.2538793776155 10.47754262403,45.253669843785 10.4774449236603,45.2532679231983 10.4773644912495,45.2529989651068 10.4773879951629,45.2529475097136 10.4772993166994,45.2526485678716 10.4773347620299,45.2524551961964 10.4776209656456,45.2521799865043 10.4778058631073,45.2518989417748 10.4780300937484,45.2515745177366 10.4781543168205,45.2512942577498 10.47831898503,45.2510134731089 10.4784053541491,45.2508337317286 10.4784733550873,45.2507256770222 10.4787972976021,45.2507357749478 10.4790999051691,45.2507032775178 10.4793725471398,45.2506854574719 10.4797047194202,45.2506648886323 10.4799652970953,45.2506066616093 10.4803095856639,45.2505447104642 10.4807342957778,45.2505332700398 10.4811337909576,45.2505124055171 10.48156562469,45.2504463868026 10.4820690431345,45.2504474873073 10.4824406752197,45.2504433923753 10.4826537999283,45.2504500076321 10.4829553862949,45.2503109033486 10.4832095735199,45.2501073489213 10.483963846069,45.24969889191 10.4849279517921,45.2492201204033 10.4849376904093,45.2492057037927 10.485330341877,45.2490345768084 10.48573074994,45.2489045827689 10.4860624331088,45.2486427547037 10.4867422985761,45.2482033748336 10.4872501348209,45.2478966776637 10.4880131174601,45.247476687018 10.488776968447,45.2471051362047 10.4893654834809,45.2467902322166 10.4899940626308,45.2464605124301 10.4902934622096,45.2463065637207 10.4907915842578,45.24614694143 10.4917567960821,45.2458550148868 10.492585919487,45.2455903137073 10.4932023719657,45.2453826059179 10.4937489842966,45.2451162342951 10.4942438116699,45.2449235232592 10.4937139165789,45.2443210144156 10.4930983438206,45.2435910882719 10.4924279879682,45.2427855936925 10.4921011319826,45.2423389525338 10.4918356622828,45.2418565625517 10.491500362709,45.2414108076546 10.4912466952658,45.2409925665645 10.4910767132688,45.2406804066025 10.4910158841887,45.2402882284664 10.4910220861666,45.2397522751278 10.4910387697052,45.2392304748679 10.4910412333992,45.2385516712212 10.4909721839232,45.2378452212924 10.4909587282792,45.2373309589578 10.4909645713517,45.236958935891 10.4908942788046,45.2357523502001 10.4908792732211,45.2348920387458 10.4908329569901,45.2343597006423 10.4909925907935,45.2342188138437 10.4913177181205,45.234070249389 10.4915154202158,45.2338726741197 10.4916232486265,45.2337426564817 10.4917816017911,45.2335689385365 10.4919391180903,45.2334181305807 10.4921556084811,45.2332046133793 10.4924533662268,45.2329755643821 10.4925911473873,45.2328308631257 10.492656799494,45.232506097474 10.4926922467447,45.2323151002901 10.4927266963508,45.2320860093664 10.4927895977889,45.2319137066213 10.4928876341502,45.2317445397328 10.4929901272021,45.2316007271768 10.493163869609,45.2314038984342 10.493430746288,45.2311693860401 10.4936585598574,45.2309877808054 10.4938967278896,45.2307967950875 10.494073936875,45.2306322406307 10.4941912423486,45.2304782786018 10.4942898507587,45.2303160362522 10.4943452981794,45.2301833167732 10.4943725024845,45.2300638770749 10.4943978345627,45.2298730116605 10.4943929847758,45.2297461946303 10.4943675719248,45.229618568623 10.4942789702241,45.2294530109507 10.4941839423499,45.2292994456636 10.4940770246858,45.2290784539912 10.4939821236089,45.228929650966 10.4939382159397,45.2287969821703 10.4939613434222,45.2286710759709 10.494006109824,45.2285163831269 10.494118554163,45.2283476316432 10.4942657416301,45.2281766067553 10.4943305376517,45.2280805235871 10.4945268583023,45.227851663418 10.4945495686993,45.2276894123082 10.4944890936691,45.2275061338387 10.4943507666408,45.2273640836374 10.4938417866952,45.2266602637964 10.4932326827838,45.2258795975749 10.4927118089205,45.2252094325311 10.4924765714884,45.2249494953615 10.4922139581406,45.2247300787495 10.4920374671665,45.2245537592499 10.491965098268,45.2243781287286 10.4920293870173,45.2241461539525 10.4921512154909,45.2239210146825 10.4923066351443,45.2236356855079 10.492409022321,45.2232985339539 10.4925141283606,45.2230555313227 10.4925880153114,45.2229123385641 10.4926495331027,45.2228309683604 10.4930661174885,45.2224569526665 10.4933075405826,45.2222182813999 10.4934486631686,45.22207353515 10.4935972087278,45.2219548900724 10.4936748821804,45.2218324085412 10.4936376407846,45.221568529557 10.4935810614065,45.2212096364132 10.493524046364,45.2208340771782 10.4935165630996,45.2206396947801 10.4935037773492,45.2204461288932 10.4935072034664,45.2203013674938 10.4935830740263,45.2201283286139 10.4937837258275,45.2198152502906 10.4939322452025,45.2196145366856 10.4940995645555,45.2193903966455 10.494296323418,45.2191226278727 10.4945476698964,45.2188724717123 10.4947589109828,45.2188172107395 10.4951759616372,45.2188673759792 10.4956658578762,45.2189189358747 10.496351932971,45.2188670817091 10.4971691955002,45.2188063588508 10.4978953156036,45.2187396803065 10.4984370721959,45.2187072174865 10.4988883270487,45.2185557831566 10.4994164428423,45.2183298505181 10.5002067596717,45.2179485175564 10.501848012929,45.2173945420369 10.5025122843492,45.2171416608729 10.5031150600672,45.2169221711591 10.5036615418204,45.2167241340611 10.5040765331384,45.2166078542733 10.5046566174201,45.2163715756464 10.505025427205,45.2161738027082 10.5051945782019,45.2160715445794 10.5053420108018,45.2159124123321 10.5051470785566,45.2157531322508 10.5036616157057,45.2142444268275 10.5023587746791,45.2128530627908 10.5019304045449,45.2124306166719 10.5016592175518,45.2122250840761 10.5012860011069,45.2117479104012 10.49642254493,45.2066600984761 10.4961592189982,45.2063778746417 10.4922560703858,45.2021942202699 10.4916063373011,45.2015024956583 10.4906887382874,45.200421286844 10.4903387145567,45.200069568734 10.4902032820299,45.2000203546788 10.4894443574845,45.2002912947818 10.4884364651172,45.2006651540384 10.4880652041684,45.2007506276431 10.4879990259802,45.2007494565838 10.4878450579799,45.2002725880615 10.4877382588307,45.2000524837681 10.4876101610452,45.1998214975284 10.4875160501661,45.1996695473626 10.4873769436512,45.1994584556302 10.4873388707939,45.1992408430064 10.4871306317725,45.1989257986551 10.4869463146665,45.1986345064523 10.4868354263743,45.1983213911577 10.4868722739098,45.1979848391037 10.4869118529736,45.1975794591876 10.4869311157661,45.1973646445754 10.4869266926325,45.1972193357316 10.4868564609733,45.1970952392065 10.486685947991,45.1969897251571 10.4863727261625,45.1968913579525 10.4861374859606,45.1967937600042 10.485933214517,45.1967106769749 10.4858101308615,45.1966408281707 10.4857072348216,45.1965862488849 10.4855836868839,45.1965080298571 10.4853391200032,45.1964040227151 10.4850327802709,45.1963379645783 10.4847092689691,45.1962764550783 10.4846665354346,45.1962043369324 10.4845559223797,45.196028750774 10.4844812806678,45.1957593436243 10.4843826917964,45.1954757244855 10.4841508695447,45.1950019762094 10.4839886399003,45.1948234641955 10.4838440921815,45.1946567051482 10.4837211745046,45.1944611593792 10.4836009094013,45.1941545060249 10.483510438949,45.1939560386736 10.4833468141201,45.1937451955634 10.4831971637051,45.1935023967179 10.4830726058862,45.1933754036807 10.4831080362866,45.1932708512694 10.4835246800022,45.1928352092759 10.4841658961422,45.1923196821012 10.4846326383392,45.192002110131 10.4850533040685,45.1916774462936 10.4855367254834,45.1913785076024 10.486043752554,45.1910370104423 10.4864806970448,45.1907660465618 10.4871758504476,45.1902997178266 10.4877103477898,45.1899073715104 10.4877611884779,45.1898848297128 10.4885244162925,45.1892800417051 10.4893648948255,45.1886135536667 10.4901708850325,45.1880059499351 10.4906864550653,45.1876227166591 10.4911488505062,45.1872001694313 10.4916857073398,45.1867800682102 10.4921619476356,45.1864138545955 10.4925437970902,45.1861143895052 10.4928390610564,45.1859300556284 10.4935189592373,45.1856444180813 10.4939688767762,45.185464850076 10.4942241432144,45.1854148688199 10.494859365162,45.1852879506565 10.4953434924692,45.1852056026543 10.4954499133278,45.1851862632573 10.4956569854234,45.184813682338 10.4959168632857,45.1843388301123 10.4960811441054,45.1839024444558 10.4961875818545,45.1834511202915 10.4963909704645,45.1828601656009 10.4966276270157,45.182377721464 10.4968897403294,45.1819554098911 10.4971334982028,45.1815051730768 10.4973476494523,45.1811648020846 10.4975171507292,45.180983159141 10.4977171412732,45.1808453591681 10.4979817253401,45.1807466221071 10.4984113372539,45.1806281558188 10.4989043312274,45.1805204545488 10.4993909124015,45.1803967097881 10.5000863179779,45.1802077878598 10.5006632790282,45.1800578193756 10.5014370778878,45.179697294602 10.5021630631429,45.1792892473142 10.5027708110934,45.1790576978769 10.503247475015,45.1788370598864 10.5037547615888,45.1785308096117 10.5044595949841,45.1781636587827 10.5047276087816,45.1780122416446 10.5049318860844,45.1778419727922 10.5050691171031,45.1775760607183 10.5051932230056,45.1774034769736 10.5055598942279,45.1771528408395 10.5058786216131,45.1768864158829 10.5061555710444,45.1766423998403 10.5063426967822,45.1764724995867 10.5067770537008,45.1762001709216 10.5072135006803,45.1759763400681 10.5073632459234,45.1758679268005 10.5078826039842,45.1755775774379 10.5086121087472,45.175120866682 10.5091596294314,45.1746883136508 10.5094323960812,45.1743830588105 10.5096386995038,45.1742168855097 10.509754161814,45.1741076044796 10.5099653798115,45.1740114957796 10.5101825744381,45.1737438493035 10.5104946367163,45.1734215594952 10.5110662009027,45.1730167949389 10.5119720129571,45.172406569586 10.5127327480625,45.1718803867048 10.5132607474159,45.1715571177095 10.5136593267608,45.1712140272593 10.5139225455038,45.1710375147493 10.5141943092998,45.1708980715127 10.514357026653,45.1708257743893 10.5146329612627,45.1707267526018 10.5150049158925,45.1704678809454 10.5154488615687,45.1701548554462 10.5158301349585,45.1698472339638 10.5160670534798,45.1696398289035 10.5163232108316,45.1694805509525 10.5165231155974,45.1693427188951 10.5166675788507,45.1691390294292 10.5165808277045,45.1689424383195 10.5164626673148,45.1686077645278 10.5163682428682,45.168393230391 10.5162472198538,45.1682218127289 10.5161517265606,45.1679790412386 10.5160898488882,45.1677905842156 10.5160989341691,45.1676042972349 10.5162140173716,45.1671341562954 10.5162175269451,45.16690996705 10.5162597690157,45.1665651946021 10.5163373399445,45.1662439298342 10.5164191128429,45.1660196607834 10.5165493232449,45.1657898249188 10.516871144627,45.1655473802703 10.5167347823526,45.1654533925077 10.5163909135476,45.1653689663877 10.5159760718712,45.1652970522895 10.5155622852907,45.1652493840037 10.5146513367772,45.1652035388772 10.5140654030882,45.1652280037346 10.5135431195743,45.1652373127971 10.5131114465412,45.1652311096773 10.5130672896222,45.1652185781365 10.5130646064852,45.1651457133913 10.5131530928865,45.1648120781907 10.5132561142524,45.1644138000461 10.5131896796464,45.1643639884075 10.5122272023274,45.1641861124985 10.5121483211117,45.1640571170768 10.5125340106946,45.163567582344 10.5132814866524,45.1627582958207 10.5134975761885,45.162466397646 10.5139153560504,45.1622105827514 10.5146212634063,45.1619180147823 10.5152603755305,45.1616451747739 10.5156000263345,45.161504913482 10.5158518416371,45.1612422376422 10.5159071672039,45.1611234388524 10.5159437614494,45.1610448598014 10.5161559845504,45.1608715627406 10.5166442127728,45.1606587098614 10.518187639637,45.1599901125862 10.5199840458033,45.1592229585009 10.5217539557067,45.1585048949146 10.523718645067,45.1576652536933 10.5256334522973,45.1568630709479 10.5263478163537,45.1565481811254 10.5265867659261,45.1564924447368 10.5268273785324,45.1563467587041 10.5271363626111,45.1560784215612 10.5273676014121,45.1557537314573 10.5275686572139,45.1553933181687 10.5276591288464,45.1551162715769 10.5277694451662,45.1548994471674 10.5279490065716,45.1546972464853 10.5281515888439,45.1544985721426 10.5284880445613,45.1543070405279 10.5288866552077,45.1541087912832 10.5293717850226,45.1538305854869 10.5293922951774,45.1538395636149 10.5298569869358,45.1540063411874 10.5302343304966,45.1541335809332 10.5308566340378,45.1542760979018 10.5311690587286,45.1544874795849 10.5313406348147,45.1546170903996 10.5314960764394,45.1546419098899 10.5316607628066,45.1546179906055 10.53193194561,45.1545471891699 10.5323425207797,45.1542710376999 10.5324694994809,45.1541711205696 10.5325610330249,45.1539183126518 10.5329832981099,45.1537753602757 10.5332025401139,45.1536935905409 10.5335212974211,45.1535367852091 10.5339309492008,45.1532404270685 10.5347323864349,45.1526319297533 10.53543982602,45.152094294627 10.5360545457997,45.1516558058092 10.5364002883881,45.1513972405131 10.5367236279331,45.1511554253777 10.5372738095923,45.1508073591091 10.5376839684429,45.1505231085262 10.5381868251625,45.1501397034282 10.5385145267926,45.1499822927751 10.5391600424154,45.1497942351638 10.5404160970019,45.1495699570703 10.5416975125936,45.1493593158683 10.5427571945747,45.1491923603022 10.5432434932927,45.1490942026969 10.5438734667297,45.1489941580778 10.5438876476478,45.1489837331986 10.5445174249747,45.1488734545378 10.5452174261114,45.1487011626332 10.5466365337136,45.1483437362613 10.5477213555415,45.1481289856633 10.5477676092091,45.1481169490327 10.54846827962,45.1479346082956 10.5498535785222,45.1475799948137 10.5502317603622,45.1467819807489 10.5505706220892,45.1463132533594 10.55083060088,45.1459588477385 10.5509652022965,45.1455601548778 10.5512622612999,45.1450519265419 10.5513898651203,45.144824832917 10.5514473430712,45.1447920400096 10.5515507360142,45.1446334424402 10.5516359455588,45.1445489247953 10.551742890842,45.1445212726711 10.5518533294842,45.1444983363827 10.5519626049742,45.1444325450663 10.5520831401051,45.1442856225437 10.552233047883,45.1441049566877 10.552310557787,45.1439848175918 10.5523385772089,45.1437772281121 10.552329396478,45.1435629992459 10.5522234948071,45.1433810474654 10.5521544018702,45.1433152988991 10.5520926230706,45.1431470374354 10.5520290958406,45.1430383423947 10.5518953092995,45.1429448925094 10.5517690315302,45.1427560721036 10.5513649696222,45.1422518772032 10.551191551797,45.1420365553454 10.5512253518954,45.1419846590825 10.5512600585936,45.1418666089807 10.5513126120126,45.1417643286454 10.5513951568421,45.1416937265039 10.5515703951519,45.1415239909261 10.5517148249804,45.1414317842496 10.5518728443758,45.1413877940107 10.5520080300305,45.14134432096 10.5521082409098,45.1412854549538 10.5520766213908,45.1412174186194 10.5520459062252,45.1411695806334 10.5520107358573,45.1410348088204 10.5521238308434,45.1408685770437 10.552087595133,45.1407050934542 10.5520338392609,45.1405843585991 10.5519995866037,45.1404428932219 10.552075765212,45.1402694073721 10.5522011273737,45.1401712750671 10.5522811329126,45.1400441174938 10.5523288812317,45.1399621639486 10.5523567860027,45.1398368866515 10.5522721739223,45.1396951365033 10.5520809962152,45.1395309776403 10.5519589561043,45.1393135616729 10.551927975528,45.1390491378118 10.5519013400365,45.1389648107659 10.5519212729183,45.138899660862 10.5519044244109,45.1387787204286 10.5517811158272,45.1387046513518 10.5516531866228,45.1386549513727 10.5515081321961,45.1386056324781 10.5514308512194,45.1385386214534 10.5513092477465,45.1384364046253 10.5511326492723,45.1384388029088 10.5508489182885,45.1384303606241 10.550659289857,45.1384063080662 10.5505363463862,45.1383403162255 10.5501108951953,45.138026340986 10.5499985657919,45.1379397570605 10.5498662173726,45.1378986828996 10.5497298324035,45.1379378353878 10.549627814221,45.1379562998435 10.5495015157284,45.1379429548658 10.5494725332087,45.1378061088482 10.5494045610077,45.1376262910892 10.549361292882,45.1375197019311 10.5492151769438,45.1373430588795 10.5491623989331,45.1372580344681 10.5490407237633,45.137238249433 10.5488097890691,45.1372842510535 10.5484952218694,45.1372242110451 10.5483805430227,45.1370900103695 10.548278225816,45.1367814514475 10.548294624088,45.1365267180142 10.5482668533323,45.1362721631126 10.5482351611917,45.1360747205837 10.5482285705917,45.1357998793347 10.5482848435759,45.1356530336368 10.548288709365,45.1353764491787 10.5482893220689,45.1350263341291 10.5483400954232,45.1347176354413 10.5484107195743,45.1341256298803 10.5485107606051,45.1338079561527 10.5485651433223,45.1334913066385 10.5486387176927,45.1333481157091 10.5487104821185,45.1331645288246 10.5487152342787,45.1330485320289 10.548731352582,45.1328982672188 10.548707882909,45.1327771207468 10.5485615881001,45.1325933326778 10.5484409077259,45.1324234881994 10.5482903117151,45.1320739849754 10.5482055762155,45.1319336717846 10.5482094783577,45.1317049776666 10.5481423627936,45.1314629562163 10.5481070645413,45.1312776643161 10.5480612889735,45.1310782233038 10.5480069713808,45.1309360590604 10.5479516878284,45.1307581827164 10.5479268680684,45.1305870380299 10.5479127178253,45.1304371845129 10.5479280634664,45.1302583506314 10.5478808399581,45.1300733013072 10.547802556923,45.1299099449846 10.5478002369739,45.1298242358401 10.5479683805122,45.1297316456582 10.548045567372,45.1296692560033 10.5481086284512,45.1295465211706 10.548146872043,45.1293798603765 10.5481854593262,45.1291402358625 10.5482994572418,45.1289599093978 10.5482498454384,45.1286172839247 10.5481179956648,45.1285123876259 10.5480702408323,45.1283058781964 10.5480004152317,45.1281497266067 10.5479179079506,45.1279655543601 10.5478753503041,45.1277804840193 10.5478710844117,45.1275940241043 10.5478858512852,45.1273937630597 10.5479898736667,45.127135131861 10.5481069453961,45.1269983178551 10.5483623192965,45.1266953286726 10.5483672526545,45.1266889686598 10.5486315394863,45.1263852944859 10.5488746791685,45.1260461804537 10.5491565324377,45.1260290206872 10.5492886897268,45.1260462779448 10.5494204858508,45.1260554536896 10.5496524704303,45.126005766488 10.5497822783425,45.1259705020171 10.5499679668615,45.1260350858717 10.5501571925417,45.1260510588306 10.5503528482984,45.12608306718 10.5506652699125,45.1260437044235 10.5510303158042,45.1260314692537 10.5513145634045,45.1260008257382 10.5517065153753,45.1259515875751 10.5520200199392,45.125936460673 10.5525091072534,45.1258968031962 10.5529419702432,45.1258551934008 10.5531934220681,45.1258231944972 10.5534730069679,45.1257122163119 10.5537826642989,45.1255936826374 10.5539502974198,45.1254485014682 10.5542081084131,45.1253049803635 10.5543428938873,45.1252534236151 10.5546168084617,45.1252472676365 10.5549319422069,45.1252684946778 10.5552412995308,45.1252308678478 10.5554424967455,45.1252066922622 10.5557236288789,45.1251528485144 10.5561758839145,45.1250823817082 10.5566792332307,45.1249986996134 10.556964198047,45.1249842002657 10.5572495250837,45.1249777833289 10.5576055989646,45.1249557160691 10.5579457253947,45.124962117252 10.5582426474628,45.1249594796842 10.558572720598,45.1249318302925 10.5589436453659,45.1249234818322 10.5591610396725,45.1249307178577 10.5593414792662,45.1249534640547 10.5596143989654,45.1249771270273 10.5598058032156,45.1250415655044 10.5600066221848,45.1250613074224 10.5603489980841,45.1251023265033 10.5604029161652,45.1251089981005 10.5607751164712,45.1251289214218 10.560905351158,45.1251202548007 10.5610415068298,45.1250824791748 10.5610772722838,45.1249886619695 10.5610728777041,45.1246369322856 10.5610424200836,45.1244677703255 10.5612009298198,45.1244358910849 10.5613828104041,45.1244156166436 10.5615091521132,45.1243035824787 10.5615634657374,45.1242109823319 10.5617034084773,45.1241614356524 10.5618762209966,45.1239556145563 10.5619290611606,45.1238010970092 10.5622624900436,45.1236917425463 10.5622879620112,45.1236389975945 10.5621429493005,45.1235028436308 10.5619222626552,45.1233058007967 10.5617778260328,45.1231652069239 10.5616961920097,45.1230012414516 10.5617390063575,45.1228102087018 10.5621303808941,45.1227488154616 10.5624617823009,45.1226240708511 10.5626983561163,45.1225499877964 10.5628627076478,45.1225117430692 10.5629899740842,45.122490947938 10.5631642717265,45.1224949999406 10.5633069916714,45.1225199530896 10.5634475853464,45.1224441264596 10.5635293601951,45.1223573578285 10.563718828349,45.1222519840009 10.5638363203093,45.1221935603752 10.5639822015843,45.1221153490152 10.5640226667112,45.1220227105084 10.5638917872755,45.1220337506798 10.5637494955836,45.1220450496168 10.5635892523999,45.1220159351309 10.5635998402352,45.1219109963456 10.5637394915629,45.121822853465 10.563888581606,45.1218356662144 10.5640074968966,45.121810146791 10.5641337202494,45.1217512584884 10.5642658873265,45.1216637071807 10.5644172103304,45.121524485201 10.5645615680786,45.1214322611468 10.5646727802097,45.1213650469814 10.5647453233115,45.1213270142896 10.5648331633407,45.121248195647 10.5649227039189,45.1212021892922 10.5650504875033,45.1212004387633 10.5651931570218,45.1212508804894 10.5653033707626,45.1213446368844 10.5654212227323,45.1214716327122 10.5654838369795,45.1215469884184 10.5655934004816,45.1216169366302 10.5657124497979,45.1216206206499 10.5658223875602,45.1215251285593 10.5658804220333,45.121418673815 10.5659360272897,45.1213850647641 10.5660166657838,45.1213491490712 10.566144319317,45.1213426353782 10.5662719740883,45.1213361215253 10.5663942225461,45.1212857549846 10.5664345302042,45.1212929309126 10.5666004799976,45.1212935085963 10.5669583669145,45.1213409959533 10.5673435476023,45.1214023978019 10.567694447461,45.1214404513139 10.5681722210119,45.1214434188577 10.568434721165,45.1214418666432 10.5685991080067,45.1214138868531 10.5688776160777,45.121405150855 10.5690595954721,45.1214169414261 10.5695903878822,45.1213905939024 10.5696768995717,45.1212629346246 10.5697150191551,45.121206684377 10.5697888880803,45.1210715626379 10.5698643973552,45.1209727997471 10.5699840443204,45.120966049774 10.5701228673666,45.1209355180237 10.570283232686,45.1208952065052 10.5704165654052,45.1208505028416 10.5705280579108,45.1208680233359 10.5706547001295,45.1209472592284 10.5708119774428,45.1209594606166 10.570989795583,45.1208997801931 10.5711672654657,45.1208584120333 10.5712660245714,45.120791185459 10.5713963442971,45.1206186757246 10.5714312055688,45.1204364236971 10.5714953201962,45.1203212209185 10.5717607714891,45.1202141190731 10.5718935186325,45.120118102785 10.5720467194722,45.1199690518004 10.5722079981148,45.1198723893659 10.5722906681616,45.1198058155149 10.5723797732517,45.1197552715141 10.5724685137793,45.119696647095 10.5725073609086,45.1196715022187 10.5725845085587,45.1196090964018 10.5724554945276,45.1195172856501 10.5722000674653,45.1194439037955 10.5719195626737,45.1194300323994 10.5716836143237,45.119390886721 10.5715516459825,45.1193776945628 10.5715211619554,45.1192085356157 10.5714472184801,45.1190888884856 10.5712571983187,45.1190002798317 10.5713114737439,45.1188654959993 10.5712356384905,45.1187052480697 10.5711965474309,45.1185971465944 10.5712588185804,45.1184582415726 10.5714545070415,45.1183648450801 10.5716908692084,45.1182867071587 10.5717652812961,45.1181637019549 10.571897476063,45.1180555660771 10.5720789275092,45.1180553516742 10.572307017149,45.1180179917738 10.5724226444927,45.1179223618096 10.5722364568883,45.1177203321551 10.5718919722729,45.1175542335944 10.5717393765483,45.1174503134263 10.5717544044343,45.1172904407171 10.5717931194175,45.1171358932297 10.5719963413596,45.1170085464 10.5722640579371,45.1168138467049 10.5723327582654,45.1166909719621 10.5721317281129,45.1165493988095 10.5719803787862,45.1164276347166 10.5718705670756,45.1163212947113 10.5717769546871,45.1161454748252 10.5718377623365,45.1159742507831 10.5717640034053,45.115858643042 10.5715989212321,45.1157660126053 10.5715509929097,45.1155682484551 10.5715276767194,45.1154312809368 10.5714829919199,45.1153271470496 10.5713415515724,45.1151038823621 10.5711758328962,45.1148488135135 10.571045751403,45.1147506551475 10.5710400996692,45.1146254185924 10.5711662190078,45.1145093339266 10.5712715244757,45.1144382031533 10.5715067731079,45.1143358247578 10.5715660698118,45.1142576466399 10.5714878850352,45.1141704479316 10.5713031237725,45.114126099648 10.5707677786197,45.1140330645173 10.5705467250456,45.1140704164039 10.57027025745,45.1141454164501 10.56993400231,45.1141611079735 10.5696735582367,45.1142114806974 10.5694510462921,45.114216510805 10.5691685637902,45.1141581920531 10.5688851684796,45.1140796735034 10.568625510946,45.1140208372401 10.5683949279866,45.1139734761331 10.568232747218,45.1140499331223 10.5680004045689,45.1142169424746 10.5676867903884,45.1144098229533 10.5673673967605,45.114538053885 10.5670327217424,45.1145421038057 10.5668998592386,45.1145087077918 10.566727600251,45.114488334041 10.5666044490011,45.1145436877518 10.5663708248524,45.1146824152418 10.5662233898151,45.1147059636089 10.5659905587962,45.1147354845618 10.5658924725749,45.114713435117 10.5658096836581,45.1146505995035 10.5657849229167,45.1144813099994 10.5657631403516,45.1142512925163 10.5657275143964,45.1140943808676 10.5655863978644,45.1140045546838 10.565228906658,45.1138023344779 10.5650360736308,45.1136649851403 10.5649038308047,45.113558942238 10.5648510925102,45.1134024151597 10.5647755348549,45.1132464042204 10.5647124764646,45.1131143745525 10.5644873380745,45.112786516312 10.5641890807569,45.1123982610221 10.5638969060431,45.1122511813277 10.5635312927737,45.1121219308214 10.5631166989605,45.1120463574402 10.562860939641,45.1119469800722 10.5626314817058,45.111830669045 10.5625494894078,45.1117841574264 10.5622615615608,45.1115722693648 10.5620312439465,45.1114035687484 10.5618544569784,45.1112821895301 10.5616140051558,45.1111420245369 10.5614452859118,45.1110730344005 10.5611973262795,45.1108852102108</coordinates></LineString></MultiGeometry>
  </Placemark>
  <Placemark id="RIP_2026.22">
	<Style><LineStyle><color>ff0000ff</color></LineStyle><PolyStyle><fill>0</fill></PolyStyle></Style>
	<ExtendedData><SchemaData schemaUrl="#RIP_2026">
		<SimpleData name="CODICE_CAN">2076</SimpleData>
		<SimpleData name="NOME">TURCA Rio SANT'ELENA</SimpleData>
		<SimpleData name="NOME_TIPO">Vaso</SimpleData>
		<SimpleData name="NOME_COMPL">Vaso TURCA - Rio SANT'ELENA</SimpleData>
		<SimpleData name="FUNZIONE">equamente ripartita</SimpleData>
		<SimpleData name="TRATTOGEST">dal confine con la rpovincia di Brescia allo confluenza nel fiume Chiese</SimpleData>
		<SimpleData name="COMUNI">Asola, Casalromano</SimpleData>
		<SimpleData name="PROVINCIA">MN</SimpleData>
		<SimpleData name="CODICE_SIB">4527</SimpleData>
		<SimpleData name="CAN_ALIMEN">Seriola Asolana</SimpleData>
		<SimpleData name="CAN_SFOCIO">Fiume Chiese</SimpleData>
		<SimpleData name="REGIME_PAT">non valorizzato</SimpleData>
		<SimpleData name="BACINO_IRR">ASOLANA</SimpleData>
		<SimpleData name="GERARCHIA">2</SimpleData>
		<SimpleData name="BACINO_SCO">Destra Chiese</SimpleData>
		<SimpleData name="NOTE">MN100</SimpleData>
		<SimpleData name="NORMATIVA">Allegato A</SimpleData>
	</SchemaData></ExtendedData>
      <MultiGeometry><LineString><coordinates>10.3800205741129,45.2050805380791 10.380004166804,45.205074680977 10.3790979436602,45.2046632301102 10.3780066234681,45.2040992428304</coordinates></LineString><LineString><coordinates>10.3715546469536,45.2294125387145 10.3715420758592,45.2294119087965</coordinates></LineString><LineString><coordinates>10.3747387297818,45.2207115762171 10.3752348412017,45.2208090307962 10.3756707389599,45.2208602734248 10.3761720791571,45.2209319109785 10.3767284472686,45.221006413331</coordinates></LineString><LineString><coordinates>10.3829588524991,45.1905996222305 10.3830388609336,45.1905824043551 10.3828590507106,45.1900096455324 10.3828499034139,45.1899745562956 10.3826992962273,45.1892371752655 10.3825512506016,45.1886053638948 10.3824761480221,45.1879022682294 10.3826766234845,45.1879585073302 10.3849969366114,45.187848243453 10.3878727819429,45.1877207767377</coordinates></LineString><LineString><coordinates>10.3830357521836,45.1905823501908 10.3831778634091,45.1905438472885 10.3829007970129,45.1893058481141 10.3827164359199,45.1886736108024 10.3827044127197,45.188177213209 10.3826437310353,45.1878193342343 10.3825799341015,45.187332759519 10.3825770406316,45.187213256323 10.3830203565913,45.1872630580763 10.383712668972,45.1873925959254 10.3844641851045,45.1872823362308 10.3850749358872,45.1872657317987 10.3856738010229,45.1872952442264 10.3860657921753,45.1873732424979 10.3863369949886,45.1872963869959 10.3869659276629,45.1869577186208 10.3873530033675,45.1868334764245 10.3875427433054,45.1866150820198 10.3876501287521,45.1862183816352 10.3876535210902,45.1858229449194 10.3876024596549,45.1853270228977 10.3874998509595,45.1848501175354 10.3875538989737,45.1843988941085 10.387597739635,45.184062734913</coordinates></LineString><LineString><coordinates>10.387619508075,45.1840618870794 10.3882830404654,45.1836255729887 10.3887594262055,45.1835258110923 10.38903761926,45.1834504141911 10.3893048393323,45.1834471615138 10.3895722770696,45.1834529081121 10.3898517839292,45.1834315022359 10.3901058396618,45.1834104055132 10.3903492574445,45.1833444295027 10.3906017787462,45.1832603397095 10.390868997752,45.1832570833833 10.3909918606207,45.1830755555942 10.3912055479723,45.1829649325591 10.3913804039891,45.1828277773324 10.3915673247543,45.1826634707554 10.3916170255045,45.1825516361645 10.3916517910744,45.1824734085012 10.3916980283601,45.1822815616952 10.3917824936866,45.1820914984441 10.3919046919867,45.1818829727808 10.3920279873327,45.1817194409672 10.392150185239,45.1815109150329 10.3922507714909,45.1813296565218 10.3923613403782,45.1811662794999 10.3924460213423,45.1809852156463 10.3925688195684,45.1808014355651 10.3927436645113,45.1806642792351 10.3928864053112,45.1805733272661 10.3928735330015,45.1802486226825 10.3929446090998,45.1800317168631 10.3930286281745,45.1798236556517 10.3930992642387,45.179588752678 10.3931709423541,45.1793965948028 10.3932172271559,45.1792069971172 10.3933014623342,45.179007934696 10.3934236499734,45.1787994065286 10.3935726015057,45.1786445615381 10.3936831602956,45.1784811832854 10.3937522550949,45.1781832879635 10.3937987566606,45.1780026890158 10.3938445442746,45.1777928433695 10.3939158334622,45.177584936814 10.3939907422101,45.1773949884374 10.3940618107813,45.177178082811 10.3941076517449,45.1769704867939 10.3941539316567,45.1767808887115 10.3941999916383,45.1765822916296 10.3942714428359,45.1763811331769 10.3943561109824,45.176200067918 10.3944793860986,45.1760365335474 10.3946153849006,45.1758728436421 10.3946127881379,45.1756219198438 10.3946335029572,45.1755049648061 10.3949867446699,45.1754452321373 10.395181557356,45.1752648639782 10.3951998285695,45.175047908616 10.3949213140208,45.1747428855132 10.394596489751,45.1744717721717 10.3947218167426,45.1742951879256 10.3948609589084,45.1742017928845 10.3954378560241,45.1741780697007 10.3955520080213,45.1740266295197 10.3955889540796,45.1736093847261 10.3953436445678,45.1733840085568 10.3952604698238,45.1731882719028 10.3952966843382,45.1730245202845 10.3954645964126,45.1728606778682 10.3956934630302,45.17269108706 10.3959138048438,45.1726299062459 10.3959058881445,45.1723059466441 10.3958714277757,45.1719373031704 10.3961464137249,45.1715852905579 10.3965160773382,45.1712806770968 10.3970767187088,45.1715572357187 10.3975410784568,45.1717516118596 10.397894718354,45.1717556168861 10.3982357604904,45.1717264320015 10.3984244309037,45.1716067506352 10.3985678420668,45.1712269268926 10.3987475504279,45.1709699343793 10.3989869920253,45.1706419013257 10.3992191415123,45.1704973463145 10.3998082246218,45.1703025622095 10.4003534390067,45.1702216107675 10.4007085443429,45.1701722461106 10.4009748183923,45.1701329719244 10.4012285332278,45.1700225598098 10.4014283834462,45.1699473719335 10.4016721159725,45.169850396612 10.4018957465122,45.1698393139551 10.4020779402924,45.1698403779154 10.4022042728836,45.1698028190681 10.4024457620669,45.1697908508085 10.4025938380941,45.1697140355424 10.4027734309484,45.1696608016586 10.4027982115224,45.1696334931211 10.4027540801246,45.1693909919585 10.4027389283258,45.1692921606112 10.4027617191218,45.1691838614835 10.4028603972678,45.1690566267156 10.402999450437,45.1690189116035 10.4030479046223,45.1689192978626 10.4031474656302,45.1688280586797 10.4032869587723,45.1688083402528 10.4033786614703,45.1689152324165 10.4035219675023,45.1691191169692 10.4037486657067,45.1692330306884 10.4038653602526,45.169431338644 10.4040314047635,45.1694563012289 10.4044693344535,45.1693075244821 10.4055325592678,45.1689359948123 10.4062163599536,45.1686552672281 10.4062493737813,45.168445573583 10.4062186145467,45.1682299140467 10.4061262433922,45.1680960282652 10.4057666793491,45.1677996047103</coordinates></LineString><LineString><coordinates>10.3705536199963,45.2406343577814 10.3708474082372,45.2399544447491 10.3709250832582,45.239820139664</coordinates></LineString><LineString><coordinates>10.373611922405,45.2397588915282 10.3736070045934,45.2397593260495 10.3729594844883,45.2397480604754 10.3709250832582,45.239820139664 10.370975339637,45.2396671109979 10.3708957950423,45.2391631573468 10.3706510190787,45.2379562211433 10.3704992712427,45.2372530765429 10.3702855933467,45.2362172440623 10.3701923523331,45.2357039276259 10.3700537390751,45.2347053000767 10.3700322467838,45.2343721279684 10.3702453664571,45.2337027090455 10.370448207961,45.2331667857403 10.3708425588794,45.2319045420671 10.3698209247246,45.2318844486948</coordinates></LineString><LineString><coordinates>10.3698467615828,45.2318888773454 10.3697836006483,45.2311316592986 10.3697508621507,45.2305716515504 10.370216413615,45.2305128660314 10.3702575719358,45.2304974501028 10.3702821374985,45.2304542033296 10.3703506870554,45.2299761569112 10.3704123873857,45.2299436691915 10.3714258786573,45.2298881838842 10.3714651212569,45.2298046962978 10.3715865007054,45.2291862928293 10.3717361546634,45.2284578048303 10.3731788062296,45.2283840234272 10.3731812378999,45.2282587747247 10.3716959867065,45.2283233976677 10.3716753289112,45.2278734491038 10.3716580853637,45.2278597124945</coordinates></LineString><LineString><coordinates>10.3716753289112,45.2278734491038 10.371719234091,45.2270439222206 10.3716968709097,45.2267120371118 10.3716980468093,45.2256653628593 10.3717431897041,45.2256505303434 10.372885554168,45.2256439468962 10.3728868767118,45.2256395167902</coordinates></LineString><LineString><coordinates>10.372885554168,45.2256439468962 10.3730542375655,45.225633361674 10.3733592856372,45.2256063110374 10.3736074233589,45.2255818913868 10.3737325545446,45.2255718120863 10.3737808898166,45.2255640846567</coordinates></LineString><LineString><coordinates>10.3737789791177,45.2255638896773 10.3739350428986,45.2248001465886 10.3741028454368,45.2240014572009 10.3742702078002,45.2239508690545 10.3747749916279,45.2225250641377 10.3747642816558,45.2225001854819 10.3746571217089,45.2224586053831 10.3743942786478,45.2223143957526 10.3745396440303,45.2213998888302 10.3747387297818,45.2207115762171 10.3746968541938,45.2200928507773 10.3746755731371,45.219769202578 10.3745647950943,45.2188083483264 10.3744973503358,45.218247090547 10.3743467607394,45.2175915676815 10.3743183684501,45.2169726795045 10.3743069758192,45.2162202144525 10.3743183197257,45.2155722678113 10.3743824156327,45.2148760533173 10.3745595828101,45.2143975902069 10.374647017857,45.2141107385748 10.3747891181613,45.2135755369945 10.3749635237142,45.2129827860148 10.3751781902726,45.2129420945292 10.3749499080983,45.2118588095783 10.3748141834646,45.2112602669596 10.3747717765066,45.2108987661423 10.3747582346146,45.2103368579179 10.3747581673942,45.2097747883168 10.3745295131476,45.2092345241401 10.3743654767392,45.208579162184 10.374972512525,45.2080687408423 10.3758552820077,45.2075066358383 10.3767056968998,45.2069801148443 10.3767197423345,45.2068743448695 10.376617917537,45.2067817063242 10.3769204529336,45.2062500554874 10.3771360541537,45.2055551844652 10.37727519854,45.2051311045307 10.3773880350898,45.2046486745868 10.3777937913464,45.2042683094506 10.3779886542538,45.2040899566662 10.3780066234681,45.2040992428304 10.3751477143235,45.2026810853591 10.3753926708575,45.2024316554993 10.3756586182995,45.2017596476385 10.3760742620312,45.2007573002838 10.3762780723413,45.2002620402337 10.3763038992677,45.1999566611946 10.3764132497082,45.1996737408337 10.3766971790224,45.1990601806915 10.3769496189205,45.1985173994208 10.3770732895868,45.1981404394087 10.3772727498689,45.1978094978357 10.3781068226931,45.1979871655855 10.3783859092132,45.1971741915196 10.3788181408245,45.1958313643243 10.3792901863522,45.1954501928553 10.3796967163288,45.195105011001 10.3799753430529,45.1949608424263 10.3802669838502,45.1946271863212 10.3792342714948,45.193479655524 10.378960337426,45.1931309630666 10.3796711314654,45.1930167736899 10.3805120841845,45.1927954055007 10.3816668065512,45.1925115659388 10.3806602367541,45.1913738707647 10.3807497732324,45.1913023872403 10.3812440334755,45.1911556069889 10.3817717543965,45.1910201524364 10.3823463972715,45.1907667928685 10.3829233079465,45.1906072711223 10.3829588524991,45.1905996222305 10.3829730734819,45.1906066684123 10.3831074886016,45.1906754404202 10.3840699166617,45.1906755081961 10.386047103111,45.1907805851472 10.3863625731261,45.1907884882276 10.3864210158644,45.1897787038876 10.3883118085629,45.1897439904778 10.3892090094448,45.1897917415853 10.3895402064581,45.1897642436366 10.3896903842491,45.1891170776355 10.3898110964506,45.1886228046254 10.3897853580865,45.1885879169664 10.3897985190243,45.1884469557996 10.3901162835893,45.187868149322 10.3904489146755,45.1872187590213 10.3906651413056,45.1865590535409 10.3906743003895,45.1862538726364 10.3908493321259,45.1859466705684 10.3910206462762,45.1854869797021 10.3911304689618,45.1852275060923 10.391535141511,45.1844716336222 10.391690431981,45.184035603303 10.3916143644786,45.1836375943724 10.3916180863602,45.1831095437414 10.3916403956377,45.1826634012016 10.3916170255045,45.1825516361645</coordinates></LineString></MultiGeometry>
  </Placemark>
  <Placemark id="RIP_2026.23">
	<Style><LineStyle><color>ff0000ff</color></LineStyle><PolyStyle><fill>0</fill></PolyStyle></Style>
	<ExtendedData><SchemaData schemaUrl="#RIP_2026">
		<SimpleData name="CODICE_CAN">8228</SimpleData>
		<SimpleData name="NOME">GORGO</SimpleData>
		<SimpleData name="NOME_TIPO">Fosso</SimpleData>
		<SimpleData name="NOME_COMPL">Fosso GORGO</SimpleData>
		<SimpleData name="FUNZIONE">solo bonifica</SimpleData>
		<SimpleData name="TRATTOGEST">tutto il corso sino alla confluenza in Caldone</SimpleData>
		<SimpleData name="COMUNI">Volta Mantovana</SimpleData>
		<SimpleData name="PROVINCIA">MN</SimpleData>
		<SimpleData name="CODICE_SIB">0</SimpleData>
		<SimpleData name="CAN_ALIMEN">Coli</SimpleData>
		<SimpleData name="CAN_SFOCIO">Scolo Caldone</SimpleData>
		<SimpleData name="REGIME_PAT">non valorizzato</SimpleData>
		<SimpleData name="BACINO_SCO">Scolo Caldone</SimpleData>
		<SimpleData name="NOTE">MN103 Nuovo inserimento 2020</SimpleData>
		<SimpleData name="NORMATIVA">Allegato A</SimpleData>
	</SchemaData></ExtendedData>
      <MultiGeometry><LineString><coordinates>10.6428128439823,45.3290708249898 10.6428111374915,45.3291423975137 10.6442697627281,45.3290742464557 10.6456475966098,45.3290141951199 10.6460138294653,45.3289664737307 10.6463657470933,45.3288935623614 10.6466589792768,45.3287999508358 10.6469729970381,45.328666341871 10.6477012661279,45.3286199714652 10.6477808285824,45.3285169513166 10.6478886994121,45.3284399175181 10.6479538803581,45.3283933701217 10.6481075720173,45.3282836152704 10.6483098714397,45.3281767780391 10.6487111233725,45.3279744053268 10.6489806577017,45.3278721769917 10.6495307019622,45.3276602146744 10.6496360499058,45.3276586918809 10.6496798587084,45.3281300785709</coordinates></LineString><LineString><coordinates>10.6428128146957,45.3290708272115 10.6428079051022,45.3290712119961 10.6424193941656,45.3291150038562 10.6420226281861,45.3292062885976 10.6417936425585,45.3293048767792 10.6415003328055,45.329472318598 10.6412732773775,45.3295608386742 10.6411423945722,45.3295725818264 10.6406354629513,45.3294990083524 10.6400682655773,45.3294096895244 10.6397055879371,45.3293176322334 10.6389047243599,45.3292652733627 10.638152825852,45.3292707467138 10.6376302602939,45.3293109776441 10.6371409444746,45.3293551602641 10.636958689872,45.3292640726412 10.63662965217,45.329761582128 10.6343670340109,45.3292205084264 10.6342619761409,45.3291285518912 10.6339176396603,45.3290952504179 10.6336468867679,45.3290589598807 10.6328874941817,45.3288173573799 10.6320965217543,45.3285884125558 10.6316076057568,45.3284411419021 10.6308334625748,45.3282193029217 10.6305664250038,45.3281807727609 10.6300217458459,45.3281825057542 10.6299230480455,45.3281808910318 10.6295069929275,45.3281807837062 10.6289842772376,45.3281628182087 10.6278385403677,45.327969661358 10.6274825098725,45.3279014600491 10.6271797170801,45.3278107857176 10.626916561653,45.3277602566794 10.6280487180149,45.3268977460045 10.6286938614306,45.3263583283504 10.6289337235566,45.3261729390194 10.6300116402198,45.3252182982272 10.6307178911389,45.3246395874716 10.6314121010404,45.3239769491712 10.6317544087723,45.3231399477284 10.6322052429253,45.3220076881962 10.6324389169292,45.3217463544367 10.6339394673183,45.3212351512405 10.6361840465445,45.3204537629474 10.6363043130322,45.3197888423264 10.636360989522,45.3194754884298 10.6363402640663,45.3189810304956 10.6363770661976,45.3186470734268 10.6364181912683,45.3181701559306 10.6364217631419,45.3178545373303 10.6363732344883,45.3173822280967</coordinates></LineString><LineString><coordinates>10.6496798587084,45.3281300785708 10.6499720491422,45.3281493065298 10.6511579525607,45.3280050108408 10.6512923777366,45.3279048998906 10.6514693378488,45.32782079388 10.6516846361055,45.3277184641101 10.651895948264,45.3275984425464 10.6523137208383,45.3273034182981 10.652312519406,45.3272621487488 10.6523481233588,45.3271542948949 10.6524783114182,45.3269819532269 10.6525868147789,45.3268538910111 10.6546294865595,45.3267382307657 10.6552898676807,45.3266985254077 10.6555896295356,45.3266692599507</coordinates></LineString></MultiGeometry>
  </Placemark>
  <Placemark id="RIP_2026.24">
	<Style><LineStyle><color>ff0000ff</color></LineStyle><PolyStyle><fill>0</fill></PolyStyle></Style>
	<ExtendedData><SchemaData schemaUrl="#RIP_2026">
		<SimpleData name="CODICE_CAN">0101</SimpleData>
		<SimpleData name="NOME">REDONE</SimpleData>
		<SimpleData name="NOME_TIPO">Fossa</SimpleData>
		<SimpleData name="NOME_COMPL">Fossa REDONE</SimpleData>
		<SimpleData name="FUNZIONE">solo bonifica</SimpleData>
		<SimpleData name="TRATTOGEST">dalla località Fenil Conter fino allo sbocco nella Fossa Redone Superiore</SimpleData>
		<SimpleData name="COMUNI">Desenzano del Garda, Pozzolengo</SimpleData>
		<SimpleData name="PROVINCIA">BS</SimpleData>
		<SimpleData name="CODICE_SIB">0</SimpleData>
		<SimpleData name="CAN_ALIMEN">Coli</SimpleData>
		<SimpleData name="CAN_SFOCIO">Fossa Redone Superiore</SimpleData>
		<SimpleData name="REGIME_PAT">non valorizzato</SimpleData>
		<SimpleData name="BACINO_SCO">Bacino collinare</SimpleData>
		<SimpleData name="NOTE">BS094</SimpleData>
		<SimpleData name="NORMATIVA">Allegato A</SimpleData>
	</SchemaData></ExtendedData>
      <MultiGeometry><LineString><coordinates>10.620572025661,45.38792417647 10.6205720319685,45.38792417368 10.6202646221241,45.3882785068612 10.6200506667006,45.3884980196786 10.6198242004459,45.3886383356017 10.6195837145047,45.3888257523761 10.61946496594,45.3889717543531 10.6193332293027,45.3892009229747 10.6191880905752,45.3894988312853 10.6191294698116,45.3897774730765 10.6190863109376,45.3900595024396 10.6190168368547,45.3903406059789 10.6190168695613,45.3905210007289 10.6191405003907,45.3907248981244 10.6192581885676,45.3909000159113 10.6194213372777,45.3910528406283 10.6196409094895,45.3912084725823 10.6198285241985,45.3913212636352 10.6201404624093,45.3914827980444 10.6203993464697,45.3915801442063 10.6205086180485,45.3916399269837 10.620666240304,45.3917783964648 10.6208305626968,45.3920852741098 10.6210308368561,45.3924612602928 10.621167507069,45.392762383836 10.6212089217201,45.3929566228799 10.6212931531843,45.3932151951326 10.6213719575836,45.3934630211482 10.6214616211174,45.3937323411492 10.6215753691452,45.3941203213795 10.6217581782159,45.3946442455784 10.6218910401814,45.3950220272955 10.6219924810639,45.3953680186266 10.6220764192884,45.3956354588932 10.6220940858037,45.3957086184155 10.6221401842945,45.3958977974508 10.6221706700599,45.3962519606655 10.6221544812394,45.3965745521819 10.6221087763052,45.3967542912728 10.6220526989352,45.3969270135072 10.6219401910142,45.3970826290661 10.621787014701,45.3972388238999 10.6214923232602,45.3974634975937 10.6210389574996,45.3977923003108 10.6206893711028,45.3980157546695 10.6203012615808,45.3983149733781 10.6200380859159,45.398537198688 10.6196757982037,45.3988503745414 10.6195672377794,45.3989665328516 10.6192347088808,45.399365083287 10.6188373364434,45.3996966638894 10.6185181281663,45.3999160992331 10.6181255255617,45.4002368639211 10.6179222103069,45.4004188362735 10.6177448238563,45.4006183490948 10.6175680506214,45.400839344541 10.6174501329037,45.4009842873027 10.6172203717646,45.4011308157421 10.6162960052707,45.4015307445088 10.615705922308,45.4018135161116 10.6152381334444,45.4019956455086 10.6149212243496,45.4021183296304 10.6146197683047,45.4022479585364 10.6142143062935,45.4024757654472 10.6138937375379,45.4026486430732 10.6136836827303,45.4027733951495 10.6135233635977,45.4029496275286 10.6129999423501,45.4031432804655 10.612520336392,45.4032682577034 10.6122519083021,45.4033078686669 10.6119932395632,45.4033330138097 10.611749312132,45.4033400412513 10.6115094512892,45.4033111926762 10.6112139717202,45.4032938741578 10.6109035482574,45.4032875123788 10.610588242201,45.4032883809812 10.6102770035781,45.4032533741494 10.6101287547741,45.4032268115141 10.6099230113501,45.4032584715803 10.6096897620753,45.4032832531301 10.6095622570462,45.4032707238717 10.6093124324415,45.4032491752807 10.6089817741095,45.4032466750715 10.6087578771212,45.4032426680971 10.6084837529161,45.4032608588605 10.6082157282243,45.4033147820711 10.6079633613972,45.4033828106956 10.6077664093886,45.4034321495177 10.607422122826,45.4034871445538 10.607203615691,45.4034938035523 10.6069344704941,45.4035083397864 10.6068530250126,45.4035059051318 10.6065700758561,45.4035027815016 10.6062290457567,45.4034932550745 10.6060055537309,45.4035035644266 10.6057057023069,45.4035113663475 10.6053207442463,45.4035669278296 10.6049826546613,45.4036612281222 10.6046958108525,45.4037691338162 10.6043129786189,45.4038998789576 10.6040659919668,45.4039785682592 10.6040008128455,45.4040117211775 10.6037464398285,45.4041311455502 10.6035608658047,45.4042232986728 10.6032085324466,45.4043536109139 10.6029495334747,45.4045470848924 10.6027030496385,45.4046436723251 10.6025271333755,45.4047177791629 10.6022842132204,45.4047605903328 10.6020863376217,45.4047776958311 10.6018520661032,45.4047666575991 10.6016891730138,45.404761780108 10.6015411263659,45.4047423676488 10.6013580995681,45.4047449362137 10.6011462902597,45.4048087984613 10.6009835994156,45.4048110812868 10.600834541359,45.4047558639948 10.6006290531538,45.4046835293433 10.6003782875086,45.4045793547725 10.6001935410496,45.4045210560651 10.6000292333966,45.4044660514106 10.5998042198256,45.4044226427886 10.5995736175749,45.4043614038577 10.5993852037041,45.4043532998296 10.5991559156962,45.4043386046351 10.5988805689192,45.4043138080905 10.5987019199032,45.4042912396924 10.5985222597025,45.4042328661706 10.5983589630832,45.4042136630562 10.5981389356954,45.404166599729 10.5978645997316,45.404177604686 10.5976776024469,45.4042196226358 10.5974959900863,45.4042723098368 10.5972848831847,45.404361228305 10.5967894772474,45.4044182455268 10.5963576341877,45.4044350335283 10.5958796315439,45.404438138475 10.5954723017721,45.4044223431788 10.5950395498313,45.4044069024243 10.5946211449841,45.4043590241174 10.5943029088984,45.4042560168808 10.5940304309905,45.404152370027 10.5936534056453,45.404128981957 10.5933336149859,45.404151357055 10.59307006998,45.4041365245243 10.5928782343207,45.4040066766757 10.5926604755188,45.4038592819052 10.5923830181327,45.4037592830922 10.5921416527502,45.4036766876488 10.591930089691,45.4035686039254 10.5917636779841,45.4034383997654 10.591627469619,45.4032970286011 10.5915749188453,45.4032368715237 10.5914838630706,45.403073379279 10.591372773862,45.402920911931 10.591224825002,45.402748416152 10.5910895243871,45.4026392672578 10.5908936199256,45.402545290844 10.5907038059466,45.4024870473607 10.5904946617552,45.4024648900018 10.5901490580823,45.4024732882844 10.589946303586,45.4024976048437 10.5896321073447,45.4025377998401 10.5892211145445,45.4025721787554 10.5888567805603,45.40263814258 10.5886004758885,45.4027105488275 10.5881372730643,45.4028781767698 10.5878455170029,45.4029932725968 10.5876304189456,45.4031216275522 10.5874653588873,45.4032206325666 10.5873303988436,45.4033048906246 10.5870177001666,45.403398784752 10.5868722709571,45.4034724428708 10.5867034281286,45.4036180614329 10.5865802398339,45.4037594647099 10.586482771316,45.4039112545215 10.5863235924422,45.4040388292015 10.5860493852365,45.404236057713 10.5858537192339,45.4043710362161 10.585720658987,45.4045233196296 10.5856185051652,45.4046895011612 10.5855632105822,45.4048944316969 10.5855446054433,45.4051382507052 10.5855086716758,45.405489764565 10.5854851839828,45.4057408154882 10.5854517287395,45.4059991689414 10.5854163672293,45.4061894942992 10.5853576171763,45.4066344516522 10.585335952871,45.4069925884735 10.5852855663729,45.4073729576217 10.5853043559511,45.4076807284565 10.5853052851632,45.4078956222079 10.5852231613181,45.408050780342 10.5851415378592,45.4082238396033 10.5850045860568,45.4084191583277 10.5849369116849,45.4085454599678 10.5849089361169,45.4088180644964 10.5848603231923,45.4090802087449 10.5847293539049,45.4093076796214 10.5846792058945,45.4094867025533 10.5846701661145,45.4097088987382 10.5847210379484,45.4098908629253 10.5847974340472,45.4100760544866 10.5849082185154,45.4102177865071 10.5851149110893,45.4103331148922 10.5853311718675,45.4104268176128 10.5855127439496,45.4105532388896 10.5856807662878,45.4107407383638 10.5857614493105,45.4108972158229 10.5857942640745,45.4109791402277 10.5858918056685,45.4111926912856 10.5859854664643,45.4114492774563 10.5860850130775,45.4116872795768 10.5862645153987,45.4119211816364 10.5863755077466,45.4120700725552 10.5864546906609,45.4121728432564 10.5866475428542,45.4123385056591 10.5868624289627,45.4125090067022 10.5870609282566,45.41263018462 10.587294977326,45.4128091038882 10.587428877679,45.4128953412123 10.5875789148202,45.4130276451188 10.5877195534092,45.4131272282894 10.5878568001882,45.4132666901797 10.5879352681727,45.4133264281753 10.5879946492737,45.4134050462656 10.588236570599,45.4134607925986 10.5886611095184,45.4135090859952 10.5889879673613,45.4135939664159 10.589211586825,45.4136905378828 10.5893250847282,45.413796318823 10.5895319835917,45.4140281070189 10.5897460612665,45.414154731526 10.5899588335928,45.4142441497597 10.5901568978745,45.4143523340201 10.5904039046371,45.4144886162261 10.5906399211969,45.414597355731 10.5908300670736,45.4146852116268 10.5910820247427,45.4147800596421 10.5913062985706,45.4148644156886 10.5915588105262,45.4149477755475 10.5918125369504,45.415013519446 10.5921339682425,45.4150651391141 10.5923456745322,45.4150836436863 10.5926339733819,45.4151027287224 10.5928570993291,45.4151135488798 10.5931291643999,45.4151107689745 10.5933897045916,45.4150842507385 10.5936256402752,45.4150528122053 10.5938965997612,45.4150039402606 10.5939913237431,45.4149832166548 10.5940090853645,45.4149789649418 10.5941971296131,45.414947956084 10.5943579094413,45.4148874504113 10.594535928977,45.4148112503299 10.5946586639516,45.4148034380844 10.5948245958434,45.4148485136538 10.5950222622262,45.414948378706 10.595166588177,45.4149757142208 10.5954182020282,45.4149371669675 10.595624145672,45.414845175605 10.5958726593329,45.4146736654195 10.5960341215302,45.4145873464725 10.5961830556048,45.4145423375278 10.5964060625986,45.4145303979825 10.5966241099421,45.4145607822255 10.5968741648291,45.4146320111077 10.5970300772148,45.4147097849444 10.5970793427353,45.4147438932352 10.5971079772854,45.4147799696938 10.5973800635519,45.4151227623803 10.5976581389105,45.4153587726183 10.5978087268281,45.415410880615 10.5980291789114,45.4154360230632 10.5985315882796,45.4154202861079 10.5989290996566,45.4153817094986 10.5995610339147,45.4153478781767 10.6000770033592,45.4153381499834 10.6002806553292,45.4153042768243 10.6004062350973,45.4152737406185 10.6005394900013,45.4152332717643 10.6007101373199,45.4152075160428 10.6007552635719,45.4152007049774 10.600948527503,45.4152255144995 10.6012415266768,45.4152781849202 10.6013743846679,45.4152982446033 10.6014323761264,45.4153009805796 10.6021978511505,45.4151609131841 10.6023422725173,45.4150532275488 10.6025831377515,45.4149155425041 10.6029715559976,45.4147144733395 10.603374209397,45.414518116793 10.6035766715736,45.4144279413127 10.6037337902187,45.4143877628042 10.6038935492981,45.4143646089901 10.6039442705273,45.4143651369649 10.6043241751963,45.4144117261822 10.6045869485889,45.4144983614707 10.6052188051601,45.4145228689458 10.6056505613073,45.414478257127 10.6084152066524,45.4141572593881 10.6105081564541,45.4139944975306 10.6130515411384,45.4134567648324 10.6134513257838,45.4133812244079 10.6139667233384,45.4133954210076 10.6146165525125,45.4122283103342 10.616006082879,45.412371154859</coordinates></LineString></MultiGeometry>
  </Placemark>
  <Placemark id="RIP_2026.25">
	<Style><LineStyle><color>ff0000ff</color></LineStyle><PolyStyle><fill>0</fill></PolyStyle></Style>
	<ExtendedData><SchemaData schemaUrl="#RIP_2026">
		<SimpleData name="CODICE_CAN">0101</SimpleData>
		<SimpleData name="NOME">REDONE SUPERIORE</SimpleData>
		<SimpleData name="NOME_TIPO">Scolo</SimpleData>
		<SimpleData name="NOME_COMPL">Scolo REDONE SUPERIORE</SimpleData>
		<SimpleData name="FUNZIONE">solo bonifica</SimpleData>
		<SimpleData name="TRATTOGEST">tutto il corso</SimpleData>
		<SimpleData name="COMUNI">Monzambano, Ponti sul Mincio</SimpleData>
		<SimpleData name="PROVINCIA">MN</SimpleData>
		<SimpleData name="CODICE_SIB">0</SimpleData>
		<SimpleData name="CAN_ALIMEN">Fossa Redone Superiore</SimpleData>
		<SimpleData name="CAN_SFOCIO">Fiume Mincio</SimpleData>
		<SimpleData name="REGIME_PAT">non valorizzato</SimpleData>
		<SimpleData name="BACINO_SCO">Bacino collinare</SimpleData>
		<SimpleData name="NOTE">MN023</SimpleData>
		<SimpleData name="NORMATIVA">Allegato A</SimpleData>
	</SchemaData></ExtendedData>
      <MultiGeometry><LineString><coordinates>10.6557220103262,45.4102374107144 10.6562909842249,45.4100136999563 10.657165491445,45.409724667125 10.6580782063972,45.4094005311076 10.6583313535242,45.4093346775307 10.6587373587127,45.4091284336109 10.6592759014591,45.4090929691479 10.6595604903353,45.4090957393616 10.6602741312729,45.4090093656969 10.6609571347874,45.4088819838865 10.6612689131316,45.4088083615401 10.661762145369,45.4085662943174 10.6620392311839,45.4083135576915 10.6624617845751,45.408003432714 10.6631950424766,45.4074864465701 10.663676118188,45.4072889561421 10.6642033799714,45.4070853492765 10.6645772590118,45.4069220722786 10.6652231514507,45.4065480211709 10.6656493386756,45.4063241135738 10.6660959735816,45.4060073885381 10.6662540306954,45.4058635831566 10.6662870508012,45.405672624115 10.6669280732512,45.4053965949543 10.6673413547907,45.4051534625074 10.6675710112991,45.4050793585006 10.6678931980414,45.4049984585501 10.6682554527657,45.4049659530917 10.668577478923,45.4048796113464 10.6689265547729,45.4046622603859 10.6696098911181,45.4042495424858 10.6698245720342,45.404191978614 10.6701713692823,45.4041596922026 10.6703947363057,45.4041346543591 10.6710913343438,45.4039854556071 10.6712834812499,45.4039499884841 10.6716537714949,45.4039282372389 10.6720845708222,45.4038620620164 10.6725713682615,45.4038603696637 10.6729591947944,45.4039091060286 10.6733238500408,45.403958181524 10.6735649148857,45.4040090681449 10.6739841234057,45.4040736677156 10.6744794522494,45.4040990531977 10.6746497114217,45.4041074390273 10.6750763250587,45.4041610424714 10.6757060289074,45.4042878515383 10.6762353184122,45.4044161320814 10.6767163279861,45.404479813504 10.6776400871771,45.4046489503876 10.6783312763753,45.4047639563162 10.6789392708758,45.4049400473761 10.6791694135901,45.4051434636429 10.6795827102109,45.4055292197873 10.67995030845,45.4059374146533 10.6802548243326,45.4063030007018 10.6806283827976,45.4066512413708 10.6809465795878,45.4069567599204 10.6812986131425,45.4072815309982 10.681630328959,45.4075215421024 10.6819336989438,45.4075878191871 10.6821965075507,45.4075893874396 10.6827372471014,45.4075814148742 10.6832931137379,45.4075623314477 10.6836709841919,45.4075349881859 10.6837993962747,45.4074351341621 10.6839331028981,45.4072535688339 10.684009660233,45.4069694451507 10.6841649223837,45.4067331386884 10.6844555484761,45.4066308895482 10.6848533497302,45.4064944042364 10.6852371549798,45.4064071039464 10.6855911965097,45.4063583371607 10.6863843324286,45.4063640308314 10.686743797365,45.4063263006232 10.6872484857693,45.4062702148887 10.6874922767026,45.40621258193 10.6881442769339,45.4062083402879 10.688498004485,45.4062355241804 10.6888341397368,45.4061873271515 10.689235652978,45.4062732315224 10.6894849205848,45.4063992080112 10.6898151586746,45.4064105266513 10.6903789373331,45.406277912617 10.6909812174413,45.4061501273543 10.6913256635602,45.4061234121177 10.6917002154514,45.4063339705714 10.691795952034,45.4064568156331 10.6919682155937,45.4065731223297 10.6922243529125,45.4066719771403 10.6925309487364,45.4067223944242 10.692798064074,45.4066752096179 10.6930325643422,45.4065636756491 10.6932975790848,45.406446284308 10.6936004502893,45.4063121230885 10.6940375668524,45.4063056347008 10.6943989674303,45.4063326855727 10.6948233321072,45.4064128277049 10.695255044961,45.4064820539672 10.6956562461294,45.4065571342813 10.6961103197983,45.4066044139577 10.6966254194301,45.4066399790248 10.6970938604456,45.4066546239146 10.6975921669995,45.4066418098903 10.6980984658265,45.4066396791401 10.6988248986822,45.4065741622749 10.699193320077,45.4065794831118 10.6994390444435,45.4065866288706 10.699670565107,45.4066318055229 10.6999541468412,45.4066221788731 10.7001292297419,45.4065763478608 10.7005178998388,45.4064895151303 10.7007854944921,45.4064585131891 10.7010806798534,45.4063244456869 10.7013464858098,45.4062340386629 10.7016014046505,45.406207449793 10.7017484085935,45.4062484799271 10.7018786139043,45.4062411350284 10.7020703294682,45.4062382757505 10.7022705250368,45.4062623027421 10.7025170608765,45.4062964445824 10.7028158130051,45.4062811802346 10.7031339964046,45.406146765363 10.703331754282,45.4060897851317 10.7036603683502,45.4060470592205 10.7039357875931,45.4060213348505 10.7043249349987,45.405950689825 10.7047411780436,45.4057607763271 10.7051262571438,45.4055551197556 10.7055947098389,45.4053157982844 10.7059546605476,45.4050402776981 10.7061397008545,45.4048159965072 10.7062454494471,45.4045064563846 10.7062922917821,45.4042788390239 10.7062942622628,45.404089711271 10.7063959231846,45.4038990938277 10.7064740875691,45.4036926187172 10.7066069088856,45.4035177432119 10.7067865506226,45.4033691807523 10.7070451475831,45.4031624295296 10.7072701464567,45.402991576919 10.7074192753949,45.402848872253 10.7072445969782,45.4026732277625 10.7070995608556,45.4025655554483 10.7069175334552,45.40248506457 10.7066845445967,45.4024386220435 10.7064383849244,45.4024256610228 10.7062619861247,45.4023750423459 10.7061177552226,45.402293984514 10.70604810739,45.4021785270561 10.7059383615981,45.4019871112998 10.7058051086602,45.4016429328738 10.7056616940387,45.4014320494116 10.7055227043545,45.4012111135829 10.7053728834157,45.4009650095605 10.7053134029397,45.400716256422 10.7053070892277,45.4005066509216 10.7051506106351,45.4003325766425 10.7049063807241,45.4002263835887 10.7046332049964,45.4001006508398 10.7045340184905,45.3999456899088 10.7044910193401,45.3997732476141 10.7044129316495,45.3996912002659 10.7042665372896,45.3994413890425 10.7041714755402,45.3992663949351 10.7041555194208,45.3990502767328 10.7041274116792,45.3987444686334 10.7040897377637,45.3985919179689 10.7039276616824,45.3982315256166 10.7038596442516,45.3980128563849 10.7040504004739,45.3978437144979 10.7042789157703,45.3976613609442 10.7043895495465,45.3975608199737 10.7047706109606,45.3975598357126 10.7052446653863,45.3975386252849 10.7056449244039,45.3975090979853 10.7060791646263,45.3974978959992 10.7062793646469,45.3974854847602 10.7062779630602,45.3972170945113 10.7062646151852,45.3969959724125 10.7062726082112,45.3965955900053 10.7062621125971,45.3962472830046 10.7062436421909,45.3960780365793 10.706216576711,45.3959523158829 10.7063183170536,45.3958865043874 10.7059030950195,45.3957378328381 10.7055290809023,45.3955797769853 10.7052269751239,45.3954674009071 10.7051720969608,45.3954360765872 10.7050641996706,45.3950237975412 10.7050649168653,45.3949098180236 10.7050770191856,45.3947606010358 10.7051199235256,45.3945320227486 10.7051757967291,45.3943207845081 10.7052285762439,45.3941446590012 10.705277472637,45.3939773587722 10.7052921843518,45.3937794315553 10.7053358780647,45.3935771415158 10.7053358917752,45.3934397941608 10.7053409306455,45.3933315946497 10.7053592912658,45.3932524190779 10.7053510096237,45.3931151956028 10.7053577343484,45.3929251476987 10.7053754908272,45.392688178397 10.7054456484225,45.3925380933634 10.705656198239,45.392180059317</coordinates></LineString></MultiGeometry>
  </Placemark>
  <Placemark id="RIP_2026.26">
	<Style><LineStyle><color>ff0000ff</color></LineStyle><PolyStyle><fill>0</fill></PolyStyle></Style>
	<ExtendedData><SchemaData schemaUrl="#RIP_2026">
		<SimpleData name="CODICE_CAN">0101</SimpleData>
		<SimpleData name="NOME">REDONE SUPERIORE</SimpleData>
		<SimpleData name="NOME_TIPO">Fossa</SimpleData>
		<SimpleData name="NOME_COMPL">Fossa REDONE SUPERIORE</SimpleData>
		<SimpleData name="FUNZIONE">solo bonifica</SimpleData>
		<SimpleData name="TRATTOGEST">tutto il corso</SimpleData>
		<SimpleData name="COMUNI">Lonato del Garda, Solferino, Cavriana, Pozzolengo</SimpleData>
		<SimpleData name="PROVINCIA">BS-MN</SimpleData>
		<SimpleData name="CODICE_SIB">0</SimpleData>
		<SimpleData name="CAN_ALIMEN">Fossa Redone</SimpleData>
		<SimpleData name="CAN_SFOCIO">Scolo Redone Superiore</SimpleData>
		<SimpleData name="REGIME_PAT">non valorizzato</SimpleData>
		<SimpleData name="BACINO_SCO">Bacino collinare</SimpleData>
		<SimpleData name="NOTE">BS094</SimpleData>
		<SimpleData name="NORMATIVA">Allegato A</SimpleData>
	</SchemaData></ExtendedData>
      <MultiGeometry><LineString><coordinates>10.5416039720315,45.3986153828572 10.5419114842872,45.398380470145 10.5425424983973,45.3979969605807 10.5430079566632,45.3975483789065 10.5436392158409,45.3971744751404 10.543872463078,45.3969694057328 10.5444368072006,45.3966444774168 10.5446794913047,45.3965354301251 10.5448560579949,45.396504195936 10.5459025991057,45.3963458102352 10.5460681447711,45.3964108747819 10.5464126189968,45.3965312075935 10.546768374276,45.3965648512809 10.5470957964427,45.3965604167895 10.5475438995821,45.3964774250308 10.5482779680846,45.3963713260328 10.5486583812792,45.3963084780923 10.5488331052312,45.3962099579152 10.5490193698456,45.3960343599655 10.5491090837599,45.395821611473 10.5492418145199,45.3954352069191 10.5492913889966,45.3952518476133 10.5495429680088,45.3949695968619 10.5496445173126,45.3948623999815 10.5497551945013,45.3947455701147 10.54993175266,45.3947143290779 10.5500765555277,45.3945200616279 10.550250220115,45.3943830935899 10.5506657559067,45.3941082305451 10.5510010147021,45.3938921459449 10.551427290389,45.3935113675325 10.5516799022308,45.3932675589006 10.5525484133218,45.3923423219726 10.5526667091181,45.39217725725 10.5526456929512,45.3919083199111 10.5525276060994,45.3915830108817 10.5525354542665,45.3913713725086 10.5526524306897,45.3911582495107 10.5528405099909,45.3910499271808 10.5531122795299,45.3910077712164 10.5534383492565,45.3909552616072 10.5539021484771,45.3909489531964 10.5542059446925,45.3910794304489 10.5546057589626,45.391227831153 10.5550184245244,45.3913472106347 10.5551826472356,45.3913642047286 10.5554365531735,45.3911684453666 10.5557956274221,45.3908270258457 10.5560487374536,45.3906024311232 10.5562137069468,45.3903982666064 10.5566314704021,45.3897099012644 10.5569411556662,45.3890614679935 10.5571220887286,45.3886936280079 10.5574362539068,45.3882085886645 10.5576465746139,45.3879172680523 10.5580352240123,45.3874119813884 10.5582741414813,45.3871683447432 10.5583937308863,45.3870513316194 10.5585951616503,45.3869332022724 10.5587134275306,45.3867681315361 10.558898572604,45.3865540723642 10.5591682001791,45.3864350109983 10.5593953201543,45.3862588379813 10.5597850584462,45.3860419842098 10.5602708028862,45.3858430478714 10.560759191983,45.3857402240044 10.561329151919,45.3856266684376 10.5628234349275,45.3853850861432 10.5632724854189,45.3853404804816 10.5639318903494,45.3852545331516 10.5645157436741,45.3851503866331 10.5651373294,45.3849303378646 10.5656623706693,45.3846731493204 10.5661598624049,45.3844067218412 10.5667234203335,45.3840624637616 10.5671254264741,45.3837973411568 10.5675624662761,45.3835480280065 10.5667995374551,45.3823700419237 10.5688852078346,45.3809107277621 10.5690135538247,45.3807811218544 10.5692678966826,45.3806045558673 10.569751963238,45.3803479113865 10.5700891978242,45.3802086650905 10.5703328261164,45.3801380100743 10.5707411801985,45.3801035498651 10.5713525107036,45.3800086055683 10.5716100413785,45.3799473717772 10.5718100859994,45.3797811626363 10.5718617072359,45.3796746860332 10.5721664362666,45.3795935707709 10.572506860717,45.3795696547087 10.5729574573284,45.3795826811497 10.5731783371724,45.3796757901086 10.5735366692542,45.3798054657177 10.5739492877661,45.3799247776108 10.5744859902952,45.3800904526083 10.5749269588545,45.3802478302046 10.5757623766136,45.380361304489 10.5765793630805,45.3804825999752 10.5769894359039,45.3805751335502 10.5772630057187,45.380600198332 10.5775218676807,45.3805870046086 10.5776857950215,45.3805943533682 10.5779294136754,45.3805236786713 10.5782286534882,45.3804906948752 10.5784329614817,45.3804782539479 10.5786509067164,45.3804656241284 10.5789560378539,45.3806440890629 10.5794333804783,45.3806374832984 10.5797928006966,45.3808055789333 10.5801080908488,45.3808589045843 10.580503337519,45.3808438150361 10.5807386753688,45.3809655514141 10.5809758910771,45.3811545672088 10.5811957153271,45.3812092124194 10.5814840006494,45.3812725225496 10.5817108006345,45.3815770623412 10.5819619291669,45.3817754986157 10.5821884643437,45.3820704258471 10.5823583015219,45.3822892180426 10.5825459126499,45.3824116129033 10.5830139268375,45.3825589628368 10.5832642592556,45.3827285614878 10.5834723324921,45.3828506702126 10.5837186374276,45.3828760975857 10.5838729633112,45.3830277967411 10.58414735433,45.3830816784904 10.5845739232294,45.3832103673504 10.5853182236227,45.3834788665579 10.5856616183605,45.3835606315386 10.5858394644029,45.3835773896676 10.5862371489086,45.3836487828058 10.586649010309,45.3837392080858 10.5870859996974,45.3837523606153 10.5875682126174,45.3839187250171 10.5882424557064,45.3841208741122 10.5889395866112,45.3844092371239 10.5900832379293,45.3848067558661 10.5906069263898,45.3849917585745 10.591128460657,45.3850998686773 10.5916759246705,45.3851595387177 10.5919623510462,45.3851555433001 10.5923461442205,45.3852174935473 10.5929631589384,45.3853242629082 10.5936320309353,45.3853341536266 10.5940414826854,45.3853380494776 10.594524600051,45.3852928389971 10.5948208792763,45.3851540870993 10.5951869773296,45.3850720488446 10.5956504446616,45.3850559538473 10.5960206012267,45.385118082289 10.5962848922361,45.3852970724858 10.5967414914058,45.3855214467611 10.5970327953631,45.3856904422422 10.597365832668,45.3858876971551 10.597509002794,45.38612607022 10.5976407007439,45.3864415247032 10.5978384321421,45.3866791339675 10.5978321101552,45.3869388296661 10.5978634556522,45.387082618001 10.5978957215387,45.3871383502767 10.5979482756956,45.3871871961468 10.5979428980485,45.3872892837709 10.5979806027128,45.3875360378043 10.5980120861398,45.3876529209022 10.5980806961675,45.3878144082189 10.5983216434268,45.3881810547161 10.5987187324578,45.3886661680312 10.5991450678699,45.3891296109713 10.5996218158598,45.389548677849 10.6000833865239,45.3899788722174 10.6003111836213,45.390179454482 10.6004854122237,45.3903775223058 10.6007499562218,45.3907544318985 10.6009795034237,45.3910447020389 10.6012238835217,45.3913989649501 10.6013727522874,45.3915986498678 10.6015320659168,45.3918747130747 10.6017643493837,45.3922358351387 10.6019189811076,45.3924187778849 10.6021341147108,45.3925218424435 10.6024238406221,45.3925997488809 10.6026241970208,45.3926644436951 10.6028517910659,45.39272393382 10.6031198986565,45.3927635657497 10.6034556178573,45.3927733146554 10.6036131450516,45.3927759228255 10.6038106396315,45.3927393932725 10.6042186307638,45.392642039472 10.6045230181909,45.3925123858363 10.6046452361723,45.3924769134249 10.604801900423,45.3922004947511 10.6049270988794,45.3920326072012 10.6050541222333,45.39192911022 10.6052784245084,45.3918615391187 10.6055031101276,45.3918075227201 10.605785146783,45.3917391379837 10.6059882812866,45.3916040559727 10.606147921767,45.3914628055426 10.60632680603,45.3913212841884 10.6065356138733,45.3912166350672 10.6067707903134,45.3910234643065 10.6069732414296,45.3910341751294 10.6071424970832,45.3910623050352 10.6073611131851,45.3911338123244 10.6074661871432,45.3912747256402 10.6074367391434,45.3914243150589 10.6072979801122,45.3916229090299 10.6072625679931,45.3917318989386 10.6073019184293,45.3919313739784 10.6073934256441,45.3921029919755 10.6077344015041,45.3927749780882 10.6080919187897,45.3927699403883 10.6083023430729,45.3927258434759 10.6085473511901,45.3926144204052 10.6087644868304,45.3925496618183 10.6090256918163,45.3924945650099 10.6093528545107,45.3924488202995 10.6095847258783,45.3923889940443 10.6098097414525,45.3923446886785 10.610070944417,45.3922895895039 10.6103114264453,45.3922759127016 10.6106101315692,45.3922562726372 10.6109169532988,45.392319195588 10.6112766608305,45.3923912378763 10.6116721171585,45.3924370666356 10.6120005937167,45.3924375681288 10.6123794105053,45.3924116509366 10.6124811179456,45.3923947891845 10.6128284107217,45.3922870532041 10.6129366823387,45.392244391379 10.6131688426701,45.3921948368994 10.6133489053732,45.3921100288143 10.6135010782215,45.3918148163965 10.6137098598534,45.3914571067468 10.6139327935686,45.3910837728602 10.6140782480239,45.3908092208652 10.6143019966754,45.3904027191152 10.6144890284863,45.3900504569967 10.614654023127,45.3896933654811 10.6149137437442,45.3895868622207 10.6151223924005,45.3894810798357 10.6154289327731,45.3892248120405 10.6156417963132,45.3890110005231 10.6157307797551,45.3888040839521 10.6159028446725,45.3883984254166 10.6159846763316,45.3881967514039 10.6161429820195,45.3881173883164 10.6163618509549,45.388114287784 10.6167870502659,45.3881802441326 10.6172933842333,45.388275896567 10.6175883976517,45.3883633796354 10.6178939576704,45.388481716784 10.618100185424,45.3885293031282 10.618294526682,45.3885193309584 10.6185291025303,45.3884835330852 10.6190142314738,45.3884333558277 10.6194429409834,45.3883803689055 10.6198132709954,45.388256051831 10.6202586393651,45.3880693327203 10.6205720319685,45.38792417368 10.6211545259891,45.38762866693 10.6214311905594,45.3874897742991 10.6217697928709,45.3873384301153 10.622008602007,45.3872360278236 10.6222992332475,45.3871764517867 10.6226342534647,45.387096442174 10.6228075528128,45.3870622947223 10.6232512703798,45.3870480623755 10.6237963669712,45.3870403070409 10.6240555476541,45.3870603803001 10.6242923619987,45.3870847317154 10.6246165366363,45.3872147687197 10.6248897952033,45.3873336475306 10.6252177741572,45.387400262732 10.6256229527777,45.3874142929421 10.6259315751205,45.3873940539083 10.6261674845394,45.3873867322385 10.6265550294936,45.3873718143502 10.6267825104949,45.3873985168784 10.6270117096003,45.3874850850067 10.6273621623886,45.3875998686474 10.627721562813,45.3877794054517 10.6279652149202,45.3878757463472 10.6282580133115,45.387956413997 10.6286071804684,45.3880262944686 10.6290550665441,45.388079791833 10.6295963115164,45.3881768719478 10.6301599525901,45.3883135561952 10.6306656462209,45.3884061483985 10.6311797176374,45.3885435363556 10.6316293340814,45.3886568894216 10.631907544346,45.3887227832883 10.6324929462223,45.3888687710704 10.6327526079453,45.3889728408567 10.6330568739955,45.3890832248178 10.6333112005274,45.3891734616346 10.6335503274816,45.3892500082261 10.633779588078,45.3893266954782 10.6341150643296,45.3894922602478 10.6343455289163,45.3896106522117 10.6345411572334,45.389719111592 10.6349062418074,45.3898842502081 10.6354083331425,45.3901527927254 10.6356993412992,45.3903158634969 10.6360400633037,45.3905077331126 10.6362992986517,45.3907794727278 10.6365427300136,45.3909874926283 10.63679371233,45.3912150798268 10.636871913559,45.3912631458729 10.6370589394479,45.3914522989297 10.6373820015025,45.3917575520753 10.6377750116581,45.3920667185309 10.6381353985936,45.3924550540343 10.6386323723178,45.3928603456937 10.6389132824983,45.3931563608318 10.6391077296113,45.3933601607787 10.6392971871543,45.3936328950405 10.6394305206324,45.3938965980813 10.6396139992793,45.3942038495914 10.6397749728313,45.3944573168607 10.6399006163246,45.3946965353629 10.6400624461915,45.3949795035281 10.6407713323585,45.3953431459813 10.6409285651138,45.3958565684064 10.6411820070804,45.3961677311473 10.6415928788735,45.3966094369908 10.6420939368149,45.3970301684304 10.6425109466377,45.3974422690393 10.6429335181656,45.3978051002388 10.6430194297789,45.3978776454637 10.6433700568533,45.3981677288491 10.6437712662484,45.398516107535 10.6439516437673,45.3987151823609 10.6443152325747,45.3990980438618 10.6445823845756,45.3993991630147 10.6448076544372,45.3997008848034 10.6450476025215,45.4000269899424 10.6452725906714,45.4003188772784 10.6453035349824,45.4006627506774 10.6452482748649,45.4009242472561 10.6451227712252,45.4011719989988 10.644958093193,45.4015137740115 10.6447350064525,45.4020088754181 10.6446844381791,45.4021916017958 10.6446399413672,45.40232945725 10.6445974967497,45.4025514177228 10.6445949583108,45.4029449621061 10.6445994014361,45.4033384068158 10.6446101114412,45.4037071659961 10.6445852002471,45.4040518447271 10.6445594300764,45.40436702313 10.6446006234324,45.404582857941 10.6447355797937,45.4049006388782 10.6448115401274,45.405111054504 10.6449905318956,45.4055019829455 10.6450464342248,45.4057410451352 10.645243231785,45.4060235008218 10.645511854098,45.4063737849671 10.6458018539371,45.40673851624 10.6459189983376,45.4069237431577 10.6461797875465,45.4072446250254 10.6464284756845,45.4076296262009 10.6467757748565,45.4080427165324 10.6471597669848,45.4084487856535 10.6475549521698,45.4088267500446 10.6479566958359,45.4091898625223 10.6482421449619,45.4093972505105 10.6486059773228,45.409657612252 10.6489898999762,45.4098881700638 10.6492580983939,45.40998267053 10.6494695765108,45.4100484779376 10.6498281169865,45.4101269143906 10.6501230989678,45.4101816756576 10.6504329081153,45.4102657345113 10.6507782028888,45.4103689537411 10.6510032772059,45.4104620599042 10.6513331763302,45.4105163132004 10.6517406000319,45.4105940367305 10.6522477881123,45.4107391781959 10.6525785504658,45.4108229271456 10.6530341361432,45.4108753547289 10.6532715425801,45.4108719151085 10.6536055556082,45.4108277249902 10.6538765805846,45.4107795278612 10.6542590384135,45.4107198765061 10.6547292489664,45.4105556557861 10.6551243761899,45.4104515485177 10.6552412083017,45.4103859078475 10.6554828623789,45.4102889448875 10.6557119892229,45.410241350799 10.6557220103262,45.4102374107144</coordinates></LineString></MultiGeometry>
  </Placemark>
  <Placemark id="RIP_2026.27">
	<Style><LineStyle><color>ff0000ff</color></LineStyle><PolyStyle><fill>0</fill></PolyStyle></Style>
	<ExtendedData><SchemaData schemaUrl="#RIP_2026">
		<SimpleData name="CODICE_CAN">2067</SimpleData>
		<SimpleData name="NOME">CALDONE</SimpleData>
		<SimpleData name="NOME_TIPO">Scolo</SimpleData>
		<SimpleData name="NOME_COMPL">Scolo CALDONE</SimpleData>
		<SimpleData name="FUNZIONE">equamente ripartita</SimpleData>
		<SimpleData name="TRATTOGEST">dall'origine presso il Foresto fino allo sbocco in Mincio a Goito per tutto il suo corso</SimpleData>
		<SimpleData name="COMUNI">Volta Mantovana, Goito</SimpleData>
		<SimpleData name="PROVINCIA">MN</SimpleData>
		<SimpleData name="CODICE_SIB">4350</SimpleData>
		<SimpleData name="CAN_ALIMEN">Fontanile</SimpleData>
		<SimpleData name="CAN_SFOCIO">Fiume Mincio</SimpleData>
		<SimpleData name="REGIME_PAT">non valorizzato</SimpleData>
		<SimpleData name="BACINO_IRR">CALDONE-GOLDONE</SimpleData>
		<SimpleData name="GERARCHIA">1</SimpleData>
		<SimpleData name="BACINO_SCO">Scolo Caldone</SimpleData>
		<SimpleData name="NOTE">MN074</SimpleData>
		<SimpleData name="NORMATIVA">Allegato A</SimpleData>
	</SchemaData></ExtendedData>
      <MultiGeometry><LineString><coordinates>10.6362702737299,45.3174514062231 10.6367334288834,45.31714021567 10.6372986880604,45.316627698877 10.6375582083943,45.3162718411003 10.6376866183449,45.3158131752902 10.6378856167591,45.3152297743947 10.6382249663841,45.3143683611752 10.6385775149863,45.3134972401692 10.6388691075742,45.3126174755896 10.6391583421496,45.3118900191264 10.6394995768682,45.3110951944558 10.6397629301619,45.3104061759993 10.6399039681519,45.3099187750404 10.6399180253448,45.3094712675354 10.6398638501654,45.3089961890533 10.6398512193929,45.3085585820187 10.639772101623,45.3083120296116 10.6397326596785,45.3081891169661 10.639791005901,45.3078742131656 10.6398760392947,45.307549407897 10.6399367316215,45.3070821959415 10.6399265718239,45.3067302077351 10.6394671484779,45.3062324000823 10.6392404742416,45.3058549711629 10.6390812079382,45.3054765723844 10.6389189251333,45.304993528566 10.6388566914554,45.3046359410047 10.6389171638759,45.3043921451583 10.6394570998902,45.3043269985493 10.6397704938087,45.3040226471454 10.6401433843905,45.3038458130934 10.6404528025165,45.3035746238563 10.6413322602189,45.3034095603466 10.6412964009844,45.3030273777183 10.6411772953658,45.3026388871506 10.6411308099973,45.3024301790002 10.6407539386312,45.3019882914882 10.6402568544815,45.301586200473 10.6400749412794,45.3013602955192 10.6400735694698,45.3013585923388 10.6399841129188,45.3012475026654 10.639634767266,45.3008242505769 10.6394455354147,45.300341594115 10.6391599811892,45.3000154638145 10.6391571304603,45.3000167085323</coordinates></LineString><LineString><coordinates>10.6397714788593,45.3083121437928 10.639772101623,45.3083120296116 10.6404703763051,45.3081840013818 10.6407408999918,45.3081256051238 10.6408958982122,45.308079251173 10.640972440542,45.308054790025 10.6410254569813,45.3080436453643 10.6411053428113,45.3079438611592 10.6410076076554,45.3078712887131 10.6409808205961,45.3078353340605 10.6409292799764,45.3076426960726 10.6408887665905,45.3075134939225 10.6408199771429,45.3071692560506 10.6413144053672,45.3072218509924 10.6414362302794,45.3072369717769 10.6419589884412,45.3072515192136 10.6421943107298,45.3072481351091 10.6422965383299,45.3065847646047 10.6423564220241,45.3064930542435 10.64243836666,45.3064010265294 10.6425059783887,45.3063221833648 10.6425535567552,45.3061865232132 10.64256669011,45.3061318248516 10.6425132656761,45.3060651054736 10.6425046378644,45.3060211028912 10.6424831058718,45.3059123937348 10.6425124498031,45.3057821872547 10.6425431427161,45.3056986837392 10.6425522993722,45.3056336598278 10.642624036582,45.3055703313655 10.6426665841237,45.3055152098443 10.6426939746677,45.3054447322314 10.642687449532,45.3053461899632 10.6426438568054,45.3052377981908 10.6425982364127,45.3051865407041 10.6425792529239,45.305166048282 10.6425629718731,45.3051117730383 10.6425708542799,45.3050026407526 10.6425918655544,45.3049659988693 10.6426202303219,45.3049292511985 10.6426925662297,45.3048866795778 10.6427580732276,45.3048623759735 10.6430227995729,45.3048585671253 10.6433864982641,45.304842950522 10.6435775394023,45.3048350094804 10.6436412459903,45.3047484347681 10.6436556547894,45.3046106558861 10.6436807798559,45.3041119220595 10.6437871984247,45.3040714548092 10.6438171408114,45.3037712217392 10.6438170879675,45.3034831010612 10.6437470855769,45.3031609455428 10.643705499696,45.3030583655483 10.6436423603944,45.3029736166892 10.6435456817151,45.3028737764185 10.6434457397714,45.3027564621311 10.6433115278541,45.3025987588555 10.6432258239784,45.3024968135961 10.6430965097065,45.3023176251444 10.6429597672623,45.3021677449258 10.6428848133165,45.3020559108928 10.6427462732757,45.3018437597312 10.6425159001124,45.3015083363198 10.642432844343,45.3014024588215 10.6423046552673,45.3013575801942 10.6420099380574,45.3016596740314 10.6414608449034,45.3022282376588 10.6413696193943,45.3023171535317 10.6413148074807,45.3023296220169 10.6408405639849,45.3017640883636 10.6404667119297,45.3013314373814 10.6406047568915,45.3012399027628 10.6405898471762,45.3012011816385 10.6403760265384,45.3009609076509 10.6402763751589,45.3008533202168 10.6402514465295,45.300849784779 10.6402100858991,45.3008503789076 10.6401423300595,45.3008922342738 10.6401005204366,45.3008772606734 10.6399551244474,45.3007138737457 10.6397536843542,45.3005201431803 10.6395023974654,45.3002239492984 10.639276994918,45.2999643718351 10.6391599811892,45.3000154638145 10.6389435352675,45.2997682587863 10.6385499289298,45.2992123985562 10.6380745175055,45.2983912313635 10.6378872264597,45.2979751643073 10.6374534804129,45.2974293940753 10.6370202916483,45.2969026478099 10.6367939813254,45.2967110998362 10.6364674464453,45.2964347184503 10.635382820441,45.2955271026441 10.6344581550589,45.2947884933462 10.6338764803481,45.2942543438956 10.6334485434654,45.2939083351855 10.6331793398934,45.2934553636396 10.6328799072382,45.2928886190398 10.6326373952923,45.2924257471615 10.6323091327447,45.2918604537551 10.6319809947871,45.2913528832792 10.6315280880037,45.2907892168001 10.6310056670815,45.2901342517503 10.630619069984,45.289694438382 10.6305699812238,45.2896228078261 10.6306718782194,45.2895001654907 10.6318998374957,45.2885255865004 10.6320314000453,45.288436199874 10.6326362889942,45.2880263917415 10.6337963958091,45.2871230693875 10.6381190602957,45.2838698990976 10.6381874928552,45.2838183936602 10.6407005497209,45.2819829349213 10.6424498636138,45.2807104264802 10.6429589197221,45.2803350922973 10.6437598443541,45.2797224981288 10.6444620576403,45.2791853898146 10.6457212077317,45.278328133739 10.6470938989572,45.27720564881 10.6481508071807,45.2764264976747 10.6494225583031,45.2755517013379 10.6498652998497,45.2751009961274 10.6508292297806,45.2740401653306 10.6517336032297,45.2730534439486 10.6524914379035,45.2722398254673 10.6533072748174,45.2713197957045 10.6543219687825,45.2702456344508 10.6555901425184,45.2688382672065 10.6565417704473,45.2678867837068 10.6579675572936,45.2663019724973 10.6594318397058,45.264728601551 10.660155760726,45.2640084385941 10.6605750875544,45.2635501514409 10.6610304823129,45.263006160961 10.6616524700875,45.2623532354479 10.6622289028851,45.2617054047134 10.6626662845031,45.2612668968985 10.6629422150069,45.2609250786157 10.6631634240999,45.2606370650111 10.663355681992,45.2605357155571 10.6634559422356,45.2604880734521 10.6635436548385,45.2604463921587 10.6638679572574,45.2604065383641 10.6640194688635,45.2603424043166 10.6640650883875,45.2602160707225 10.6641241818306,45.2598873615447 10.6641764299925,45.2595345658351 10.6641852074959,45.2592312712558 10.6642477841213,45.2591005019993 10.6644106143651,45.2589108289115 10.6645652058034,45.2587900457056 10.6648440419511,45.2586340505609 10.6651818008032,45.2583918220751 10.6656563553898,45.2581383327378 10.6659357473638,45.2579944473834 10.6662625520859,45.2578858279402 10.6667982019113,45.2577157831578 10.6673244858372,45.2575904041788 10.6676806168618,45.2574972662687 10.6680380623525,45.257432383707 10.6681198778911,45.2569778677767 10.6681451708263,45.2564155531327 10.668191039127,45.2561720148892 10.6682306286618,45.2559164990732 10.6682789432453,45.2557254391817 10.6683562088382,45.2555417912044 10.6684747998253,45.2553854675275 10.6686972042706,45.2552469394347 10.668915587089,45.2551448755622 10.6691549500121,45.2550019102786 10.6693823836707,45.2547258617204 10.6696220701407,45.2543444566867 10.6697664040468,45.2541269173112 10.6698588760332,45.2539975349965 10.6700126733578,45.2538868016574 10.6703084242387,45.2537263572122 10.6706834346432,45.2535479050091 10.6710763387312,45.2533851989563 10.6714821790349,45.253254521441 10.6719350564712,45.2531510342529 10.6723854842554,45.2529950696737 10.6726849924109,45.2529153556703 10.6733065189192,45.2527589378227</coordinates></LineString><LineString><coordinates>10.642432844343,45.3014024588215 10.6425101673588,45.3013098485325 10.6426218450852,45.3012128504492 10.6427565371013,45.3011486162005 10.6430040004124,45.3010730253575 10.643285143075,45.300969694548 10.6435147381916,45.3008963065084 10.6437672641361,45.3008050669993 10.6438613808677,45.3007686702828 10.6439957328874,45.3006927588566 10.6441866669876,45.3005702835105 10.6443456656798,45.3004404806676 10.6446063195586,45.3002488637186 10.6447322285107,45.3001672327204 10.6450691288659,45.3000368129864 10.6454554342548,45.2998978932493 10.6458731089565,45.2997468394405 10.6461691514514,45.2996345262784 10.6462729152454,45.2995979884866</coordinates></LineString></MultiGeometry>
  </Placemark>
</Folder>
</Document></kml>
